usuario_id,mes_referencia,renda_mensal,total_despesas,percentual_renda_comprometida,nivel_endividamento_pct,taxa_poupanca_pct,percentual_despesas_fixas,percentual_gastos_nao_essenciais,quantidade_despesas_recorrentes,quantidade_transacoes_despesa,variacao_despesas_pct,reserva_em_meses,score_financeiro,perfil_financeiro,confianca_perfil,fatores_risco,fatores_positivos,regra_rotulacao,split,fonte
USR000001,2025-07,3043.03,2020.3,66.39,0.02,21.62,42.89,57.11,3,4,0.0,7.08,100.0,SAUDAVEL,0.8988,gastos_nao_essenciais_altos,despesas_controladas|baixo_endividamento|boa_taxa_poupanca|reserva_robusta,SCORE_SINTETICO_V1,TRAIN,SINTETICO
USR000002,2025-07,4910.84,3979.57,81.04,28.89,5.29,37.62,57.45,1,6,0.0,3.34,63.0,EM_OBSERVACAO,0.7827,renda_comprometida|endividamento_moderado|baixa_taxa_poupanca|gastos_nao_essenciais_altos,reserva_adequada,SCORE_SINTETICO_V1,TRAIN,SINTETICO
USR000003,2025-07,4018.8,4572.8,113.79,71.45,1.67,37.91,6.31,4,8,0.0,0.86,5.0,EM_RISCO,0.9547,despesas_acima_da_renda|endividamento_muito_alto|poupanca_insuficiente|sem_reserva_adequada,nenhum_relevante,SCORE_SINTETICO_V1,TRAIN,SINTETICO
USR000004,2025-07,2656.54,2243.39,84.45,42.1,10.95,22.76,0.0,3,5,0.0,1.11,62.0,EM_OBSERVACAO,0.7416,renda_comprometida|endividamento_alto|reserva_baixa,poupanca_regular,SCORE_SINTETICO_V1,TRAIN,SINTETICO
USR000005,2025-07,4489.15,2653.12,59.1,6.93,16.71,68.2,20.38,6,10,0.0,13.28,100.0,SAUDAVEL,0.9427,nenhum_relevante,despesas_controladas|baixo_endividamento|boa_taxa_poupanca|reserva_robusta,SCORE_SINTETICO_V1,TRAIN,SINTETICO
USR000006,2025-07,15048.26,14009.2,93.1,44.67,6.7,47.34,27.59,3,7,0.0,3.44,45.0,EM_RISCO,0.6286,renda_muito_comprometida|endividamento_alto|baixa_taxa_poupanca|gastos_nao_essenciais_em_atencao,reserva_adequada,SCORE_SINTETICO_V1,TRAIN,SINTETICO
USR000007,2025-07,3453.04,1993.74,57.74,1.86,20.84,94.56,5.44,5,7,0.0,16.25,100.0,SAUDAVEL,0.9521,nenhum_relevante,despesas_controladas|baixo_endividamento|boa_taxa_poupanca|reserva_robusta,SCORE_SINTETICO_V1,TRAIN,SINTETICO
USR000008,2025-07,5879.21,3637.71,61.87,17.44,15.76,32.98,55.71,5,8,0.0,16.52,100.0,SAUDAVEL,0.959,gastos_nao_essenciais_altos,despesas_controladas|baixo_endividamento|boa_taxa_poupanca|reserva_robusta,SCORE_SINTETICO_V1,TRAIN,SINTETICO
USR000009,2025-07,2252.01,1771.35,78.66,33.0,7.74,9.3,90.7,3,4,0.0,1.21,55.0,EM_OBSERVACAO,0.7107,renda_comprometida|endividamento_moderado|baixa_taxa_poupanca|reserva_baixa|gastos_nao_essenciais_altos,nenhum_relevante,SCORE_SINTETICO_V1,TRAIN,SINTETICO
USR000010,2025-07,9225.65,5855.69,63.47,1.57,17.26,47.38,42.5,4,11,0.0,13.64,100.0,SAUDAVEL,0.9402,gastos_nao_essenciais_altos,despesas_controladas|baixo_endividamento|boa_taxa_poupanca|reserva_robusta,SCORE_SINTETICO_V1,TRAIN,SINTETICO
USR000011,2025-07,6328.02,4454.5,70.39,8.46,14.66,47.83,44.7,3,7,0.0,10.07,85.0,SAUDAVEL,0.7159,renda_comprometida|gastos_nao_essenciais_altos,baixo_endividamento|poupanca_regular|reserva_robusta,SCORE_SINTETICO_V1,TRAIN,SINTETICO
USR000012,2025-07,3106.74,3064.35,98.64,20.83,4.01,60.23,28.59,5,9,0.0,2.37,48.0,EM_RISCO,0.617,renda_muito_comprometida|endividamento_moderado|baixa_taxa_poupanca|reserva_baixa|gastos_nao_essenciais_em_atencao,nenhum_relevante,SCORE_SINTETICO_V1,TRAIN,SINTETICO
USR000013,2025-07,2800.81,1893.19,67.59,13.58,11.64,42.55,57.45,2,4,0.0,33.35,95.0,SAUDAVEL,0.8701,gastos_nao_essenciais_altos,despesas_controladas|baixo_endividamento|poupanca_regular|reserva_robusta,SCORE_SINTETICO_V1,TRAIN,SINTETICO
USR000014,2025-07,2602.93,1542.05,59.24,22.01,10.39,27.02,72.98,2,8,0.0,23.59,86.0,SAUDAVEL,0.6784,endividamento_moderado|gastos_nao_essenciais_altos,despesas_controladas|poupanca_regular|reserva_robusta,SCORE_SINTETICO_V1,VALIDATION,SINTETICO
USR000015,2025-07,6929.78,6866.64,99.09,26.2,3.59,70.57,0.0,1,4,0.0,1.15,53.0,EM_OBSERVACAO,0.6487,renda_muito_comprometida|endividamento_moderado|baixa_taxa_poupanca|reserva_baixa,nenhum_relevante,SCORE_SINTETICO_V1,VALIDATION,SINTETICO
USR000016,2025-07,4179.44,3880.01,92.84,15.03,6.23,66.29,17.56,3,12,0.0,4.68,70.0,EM_OBSERVACAO,0.6501,renda_muito_comprometida|baixa_taxa_poupanca,baixo_endividamento|reserva_adequada,SCORE_SINTETICO_V1,VALIDATION,SINTETICO
USR000017,2025-07,9678.17,6600.58,68.2,10.17,17.47,43.7,30.76,1,6,0.0,5.6,100.0,SAUDAVEL,0.9519,gastos_nao_essenciais_em_atencao,despesas_controladas|baixo_endividamento|boa_taxa_poupanca|reserva_adequada,SCORE_SINTETICO_V1,TEST,SINTETICO
USR000018,2025-07,7310.01,5678.86,77.69,25.55,8.03,48.86,20.42,3,6,0.0,2.81,73.0,EM_OBSERVACAO,0.6106,renda_comprometida|endividamento_moderado|reserva_baixa,poupanca_regular,SCORE_SINTETICO_V1,TEST,SINTETICO
USR000019,2025-07,8517.36,5184.07,60.86,0.0,17.48,88.06,11.4,6,11,0.0,13.13,100.0,SAUDAVEL,0.9633,nenhum_relevante,despesas_controladas|baixo_endividamento|boa_taxa_poupanca|reserva_robusta,SCORE_SINTETICO_V1,TEST,SINTETICO
USR000020,2025-07,9619.6,9905.44,102.97,57.22,2.5,50.05,13.52,3,5,0.0,0.45,15.0,EM_RISCO,0.9466,despesas_acima_da_renda|endividamento_alto|poupanca_insuficiente|sem_reserva_adequada,nenhum_relevante,SCORE_SINTETICO_V1,TRAIN,SINTETICO
USR000021,2025-07,2398.0,1466.54,61.16,16.56,21.32,46.09,42.73,2,7,0.0,13.17,100.0,SAUDAVEL,0.9729,gastos_nao_essenciais_altos,despesas_controladas|baixo_endividamento|boa_taxa_poupanca|reserva_robusta,SCORE_SINTETICO_V1,TRAIN,SINTETICO
USR000022,2025-07,2290.3,2110.04,92.13,41.63,8.81,65.17,27.66,4,8,0.0,2.39,45.0,EM_RISCO,0.652,renda_muito_comprometida|endividamento_alto|reserva_baixa|gastos_nao_essenciais_em_atencao,poupanca_regular,SCORE_SINTETICO_V1,TRAIN,SINTETICO
USR000023,2025-07,17052.55,17130.5,100.46,45.73,7.64,7.84,92.16,1,4,0.0,4.47,27.0,EM_RISCO,0.9203,despesas_acima_da_renda|endividamento_alto|baixa_taxa_poupanca|gastos_nao_essenciais_altos,reserva_adequada,SCORE_SINTETICO_V1,TRAIN,SINTETICO
USR000024,2025-07,3573.51,2102.96,58.85,6.13,18.23,31.15,35.27,3,9,0.0,16.97,100.0,SAUDAVEL,0.9414,gastos_nao_essenciais_altos,despesas_controladas|baixo_endividamento|boa_taxa_poupanca|reserva_robusta,SCORE_SINTETICO_V1,TRAIN,SINTETICO
USR000025,2025-07,3133.76,2005.78,64.01,9.03,20.37,42.19,43.31,2,9,0.0,17.9,100.0,SAUDAVEL,0.9065,gastos_nao_essenciais_altos,despesas_controladas|baixo_endividamento|boa_taxa_poupanca|reserva_robusta,SCORE_SINTETICO_V1,TRAIN,SINTETICO
USR000026,2025-07,1716.66,1053.79,61.39,0.0,12.97,42.75,20.84,1,5,0.0,12.9,100.0,SAUDAVEL,0.9253,nenhum_relevante,despesas_controladas|baixo_endividamento|poupanca_regular|reserva_robusta,SCORE_SINTETICO_V1,TRAIN,SINTETICO
USR000027,2025-07,2268.63,1852.46,81.66,29.13,7.53,76.15,21.88,1,5,0.0,1.37,65.0,EM_OBSERVACAO,0.7316,renda_comprometida|endividamento_moderado|baixa_taxa_poupanca|reserva_baixa,nenhum_relevante,SCORE_SINTETICO_V1,TRAIN,SINTETICO
USR000028,2025-07,8728.17,7662.65,87.79,24.6,4.06,50.74,49.26,0,4,0.0,5.42,51.0,EM_OBSERVACAO,0.5503,renda_muito_comprometida|endividamento_moderado|baixa_taxa_poupanca|gastos_nao_essenciais_altos,reserva_adequada,SCORE_SINTETICO_V1,TRAIN,SINTETICO
USR000029,2025-07,3158.91,2647.47,83.81,29.08,4.78,49.44,24.57,3,5,0.0,3.81,73.0,EM_OBSERVACAO,0.6104,renda_comprometida|endividamento_moderado|baixa_taxa_poupanca,reserva_adequada,SCORE_SINTETICO_V1,TRAIN,SINTETICO
USR000030,2025-07,8201.29,7641.69,93.18,35.39,3.02,46.79,20.97,7,10,0.0,4.29,61.0,EM_OBSERVACAO,0.712,renda_muito_comprometida|endividamento_moderado|baixa_taxa_poupanca,reserva_adequada,SCORE_SINTETICO_V1,TRAIN,SINTETICO
USR000031,2025-07,4429.41,3069.43,69.3,43.6,4.45,44.77,43.7,2,9,0.0,4.69,62.0,EM_OBSERVACAO,0.7493,endividamento_alto|baixa_taxa_poupanca|gastos_nao_essenciais_altos,despesas_controladas|reserva_adequada,SCORE_SINTETICO_V1,TRAIN,SINTETICO
USR000032,2025-07,3271.39,2968.81,90.75,59.18,3.33,36.04,24.66,6,9,0.0,0.12,35.0,EM_RISCO,0.8124,renda_muito_comprometida|endividamento_alto|baixa_taxa_poupanca|sem_reserva_adequada,nenhum_relevante,SCORE_SINTETICO_V1,TRAIN,SINTETICO
USR000033,2025-07,3993.53,3922.38,98.22,78.42,3.19,67.6,5.29,4,8,0.0,0.09,25.0,EM_RISCO,0.9771,renda_muito_comprometida|endividamento_muito_alto|baixa_taxa_poupanca|sem_reserva_adequada,nenhum_relevante,SCORE_SINTETICO_V1,TRAIN,SINTETICO
USR000034,2025-07,6969.64,3983.91,57.16,14.14,11.31,43.91,5.87,3,7,0.0,8.14,100.0,SAUDAVEL,0.8848,nenhum_relevante,despesas_controladas|baixo_endividamento|poupanca_regular|reserva_robusta,SCORE_SINTETICO_V1,VALIDATION,SINTETICO
USR000035,2025-07,8513.77,7831.92,91.99,14.91,8.18,65.19,6.23,2,5,0.0,0.89,63.0,EM_OBSERVACAO,0.7573,renda_muito_comprometida|sem_reserva_adequada,baixo_endividamento|poupanca_regular,SCORE_SINTETICO_V1,VALIDATION,SINTETICO
USR000036,2025-07,4921.33,3484.57,70.81,4.86,13.15,38.08,50.12,4,12,0.0,18.81,85.0,SAUDAVEL,0.719,renda_comprometida|gastos_nao_essenciais_altos,baixo_endividamento|poupanca_regular|reserva_robusta,SCORE_SINTETICO_V1,VALIDATION,SINTETICO
USR000037,2025-07,2066.57,1571.72,76.05,30.12,9.18,18.15,48.99,2,6,0.0,4.7,71.0,EM_OBSERVACAO,0.5992,renda_comprometida|endividamento_moderado|gastos_nao_essenciais_altos,poupanca_regular|reserva_adequada,SCORE_SINTETICO_V1,TEST,SINTETICO
USR000038,2025-07,4615.41,4508.3,97.68,55.73,0.2,48.67,0.0,5,11,0.0,0.46,28.0,EM_RISCO,0.8956,renda_muito_comprometida|endividamento_alto|poupanca_insuficiente|sem_reserva_adequada,nenhum_relevante,SCORE_SINTETICO_V1,TEST,SINTETICO
USR000039,2025-07,5178.36,3639.39,70.28,3.47,11.69,22.67,16.39,4,14,0.0,11.59,95.0,SAUDAVEL,0.8788,renda_comprometida,baixo_endividamento|poupanca_regular|reserva_robusta,SCORE_SINTETICO_V1,TEST,SINTETICO
USR000040,2025-07,3799.37,2207.41,58.1,8.74,11.88,19.5,40.21,4,9,0.0,18.56,95.0,SAUDAVEL,0.8861,gastos_nao_essenciais_altos,despesas_controladas|baixo_endividamento|poupanca_regular|reserva_robusta,SCORE_SINTETICO_V1,TRAIN,SINTETICO
USR000041,2025-07,7089.77,5105.51,72.01,17.83,5.89,35.91,22.78,2,8,0.0,4.4,82.0,SAUDAVEL,0.6519,renda_comprometida|baixa_taxa_poupanca,baixo_endividamento|reserva_adequada,SCORE_SINTETICO_V1,TRAIN,SINTETICO
USR000042,2025-07,2990.33,2845.95,95.17,40.12,6.0,53.34,0.0,2,4,0.0,0.55,35.0,EM_RISCO,0.7783,renda_muito_comprometida|endividamento_alto|baixa_taxa_poupanca|sem_reserva_adequada,nenhum_relevante,SCORE_SINTETICO_V1,TRAIN,SINTETICO
USR000043,2025-07,4746.91,3795.89,79.97,26.63,17.58,30.24,13.04,2,10,0.0,7.4,91.0,SAUDAVEL,0.8043,renda_comprometida|endividamento_moderado,boa_taxa_poupanca|reserva_robusta,SCORE_SINTETICO_V1,TRAIN,SINTETICO
USR000044,2025-07,4438.19,3989.42,89.89,28.3,5.24,45.61,54.39,3,7,0.0,1.25,43.0,EM_RISCO,0.7082,renda_muito_comprometida|endividamento_moderado|baixa_taxa_poupanca|reserva_baixa|gastos_nao_essenciais_altos,nenhum_relevante,SCORE_SINTETICO_V1,TRAIN,SINTETICO
USR000045,2025-07,2668.74,2445.02,91.62,30.8,4.33,63.18,26.32,3,8,0.0,3.32,56.0,EM_OBSERVACAO,0.6323,renda_muito_comprometida|endividamento_moderado|baixa_taxa_poupanca|gastos_nao_essenciais_em_atencao,reserva_adequada,SCORE_SINTETICO_V1,TRAIN,SINTETICO
USR000046,2025-07,6985.22,7720.73,110.53,43.6,2.94,71.25,2.01,4,8,0.0,0.97,15.0,EM_RISCO,0.944,despesas_acima_da_renda|endividamento_alto|poupanca_insuficiente|sem_reserva_adequada,nenhum_relevante,SCORE_SINTETICO_V1,TRAIN,SINTETICO
USR000047,2025-07,5303.84,5265.69,99.28,20.76,8.2,49.22,25.28,2,10,0.0,0.64,49.0,EM_RISCO,0.5952,renda_muito_comprometida|endividamento_moderado|sem_reserva_adequada|gastos_nao_essenciais_em_atencao,poupanca_regular,SCORE_SINTETICO_V1,TRAIN,SINTETICO
USR000048,2025-07,3845.39,3175.67,82.58,23.49,7.17,32.86,45.72,3,10,0.0,4.89,63.0,EM_OBSERVACAO,0.7272,renda_comprometida|endividamento_moderado|baixa_taxa_poupanca|gastos_nao_essenciais_altos,reserva_adequada,SCORE_SINTETICO_V1,TRAIN,SINTETICO
USR000049,2025-07,7704.8,3904.77,50.68,12.49,16.95,67.22,3.66,3,6,0.0,11.3,100.0,SAUDAVEL,0.9569,nenhum_relevante,despesas_controladas|baixo_endividamento|boa_taxa_poupanca|reserva_robusta,SCORE_SINTETICO_V1,TRAIN,SINTETICO
USR000050,2025-07,3446.61,2098.7,60.89,14.3,20.07,69.8,1.52,3,9,0.0,10.67,100.0,SAUDAVEL,0.9332,nenhum_relevante,despesas_controladas|baixo_endividamento|boa_taxa_poupanca|reserva_robusta,SCORE_SINTETICO_V1,TRAIN,SINTETICO
USR000051,2025-07,4101.47,3153.45,76.89,22.35,6.08,62.22,19.8,2,8,0.0,2.01,65.0,EM_OBSERVACAO,0.7648,renda_comprometida|endividamento_moderado|baixa_taxa_poupanca|reserva_baixa,nenhum_relevante,SCORE_SINTETICO_V1,TRAIN,SINTETICO
USR000052,2025-07,3315.22,2263.02,68.26,12.26,21.08,14.56,32.09,2,4,0.0,14.78,100.0,SAUDAVEL,0.9153,gastos_nao_essenciais_em_atencao,despesas_controladas|baixo_endividamento|boa_taxa_poupanca|reserva_robusta,SCORE_SINTETICO_V1,TRAIN,SINTETICO
USR000053,2025-07,8372.0,5593.54,66.81,7.65,13.22,42.15,34.75,3,9,0.0,9.28,100.0,SAUDAVEL,0.9405,gastos_nao_essenciais_em_atencao,despesas_controladas|baixo_endividamento|poupanca_regular|reserva_robusta,SCORE_SINTETICO_V1,TRAIN,SINTETICO
USR000054,2025-07,3090.93,3153.09,102.01,73.13,0.84,82.86,4.79,2,4,0.0,0.83,5.0,EM_RISCO,0.9539,despesas_acima_da_renda|endividamento_muito_alto|poupanca_insuficiente|sem_reserva_adequada,nenhum_relevante,SCORE_SINTETICO_V1,VALIDATION,SINTETICO
USR000055,2025-07,5165.63,4624.35,89.52,39.36,8.09,58.55,26.0,4,6,0.0,1.7,56.0,EM_OBSERVACAO,0.6362,renda_muito_comprometida|endividamento_moderado|reserva_baixa|gastos_nao_essenciais_em_atencao,poupanca_regular,SCORE_SINTETICO_V1,VALIDATION,SINTETICO
USR000056,2025-07,3795.12,3064.65,80.75,16.45,9.36,44.08,11.82,3,4,0.0,8.16,95.0,SAUDAVEL,0.8712,renda_comprometida,baixo_endividamento|poupanca_regular|reserva_robusta,SCORE_SINTETICO_V1,VALIDATION,SINTETICO
USR000057,2025-07,4757.59,4001.51,84.11,22.94,4.09,61.17,38.83,2,4,0.0,3.26,63.0,EM_OBSERVACAO,0.7226,renda_comprometida|endividamento_moderado|baixa_taxa_poupanca|gastos_nao_essenciais_altos,reserva_adequada,SCORE_SINTETICO_V1,TEST,SINTETICO
USR000058,2025-07,7062.7,5437.71,76.99,26.18,3.86,40.16,28.91,4,10,0.0,5.28,68.0,EM_OBSERVACAO,0.6823,renda_comprometida|endividamento_moderado|baixa_taxa_poupanca|gastos_nao_essenciais_em_atencao,reserva_adequada,SCORE_SINTETICO_V1,TEST,SINTETICO
USR000059,2025-07,3174.19,2073.91,65.34,0.0,13.22,71.48,12.48,4,5,0.0,5.73,100.0,SAUDAVEL,0.938,nenhum_relevante,despesas_controladas|baixo_endividamento|poupanca_regular|reserva_adequada,SCORE_SINTETICO_V1,TEST,SINTETICO
USR000060,2025-07,4067.49,3138.83,77.17,46.68,4.58,69.44,4.46,4,6,0.0,4.33,62.0,EM_OBSERVACAO,0.7543,renda_comprometida|endividamento_alto|baixa_taxa_poupanca,reserva_adequada,SCORE_SINTETICO_V1,TRAIN,SINTETICO
USR000061,2025-07,1646.52,1475.24,89.6,25.41,4.37,30.74,25.94,2,6,0.0,3.85,56.0,EM_OBSERVACAO,0.6932,renda_muito_comprometida|endividamento_moderado|baixa_taxa_poupanca|gastos_nao_essenciais_em_atencao,reserva_adequada,SCORE_SINTETICO_V1,TRAIN,SINTETICO
USR000062,2025-07,9532.33,8426.04,88.39,32.87,0.77,75.35,24.65,3,10,0.0,0.61,39.0,EM_RISCO,0.7387,renda_muito_comprometida|endividamento_moderado|poupanca_insuficiente|sem_reserva_adequada,nenhum_relevante,SCORE_SINTETICO_V1,TRAIN,SINTETICO
USR000063,2025-07,5087.6,4798.53,94.32,74.37,2.56,75.24,0.0,4,6,0.0,0.32,18.0,EM_RISCO,0.9206,renda_muito_comprometida|endividamento_muito_alto|poupanca_insuficiente|sem_reserva_adequada,nenhum_relevante,SCORE_SINTETICO_V1,TRAIN,SINTETICO
USR000064,2025-07,8013.35,7686.19,95.92,35.51,4.59,97.7,2.3,4,5,0.0,1.09,53.0,EM_OBSERVACAO,0.6078,renda_muito_comprometida|endividamento_moderado|baixa_taxa_poupanca|reserva_baixa,nenhum_relevante,SCORE_SINTETICO_V1,TRAIN,SINTETICO
USR000065,2025-07,4914.97,4082.57,83.06,19.48,7.06,41.9,20.36,5,12,0.0,3.5,82.0,SAUDAVEL,0.7001,renda_comprometida|baixa_taxa_poupanca,baixo_endividamento|reserva_adequada,SCORE_SINTETICO_V1,TRAIN,SINTETICO
USR000066,2025-07,3826.91,2802.26,73.23,12.6,20.66,27.32,29.09,4,12,0.0,7.56,95.0,SAUDAVEL,0.8432,renda_comprometida|gastos_nao_essenciais_em_atencao,baixo_endividamento|boa_taxa_poupanca|reserva_robusta,SCORE_SINTETICO_V1,TRAIN,SINTETICO
USR000067,2025-07,4122.84,2361.63,57.28,0.23,19.72,22.76,17.52,2,4,0.0,11.8,100.0,SAUDAVEL,0.9266,nenhum_relevante,despesas_controladas|baixo_endividamento|boa_taxa_poupanca|reserva_robusta,SCORE_SINTETICO_V1,TRAIN,SINTETICO
USR000068,2025-07,2321.46,2161.98,93.13,20.08,9.57,38.15,61.85,5,11,0.0,4.86,59.0,EM_OBSERVACAO,0.6988,renda_muito_comprometida|endividamento_moderado|gastos_nao_essenciais_altos,poupanca_regular|reserva_adequada,SCORE_SINTETICO_V1,TRAIN,SINTETICO
USR000069,2025-07,6030.49,4904.75,81.33,26.71,9.34,34.48,56.65,3,9,0.0,4.55,71.0,EM_OBSERVACAO,0.6491,renda_comprometida|endividamento_moderado|gastos_nao_essenciais_altos,poupanca_regular|reserva_adequada,SCORE_SINTETICO_V1,TRAIN,SINTETICO
USR000070,2025-07,13539.05,10045.96,74.2,20.98,20.5,60.62,39.38,5,8,0.0,7.29,81.0,SAUDAVEL,0.6639,renda_comprometida|endividamento_moderado|gastos_nao_essenciais_altos,boa_taxa_poupanca|reserva_robusta,SCORE_SINTETICO_V1,TRAIN,SINTETICO
USR000071,2025-07,5817.37,4266.24,73.34,25.28,9.27,45.42,9.03,3,6,0.0,4.78,81.0,SAUDAVEL,0.6628,renda_comprometida|endividamento_moderado,poupanca_regular|reserva_adequada,SCORE_SINTETICO_V1,TRAIN,SINTETICO
USR000072,2025-07,4552.31,4026.14,88.44,29.1,7.21,72.45,0.85,5,7,0.0,4.59,61.0,EM_OBSERVACAO,0.7223,renda_muito_comprometida|endividamento_moderado|baixa_taxa_poupanca,reserva_adequada,SCORE_SINTETICO_V1,TRAIN,SINTETICO
USR000073,2025-07,5771.12,5199.81,90.1,41.28,9.44,77.36,7.87,3,6,0.0,3.03,58.0,EM_OBSERVACAO,0.7166,renda_muito_comprometida|endividamento_alto,poupanca_regular|reserva_adequada,SCORE_SINTETICO_V1,TRAIN,SINTETICO
USR000074,2025-07,9485.02,9321.24,98.27,39.68,0.28,51.18,11.67,3,8,0.0,0.56,39.0,EM_RISCO,0.6734,renda_muito_comprometida|endividamento_moderado|poupanca_insuficiente|sem_reserva_adequada,nenhum_relevante,SCORE_SINTETICO_V1,VALIDATION,SINTETICO
USR000075,2025-07,7129.82,6699.99,93.97,31.76,9.63,44.85,21.99,4,6,0.0,1.59,61.0,EM_OBSERVACAO,0.6847,renda_muito_comprometida|endividamento_moderado|reserva_baixa,poupanca_regular,SCORE_SINTETICO_V1,VALIDATION,SINTETICO
USR000076,2025-07,17146.67,12842.36,74.9,36.59,9.81,28.59,49.13,3,10,0.0,2.8,63.0,EM_OBSERVACAO,0.7382,renda_comprometida|endividamento_moderado|reserva_baixa|gastos_nao_essenciais_altos,poupanca_regular,SCORE_SINTETICO_V1,VALIDATION,SINTETICO
USR000077,2025-07,10966.95,11500.31,104.86,65.37,1.7,68.69,0.0,5,10,0.0,0.76,5.0,EM_RISCO,0.915,despesas_acima_da_renda|endividamento_muito_alto|poupanca_insuficiente|sem_reserva_adequada,nenhum_relevante,SCORE_SINTETICO_V1,TEST,SINTETICO
USR000078,2025-07,4572.51,4395.5,96.13,40.08,10.43,31.01,29.21,3,8,0.0,0.66,38.0,EM_RISCO,0.7681,renda_muito_comprometida|endividamento_alto|sem_reserva_adequada|gastos_nao_essenciais_em_atencao,poupanca_regular,SCORE_SINTETICO_V1,TEST,SINTETICO
USR000079,2025-07,5241.07,3237.86,61.78,27.17,19.98,42.0,39.17,3,7,0.0,17.03,91.0,SAUDAVEL,0.8058,endividamento_moderado|gastos_nao_essenciais_altos,despesas_controladas|boa_taxa_poupanca|reserva_robusta,SCORE_SINTETICO_V1,TEST,SINTETICO
USR000080,2025-07,1383.45,1050.67,75.95,39.54,9.47,38.45,57.62,3,8,0.0,4.34,71.0,EM_OBSERVACAO,0.6071,renda_comprometida|endividamento_moderado|gastos_nao_essenciais_altos,poupanca_regular|reserva_adequada,SCORE_SINTETICO_V1,TRAIN,SINTETICO
USR000081,2025-07,9264.56,4538.49,48.99,3.54,15.92,90.53,7.55,2,4,0.0,11.63,100.0,SAUDAVEL,0.8817,nenhum_relevante,despesas_controladas|baixo_endividamento|boa_taxa_poupanca|reserva_robusta,SCORE_SINTETICO_V1,TRAIN,SINTETICO
USR000082,2025-07,6169.21,3982.92,64.56,29.94,9.64,40.2,22.49,4,10,0.0,2.83,83.0,SAUDAVEL,0.6756,endividamento_moderado|reserva_baixa,despesas_controladas|poupanca_regular,SCORE_SINTETICO_V1,TRAIN,SINTETICO
USR000083,2025-07,1481.75,1551.03,104.68,42.82,1.15,19.77,36.7,1,5,0.0,0.12,5.0,EM_RISCO,0.9002,despesas_acima_da_renda|endividamento_alto|poupanca_insuficiente|sem_reserva_adequada|gastos_nao_essenciais_altos,nenhum_relevante,SCORE_SINTETICO_V1,TRAIN,SINTETICO
USR000084,2025-07,2751.04,2391.33,86.92,40.86,1.25,42.75,51.65,3,8,0.0,0.54,18.0,EM_RISCO,0.8961,renda_muito_comprometida|endividamento_alto|poupanca_insuficiente|sem_reserva_adequada|gastos_nao_essenciais_altos,nenhum_relevante,SCORE_SINTETICO_V1,TRAIN,SINTETICO
USR000085,2025-07,12644.37,11172.9,88.36,37.16,5.23,52.23,22.64,2,4,0.0,2.34,53.0,EM_OBSERVACAO,0.6393,renda_muito_comprometida|endividamento_moderado|baixa_taxa_poupanca|reserva_baixa,nenhum_relevante,SCORE_SINTETICO_V1,TRAIN,SINTETICO
USR000086,2025-07,5773.06,4719.63,81.75,31.75,4.06,83.86,1.9,5,7,0.0,2.96,65.0,EM_OBSERVACAO,0.705,renda_comprometida|endividamento_moderado|baixa_taxa_poupanca|reserva_baixa,nenhum_relevante,SCORE_SINTETICO_V1,TRAIN,SINTETICO
USR000087,2025-07,14410.19,9058.79,62.86,27.64,4.2,34.1,36.09,4,9,0.0,3.22,73.0,EM_OBSERVACAO,0.6362,endividamento_moderado|baixa_taxa_poupanca|gastos_nao_essenciais_altos,despesas_controladas|reserva_adequada,SCORE_SINTETICO_V1,TRAIN,SINTETICO
USR000088,2025-07,1461.64,1388.06,94.97,24.98,3.03,97.57,2.43,1,4,0.0,2.78,53.0,EM_OBSERVACAO,0.5975,renda_muito_comprometida|endividamento_moderado|baixa_taxa_poupanca|reserva_baixa,nenhum_relevante,SCORE_SINTETICO_V1,TRAIN,SINTETICO
USR000089,2025-07,4637.29,4919.32,106.08,50.63,3.15,65.61,34.39,5,8,0.0,0.4,17.0,EM_RISCO,0.9758,despesas_acima_da_renda|endividamento_alto|baixa_taxa_poupanca|sem_reserva_adequada|gastos_nao_essenciais_em_atencao,nenhum_relevante,SCORE_SINTETICO_V1,TRAIN,SINTETICO
USR000090,2025-07,2987.73,2939.25,98.38,85.46,0.74,18.83,61.62,2,5,0.0,0.95,8.0,EM_RISCO,0.9411,renda_muito_comprometida|endividamento_muito_alto|poupanca_insuficiente|sem_reserva_adequada|gastos_nao_essenciais_altos,nenhum_relevante,SCORE_SINTETICO_V1,TRAIN,SINTETICO
USR000091,2025-07,5114.91,5618.49,109.85,52.71,1.02,54.9,45.1,2,4,0.0,0.49,5.0,EM_RISCO,0.9068,despesas_acima_da_renda|endividamento_alto|poupanca_insuficiente|sem_reserva_adequada|gastos_nao_essenciais_altos,nenhum_relevante,SCORE_SINTETICO_V1,TRAIN,SINTETICO
USR000092,2025-07,3495.4,3101.12,88.72,46.69,5.98,44.87,48.26,3,6,0.0,1.6,32.0,EM_RISCO,0.8384,renda_muito_comprometida|endividamento_alto|baixa_taxa_poupanca|reserva_baixa|gastos_nao_essenciais_altos,nenhum_relevante,SCORE_SINTETICO_V1,TRAIN,SINTETICO
USR000093,2025-07,7914.46,4288.67,54.19,1.63,12.61,43.89,48.66,4,6,0.0,16.82,95.0,SAUDAVEL,0.8553,gastos_nao_essenciais_altos,despesas_controladas|baixo_endividamento|poupanca_regular|reserva_robusta,SCORE_SINTETICO_V1,TRAIN,SINTETICO
USR000094,2025-07,4265.62,4858.24,113.89,81.43,2.38,45.68,0.0,4,6,0.0,0.41,5.0,EM_RISCO,0.9462,despesas_acima_da_renda|endividamento_muito_alto|poupanca_insuficiente|sem_reserva_adequada,nenhum_relevante,SCORE_SINTETICO_V1,VALIDATION,SINTETICO
USR000095,2025-07,4640.74,5117.34,110.27,78.89,0.9,71.85,6.92,3,5,0.0,0.73,5.0,EM_RISCO,0.9401,despesas_acima_da_renda|endividamento_muito_alto|poupanca_insuficiente|sem_reserva_adequada,nenhum_relevante,SCORE_SINTETICO_V1,VALIDATION,SINTETICO
USR000096,2025-07,8694.87,4656.55,53.56,25.39,18.94,62.17,21.66,4,7,0.0,15.26,100.0,SAUDAVEL,0.9056,endividamento_moderado,despesas_controladas|boa_taxa_poupanca|reserva_robusta,SCORE_SINTETICO_V1,VALIDATION,SINTETICO
USR000097,2025-07,12780.02,8239.17,64.47,12.61,12.33,66.73,22.48,1,4,0.0,7.06,100.0,SAUDAVEL,0.945,nenhum_relevante,despesas_controladas|baixo_endividamento|poupanca_regular|reserva_robusta,SCORE_SINTETICO_V1,TEST,SINTETICO
USR000098,2025-07,12863.1,12612.03,98.05,32.9,6.49,67.22,4.23,3,8,0.0,2.66,53.0,EM_OBSERVACAO,0.6225,renda_muito_comprometida|endividamento_moderado|baixa_taxa_poupanca|reserva_baixa,nenhum_relevante,SCORE_SINTETICO_V1,TEST,SINTETICO
USR000099,2025-07,2456.35,1997.75,81.33,28.92,6.91,18.82,0.0,4,7,0.0,3.07,73.0,EM_OBSERVACAO,0.6321,renda_comprometida|endividamento_moderado|baixa_taxa_poupanca,reserva_adequada,SCORE_SINTETICO_V1,TEST,SINTETICO
USR000100,2025-07,4428.66,3700.38,83.56,22.84,8.95,36.69,42.67,2,6,0.0,2.09,63.0,EM_OBSERVACAO,0.7697,renda_comprometida|endividamento_moderado|reserva_baixa|gastos_nao_essenciais_altos,poupanca_regular,SCORE_SINTETICO_V1,TRAIN,SINTETICO
USR000101,2025-07,2272.52,1749.21,76.97,29.49,8.58,30.95,39.01,3,5,0.0,2.48,63.0,EM_OBSERVACAO,0.7443,renda_comprometida|endividamento_moderado|reserva_baixa|gastos_nao_essenciais_altos,poupanca_regular,SCORE_SINTETICO_V1,TRAIN,SINTETICO
USR000102,2025-07,7895.55,9047.19,114.59,80.39,1.12,74.07,20.12,4,8,0.0,0.81,5.0,EM_RISCO,0.9342,despesas_acima_da_renda|endividamento_muito_alto|poupanca_insuficiente|sem_reserva_adequada,nenhum_relevante,SCORE_SINTETICO_V1,TRAIN,SINTETICO
USR000103,2025-07,8740.29,5256.73,60.14,0.35,13.19,66.05,3.98,5,9,0.0,11.26,100.0,SAUDAVEL,0.8978,nenhum_relevante,despesas_controladas|baixo_endividamento|poupanca_regular|reserva_robusta,SCORE_SINTETICO_V1,TRAIN,SINTETICO
USR000104,2025-07,5676.92,4395.63,77.43,24.35,6.96,47.3,5.84,2,7,0.0,2.75,65.0,EM_OBSERVACAO,0.6962,renda_comprometida|endividamento_moderado|baixa_taxa_poupanca|reserva_baixa,nenhum_relevante,SCORE_SINTETICO_V1,TRAIN,SINTETICO
USR000105,2025-07,17103.54,10414.48,60.89,10.84,19.68,69.81,10.23,3,6,0.0,12.6,100.0,SAUDAVEL,0.9195,nenhum_relevante,despesas_controladas|baixo_endividamento|boa_taxa_poupanca|reserva_robusta,SCORE_SINTETICO_V1,TRAIN,SINTETICO
USR000106,2025-07,4518.02,3228.64,71.46,1.5,18.23,39.42,54.21,3,7,0.0,10.26,90.0,SAUDAVEL,0.8263,renda_comprometida|gastos_nao_essenciais_altos,baixo_endividamento|boa_taxa_poupanca|reserva_robusta,SCORE_SINTETICO_V1,TRAIN,SINTETICO
USR000107,2025-07,8547.54,10367.58,121.29,69.29,1.39,60.34,14.33,3,5,0.0,0.01,5.0,EM_RISCO,0.9282,despesas_acima_da_renda|endividamento_muito_alto|poupanca_insuficiente|sem_reserva_adequada,nenhum_relevante,SCORE_SINTETICO_V1,TRAIN,SINTETICO
USR000108,2025-07,12608.17,8997.88,71.37,16.66,10.86,61.28,38.72,2,8,0.0,2.96,72.0,EM_OBSERVACAO,0.5858,renda_comprometida|reserva_baixa|gastos_nao_essenciais_altos,baixo_endividamento|poupanca_regular,SCORE_SINTETICO_V1,TRAIN,SINTETICO
USR000109,2025-07,4230.49,4193.5,99.13,19.09,4.85,75.54,0.0,2,4,0.0,2.77,62.0,EM_OBSERVACAO,0.7318,renda_muito_comprometida|baixa_taxa_poupanca|reserva_baixa,baixo_endividamento,SCORE_SINTETICO_V1,TRAIN,SINTETICO
USR000110,2025-07,2497.88,3077.92,123.22,44.23,3.21,41.53,7.44,6,9,0.0,0.61,22.0,EM_RISCO,0.9707,despesas_acima_da_renda|endividamento_alto|baixa_taxa_poupanca|sem_reserva_adequada,nenhum_relevante,SCORE_SINTETICO_V1,TRAIN,SINTETICO
USR000111,2025-07,1511.44,1044.32,69.09,15.19,21.95,26.53,56.41,2,7,0.0,18.62,100.0,SAUDAVEL,0.9151,gastos_nao_essenciais_altos,despesas_controladas|baixo_endividamento|boa_taxa_poupanca|reserva_robusta,SCORE_SINTETICO_V1,TRAIN,SINTETICO
USR000112,2025-07,3645.49,3493.44,95.83,46.77,3.28,16.95,39.99,4,13,0.0,3.42,40.0,EM_RISCO,0.6945,renda_muito_comprometida|endividamento_alto|baixa_taxa_poupanca|gastos_nao_essenciais_altos,reserva_adequada,SCORE_SINTETICO_V1,TRAIN,SINTETICO
USR000113,2025-07,2454.39,2433.9,99.16,67.09,0.61,88.64,0.0,3,4,0.0,0.46,18.0,EM_RISCO,0.8912,renda_muito_comprometida|endividamento_muito_alto|poupanca_insuficiente|sem_reserva_adequada,nenhum_relevante,SCORE_SINTETICO_V1,TRAIN,SINTETICO
USR000114,2025-07,3964.75,4385.63,110.62,85.46,2.93,69.28,30.72,3,5,0.0,0.25,0.0,EM_RISCO,0.9334,despesas_acima_da_renda|endividamento_muito_alto|poupanca_insuficiente|sem_reserva_adequada|gastos_nao_essenciais_em_atencao,nenhum_relevante,SCORE_SINTETICO_V1,VALIDATION,SINTETICO
USR000115,2025-07,2170.56,1956.83,90.15,38.36,3.41,65.2,34.8,2,4,0.0,5.48,56.0,EM_OBSERVACAO,0.6315,renda_muito_comprometida|endividamento_moderado|baixa_taxa_poupanca|gastos_nao_essenciais_em_atencao,reserva_adequada,SCORE_SINTETICO_V1,VALIDATION,SINTETICO
USR000116,2025-07,2868.31,1584.39,55.24,6.87,12.8,34.55,15.51,3,10,0.0,11.86,100.0,SAUDAVEL,0.9355,nenhum_relevante,despesas_controladas|baixo_endividamento|poupanca_regular|reserva_robusta,SCORE_SINTETICO_V1,VALIDATION,SINTETICO
USR000117,2025-07,4811.68,3889.83,80.84,48.13,7.34,31.92,5.34,1,6,0.0,3.84,62.0,EM_OBSERVACAO,0.7284,renda_comprometida|endividamento_alto|baixa_taxa_poupanca,reserva_adequada,SCORE_SINTETICO_V1,TEST,SINTETICO
USR000118,2025-07,8663.66,6333.55,73.1,39.68,8.01,37.96,37.92,2,11,0.0,5.73,71.0,EM_OBSERVACAO,0.6041,renda_comprometida|endividamento_moderado|gastos_nao_essenciais_altos,poupanca_regular|reserva_adequada,SCORE_SINTETICO_V1,TEST,SINTETICO
USR000119,2025-07,3979.97,2309.36,58.02,26.6,16.61,71.1,28.11,3,5,0.0,10.8,96.0,SAUDAVEL,0.8762,endividamento_moderado|gastos_nao_essenciais_em_atencao,despesas_controladas|boa_taxa_poupanca|reserva_robusta,SCORE_SINTETICO_V1,TEST,SINTETICO
USR000120,2025-07,5563.48,4208.44,75.64,7.13,18.77,40.23,59.77,2,4,0.0,5.34,85.0,SAUDAVEL,0.6991,renda_comprometida|gastos_nao_essenciais_altos,baixo_endividamento|boa_taxa_poupanca|reserva_adequada,SCORE_SINTETICO_V1,TRAIN,SINTETICO
USR000121,2025-07,4923.89,4228.47,85.88,72.15,1.6,79.57,6.49,3,9,0.0,0.44,18.0,EM_RISCO,0.9568,renda_muito_comprometida|endividamento_muito_alto|poupanca_insuficiente|sem_reserva_adequada,nenhum_relevante,SCORE_SINTETICO_V1,TRAIN,SINTETICO
USR000122,2025-07,12843.16,11212.05,87.3,55.27,2.03,45.53,22.13,4,7,0.0,1.24,35.0,EM_RISCO,0.8003,renda_muito_comprometida|endividamento_alto|poupanca_insuficiente|reserva_baixa,nenhum_relevante,SCORE_SINTETICO_V1,TRAIN,SINTETICO
USR000123,2025-07,5554.21,4754.24,85.6,47.33,10.49,75.52,24.48,4,6,0.0,3.3,58.0,EM_OBSERVACAO,0.7076,renda_muito_comprometida|endividamento_alto,poupanca_regular|reserva_adequada,SCORE_SINTETICO_V1,TRAIN,SINTETICO
USR000124,2025-07,7650.6,6738.57,88.08,50.92,0.53,43.45,50.66,3,10,0.0,0.42,18.0,EM_RISCO,0.9323,renda_muito_comprometida|endividamento_alto|poupanca_insuficiente|sem_reserva_adequada|gastos_nao_essenciais_altos,nenhum_relevante,SCORE_SINTETICO_V1,TRAIN,SINTETICO
USR000125,2025-07,2990.28,2851.51,95.36,46.34,2.08,76.82,4.08,5,8,0.0,0.39,28.0,EM_RISCO,0.888,renda_muito_comprometida|endividamento_alto|poupanca_insuficiente|sem_reserva_adequada,nenhum_relevante,SCORE_SINTETICO_V1,TRAIN,SINTETICO
USR000126,2025-07,4286.16,3213.92,74.98,26.24,5.64,37.8,11.27,4,10,0.0,2.16,65.0,EM_OBSERVACAO,0.7067,renda_comprometida|endividamento_moderado|baixa_taxa_poupanca|reserva_baixa,nenhum_relevante,SCORE_SINTETICO_V1,TRAIN,SINTETICO
USR000127,2025-07,5228.76,5169.16,98.86,53.16,3.49,68.25,31.75,3,6,0.0,0.27,30.0,EM_RISCO,0.8285,renda_muito_comprometida|endividamento_alto|baixa_taxa_poupanca|sem_reserva_adequada|gastos_nao_essenciais_em_atencao,nenhum_relevante,SCORE_SINTETICO_V1,TRAIN,SINTETICO
USR000128,2025-07,6716.47,4264.55,63.49,22.3,21.62,33.22,39.54,2,4,0.0,7.16,91.0,SAUDAVEL,0.7937,endividamento_moderado|gastos_nao_essenciais_altos,despesas_controladas|boa_taxa_poupanca|reserva_robusta,SCORE_SINTETICO_V1,TRAIN,SINTETICO
USR000129,2025-07,5502.56,4542.18,82.55,21.92,4.15,67.78,7.67,5,8,0.0,2.05,65.0,EM_OBSERVACAO,0.7422,renda_comprometida|endividamento_moderado|baixa_taxa_poupanca|reserva_baixa,nenhum_relevante,SCORE_SINTETICO_V1,TRAIN,SINTETICO
USR000130,2025-07,5300.92,6079.2,114.68,48.5,1.19,63.59,0.0,3,7,0.0,0.6,15.0,EM_RISCO,0.8649,despesas_acima_da_renda|endividamento_alto|poupanca_insuficiente|sem_reserva_adequada,nenhum_relevante,SCORE_SINTETICO_V1,TRAIN,SINTETICO
USR000131,2025-07,10325.84,11170.79,108.18,58.96,0.97,48.3,0.0,3,7,0.0,0.02,15.0,EM_RISCO,0.9013,despesas_acima_da_renda|endividamento_alto|poupanca_insuficiente|sem_reserva_adequada,nenhum_relevante,SCORE_SINTETICO_V1,TRAIN,SINTETICO
USR000132,2025-07,1329.39,1058.19,79.6,44.83,6.21,74.95,6.42,4,9,0.0,2.64,54.0,EM_OBSERVACAO,0.6412,renda_comprometida|endividamento_alto|baixa_taxa_poupanca|reserva_baixa,nenhum_relevante,SCORE_SINTETICO_V1,TRAIN,SINTETICO
USR000133,2025-07,10042.3,11096.0,110.49,57.34,2.07,40.97,15.77,2,5,0.0,0.79,15.0,EM_RISCO,0.9116,despesas_acima_da_renda|endividamento_alto|poupanca_insuficiente|sem_reserva_adequada,nenhum_relevante,SCORE_SINTETICO_V1,TRAIN,SINTETICO
USR000134,2025-07,3061.45,3206.47,104.74,42.73,9.91,53.54,38.3,2,10,0.0,5.21,35.0,EM_RISCO,0.8282,despesas_acima_da_renda|endividamento_alto|gastos_nao_essenciais_altos,poupanca_regular|reserva_adequada,SCORE_SINTETICO_V1,VALIDATION,SINTETICO
USR000135,2025-07,5023.77,4223.44,84.07,40.73,10.64,58.88,8.02,2,8,0.0,4.69,70.0,EM_OBSERVACAO,0.6671,renda_comprometida|endividamento_alto,poupanca_regular|reserva_adequada,SCORE_SINTETICO_V1,VALIDATION,SINTETICO
USR000136,2025-07,5084.48,3056.34,60.11,14.53,18.19,26.07,30.18,2,8,0.0,10.5,100.0,SAUDAVEL,0.9172,gastos_nao_essenciais_em_atencao,despesas_controladas|baixo_endividamento|boa_taxa_poupanca|reserva_robusta,SCORE_SINTETICO_V1,VALIDATION,SINTETICO
USR000137,2025-07,9100.89,8506.76,93.47,34.42,4.13,47.39,0.0,2,4,0.0,1.28,53.0,EM_OBSERVACAO,0.6265,renda_muito_comprometida|endividamento_moderado|baixa_taxa_poupanca|reserva_baixa,nenhum_relevante,SCORE_SINTETICO_V1,TEST,SINTETICO
USR000138,2025-07,1887.75,1484.15,78.62,21.38,13.21,34.02,46.32,3,5,0.0,13.23,76.0,SAUDAVEL,0.5958,renda_comprometida|endividamento_moderado|gastos_nao_essenciais_altos,poupanca_regular|reserva_robusta,SCORE_SINTETICO_V1,TEST,SINTETICO
USR000139,2025-07,3256.21,2481.4,76.21,46.18,7.77,26.58,21.19,4,8,0.0,2.49,54.0,EM_OBSERVACAO,0.6252,renda_comprometida|endividamento_alto|baixa_taxa_poupanca|reserva_baixa,nenhum_relevante,SCORE_SINTETICO_V1,TEST,SINTETICO
USR000140,2025-07,12844.6,12214.49,95.09,40.9,9.65,28.55,22.66,4,8,0.0,2.03,50.0,EM_OBSERVACAO,0.619,renda_muito_comprometida|endividamento_alto|reserva_baixa,poupanca_regular,SCORE_SINTETICO_V1,TRAIN,SINTETICO
USR000141,2025-07,3936.14,4424.34,112.4,46.17,0.41,26.23,15.09,2,5,0.0,0.53,15.0,EM_RISCO,0.9164,despesas_acima_da_renda|endividamento_alto|poupanca_insuficiente|sem_reserva_adequada,nenhum_relevante,SCORE_SINTETICO_V1,TRAIN,SINTETICO
USR000142,2025-07,8557.5,9370.82,109.5,71.47,0.99,45.23,47.96,5,11,0.0,0.62,0.0,EM_RISCO,0.9055,despesas_acima_da_renda|endividamento_muito_alto|poupanca_insuficiente|sem_reserva_adequada|gastos_nao_essenciais_altos,nenhum_relevante,SCORE_SINTETICO_V1,TRAIN,SINTETICO
USR000143,2025-07,6821.54,5458.0,80.01,33.88,3.01,32.44,38.8,4,11,0.0,2.55,55.0,EM_OBSERVACAO,0.6359,renda_comprometida|endividamento_moderado|baixa_taxa_poupanca|reserva_baixa|gastos_nao_essenciais_altos,nenhum_relevante,SCORE_SINTETICO_V1,TRAIN,SINTETICO
USR000144,2025-07,4076.11,3664.07,89.89,20.65,10.94,55.28,2.81,3,9,0.0,4.18,69.0,EM_OBSERVACAO,0.6778,renda_muito_comprometida|endividamento_moderado,poupanca_regular|reserva_adequada,SCORE_SINTETICO_V1,TRAIN,SINTETICO
USR000145,2025-07,9657.28,6022.03,62.36,20.13,15.26,56.15,18.26,5,12,0.0,6.36,100.0,SAUDAVEL,0.9373,endividamento_moderado,despesas_controladas|boa_taxa_poupanca|reserva_robusta,SCORE_SINTETICO_V1,TRAIN,SINTETICO
USR000146,2025-07,2458.13,1885.16,76.69,0.0,19.2,56.72,10.82,3,7,0.0,9.1,100.0,SAUDAVEL,0.9528,renda_comprometida,baixo_endividamento|boa_taxa_poupanca|reserva_robusta,SCORE_SINTETICO_V1,TRAIN,SINTETICO
USR000147,2025-07,10372.74,8189.85,78.96,41.73,6.82,49.41,43.94,4,8,0.0,4.22,52.0,EM_OBSERVACAO,0.6424,renda_comprometida|endividamento_alto|baixa_taxa_poupanca|gastos_nao_essenciais_altos,reserva_adequada,SCORE_SINTETICO_V1,TRAIN,SINTETICO
USR000148,2025-07,2160.89,1526.53,70.64,45.43,6.84,84.4,9.24,4,6,0.0,5.15,62.0,EM_OBSERVACAO,0.7659,renda_comprometida|endividamento_alto|baixa_taxa_poupanca,reserva_adequada,SCORE_SINTETICO_V1,TRAIN,SINTETICO
USR000149,2025-07,4149.23,3071.25,74.02,18.72,4.48,15.07,72.88,3,7,0.0,2.67,64.0,EM_OBSERVACAO,0.7215,renda_comprometida|baixa_taxa_poupanca|reserva_baixa|gastos_nao_essenciais_altos,baixo_endividamento,SCORE_SINTETICO_V1,TRAIN,SINTETICO
USR000150,2025-07,3712.22,2872.46,77.38,24.02,8.09,66.31,27.58,6,10,0.0,4.49,76.0,SAUDAVEL,0.6029,renda_comprometida|endividamento_moderado|gastos_nao_essenciais_em_atencao,poupanca_regular|reserva_adequada,SCORE_SINTETICO_V1,TRAIN,SINTETICO
USR000151,2025-07,2219.96,1277.49,57.55,0.22,12.7,32.61,67.39,4,7,0.0,12.33,95.0,SAUDAVEL,0.825,gastos_nao_essenciais_altos,despesas_controladas|baixo_endividamento|poupanca_regular|reserva_robusta,SCORE_SINTETICO_V1,TRAIN,SINTETICO
USR000152,2025-07,3261.49,3663.66,112.33,45.86,2.79,76.77,16.86,4,6,0.0,0.21,15.0,EM_RISCO,0.9194,despesas_acima_da_renda|endividamento_alto|poupanca_insuficiente|sem_reserva_adequada,nenhum_relevante,SCORE_SINTETICO_V1,TRAIN,SINTETICO
USR000153,2025-07,4633.45,3446.68,74.39,29.85,3.86,60.93,4.02,5,12,0.0,1.92,65.0,EM_OBSERVACAO,0.6707,renda_comprometida|endividamento_moderado|baixa_taxa_poupanca|reserva_baixa,nenhum_relevante,SCORE_SINTETICO_V1,TRAIN,SINTETICO
USR000154,2025-07,3734.07,3604.02,96.52,59.14,3.16,65.69,31.26,7,9,0.0,0.97,30.0,EM_RISCO,0.8508,renda_muito_comprometida|endividamento_alto|baixa_taxa_poupanca|sem_reserva_adequada|gastos_nao_essenciais_em_atencao,nenhum_relevante,SCORE_SINTETICO_V1,VALIDATION,SINTETICO
USR000155,2025-07,4230.46,3992.91,94.38,29.77,10.38,19.11,33.79,1,9,0.0,5.16,64.0,EM_OBSERVACAO,0.7596,renda_muito_comprometida|endividamento_moderado|gastos_nao_essenciais_em_atencao,poupanca_regular|reserva_adequada,SCORE_SINTETICO_V1,VALIDATION,SINTETICO
USR000156,2025-07,6546.58,3923.63,59.93,7.18,14.52,91.75,3.06,2,6,0.0,7.22,100.0,SAUDAVEL,0.9535,nenhum_relevante,despesas_controladas|baixo_endividamento|poupanca_regular|reserva_robusta,SCORE_SINTETICO_V1,VALIDATION,SINTETICO
USR000157,2025-07,8435.45,6325.83,74.99,1.94,11.54,21.78,41.05,4,8,0.0,22.84,85.0,SAUDAVEL,0.6725,renda_comprometida|gastos_nao_essenciais_altos,baixo_endividamento|poupanca_regular|reserva_robusta,SCORE_SINTETICO_V1,TEST,SINTETICO
USR000158,2025-07,8256.38,4564.2,55.28,20.43,21.1,7.57,88.29,3,7,0.0,20.06,91.0,SAUDAVEL,0.7683,endividamento_moderado|gastos_nao_essenciais_altos,despesas_controladas|boa_taxa_poupanca|reserva_robusta,SCORE_SINTETICO_V1,TEST,SINTETICO
USR000159,2025-07,3710.44,2270.15,61.18,12.35,10.08,66.7,33.3,2,5,0.0,13.59,100.0,SAUDAVEL,0.9344,gastos_nao_essenciais_em_atencao,despesas_controladas|baixo_endividamento|poupanca_regular|reserva_robusta,SCORE_SINTETICO_V1,TEST,SINTETICO
USR000160,2025-07,6830.52,4362.56,63.87,11.23,19.69,17.0,38.92,2,9,0.0,6.21,100.0,SAUDAVEL,0.9145,gastos_nao_essenciais_altos,despesas_controladas|baixo_endividamento|boa_taxa_poupanca|reserva_robusta,SCORE_SINTETICO_V1,TRAIN,SINTETICO
USR000161,2025-07,11696.01,9134.06,78.1,28.21,6.74,70.82,12.47,4,8,0.0,2.21,65.0,EM_OBSERVACAO,0.7144,renda_comprometida|endividamento_moderado|baixa_taxa_poupanca|reserva_baixa,nenhum_relevante,SCORE_SINTETICO_V1,TRAIN,SINTETICO
USR000162,2025-07,6441.8,5238.44,81.32,22.32,3.54,25.89,62.08,3,11,0.0,5.05,63.0,EM_OBSERVACAO,0.6902,renda_comprometida|endividamento_moderado|baixa_taxa_poupanca|gastos_nao_essenciais_altos,reserva_adequada,SCORE_SINTETICO_V1,TRAIN,SINTETICO
USR000163,2025-07,15264.7,10628.06,69.63,21.02,17.86,50.89,14.27,4,7,0.0,7.97,100.0,SAUDAVEL,0.9385,endividamento_moderado,despesas_controladas|boa_taxa_poupanca|reserva_robusta,SCORE_SINTETICO_V1,TRAIN,SINTETICO
USR000164,2025-07,4019.63,3047.22,75.81,2.46,21.96,68.4,15.74,3,9,0.0,5.53,95.0,SAUDAVEL,0.8722,renda_comprometida,baixo_endividamento|boa_taxa_poupanca|reserva_adequada,SCORE_SINTETICO_V1,TRAIN,SINTETICO
USR000165,2025-07,7132.42,5977.52,83.81,34.03,3.53,85.38,14.62,5,7,0.0,2.01,65.0,EM_OBSERVACAO,0.7186,renda_comprometida|endividamento_moderado|baixa_taxa_poupanca|reserva_baixa,nenhum_relevante,SCORE_SINTETICO_V1,TRAIN,SINTETICO
USR000166,2025-07,4835.61,2561.4,52.97,9.99,10.21,46.35,53.65,7,11,0.0,8.38,95.0,SAUDAVEL,0.8297,gastos_nao_essenciais_altos,despesas_controladas|baixo_endividamento|poupanca_regular|reserva_robusta,SCORE_SINTETICO_V1,TRAIN,SINTETICO
USR000167,2025-07,1629.04,1182.09,72.56,28.02,10.02,32.48,50.7,5,9,0.0,0.77,56.0,EM_OBSERVACAO,0.6568,renda_comprometida|endividamento_moderado|sem_reserva_adequada|gastos_nao_essenciais_altos,poupanca_regular,SCORE_SINTETICO_V1,TRAIN,SINTETICO
USR000168,2025-07,2946.02,2527.73,85.8,41.28,3.92,32.35,29.15,4,9,0.0,1.26,37.0,EM_RISCO,0.7776,renda_muito_comprometida|endividamento_alto|baixa_taxa_poupanca|reserva_baixa|gastos_nao_essenciais_em_atencao,nenhum_relevante,SCORE_SINTETICO_V1,TRAIN,SINTETICO
USR000169,2025-07,4429.21,3819.28,86.23,30.81,3.68,34.71,53.39,2,7,0.0,3.83,51.0,EM_OBSERVACAO,0.5953,renda_muito_comprometida|endividamento_moderado|baixa_taxa_poupanca|gastos_nao_essenciais_altos,reserva_adequada,SCORE_SINTETICO_V1,TRAIN,SINTETICO
USR000170,2025-07,2051.27,1447.88,70.58,24.28,19.35,65.54,7.77,4,8,0.0,8.93,91.0,SAUDAVEL,0.7432,renda_comprometida|endividamento_moderado,boa_taxa_poupanca|reserva_robusta,SCORE_SINTETICO_V1,TRAIN,SINTETICO
USR000171,2025-07,5170.32,3370.59,65.19,0.74,19.23,64.86,15.38,5,8,0.0,13.09,100.0,SAUDAVEL,0.9523,nenhum_relevante,despesas_controladas|baixo_endividamento|boa_taxa_poupanca|reserva_robusta,SCORE_SINTETICO_V1,TRAIN,SINTETICO
USR000172,2025-07,3531.72,2804.15,79.4,36.04,5.46,82.18,0.0,1,4,0.0,1.22,65.0,EM_OBSERVACAO,0.7237,renda_comprometida|endividamento_moderado|baixa_taxa_poupanca|reserva_baixa,nenhum_relevante,SCORE_SINTETICO_V1,TRAIN,SINTETICO
USR000173,2025-07,2899.19,1866.49,64.38,8.86,18.08,40.32,43.77,4,10,0.0,22.77,100.0,SAUDAVEL,0.914,gastos_nao_essenciais_altos,despesas_controladas|baixo_endividamento|boa_taxa_poupanca|reserva_robusta,SCORE_SINTETICO_V1,TRAIN,SINTETICO
USR000174,2025-07,5283.52,3379.89,63.97,11.42,10.96,81.12,11.24,3,9,0.0,14.95,100.0,SAUDAVEL,0.9009,nenhum_relevante,despesas_controladas|baixo_endividamento|poupanca_regular|reserva_robusta,SCORE_SINTETICO_V1,VALIDATION,SINTETICO
USR000175,2025-07,12067.8,13348.52,110.61,64.68,1.52,29.07,12.98,4,9,0.0,0.22,5.0,EM_RISCO,0.951,despesas_acima_da_renda|endividamento_muito_alto|poupanca_insuficiente|sem_reserva_adequada,nenhum_relevante,SCORE_SINTETICO_V1,VALIDATION,SINTETICO
USR000176,2025-07,7998.6,8358.85,104.5,66.19,1.83,31.1,37.58,5,10,0.0,0.74,0.0,EM_RISCO,0.8968,despesas_acima_da_renda|endividamento_muito_alto|poupanca_insuficiente|sem_reserva_adequada|gastos_nao_essenciais_altos,nenhum_relevante,SCORE_SINTETICO_V1,VALIDATION,SINTETICO
USR000177,2025-07,5184.48,2610.18,50.35,2.13,15.02,24.27,54.06,2,9,0.0,22.25,100.0,SAUDAVEL,0.9598,gastos_nao_essenciais_altos,despesas_controladas|baixo_endividamento|boa_taxa_poupanca|reserva_robusta,SCORE_SINTETICO_V1,TEST,SINTETICO
USR000178,2025-07,8995.41,8132.06,90.4,49.79,9.48,18.99,61.0,4,8,0.0,4.18,48.0,EM_RISCO,0.6292,renda_muito_comprometida|endividamento_alto|gastos_nao_essenciais_altos,poupanca_regular|reserva_adequada,SCORE_SINTETICO_V1,TEST,SINTETICO
USR000179,2025-07,9019.44,7878.4,87.35,35.68,5.36,54.49,34.63,2,4,0.0,1.43,48.0,EM_RISCO,0.6496,renda_muito_comprometida|endividamento_moderado|baixa_taxa_poupanca|reserva_baixa|gastos_nao_essenciais_em_atencao,nenhum_relevante,SCORE_SINTETICO_V1,TEST,SINTETICO
USR000180,2025-07,7181.69,3756.03,52.3,19.87,20.71,55.88,0.0,2,6,0.0,24.16,100.0,SAUDAVEL,0.9611,nenhum_relevante,despesas_controladas|baixo_endividamento|boa_taxa_poupanca|reserva_robusta,SCORE_SINTETICO_V1,TRAIN,SINTETICO
USR000181,2025-07,9171.8,9699.85,105.76,26.91,4.02,15.31,29.14,2,5,0.0,0.81,28.0,EM_RISCO,0.8962,despesas_acima_da_renda|endividamento_moderado|baixa_taxa_poupanca|sem_reserva_adequada|gastos_nao_essenciais_em_atencao,nenhum_relevante,SCORE_SINTETICO_V1,TRAIN,SINTETICO
USR000182,2025-07,5184.06,4032.31,77.78,34.35,10.51,60.6,23.63,2,7,0.0,2.36,73.0,EM_OBSERVACAO,0.6149,renda_comprometida|endividamento_moderado|reserva_baixa,poupanca_regular,SCORE_SINTETICO_V1,TRAIN,SINTETICO
USR000183,2025-07,5558.65,5331.84,95.92,94.22,1.73,35.33,49.89,3,8,0.0,0.65,8.0,EM_RISCO,0.9342,renda_muito_comprometida|endividamento_muito_alto|poupanca_insuficiente|sem_reserva_adequada|gastos_nao_essenciais_altos,nenhum_relevante,SCORE_SINTETICO_V1,TRAIN,SINTETICO
USR000184,2025-07,7234.01,5283.14,73.03,7.57,20.13,59.81,22.53,3,8,0.0,12.43,100.0,SAUDAVEL,0.89,renda_comprometida,baixo_endividamento|boa_taxa_poupanca|reserva_robusta,SCORE_SINTETICO_V1,TRAIN,SINTETICO
USR000185,2025-07,4280.52,3638.1,84.99,30.9,7.5,31.89,30.5,2,8,0.0,2.86,60.0,EM_OBSERVACAO,0.7437,renda_comprometida|endividamento_moderado|baixa_taxa_poupanca|reserva_baixa|gastos_nao_essenciais_em_atencao,nenhum_relevante,SCORE_SINTETICO_V1,TRAIN,SINTETICO
USR000186,2025-07,3721.42,2489.11,66.89,28.86,13.31,20.06,21.51,2,8,0.0,37.72,96.0,SAUDAVEL,0.8898,endividamento_moderado,despesas_controladas|poupanca_regular|reserva_robusta,SCORE_SINTETICO_V1,TRAIN,SINTETICO
USR000187,2025-07,10651.71,6929.95,65.06,10.93,12.54,61.61,0.0,4,8,0.0,12.61,100.0,SAUDAVEL,0.9765,nenhum_relevante,despesas_controladas|baixo_endividamento|poupanca_regular|reserva_robusta,SCORE_SINTETICO_V1,TRAIN,SINTETICO
USR000188,2025-07,2844.86,1506.35,52.95,4.92,17.89,20.58,51.94,4,8,0.0,27.09,100.0,SAUDAVEL,0.9072,gastos_nao_essenciais_altos,despesas_controladas|baixo_endividamento|boa_taxa_poupanca|reserva_robusta,SCORE_SINTETICO_V1,TRAIN,SINTETICO
USR000189,2025-07,7610.51,4153.22,54.57,16.05,11.78,15.29,0.0,4,12,0.0,20.01,100.0,SAUDAVEL,0.9535,nenhum_relevante,despesas_controladas|baixo_endividamento|poupanca_regular|reserva_robusta,SCORE_SINTETICO_V1,TRAIN,SINTETICO
USR000190,2025-07,3965.48,2597.12,65.49,34.83,9.79,43.83,23.08,3,8,0.0,5.38,91.0,SAUDAVEL,0.8272,endividamento_moderado,despesas_controladas|poupanca_regular|reserva_adequada,SCORE_SINTETICO_V1,TRAIN,SINTETICO
USR000191,2025-07,4645.29,2774.32,59.72,11.82,20.91,56.65,25.91,5,13,0.0,8.19,100.0,SAUDAVEL,0.9078,gastos_nao_essenciais_em_atencao,despesas_controladas|baixo_endividamento|boa_taxa_poupanca|reserva_robusta,SCORE_SINTETICO_V1,TRAIN,SINTETICO
USR000192,2025-07,5442.82,5311.48,97.59,52.69,1.99,40.89,12.86,2,8,0.0,0.33,28.0,EM_RISCO,0.857,renda_muito_comprometida|endividamento_alto|poupanca_insuficiente|sem_reserva_adequada,nenhum_relevante,SCORE_SINTETICO_V1,TRAIN,SINTETICO
USR000193,2025-07,5407.09,3678.91,68.04,9.25,15.58,58.76,24.97,2,5,0.0,12.32,100.0,SAUDAVEL,0.9433,nenhum_relevante,despesas_controladas|baixo_endividamento|boa_taxa_poupanca|reserva_robusta,SCORE_SINTETICO_V1,TRAIN,SINTETICO
USR000194,2025-07,6183.66,7709.42,124.67,64.15,2.73,24.32,23.24,3,11,0.0,0.64,5.0,EM_RISCO,0.9518,despesas_acima_da_renda|endividamento_muito_alto|poupanca_insuficiente|sem_reserva_adequada,nenhum_relevante,SCORE_SINTETICO_V1,VALIDATION,SINTETICO
USR000195,2025-07,16482.05,14604.12,88.61,39.46,7.76,53.34,22.52,2,5,0.0,3.96,61.0,EM_OBSERVACAO,0.7572,renda_muito_comprometida|endividamento_moderado|baixa_taxa_poupanca,reserva_adequada,SCORE_SINTETICO_V1,VALIDATION,SINTETICO
USR000196,2025-07,7983.29,9517.97,119.22,83.58,3.04,61.52,8.46,1,6,0.0,0.54,12.0,EM_RISCO,0.9457,despesas_acima_da_renda|endividamento_muito_alto|baixa_taxa_poupanca|sem_reserva_adequada,nenhum_relevante,SCORE_SINTETICO_V1,VALIDATION,SINTETICO
USR000197,2025-07,2400.27,2485.59,103.55,67.08,1.15,22.8,74.77,7,12,0.0,0.54,0.0,EM_RISCO,0.8834,despesas_acima_da_renda|endividamento_muito_alto|poupanca_insuficiente|sem_reserva_adequada|gastos_nao_essenciais_altos,nenhum_relevante,SCORE_SINTETICO_V1,TEST,SINTETICO
USR000198,2025-07,2429.6,2393.97,98.53,51.37,2.33,60.73,39.27,5,7,0.0,0.0,18.0,EM_RISCO,0.9563,renda_muito_comprometida|endividamento_alto|poupanca_insuficiente|sem_reserva_adequada|gastos_nao_essenciais_altos,nenhum_relevante,SCORE_SINTETICO_V1,TEST,SINTETICO
USR000199,2025-07,8433.06,10004.47,118.63,64.6,2.11,62.27,19.93,3,5,0.0,0.54,5.0,EM_RISCO,0.9193,despesas_acima_da_renda|endividamento_muito_alto|poupanca_insuficiente|sem_reserva_adequada,nenhum_relevante,SCORE_SINTETICO_V1,TEST,SINTETICO
USR000200,2025-07,4444.28,2774.52,62.43,0.0,14.44,70.25,4.55,3,5,0.0,7.51,100.0,SAUDAVEL,0.9161,nenhum_relevante,despesas_controladas|baixo_endividamento|poupanca_regular|reserva_robusta,SCORE_SINTETICO_V1,TRAIN,SINTETICO
USR000201,2025-07,6149.15,6004.29,97.64,57.21,0.88,79.49,20.51,3,4,0.0,0.38,28.0,EM_RISCO,0.8952,renda_muito_comprometida|endividamento_alto|poupanca_insuficiente|sem_reserva_adequada,nenhum_relevante,SCORE_SINTETICO_V1,TRAIN,SINTETICO
USR000202,2025-07,2803.95,2134.97,76.14,3.59,20.33,20.25,47.55,5,14,0.0,18.71,90.0,SAUDAVEL,0.8256,renda_comprometida|gastos_nao_essenciais_altos,baixo_endividamento|boa_taxa_poupanca|reserva_robusta,SCORE_SINTETICO_V1,TRAIN,SINTETICO
USR000203,2025-07,4008.03,3251.07,81.11,17.09,10.78,19.17,36.28,4,13,0.0,2.22,72.0,EM_OBSERVACAO,0.6547,renda_comprometida|reserva_baixa|gastos_nao_essenciais_altos,baixo_endividamento|poupanca_regular,SCORE_SINTETICO_V1,TRAIN,SINTETICO
USR000204,2025-07,4140.15,3593.88,86.81,33.12,10.25,26.52,42.55,3,6,0.0,11.07,64.0,EM_OBSERVACAO,0.7759,renda_muito_comprometida|endividamento_moderado|gastos_nao_essenciais_altos,poupanca_regular|reserva_robusta,SCORE_SINTETICO_V1,TRAIN,SINTETICO
USR000205,2025-07,22607.47,20923.96,92.55,50.45,0.03,36.41,61.88,5,11,0.0,0.74,18.0,EM_RISCO,0.9799,renda_muito_comprometida|endividamento_alto|poupanca_insuficiente|sem_reserva_adequada|gastos_nao_essenciais_altos,nenhum_relevante,SCORE_SINTETICO_V1,TRAIN,SINTETICO
USR000206,2025-07,2807.23,2074.26,73.89,26.32,6.48,60.0,24.3,6,9,0.0,2.09,65.0,EM_OBSERVACAO,0.7196,renda_comprometida|endividamento_moderado|baixa_taxa_poupanca|reserva_baixa,nenhum_relevante,SCORE_SINTETICO_V1,TRAIN,SINTETICO
USR000207,2025-07,11292.1,7487.98,66.31,19.86,21.05,55.55,44.45,4,7,0.0,11.77,100.0,SAUDAVEL,0.9543,gastos_nao_essenciais_altos,despesas_controladas|baixo_endividamento|boa_taxa_poupanca|reserva_robusta,SCORE_SINTETICO_V1,TRAIN,SINTETICO
USR000208,2025-07,4865.73,3906.5,80.29,27.43,4.34,40.26,55.16,2,4,0.0,0.8,48.0,EM_RISCO,0.6308,renda_comprometida|endividamento_moderado|baixa_taxa_poupanca|sem_reserva_adequada|gastos_nao_essenciais_altos,nenhum_relevante,SCORE_SINTETICO_V1,TRAIN,SINTETICO
USR000209,2025-07,11494.25,12519.62,108.92,86.82,2.86,51.86,48.14,5,7,0.0,0.02,0.0,EM_RISCO,0.9054,despesas_acima_da_renda|endividamento_muito_alto|poupanca_insuficiente|sem_reserva_adequada|gastos_nao_essenciais_altos,nenhum_relevante,SCORE_SINTETICO_V1,TRAIN,SINTETICO
USR000210,2025-07,4138.3,3371.92,81.48,29.89,3.93,15.41,79.22,3,10,0.0,2.25,55.0,EM_OBSERVACAO,0.6909,renda_comprometida|endividamento_moderado|baixa_taxa_poupanca|reserva_baixa|gastos_nao_essenciais_altos,nenhum_relevante,SCORE_SINTETICO_V1,TRAIN,SINTETICO
USR000211,2025-07,7434.14,8254.88,111.04,58.82,0.93,64.14,31.02,3,9,0.0,0.67,10.0,EM_RISCO,0.8897,despesas_acima_da_renda|endividamento_alto|poupanca_insuficiente|sem_reserva_adequada|gastos_nao_essenciais_em_atencao,nenhum_relevante,SCORE_SINTETICO_V1,TRAIN,SINTETICO
USR000212,2025-07,4904.36,3746.78,76.4,47.49,7.3,70.02,22.19,6,9,0.0,2.48,54.0,EM_OBSERVACAO,0.6409,renda_comprometida|endividamento_alto|baixa_taxa_poupanca|reserva_baixa,nenhum_relevante,SCORE_SINTETICO_V1,TRAIN,SINTETICO
USR000213,2025-07,6728.81,4783.81,71.09,0.44,21.31,27.49,55.01,2,7,0.0,9.22,90.0,SAUDAVEL,0.8041,renda_comprometida|gastos_nao_essenciais_altos,baixo_endividamento|boa_taxa_poupanca|reserva_robusta,SCORE_SINTETICO_V1,TRAIN,SINTETICO
USR000214,2025-07,9469.35,6878.66,72.64,43.87,10.09,64.68,0.0,3,4,0.0,5.2,70.0,EM_OBSERVACAO,0.6474,renda_comprometida|endividamento_alto,poupanca_regular|reserva_adequada,SCORE_SINTETICO_V1,VALIDATION,SINTETICO
USR000215,2025-07,5464.32,6521.99,119.36,77.89,0.75,17.67,40.4,4,8,0.0,0.2,0.0,EM_RISCO,0.8963,despesas_acima_da_renda|endividamento_muito_alto|poupanca_insuficiente|sem_reserva_adequada|gastos_nao_essenciais_altos,nenhum_relevante,SCORE_SINTETICO_V1,VALIDATION,SINTETICO
USR000216,2025-07,2567.78,1586.54,61.79,20.91,18.66,64.64,35.36,4,8,0.0,18.01,91.0,SAUDAVEL,0.8111,endividamento_moderado|gastos_nao_essenciais_altos,despesas_controladas|boa_taxa_poupanca|reserva_robusta,SCORE_SINTETICO_V1,VALIDATION,SINTETICO
USR000217,2025-07,3163.41,2148.8,67.93,8.89,12.16,16.87,76.63,2,7,0.0,33.4,95.0,SAUDAVEL,0.8883,gastos_nao_essenciais_altos,despesas_controladas|baixo_endividamento|poupanca_regular|reserva_robusta,SCORE_SINTETICO_V1,TEST,SINTETICO
USR000218,2025-07,5321.75,6229.16,117.05,55.6,1.14,53.58,14.54,5,10,0.0,0.25,15.0,EM_RISCO,0.9394,despesas_acima_da_renda|endividamento_alto|poupanca_insuficiente|sem_reserva_adequada,nenhum_relevante,SCORE_SINTETICO_V1,TEST,SINTETICO
USR000219,2025-07,5926.15,3696.27,62.37,13.69,18.78,71.57,23.05,5,10,0.0,4.57,100.0,SAUDAVEL,0.9195,nenhum_relevante,despesas_controladas|baixo_endividamento|boa_taxa_poupanca|reserva_adequada,SCORE_SINTETICO_V1,TEST,SINTETICO
USR000220,2025-07,6852.76,5512.66,80.44,34.23,10.28,50.5,40.34,2,4,0.0,2.41,63.0,EM_OBSERVACAO,0.7494,renda_comprometida|endividamento_moderado|reserva_baixa|gastos_nao_essenciais_altos,poupanca_regular,SCORE_SINTETICO_V1,TRAIN,SINTETICO
USR000221,2025-07,2004.47,1238.6,61.79,21.33,5.93,8.02,91.98,1,4,0.0,2.81,65.0,EM_OBSERVACAO,0.7216,endividamento_moderado|baixa_taxa_poupanca|reserva_baixa|gastos_nao_essenciais_altos,despesas_controladas,SCORE_SINTETICO_V1,TRAIN,SINTETICO
USR000222,2025-07,5273.74,4700.42,89.13,21.38,6.75,58.28,2.51,6,8,0.0,1.19,53.0,EM_OBSERVACAO,0.6325,renda_muito_comprometida|endividamento_moderado|baixa_taxa_poupanca|reserva_baixa,nenhum_relevante,SCORE_SINTETICO_V1,TRAIN,SINTETICO
USR000223,2025-07,3913.61,3776.54,96.5,22.11,6.04,39.56,0.0,3,6,0.0,2.24,53.0,EM_OBSERVACAO,0.618,renda_muito_comprometida|endividamento_moderado|baixa_taxa_poupanca|reserva_baixa,nenhum_relevante,SCORE_SINTETICO_V1,TRAIN,SINTETICO
USR000224,2025-07,5135.09,4101.11,79.86,0.54,10.25,45.4,40.66,4,8,0.0,4.91,80.0,SAUDAVEL,0.5639,renda_comprometida|gastos_nao_essenciais_altos,baixo_endividamento|poupanca_regular|reserva_adequada,SCORE_SINTETICO_V1,TRAIN,SINTETICO
USR000225,2025-07,7402.46,7469.75,100.91,18.47,9.56,87.51,8.41,5,7,0.0,1.76,57.0,EM_OBSERVACAO,0.6836,despesas_acima_da_renda|reserva_baixa,baixo_endividamento|poupanca_regular,SCORE_SINTETICO_V1,TRAIN,SINTETICO
USR000226,2025-07,11222.12,11406.92,101.65,34.65,0.46,31.06,56.91,3,7,0.0,1.9,23.0,EM_RISCO,0.9457,despesas_acima_da_renda|endividamento_moderado|poupanca_insuficiente|reserva_baixa|gastos_nao_essenciais_altos,nenhum_relevante,SCORE_SINTETICO_V1,TRAIN,SINTETICO
USR000227,2025-07,12893.83,13774.71,106.83,65.89,1.42,61.19,38.81,5,10,0.0,0.05,0.0,EM_RISCO,0.9569,despesas_acima_da_renda|endividamento_muito_alto|poupanca_insuficiente|sem_reserva_adequada|gastos_nao_essenciais_altos,nenhum_relevante,SCORE_SINTETICO_V1,TRAIN,SINTETICO
USR000228,2025-07,3037.03,2087.26,68.73,17.62,15.92,45.26,27.23,1,7,0.0,18.61,100.0,SAUDAVEL,0.98,gastos_nao_essenciais_em_atencao,despesas_controladas|baixo_endividamento|boa_taxa_poupanca|reserva_robusta,SCORE_SINTETICO_V1,TRAIN,SINTETICO
USR000229,2025-07,6510.66,3865.58,59.37,21.39,19.56,78.42,2.81,4,6,0.0,12.2,100.0,SAUDAVEL,0.9188,endividamento_moderado,despesas_controladas|boa_taxa_poupanca|reserva_robusta,SCORE_SINTETICO_V1,TRAIN,SINTETICO
USR000230,2025-07,4915.74,3453.23,70.25,21.24,15.45,64.86,2.39,3,5,0.0,8.86,91.0,SAUDAVEL,0.7933,renda_comprometida|endividamento_moderado,boa_taxa_poupanca|reserva_robusta,SCORE_SINTETICO_V1,TRAIN,SINTETICO
USR000231,2025-07,3732.15,3878.49,103.92,70.09,3.45,54.91,0.0,6,8,0.0,0.04,12.0,EM_RISCO,0.9179,despesas_acima_da_renda|endividamento_muito_alto|baixa_taxa_poupanca|sem_reserva_adequada,nenhum_relevante,SCORE_SINTETICO_V1,TRAIN,SINTETICO
USR000232,2025-07,2436.12,2172.82,89.19,32.91,9.0,36.89,58.25,4,10,0.0,6.52,64.0,EM_OBSERVACAO,0.7279,renda_muito_comprometida|endividamento_moderado|gastos_nao_essenciais_altos,poupanca_regular|reserva_robusta,SCORE_SINTETICO_V1,TRAIN,SINTETICO
USR000233,2025-07,5476.78,5340.15,97.51,19.5,3.84,53.25,30.91,2,6,0.0,1.35,57.0,EM_OBSERVACAO,0.6631,renda_muito_comprometida|baixa_taxa_poupanca|reserva_baixa|gastos_nao_essenciais_em_atencao,baixo_endividamento,SCORE_SINTETICO_V1,TRAIN,SINTETICO
USR000234,2025-07,10697.8,8211.94,76.76,37.11,3.74,58.56,41.44,3,4,0.0,3.11,63.0,EM_OBSERVACAO,0.718,renda_comprometida|endividamento_moderado|baixa_taxa_poupanca|gastos_nao_essenciais_altos,reserva_adequada,SCORE_SINTETICO_V1,VALIDATION,SINTETICO
USR000235,2025-07,2128.45,1467.21,68.93,19.9,3.62,35.69,26.44,4,9,0.0,6.57,92.0,SAUDAVEL,0.8314,baixa_taxa_poupanca|gastos_nao_essenciais_em_atencao,despesas_controladas|baixo_endividamento|reserva_robusta,SCORE_SINTETICO_V1,VALIDATION,SINTETICO
USR000236,2025-07,4199.47,5020.51,119.55,43.05,1.76,12.87,87.13,1,4,0.0,3.34,20.0,EM_RISCO,0.9492,despesas_acima_da_renda|endividamento_alto|poupanca_insuficiente|gastos_nao_essenciais_altos,reserva_adequada,SCORE_SINTETICO_V1,VALIDATION,SINTETICO
USR000237,2025-07,5812.01,5502.31,94.67,73.57,2.71,20.78,63.9,6,12,0.0,0.83,8.0,EM_RISCO,0.9133,renda_muito_comprometida|endividamento_muito_alto|poupanca_insuficiente|sem_reserva_adequada|gastos_nao_essenciais_altos,nenhum_relevante,SCORE_SINTETICO_V1,TEST,SINTETICO
USR000238,2025-07,7794.67,5209.91,66.84,0.35,19.06,7.92,75.46,0,6,0.0,9.82,100.0,SAUDAVEL,0.9281,gastos_nao_essenciais_altos,despesas_controladas|baixo_endividamento|boa_taxa_poupanca|reserva_robusta,SCORE_SINTETICO_V1,TEST,SINTETICO
USR000239,2025-07,7842.66,8120.43,103.54,33.39,8.79,29.67,18.03,5,8,0.0,0.52,41.0,EM_RISCO,0.6609,despesas_acima_da_renda|endividamento_moderado|sem_reserva_adequada,poupanca_regular,SCORE_SINTETICO_V1,TEST,SINTETICO
USR000240,2025-07,6304.29,5169.08,81.99,43.77,9.53,39.26,29.03,3,8,0.0,3.51,65.0,EM_OBSERVACAO,0.7093,renda_comprometida|endividamento_alto|gastos_nao_essenciais_em_atencao,poupanca_regular|reserva_adequada,SCORE_SINTETICO_V1,TRAIN,SINTETICO
USR000241,2025-07,3112.53,2237.8,71.9,16.17,8.63,18.47,41.83,2,6,0.0,5.46,80.0,SAUDAVEL,0.6754,renda_comprometida|gastos_nao_essenciais_altos,baixo_endividamento|poupanca_regular|reserva_adequada,SCORE_SINTETICO_V1,TRAIN,SINTETICO
USR000242,2025-07,11900.15,13443.23,112.97,46.74,2.55,87.41,0.0,1,5,0.0,0.82,15.0,EM_RISCO,0.9216,despesas_acima_da_renda|endividamento_alto|poupanca_insuficiente|sem_reserva_adequada,nenhum_relevante,SCORE_SINTETICO_V1,TRAIN,SINTETICO
USR000243,2025-07,1397.08,1352.23,96.79,30.02,6.58,30.0,0.0,3,7,0.0,3.69,61.0,EM_OBSERVACAO,0.7644,renda_muito_comprometida|endividamento_moderado|baixa_taxa_poupanca,reserva_adequada,SCORE_SINTETICO_V1,TRAIN,SINTETICO
USR000244,2025-07,4023.96,3630.52,90.22,31.92,10.51,41.69,0.0,2,4,0.0,4.2,69.0,EM_OBSERVACAO,0.6649,renda_muito_comprometida|endividamento_moderado,poupanca_regular|reserva_adequada,SCORE_SINTETICO_V1,TRAIN,SINTETICO
USR000245,2025-07,1546.55,1368.45,88.48,33.54,3.47,47.79,24.22,1,5,0.0,3.31,61.0,EM_OBSERVACAO,0.738,renda_muito_comprometida|endividamento_moderado|baixa_taxa_poupanca,reserva_adequada,SCORE_SINTETICO_V1,TRAIN,SINTETICO
USR000246,2025-07,7866.81,5020.11,63.81,2.61,14.03,62.7,7.25,3,7,0.0,6.12,100.0,SAUDAVEL,0.9406,nenhum_relevante,despesas_controladas|baixo_endividamento|poupanca_regular|reserva_robusta,SCORE_SINTETICO_V1,TRAIN,SINTETICO
USR000247,2025-07,4706.07,4469.52,94.97,24.53,5.13,73.87,25.63,6,8,0.0,1.93,48.0,EM_RISCO,0.6273,renda_muito_comprometida|endividamento_moderado|baixa_taxa_poupanca|reserva_baixa|gastos_nao_essenciais_em_atencao,nenhum_relevante,SCORE_SINTETICO_V1,TRAIN,SINTETICO
USR000248,2025-07,6592.45,4822.18,73.15,26.77,16.43,54.69,34.73,1,4,0.0,9.59,86.0,SAUDAVEL,0.6946,renda_comprometida|endividamento_moderado|gastos_nao_essenciais_em_atencao,boa_taxa_poupanca|reserva_robusta,SCORE_SINTETICO_V1,TRAIN,SINTETICO
USR000249,2025-07,3067.72,2073.99,67.61,18.38,13.95,43.99,31.24,2,8,0.0,16.11,100.0,SAUDAVEL,0.98,gastos_nao_essenciais_em_atencao,despesas_controladas|baixo_endividamento|poupanca_regular|reserva_robusta,SCORE_SINTETICO_V1,TRAIN,SINTETICO
USR000250,2025-07,5969.78,4147.22,69.47,16.7,14.67,60.49,11.84,3,7,0.0,13.68,100.0,SAUDAVEL,0.923,nenhum_relevante,despesas_controladas|baixo_endividamento|poupanca_regular|reserva_robusta,SCORE_SINTETICO_V1,TRAIN,SINTETICO
USR000251,2025-07,4447.21,5027.21,113.04,37.42,2.6,63.87,0.0,2,4,0.0,0.36,26.0,EM_RISCO,0.8882,despesas_acima_da_renda|endividamento_moderado|poupanca_insuficiente|sem_reserva_adequada,nenhum_relevante,SCORE_SINTETICO_V1,TRAIN,SINTETICO
USR000252,2025-07,2977.69,1655.64,55.6,5.73,21.04,91.23,8.15,6,10,0.0,14.68,100.0,SAUDAVEL,0.9374,nenhum_relevante,despesas_controladas|baixo_endividamento|boa_taxa_poupanca|reserva_robusta,SCORE_SINTETICO_V1,TRAIN,SINTETICO
USR000253,2025-07,7183.07,4932.6,68.67,7.48,13.53,74.39,5.07,3,6,0.0,10.22,100.0,SAUDAVEL,0.947,nenhum_relevante,despesas_controladas|baixo_endividamento|poupanca_regular|reserva_robusta,SCORE_SINTETICO_V1,TRAIN,SINTETICO
USR000254,2025-07,3354.45,2434.48,72.57,0.0,11.49,45.65,51.02,1,4,0.0,11.44,85.0,SAUDAVEL,0.6904,renda_comprometida|gastos_nao_essenciais_altos,baixo_endividamento|poupanca_regular|reserva_robusta,SCORE_SINTETICO_V1,VALIDATION,SINTETICO
USR000255,2025-07,3268.83,2282.26,69.82,25.38,7.84,57.87,0.0,1,4,0.0,3.23,83.0,SAUDAVEL,0.6769,endividamento_moderado|baixa_taxa_poupanca,despesas_controladas|reserva_adequada,SCORE_SINTETICO_V1,VALIDATION,SINTETICO
USR000256,2025-07,3711.56,2731.8,73.6,38.34,4.59,29.64,67.98,5,9,0.0,4.42,63.0,EM_OBSERVACAO,0.7592,renda_comprometida|endividamento_moderado|baixa_taxa_poupanca|gastos_nao_essenciais_altos,reserva_adequada,SCORE_SINTETICO_V1,VALIDATION,SINTETICO
USR000257,2025-07,5440.78,4851.32,89.17,48.96,4.62,37.02,57.63,1,4,0.0,2.55,32.0,EM_RISCO,0.8368,renda_muito_comprometida|endividamento_alto|baixa_taxa_poupanca|reserva_baixa|gastos_nao_essenciais_altos,nenhum_relevante,SCORE_SINTETICO_V1,TEST,SINTETICO
USR000258,2025-07,3156.02,1929.57,61.14,15.6,18.86,42.2,5.72,6,9,0.0,11.8,100.0,SAUDAVEL,0.9597,nenhum_relevante,despesas_controladas|baixo_endividamento|boa_taxa_poupanca|reserva_robusta,SCORE_SINTETICO_V1,TEST,SINTETICO
USR000259,2025-07,6396.53,4417.1,69.05,9.65,12.36,8.47,39.85,4,8,0.0,11.22,95.0,SAUDAVEL,0.878,gastos_nao_essenciais_altos,despesas_controladas|baixo_endividamento|poupanca_regular|reserva_robusta,SCORE_SINTETICO_V1,TEST,SINTETICO
USR000260,2025-07,7583.29,7262.27,95.77,25.04,5.25,49.88,6.46,6,10,0.0,0.79,46.0,EM_RISCO,0.6393,renda_muito_comprometida|endividamento_moderado|baixa_taxa_poupanca|sem_reserva_adequada,nenhum_relevante,SCORE_SINTETICO_V1,TRAIN,SINTETICO
USR000261,2025-07,8494.81,6370.03,74.99,26.18,7.92,50.63,22.49,2,4,0.0,5.94,73.0,EM_OBSERVACAO,0.6288,renda_comprometida|endividamento_moderado|baixa_taxa_poupanca,reserva_adequada,SCORE_SINTETICO_V1,TRAIN,SINTETICO
USR000262,2025-07,6507.25,4559.53,70.07,13.1,20.34,66.62,15.4,2,5,0.0,14.48,100.0,SAUDAVEL,0.9301,renda_comprometida,baixo_endividamento|boa_taxa_poupanca|reserva_robusta,SCORE_SINTETICO_V1,TRAIN,SINTETICO
USR000263,2025-07,1321.54,1053.78,79.74,17.98,10.42,51.12,48.02,5,7,0.0,4.2,80.0,SAUDAVEL,0.6567,renda_comprometida|gastos_nao_essenciais_altos,baixo_endividamento|poupanca_regular|reserva_adequada,SCORE_SINTETICO_V1,TRAIN,SINTETICO
USR000264,2025-07,3596.56,3279.01,91.17,40.99,4.99,67.31,10.77,3,4,0.0,4.42,50.0,EM_OBSERVACAO,0.6012,renda_muito_comprometida|endividamento_alto|baixa_taxa_poupanca,reserva_adequada,SCORE_SINTETICO_V1,TRAIN,SINTETICO
USR000265,2025-07,8423.62,5622.68,66.75,0.0,19.06,30.89,29.05,3,4,0.0,12.74,100.0,SAUDAVEL,0.9755,gastos_nao_essenciais_em_atencao,despesas_controladas|baixo_endividamento|boa_taxa_poupanca|reserva_robusta,SCORE_SINTETICO_V1,TRAIN,SINTETICO
USR000266,2025-07,9436.65,9291.88,98.47,58.91,0.08,46.18,20.37,4,11,0.0,0.62,28.0,EM_RISCO,0.897,renda_muito_comprometida|endividamento_alto|poupanca_insuficiente|sem_reserva_adequada,nenhum_relevante,SCORE_SINTETICO_V1,TRAIN,SINTETICO
USR000267,2025-07,6383.11,4787.5,75.0,41.88,3.83,36.82,3.68,3,6,0.0,1.8,54.0,EM_OBSERVACAO,0.6428,renda_comprometida|endividamento_alto|baixa_taxa_poupanca|reserva_baixa,nenhum_relevante,SCORE_SINTETICO_V1,TRAIN,SINTETICO
USR000268,2025-07,5645.13,4703.51,83.32,47.17,10.2,70.07,29.93,2,4,0.0,1.75,57.0,EM_OBSERVACAO,0.6977,renda_comprometida|endividamento_alto|reserva_baixa|gastos_nao_essenciais_em_atencao,poupanca_regular,SCORE_SINTETICO_V1,TRAIN,SINTETICO
USR000269,2025-07,3528.44,1894.17,53.68,21.43,19.95,16.76,62.7,3,6,0.0,27.65,91.0,SAUDAVEL,0.8291,endividamento_moderado|gastos_nao_essenciais_altos,despesas_controladas|boa_taxa_poupanca|reserva_robusta,SCORE_SINTETICO_V1,TRAIN,SINTETICO
USR000270,2025-07,4579.12,4146.26,90.55,28.42,8.27,41.56,47.39,5,8,0.0,2.75,51.0,EM_OBSERVACAO,0.5788,renda_muito_comprometida|endividamento_moderado|reserva_baixa|gastos_nao_essenciais_altos,poupanca_regular,SCORE_SINTETICO_V1,TRAIN,SINTETICO
USR000271,2025-07,2170.87,2317.46,106.75,72.85,0.07,98.63,1.37,3,4,0.0,0.46,5.0,EM_RISCO,0.9203,despesas_acima_da_renda|endividamento_muito_alto|poupanca_insuficiente|sem_reserva_adequada,nenhum_relevante,SCORE_SINTETICO_V1,TRAIN,SINTETICO
USR000272,2025-07,4044.86,2624.78,64.89,11.23,10.32,57.61,40.01,4,8,0.0,6.98,95.0,SAUDAVEL,0.8538,gastos_nao_essenciais_altos,despesas_controladas|baixo_endividamento|poupanca_regular|reserva_robusta,SCORE_SINTETICO_V1,TRAIN,SINTETICO
USR000273,2025-07,6252.43,5091.64,81.43,20.49,9.17,44.61,32.03,2,8,0.0,3.76,76.0,SAUDAVEL,0.594,renda_comprometida|endividamento_moderado|gastos_nao_essenciais_em_atencao,poupanca_regular|reserva_adequada,SCORE_SINTETICO_V1,TRAIN,SINTETICO
USR000274,2025-07,6041.73,3534.77,58.51,11.94,14.39,68.27,6.25,1,5,0.0,12.82,100.0,SAUDAVEL,0.9278,nenhum_relevante,despesas_controladas|baixo_endividamento|poupanca_regular|reserva_robusta,SCORE_SINTETICO_V1,VALIDATION,SINTETICO
USR000275,2025-07,5028.0,5159.81,102.62,52.37,5.8,18.15,41.83,2,6,0.0,1.46,19.0,EM_RISCO,0.9292,despesas_acima_da_renda|endividamento_alto|baixa_taxa_poupanca|reserva_baixa|gastos_nao_essenciais_altos,nenhum_relevante,SCORE_SINTETICO_V1,VALIDATION,SINTETICO
USR000276,2025-07,5740.06,5013.59,87.34,43.62,0.39,64.0,31.01,2,10,0.0,0.49,23.0,EM_RISCO,0.8913,renda_muito_comprometida|endividamento_alto|poupanca_insuficiente|sem_reserva_adequada|gastos_nao_essenciais_em_atencao,nenhum_relevante,SCORE_SINTETICO_V1,VALIDATION,SINTETICO
USR000277,2025-07,3757.32,1848.77,49.2,9.46,18.81,33.33,43.46,1,7,0.0,10.9,100.0,SAUDAVEL,0.9298,gastos_nao_essenciais_altos,despesas_controladas|baixo_endividamento|boa_taxa_poupanca|reserva_robusta,SCORE_SINTETICO_V1,TEST,SINTETICO
USR000278,2025-07,3632.56,3942.56,108.53,68.42,1.02,8.05,3.01,2,9,0.0,0.88,5.0,EM_RISCO,0.9598,despesas_acima_da_renda|endividamento_muito_alto|poupanca_insuficiente|sem_reserva_adequada,nenhum_relevante,SCORE_SINTETICO_V1,TEST,SINTETICO
USR000279,2025-07,4850.23,4322.28,89.11,41.13,3.69,25.91,41.25,2,8,0.0,9.59,45.0,EM_RISCO,0.6261,renda_muito_comprometida|endividamento_alto|baixa_taxa_poupanca|gastos_nao_essenciais_altos,reserva_robusta,SCORE_SINTETICO_V1,TEST,SINTETICO
USR000280,2025-07,2970.46,1686.58,56.78,20.8,11.81,48.5,11.05,3,7,0.0,8.64,96.0,SAUDAVEL,0.8805,endividamento_moderado,despesas_controladas|poupanca_regular|reserva_robusta,SCORE_SINTETICO_V1,TRAIN,SINTETICO
USR000281,2025-07,7464.44,6753.95,90.48,82.48,0.05,65.65,0.25,4,7,0.0,0.63,18.0,EM_RISCO,0.9746,renda_muito_comprometida|endividamento_muito_alto|poupanca_insuficiente|sem_reserva_adequada,nenhum_relevante,SCORE_SINTETICO_V1,TRAIN,SINTETICO
USR000282,2025-07,7130.8,3889.95,54.55,4.46,20.91,38.22,40.8,3,11,0.0,7.55,100.0,SAUDAVEL,0.9519,gastos_nao_essenciais_altos,despesas_controladas|baixo_endividamento|boa_taxa_poupanca|reserva_robusta,SCORE_SINTETICO_V1,TRAIN,SINTETICO
USR000283,2025-07,12511.79,10630.98,84.97,37.11,1.1,20.21,0.0,2,4,0.0,0.42,51.0,EM_OBSERVACAO,0.5972,renda_comprometida|endividamento_moderado|poupanca_insuficiente|sem_reserva_adequada,nenhum_relevante,SCORE_SINTETICO_V1,TRAIN,SINTETICO
USR000284,2025-07,7980.95,6138.91,76.92,24.32,6.28,20.76,67.22,1,5,0.0,1.15,55.0,EM_OBSERVACAO,0.641,renda_comprometida|endividamento_moderado|baixa_taxa_poupanca|reserva_baixa|gastos_nao_essenciais_altos,nenhum_relevante,SCORE_SINTETICO_V1,TRAIN,SINTETICO
USR000285,2025-07,8337.92,4543.65,54.49,1.37,20.36,49.52,41.13,6,11,0.0,9.94,100.0,SAUDAVEL,0.8997,gastos_nao_essenciais_altos,despesas_controladas|baixo_endividamento|boa_taxa_poupanca|reserva_robusta,SCORE_SINTETICO_V1,TRAIN,SINTETICO
USR000286,2025-07,4912.44,2891.9,58.87,12.24,16.93,63.83,10.78,2,4,0.0,16.8,100.0,SAUDAVEL,0.9447,nenhum_relevante,despesas_controladas|baixo_endividamento|boa_taxa_poupanca|reserva_robusta,SCORE_SINTETICO_V1,TRAIN,SINTETICO
USR000287,2025-07,2101.6,1821.95,86.69,12.19,3.27,57.51,31.33,4,9,0.0,1.51,57.0,EM_OBSERVACAO,0.6557,renda_muito_comprometida|baixa_taxa_poupanca|reserva_baixa|gastos_nao_essenciais_em_atencao,baixo_endividamento,SCORE_SINTETICO_V1,TRAIN,SINTETICO
USR000288,2025-07,14119.91,10588.07,74.99,26.84,7.4,57.99,12.7,2,8,0.0,2.6,65.0,EM_OBSERVACAO,0.726,renda_comprometida|endividamento_moderado|baixa_taxa_poupanca|reserva_baixa,nenhum_relevante,SCORE_SINTETICO_V1,TRAIN,SINTETICO
USR000289,2025-07,9921.9,9643.89,97.2,40.75,10.5,56.84,18.7,2,6,0.0,1.47,50.0,EM_OBSERVACAO,0.5542,renda_muito_comprometida|endividamento_alto|reserva_baixa,poupanca_regular,SCORE_SINTETICO_V1,TRAIN,SINTETICO
USR000290,2025-07,6962.86,7725.17,110.95,44.87,2.61,27.27,57.95,4,13,0.0,0.92,5.0,EM_RISCO,0.926,despesas_acima_da_renda|endividamento_alto|poupanca_insuficiente|sem_reserva_adequada|gastos_nao_essenciais_altos,nenhum_relevante,SCORE_SINTETICO_V1,TRAIN,SINTETICO
USR000291,2025-07,6555.05,3961.15,60.43,7.94,21.67,61.15,9.58,2,8,0.0,14.55,100.0,SAUDAVEL,0.9411,nenhum_relevante,despesas_controladas|baixo_endividamento|boa_taxa_poupanca|reserva_robusta,SCORE_SINTETICO_V1,TRAIN,SINTETICO
USR000292,2025-07,4382.64,2771.58,63.24,6.05,16.89,68.66,6.21,3,8,0.0,7.42,100.0,SAUDAVEL,0.931,nenhum_relevante,despesas_controladas|baixo_endividamento|boa_taxa_poupanca|reserva_robusta,SCORE_SINTETICO_V1,TRAIN,SINTETICO
USR000293,2025-07,3432.86,1751.99,51.04,18.53,10.5,47.65,0.0,2,5,0.0,8.16,100.0,SAUDAVEL,0.9431,nenhum_relevante,despesas_controladas|baixo_endividamento|poupanca_regular|reserva_robusta,SCORE_SINTETICO_V1,TRAIN,SINTETICO
USR000294,2025-07,2598.84,2119.94,81.57,42.2,4.79,45.04,49.57,4,10,0.0,1.57,44.0,EM_RISCO,0.6706,renda_comprometida|endividamento_alto|baixa_taxa_poupanca|reserva_baixa|gastos_nao_essenciais_altos,nenhum_relevante,SCORE_SINTETICO_V1,VALIDATION,SINTETICO
USR000295,2025-07,5784.43,3485.57,60.26,1.67,11.1,25.71,56.41,3,10,0.0,17.72,95.0,SAUDAVEL,0.8476,gastos_nao_essenciais_altos,despesas_controladas|baixo_endividamento|poupanca_regular|reserva_robusta,SCORE_SINTETICO_V1,VALIDATION,SINTETICO
USR000296,2025-07,4949.22,4675.66,94.47,51.23,9.4,46.55,51.07,4,7,0.0,1.81,40.0,EM_RISCO,0.7555,renda_muito_comprometida|endividamento_alto|reserva_baixa|gastos_nao_essenciais_altos,poupanca_regular,SCORE_SINTETICO_V1,VALIDATION,SINTETICO
USR000297,2025-07,15674.22,10649.3,67.94,11.96,11.89,12.41,87.59,0,4,0.0,13.78,95.0,SAUDAVEL,0.8537,gastos_nao_essenciais_altos,despesas_controladas|baixo_endividamento|poupanca_regular|reserva_robusta,SCORE_SINTETICO_V1,TEST,SINTETICO
USR000298,2025-07,7837.31,6205.16,79.17,17.63,9.32,66.26,26.59,4,8,0.0,1.58,77.0,SAUDAVEL,0.5657,renda_comprometida|reserva_baixa|gastos_nao_essenciais_em_atencao,baixo_endividamento|poupanca_regular,SCORE_SINTETICO_V1,TEST,SINTETICO
USR000299,2025-07,9720.75,9199.61,94.64,26.04,3.08,15.76,0.0,2,4,0.0,2.16,53.0,EM_OBSERVACAO,0.638,renda_muito_comprometida|endividamento_moderado|baixa_taxa_poupanca|reserva_baixa,nenhum_relevante,SCORE_SINTETICO_V1,TEST,SINTETICO
USR000300,2025-07,4259.52,3332.87,78.25,34.69,5.05,54.79,9.28,3,6,0.0,3.57,73.0,EM_OBSERVACAO,0.5756,renda_comprometida|endividamento_moderado|baixa_taxa_poupanca,reserva_adequada,SCORE_SINTETICO_V1,TRAIN,SINTETICO
USR000301,2025-07,2536.02,1874.17,73.9,7.1,14.95,45.29,24.94,3,8,0.0,5.8,90.0,SAUDAVEL,0.8023,renda_comprometida,baixo_endividamento|poupanca_regular|reserva_adequada,SCORE_SINTETICO_V1,TRAIN,SINTETICO
USR000302,2025-07,8674.28,9267.23,106.84,79.58,3.43,81.11,14.52,3,8,0.0,0.3,12.0,EM_RISCO,0.9467,despesas_acima_da_renda|endividamento_muito_alto|baixa_taxa_poupanca|sem_reserva_adequada,nenhum_relevante,SCORE_SINTETICO_V1,TRAIN,SINTETICO
USR000303,2025-07,4229.21,3671.41,86.81,60.59,0.63,47.43,18.67,4,7,0.0,0.4,18.0,EM_RISCO,0.9644,renda_muito_comprometida|endividamento_muito_alto|poupanca_insuficiente|sem_reserva_adequada,nenhum_relevante,SCORE_SINTETICO_V1,TRAIN,SINTETICO
USR000304,2025-07,4716.11,4023.27,85.31,42.73,0.67,31.97,45.3,6,11,0.0,0.39,18.0,EM_RISCO,0.98,renda_muito_comprometida|endividamento_alto|poupanca_insuficiente|sem_reserva_adequada|gastos_nao_essenciais_altos,nenhum_relevante,SCORE_SINTETICO_V1,TRAIN,SINTETICO
USR000305,2025-07,1643.88,1420.96,86.44,24.34,8.99,30.59,0.0,3,6,0.0,4.55,69.0,EM_OBSERVACAO,0.6874,renda_muito_comprometida|endividamento_moderado,poupanca_regular|reserva_adequada,SCORE_SINTETICO_V1,TRAIN,SINTETICO
USR000306,2025-07,11475.53,9130.97,79.57,35.56,10.36,51.21,0.0,4,7,0.0,2.18,73.0,EM_OBSERVACAO,0.5977,renda_comprometida|endividamento_moderado|reserva_baixa,poupanca_regular,SCORE_SINTETICO_V1,TRAIN,SINTETICO
USR000307,2025-07,5672.91,6041.21,106.49,70.09,0.48,49.89,50.11,1,4,0.0,0.33,0.0,EM_RISCO,0.9297,despesas_acima_da_renda|endividamento_muito_alto|poupanca_insuficiente|sem_reserva_adequada|gastos_nao_essenciais_altos,nenhum_relevante,SCORE_SINTETICO_V1,TRAIN,SINTETICO
USR000308,2025-07,2272.78,1213.45,53.39,21.01,19.45,37.36,62.64,3,4,0.0,6.25,91.0,SAUDAVEL,0.8167,endividamento_moderado|gastos_nao_essenciais_altos,despesas_controladas|boa_taxa_poupanca|reserva_robusta,SCORE_SINTETICO_V1,TRAIN,SINTETICO
USR000309,2025-07,6621.36,6341.46,95.77,48.49,4.68,74.61,25.39,3,4,0.0,0.5,30.0,EM_RISCO,0.8036,renda_muito_comprometida|endividamento_alto|baixa_taxa_poupanca|sem_reserva_adequada|gastos_nao_essenciais_em_atencao,nenhum_relevante,SCORE_SINTETICO_V1,TRAIN,SINTETICO
USR000310,2025-07,5551.27,6150.23,110.79,72.73,0.42,63.46,26.5,4,11,0.0,0.75,0.0,EM_RISCO,0.9763,despesas_acima_da_renda|endividamento_muito_alto|poupanca_insuficiente|sem_reserva_adequada|gastos_nao_essenciais_em_atencao,nenhum_relevante,SCORE_SINTETICO_V1,TRAIN,SINTETICO
USR000311,2025-07,5678.92,5355.31,94.3,19.12,8.73,38.02,0.0,3,4,0.0,2.95,70.0,EM_OBSERVACAO,0.6707,renda_muito_comprometida|reserva_baixa,baixo_endividamento|poupanca_regular,SCORE_SINTETICO_V1,TRAIN,SINTETICO
USR000312,2025-07,3427.83,2746.29,80.12,31.17,4.79,22.54,21.85,2,7,0.0,2.57,65.0,EM_OBSERVACAO,0.7287,renda_comprometida|endividamento_moderado|baixa_taxa_poupanca|reserva_baixa,nenhum_relevante,SCORE_SINTETICO_V1,TRAIN,SINTETICO
USR000313,2025-07,9560.89,6493.36,67.92,1.2,14.29,38.09,29.9,6,12,0.0,11.34,100.0,SAUDAVEL,0.9396,gastos_nao_essenciais_em_atencao,despesas_controladas|baixo_endividamento|poupanca_regular|reserva_robusta,SCORE_SINTETICO_V1,TRAIN,SINTETICO
USR000314,2025-07,6814.48,4984.55,73.15,17.4,14.08,19.31,25.37,4,6,0.0,7.83,90.0,SAUDAVEL,0.7967,renda_comprometida|gastos_nao_essenciais_em_atencao,baixo_endividamento|poupanca_regular|reserva_robusta,SCORE_SINTETICO_V1,VALIDATION,SINTETICO
USR000315,2025-07,5088.64,3172.17,62.34,1.54,12.74,66.54,13.51,3,4,0.0,10.58,100.0,SAUDAVEL,0.9228,nenhum_relevante,despesas_controladas|baixo_endividamento|poupanca_regular|reserva_robusta,SCORE_SINTETICO_V1,VALIDATION,SINTETICO
USR000316,2025-07,7858.64,5838.85,74.3,25.01,17.08,45.45,6.61,2,5,0.0,6.09,91.0,SAUDAVEL,0.8363,renda_comprometida|endividamento_moderado,boa_taxa_poupanca|reserva_robusta,SCORE_SINTETICO_V1,VALIDATION,SINTETICO
USR000317,2025-07,2767.64,2466.5,89.12,40.18,6.49,43.82,8.45,3,6,0.0,2.95,42.0,EM_RISCO,0.7382,renda_muito_comprometida|endividamento_alto|baixa_taxa_poupanca|reserva_baixa,nenhum_relevante,SCORE_SINTETICO_V1,TEST,SINTETICO
USR000318,2025-07,2973.82,2132.85,71.72,5.82,18.07,39.43,53.51,4,6,0.0,12.74,90.0,SAUDAVEL,0.7803,renda_comprometida|gastos_nao_essenciais_altos,baixo_endividamento|boa_taxa_poupanca|reserva_robusta,SCORE_SINTETICO_V1,TEST,SINTETICO
USR000319,2025-07,4912.26,4634.66,94.35,40.61,6.76,90.01,9.99,3,4,0.0,3.72,50.0,EM_OBSERVACAO,0.5895,renda_muito_comprometida|endividamento_alto|baixa_taxa_poupanca,reserva_adequada,SCORE_SINTETICO_V1,TEST,SINTETICO
USR000320,2025-07,2612.53,1764.15,67.53,18.43,16.93,22.34,41.67,1,8,0.0,7.56,100.0,SAUDAVEL,0.9195,gastos_nao_essenciais_altos,despesas_controladas|baixo_endividamento|boa_taxa_poupanca|reserva_robusta,SCORE_SINTETICO_V1,TRAIN,SINTETICO
USR000321,2025-07,2294.61,1354.9,59.05,12.66,18.85,69.2,30.8,3,4,0.0,14.62,100.0,SAUDAVEL,0.9239,gastos_nao_essenciais_em_atencao,despesas_controladas|baixo_endividamento|boa_taxa_poupanca|reserva_robusta,SCORE_SINTETICO_V1,TRAIN,SINTETICO
USR000322,2025-07,2718.61,2581.54,94.96,67.88,2.94,48.19,31.78,5,9,0.0,0.2,13.0,EM_RISCO,0.9223,renda_muito_comprometida|endividamento_muito_alto|poupanca_insuficiente|sem_reserva_adequada|gastos_nao_essenciais_em_atencao,nenhum_relevante,SCORE_SINTETICO_V1,TRAIN,SINTETICO
USR000323,2025-07,2270.24,1563.96,68.89,3.04,15.43,73.54,9.61,4,7,0.0,7.68,100.0,SAUDAVEL,0.98,nenhum_relevante,despesas_controladas|baixo_endividamento|boa_taxa_poupanca|reserva_robusta,SCORE_SINTETICO_V1,TRAIN,SINTETICO
USR000324,2025-07,3924.08,2822.0,71.91,16.14,19.3,17.18,22.58,2,12,0.0,7.61,100.0,SAUDAVEL,0.9675,renda_comprometida,baixo_endividamento|boa_taxa_poupanca|reserva_robusta,SCORE_SINTETICO_V1,TRAIN,SINTETICO
USR000325,2025-07,4832.75,5375.98,111.24,53.02,0.94,52.96,1.01,3,7,0.0,0.05,15.0,EM_RISCO,0.9102,despesas_acima_da_renda|endividamento_alto|poupanca_insuficiente|sem_reserva_adequada,nenhum_relevante,SCORE_SINTETICO_V1,TRAIN,SINTETICO
USR000326,2025-07,5997.34,4195.0,69.95,36.12,3.33,57.06,19.73,3,10,0.0,5.16,83.0,SAUDAVEL,0.6885,endividamento_moderado|baixa_taxa_poupanca,despesas_controladas|reserva_adequada,SCORE_SINTETICO_V1,TRAIN,SINTETICO
USR000327,2025-07,2062.77,1982.38,96.1,41.43,5.86,89.23,10.77,3,4,0.0,2.73,42.0,EM_RISCO,0.7313,renda_muito_comprometida|endividamento_alto|baixa_taxa_poupanca|reserva_baixa,nenhum_relevante,SCORE_SINTETICO_V1,TRAIN,SINTETICO
USR000328,2025-07,8724.83,4690.25,53.76,19.15,13.09,85.16,14.84,4,5,0.0,17.38,100.0,SAUDAVEL,0.9338,nenhum_relevante,despesas_controladas|baixo_endividamento|poupanca_regular|reserva_robusta,SCORE_SINTETICO_V1,TRAIN,SINTETICO
USR000329,2025-07,4874.5,4284.06,87.89,43.77,4.2,78.65,21.35,5,7,0.0,4.34,50.0,EM_OBSERVACAO,0.5959,renda_muito_comprometida|endividamento_alto|baixa_taxa_poupanca,reserva_adequada,SCORE_SINTETICO_V1,TRAIN,SINTETICO
USR000330,2025-07,3385.86,2558.67,75.57,33.29,10.04,53.32,0.0,2,4,0.0,1.44,73.0,EM_OBSERVACAO,0.6119,renda_comprometida|endividamento_moderado|reserva_baixa,poupanca_regular,SCORE_SINTETICO_V1,TRAIN,SINTETICO
USR000331,2025-07,4460.8,2632.27,59.01,12.64,16.93,49.01,0.0,2,6,0.0,7.17,100.0,SAUDAVEL,0.9659,nenhum_relevante,despesas_controladas|baixo_endividamento|boa_taxa_poupanca|reserva_robusta,SCORE_SINTETICO_V1,TRAIN,SINTETICO
USR000332,2025-07,7154.16,4433.53,61.97,0.78,18.62,44.06,37.87,2,6,0.0,9.16,100.0,SAUDAVEL,0.9121,gastos_nao_essenciais_altos,despesas_controladas|baixo_endividamento|boa_taxa_poupanca|reserva_robusta,SCORE_SINTETICO_V1,TRAIN,SINTETICO
USR000333,2025-07,2943.54,1876.64,63.75,24.45,16.12,36.47,63.53,1,4,0.0,20.22,91.0,SAUDAVEL,0.8089,endividamento_moderado|gastos_nao_essenciais_altos,despesas_controladas|boa_taxa_poupanca|reserva_robusta,SCORE_SINTETICO_V1,TRAIN,SINTETICO
USR000334,2025-07,7085.0,5401.75,76.24,16.64,16.27,28.1,43.8,3,10,0.0,9.61,90.0,SAUDAVEL,0.8252,renda_comprometida|gastos_nao_essenciais_altos,baixo_endividamento|boa_taxa_poupanca|reserva_robusta,SCORE_SINTETICO_V1,VALIDATION,SINTETICO
USR000335,2025-07,4405.73,2315.24,52.55,22.81,19.62,33.43,34.9,2,6,0.0,25.84,96.0,SAUDAVEL,0.8669,endividamento_moderado|gastos_nao_essenciais_em_atencao,despesas_controladas|boa_taxa_poupanca|reserva_robusta,SCORE_SINTETICO_V1,VALIDATION,SINTETICO
USR000336,2025-07,4909.4,3295.95,67.14,20.96,10.04,39.42,25.06,4,8,0.0,6.57,91.0,SAUDAVEL,0.8038,endividamento_moderado|gastos_nao_essenciais_em_atencao,despesas_controladas|poupanca_regular|reserva_robusta,SCORE_SINTETICO_V1,VALIDATION,SINTETICO
USR000337,2025-07,2658.19,3146.72,118.38,46.06,0.64,55.75,44.25,4,7,0.0,0.19,5.0,EM_RISCO,0.9063,despesas_acima_da_renda|endividamento_alto|poupanca_insuficiente|sem_reserva_adequada|gastos_nao_essenciais_altos,nenhum_relevante,SCORE_SINTETICO_V1,TEST,SINTETICO
USR000338,2025-07,6997.33,7083.89,101.24,46.9,9.82,72.78,18.76,2,4,0.0,3.67,45.0,EM_RISCO,0.6621,despesas_acima_da_renda|endividamento_alto,poupanca_regular|reserva_adequada,SCORE_SINTETICO_V1,TEST,SINTETICO
USR000339,2025-07,6402.75,5826.52,91.0,42.13,0.29,75.01,2.53,5,9,0.0,1.44,35.0,EM_RISCO,0.7846,renda_muito_comprometida|endividamento_alto|poupanca_insuficiente|reserva_baixa,nenhum_relevante,SCORE_SINTETICO_V1,TEST,SINTETICO
USR000340,2025-07,2151.67,1617.59,75.18,6.78,11.48,25.34,47.01,1,6,0.0,7.42,85.0,SAUDAVEL,0.7098,renda_comprometida|gastos_nao_essenciais_altos,baixo_endividamento|poupanca_regular|reserva_robusta,SCORE_SINTETICO_V1,TRAIN,SINTETICO
USR000341,2025-07,6822.75,5265.36,77.17,1.93,18.53,71.27,0.0,2,6,0.0,6.8,100.0,SAUDAVEL,0.98,renda_comprometida,baixo_endividamento|boa_taxa_poupanca|reserva_robusta,SCORE_SINTETICO_V1,TRAIN,SINTETICO
USR000342,2025-07,5112.0,2593.31,50.73,6.46,13.31,38.82,42.89,3,6,0.0,11.56,95.0,SAUDAVEL,0.9188,gastos_nao_essenciais_altos,despesas_controladas|baixo_endividamento|poupanca_regular|reserva_robusta,SCORE_SINTETICO_V1,TRAIN,SINTETICO
USR000343,2025-07,5408.63,3909.7,72.29,18.42,14.73,10.29,44.66,4,10,0.0,8.24,85.0,SAUDAVEL,0.7229,renda_comprometida|gastos_nao_essenciais_altos,baixo_endividamento|poupanca_regular|reserva_robusta,SCORE_SINTETICO_V1,TRAIN,SINTETICO
USR000344,2025-07,4921.11,2745.78,55.8,30.3,14.53,26.42,51.9,2,7,0.0,18.86,86.0,SAUDAVEL,0.8076,endividamento_moderado|gastos_nao_essenciais_altos,despesas_controladas|poupanca_regular|reserva_robusta,SCORE_SINTETICO_V1,TRAIN,SINTETICO
USR000345,2025-07,5364.06,5372.82,100.16,38.91,8.04,59.48,24.57,3,7,0.0,2.17,48.0,EM_RISCO,0.6268,despesas_acima_da_renda|endividamento_moderado|reserva_baixa,poupanca_regular,SCORE_SINTETICO_V1,TRAIN,SINTETICO
USR000346,2025-07,5064.47,4678.98,92.39,48.95,8.52,56.2,2.28,5,9,0.0,5.76,58.0,EM_OBSERVACAO,0.6567,renda_muito_comprometida|endividamento_alto,poupanca_regular|reserva_adequada,SCORE_SINTETICO_V1,TRAIN,SINTETICO
USR000347,2025-07,11259.39,7806.38,69.33,43.78,5.65,73.05,10.12,5,12,0.0,1.73,64.0,EM_OBSERVACAO,0.726,endividamento_alto|baixa_taxa_poupanca|reserva_baixa,despesas_controladas,SCORE_SINTETICO_V1,TRAIN,SINTETICO
USR000348,2025-07,3059.15,1504.65,49.19,7.22,15.72,15.65,52.96,2,6,0.0,15.87,100.0,SAUDAVEL,0.9306,gastos_nao_essenciais_altos,despesas_controladas|baixo_endividamento|boa_taxa_poupanca|reserva_robusta,SCORE_SINTETICO_V1,TRAIN,SINTETICO
USR000349,2025-07,9124.27,10457.82,114.62,42.59,2.1,19.69,74.86,4,11,0.0,2.39,12.0,EM_RISCO,0.962,despesas_acima_da_renda|endividamento_alto|poupanca_insuficiente|reserva_baixa|gastos_nao_essenciais_altos,nenhum_relevante,SCORE_SINTETICO_V1,TRAIN,SINTETICO
USR000350,2025-07,2285.95,1731.09,75.73,50.58,10.41,39.79,19.6,4,6,0.0,2.04,62.0,EM_OBSERVACAO,0.7606,renda_comprometida|endividamento_alto|reserva_baixa,poupanca_regular,SCORE_SINTETICO_V1,TRAIN,SINTETICO
USR000351,2025-07,3163.86,2667.39,84.31,49.27,3.22,22.86,32.47,2,5,0.0,5.56,57.0,EM_OBSERVACAO,0.7082,renda_comprometida|endividamento_alto|baixa_taxa_poupanca|gastos_nao_essenciais_em_atencao,reserva_adequada,SCORE_SINTETICO_V1,TRAIN,SINTETICO
USR000352,2025-07,8139.44,7773.98,95.51,11.65,7.9,75.63,17.12,2,5,0.0,2.83,62.0,EM_OBSERVACAO,0.7929,renda_muito_comprometida|baixa_taxa_poupanca|reserva_baixa,baixo_endividamento,SCORE_SINTETICO_V1,TRAIN,SINTETICO
USR000353,2025-07,4998.67,3683.61,73.69,33.98,13.65,69.9,0.0,2,4,0.0,5.3,81.0,SAUDAVEL,0.6328,renda_comprometida|endividamento_moderado,poupanca_regular|reserva_adequada,SCORE_SINTETICO_V1,TRAIN,SINTETICO
USR000354,2025-07,8591.53,7771.72,90.46,45.56,8.86,66.88,18.75,5,9,0.0,2.2,50.0,EM_OBSERVACAO,0.55,renda_muito_comprometida|endividamento_alto|reserva_baixa,poupanca_regular,SCORE_SINTETICO_V1,VALIDATION,SINTETICO
USR000355,2025-07,3619.36,2465.82,68.13,22.65,6.81,28.61,30.37,3,9,0.0,4.47,78.0,SAUDAVEL,0.5908,endividamento_moderado|baixa_taxa_poupanca|gastos_nao_essenciais_em_atencao,despesas_controladas|reserva_adequada,SCORE_SINTETICO_V1,VALIDATION,SINTETICO
USR000356,2025-07,3652.97,3526.91,96.55,23.36,8.84,39.35,26.76,2,8,0.0,3.12,64.0,EM_OBSERVACAO,0.7699,renda_muito_comprometida|endividamento_moderado|gastos_nao_essenciais_em_atencao,poupanca_regular|reserva_adequada,SCORE_SINTETICO_V1,VALIDATION,SINTETICO
USR000357,2025-07,6493.6,5465.05,84.16,42.94,6.38,31.57,14.81,3,11,0.0,2.41,54.0,EM_OBSERVACAO,0.6645,renda_comprometida|endividamento_alto|baixa_taxa_poupanca|reserva_baixa,nenhum_relevante,SCORE_SINTETICO_V1,TEST,SINTETICO
USR000358,2025-07,4075.13,3442.02,84.46,45.15,0.46,66.37,24.64,5,9,0.0,0.0,40.0,EM_RISCO,0.6973,renda_comprometida|endividamento_alto|poupanca_insuficiente|sem_reserva_adequada,nenhum_relevante,SCORE_SINTETICO_V1,TEST,SINTETICO
USR000359,2025-07,5733.25,5570.15,97.16,54.54,1.7,71.18,18.38,3,7,0.0,0.46,28.0,EM_RISCO,0.9215,renda_muito_comprometida|endividamento_alto|poupanca_insuficiente|sem_reserva_adequada,nenhum_relevante,SCORE_SINTETICO_V1,TEST,SINTETICO
USR000360,2025-07,5622.63,3484.5,61.97,7.69,12.43,80.85,19.15,6,7,0.0,13.5,100.0,SAUDAVEL,0.8936,nenhum_relevante,despesas_controladas|baixo_endividamento|poupanca_regular|reserva_robusta,SCORE_SINTETICO_V1,TRAIN,SINTETICO
USR000361,2025-07,10319.67,7708.9,74.7,37.24,6.38,34.21,48.37,4,12,0.0,6.48,68.0,EM_OBSERVACAO,0.6943,renda_comprometida|endividamento_moderado|baixa_taxa_poupanca|gastos_nao_essenciais_altos,reserva_robusta,SCORE_SINTETICO_V1,TRAIN,SINTETICO
USR000362,2025-07,5767.89,4430.92,76.82,40.69,7.2,48.26,8.75,1,5,0.0,2.6,54.0,EM_OBSERVACAO,0.6179,renda_comprometida|endividamento_alto|baixa_taxa_poupanca|reserva_baixa,nenhum_relevante,SCORE_SINTETICO_V1,TRAIN,SINTETICO
USR000363,2025-07,1607.76,1482.83,92.23,37.38,9.24,86.66,8.54,6,8,0.0,3.77,69.0,EM_OBSERVACAO,0.6281,renda_muito_comprometida|endividamento_moderado,poupanca_regular|reserva_adequada,SCORE_SINTETICO_V1,TRAIN,SINTETICO
USR000364,2025-07,11503.32,10193.77,88.62,81.52,2.64,73.78,6.35,7,13,0.0,1.11,25.0,EM_RISCO,0.948,renda_muito_comprometida|endividamento_muito_alto|poupanca_insuficiente|reserva_baixa,nenhum_relevante,SCORE_SINTETICO_V1,TRAIN,SINTETICO
USR000365,2025-07,10904.03,10030.13,91.99,24.53,5.88,59.03,25.01,3,8,0.0,2.38,48.0,EM_RISCO,0.5835,renda_muito_comprometida|endividamento_moderado|baixa_taxa_poupanca|reserva_baixa|gastos_nao_essenciais_em_atencao,nenhum_relevante,SCORE_SINTETICO_V1,TRAIN,SINTETICO
USR000366,2025-07,2831.82,2183.47,77.1,18.98,19.22,51.06,3.37,3,7,0.0,10.18,100.0,SAUDAVEL,0.9565,renda_comprometida,baixo_endividamento|boa_taxa_poupanca|reserva_robusta,SCORE_SINTETICO_V1,TRAIN,SINTETICO
USR000367,2025-07,9787.56,7724.24,78.92,24.75,10.54,19.81,34.86,2,9,0.0,7.59,81.0,SAUDAVEL,0.6298,renda_comprometida|endividamento_moderado|gastos_nao_essenciais_em_atencao,poupanca_regular|reserva_robusta,SCORE_SINTETICO_V1,TRAIN,SINTETICO
USR000368,2025-07,3415.35,1975.53,57.84,14.28,20.95,24.95,21.94,3,7,0.0,19.99,100.0,SAUDAVEL,0.8948,nenhum_relevante,despesas_controladas|baixo_endividamento|boa_taxa_poupanca|reserva_robusta,SCORE_SINTETICO_V1,TRAIN,SINTETICO
USR000369,2025-07,6318.21,4746.4,75.12,36.24,4.54,60.36,1.23,7,12,0.0,3.61,73.0,EM_OBSERVACAO,0.6141,renda_comprometida|endividamento_moderado|baixa_taxa_poupanca,reserva_adequada,SCORE_SINTETICO_V1,TRAIN,SINTETICO
USR000370,2025-07,6649.94,5876.58,88.37,51.23,5.85,40.73,48.45,3,7,0.0,2.98,32.0,EM_RISCO,0.8516,renda_muito_comprometida|endividamento_alto|baixa_taxa_poupanca|reserva_baixa|gastos_nao_essenciais_altos,nenhum_relevante,SCORE_SINTETICO_V1,TRAIN,SINTETICO
USR000371,2025-07,6204.27,5507.87,88.78,67.28,0.73,63.63,5.43,2,6,0.0,0.4,18.0,EM_RISCO,0.9538,renda_muito_comprometida|endividamento_muito_alto|poupanca_insuficiente|sem_reserva_adequada,nenhum_relevante,SCORE_SINTETICO_V1,TRAIN,SINTETICO
USR000372,2025-07,2756.66,2491.78,90.39,19.65,6.15,72.76,7.87,3,7,0.0,1.01,62.0,EM_OBSERVACAO,0.786,renda_muito_comprometida|baixa_taxa_poupanca|reserva_baixa,baixo_endividamento,SCORE_SINTETICO_V1,TRAIN,SINTETICO
USR000373,2025-07,7527.86,6641.61,88.23,49.75,0.32,51.66,40.23,2,4,0.0,0.61,18.0,EM_RISCO,0.9617,renda_muito_comprometida|endividamento_alto|poupanca_insuficiente|sem_reserva_adequada|gastos_nao_essenciais_altos,nenhum_relevante,SCORE_SINTETICO_V1,TRAIN,SINTETICO
USR000374,2025-07,8504.03,5779.07,67.96,22.88,15.01,14.97,57.18,2,5,0.0,11.59,91.0,SAUDAVEL,0.8136,endividamento_moderado|gastos_nao_essenciais_altos,despesas_controladas|boa_taxa_poupanca|reserva_robusta,SCORE_SINTETICO_V1,VALIDATION,SINTETICO
USR000375,2025-07,3782.41,2380.23,62.93,25.48,15.27,66.69,12.45,5,11,0.0,7.14,100.0,SAUDAVEL,0.9369,endividamento_moderado,despesas_controladas|boa_taxa_poupanca|reserva_robusta,SCORE_SINTETICO_V1,VALIDATION,SINTETICO
USR000376,2025-07,3763.62,2158.73,57.36,14.45,16.53,91.47,0.0,2,4,0.0,13.14,100.0,SAUDAVEL,0.8912,nenhum_relevante,despesas_controladas|baixo_endividamento|boa_taxa_poupanca|reserva_robusta,SCORE_SINTETICO_V1,VALIDATION,SINTETICO
USR000377,2025-07,3264.1,2385.66,73.09,19.19,13.73,67.49,30.38,6,9,0.0,10.91,90.0,SAUDAVEL,0.7756,renda_comprometida|gastos_nao_essenciais_em_atencao,baixo_endividamento|poupanca_regular|reserva_robusta,SCORE_SINTETICO_V1,TEST,SINTETICO
USR000378,2025-07,5231.35,3774.8,72.16,16.75,16.39,42.33,4.01,4,8,0.0,14.28,100.0,SAUDAVEL,0.9248,renda_comprometida,baixo_endividamento|boa_taxa_poupanca|reserva_robusta,SCORE_SINTETICO_V1,TEST,SINTETICO
USR000379,2025-07,7843.84,5937.0,75.69,29.99,5.76,63.46,7.34,4,9,0.0,1.13,65.0,EM_OBSERVACAO,0.6734,renda_comprometida|endividamento_moderado|baixa_taxa_poupanca|reserva_baixa,nenhum_relevante,SCORE_SINTETICO_V1,TEST,SINTETICO
USR000380,2025-07,3551.88,2802.07,78.89,25.55,10.49,68.44,31.56,3,5,0.0,0.73,61.0,EM_OBSERVACAO,0.7663,renda_comprometida|endividamento_moderado|sem_reserva_adequada|gastos_nao_essenciais_em_atencao,poupanca_regular,SCORE_SINTETICO_V1,TRAIN,SINTETICO
USR000381,2025-07,9513.54,9724.68,102.22,63.78,3.36,43.17,27.92,4,12,0.0,0.49,7.0,EM_RISCO,0.9104,despesas_acima_da_renda|endividamento_muito_alto|baixa_taxa_poupanca|sem_reserva_adequada|gastos_nao_essenciais_em_atencao,nenhum_relevante,SCORE_SINTETICO_V1,TRAIN,SINTETICO
USR000382,2025-07,5993.23,5543.8,92.5,45.92,10.94,14.7,71.49,7,10,0.0,2.77,40.0,EM_RISCO,0.7265,renda_muito_comprometida|endividamento_alto|reserva_baixa|gastos_nao_essenciais_altos,poupanca_regular,SCORE_SINTETICO_V1,TRAIN,SINTETICO
USR000383,2025-07,7808.04,6458.74,82.72,39.86,4.59,67.63,27.93,4,8,0.0,1.84,60.0,EM_OBSERVACAO,0.7292,renda_comprometida|endividamento_moderado|baixa_taxa_poupanca|reserva_baixa|gastos_nao_essenciais_em_atencao,nenhum_relevante,SCORE_SINTETICO_V1,TRAIN,SINTETICO
USR000384,2025-07,2728.45,2948.88,108.08,46.58,1.05,90.29,7.81,3,8,0.0,0.63,15.0,EM_RISCO,0.9301,despesas_acima_da_renda|endividamento_alto|poupanca_insuficiente|sem_reserva_adequada,nenhum_relevante,SCORE_SINTETICO_V1,TRAIN,SINTETICO
USR000385,2025-07,7542.94,3990.94,52.91,18.23,21.93,24.38,3.47,6,12,0.0,10.57,100.0,SAUDAVEL,0.9538,nenhum_relevante,despesas_controladas|baixo_endividamento|boa_taxa_poupanca|reserva_robusta,SCORE_SINTETICO_V1,TRAIN,SINTETICO
USR000386,2025-07,3903.8,4044.97,103.62,47.36,4.46,39.19,22.9,2,6,0.0,0.7,22.0,EM_RISCO,0.9048,despesas_acima_da_renda|endividamento_alto|baixa_taxa_poupanca|sem_reserva_adequada,nenhum_relevante,SCORE_SINTETICO_V1,TRAIN,SINTETICO
USR000387,2025-07,5505.7,3270.61,59.4,13.28,11.23,63.47,7.78,5,9,0.0,5.27,100.0,SAUDAVEL,0.9616,nenhum_relevante,despesas_controladas|baixo_endividamento|poupanca_regular|reserva_adequada,SCORE_SINTETICO_V1,TRAIN,SINTETICO
USR000388,2025-07,4745.25,6167.64,129.98,73.65,1.45,76.82,12.6,5,10,0.0,0.54,5.0,EM_RISCO,0.9327,despesas_acima_da_renda|endividamento_muito_alto|poupanca_insuficiente|sem_reserva_adequada,nenhum_relevante,SCORE_SINTETICO_V1,TRAIN,SINTETICO
USR000389,2025-07,5135.95,4466.73,86.97,32.12,9.05,26.8,60.92,2,8,0.0,4.48,59.0,EM_OBSERVACAO,0.6934,renda_muito_comprometida|endividamento_moderado|gastos_nao_essenciais_altos,poupanca_regular|reserva_adequada,SCORE_SINTETICO_V1,TRAIN,SINTETICO
USR000390,2025-07,2264.68,2101.33,92.79,48.94,6.34,24.6,8.6,4,9,0.0,7.96,55.0,EM_OBSERVACAO,0.6189,renda_muito_comprometida|endividamento_alto|baixa_taxa_poupanca,reserva_robusta,SCORE_SINTETICO_V1,TRAIN,SINTETICO
USR000391,2025-07,7300.61,7256.17,99.39,37.42,3.79,57.31,21.82,3,10,0.0,1.34,53.0,EM_OBSERVACAO,0.6053,renda_muito_comprometida|endividamento_moderado|baixa_taxa_poupanca|reserva_baixa,nenhum_relevante,SCORE_SINTETICO_V1,TRAIN,SINTETICO
USR000392,2025-07,4043.86,2833.34,70.07,2.07,10.47,65.28,34.72,3,4,0.0,6.38,90.0,SAUDAVEL,0.8146,renda_comprometida|gastos_nao_essenciais_em_atencao,baixo_endividamento|poupanca_regular|reserva_robusta,SCORE_SINTETICO_V1,TRAIN,SINTETICO
USR000393,2025-07,4692.45,4042.76,86.15,35.7,3.23,49.55,29.36,3,10,0.0,5.29,56.0,EM_OBSERVACAO,0.6662,renda_muito_comprometida|endividamento_moderado|baixa_taxa_poupanca|gastos_nao_essenciais_em_atencao,reserva_adequada,SCORE_SINTETICO_V1,TRAIN,SINTETICO
USR000394,2025-07,5361.18,4334.58,80.85,24.91,9.81,59.7,23.3,3,7,0.0,4.03,81.0,SAUDAVEL,0.6476,renda_comprometida|endividamento_moderado,poupanca_regular|reserva_adequada,SCORE_SINTETICO_V1,VALIDATION,SINTETICO
USR000395,2025-07,5942.37,4425.46,74.47,20.04,18.77,59.96,30.2,5,9,0.0,10.72,86.0,SAUDAVEL,0.7353,renda_comprometida|endividamento_moderado|gastos_nao_essenciais_em_atencao,boa_taxa_poupanca|reserva_robusta,SCORE_SINTETICO_V1,VALIDATION,SINTETICO
USR000396,2025-07,2999.35,2327.01,77.58,41.63,9.36,41.83,22.48,3,7,0.0,4.83,70.0,EM_OBSERVACAO,0.6232,renda_comprometida|endividamento_alto,poupanca_regular|reserva_adequada,SCORE_SINTETICO_V1,VALIDATION,SINTETICO
USR000397,2025-07,14284.84,16497.37,115.49,67.16,1.03,31.62,56.53,2,7,0.0,0.12,0.0,EM_RISCO,0.9114,despesas_acima_da_renda|endividamento_muito_alto|poupanca_insuficiente|sem_reserva_adequada|gastos_nao_essenciais_altos,nenhum_relevante,SCORE_SINTETICO_V1,TEST,SINTETICO
USR000398,2025-07,2332.21,2258.51,96.84,58.95,3.01,74.6,18.84,2,5,0.0,0.29,35.0,EM_RISCO,0.7817,renda_muito_comprometida|endividamento_alto|baixa_taxa_poupanca|sem_reserva_adequada,nenhum_relevante,SCORE_SINTETICO_V1,TEST,SINTETICO
USR000399,2025-07,1401.85,1120.48,79.93,10.54,11.3,67.02,6.47,2,5,0.0,11.09,95.0,SAUDAVEL,0.8503,renda_comprometida,baixo_endividamento|poupanca_regular|reserva_robusta,SCORE_SINTETICO_V1,TEST,SINTETICO
USR000400,2025-07,3109.88,2519.01,81.0,32.25,3.77,65.07,34.27,4,9,0.0,1.09,60.0,EM_OBSERVACAO,0.7215,renda_comprometida|endividamento_moderado|baixa_taxa_poupanca|reserva_baixa|gastos_nao_essenciais_em_atencao,nenhum_relevante,SCORE_SINTETICO_V1,TRAIN,SINTETICO
USR000401,2025-07,5559.75,3735.28,67.18,0.82,19.55,31.85,25.29,4,10,0.0,6.69,100.0,SAUDAVEL,0.8898,gastos_nao_essenciais_em_atencao,despesas_controladas|baixo_endividamento|boa_taxa_poupanca|reserva_robusta,SCORE_SINTETICO_V1,TRAIN,SINTETICO
USR000402,2025-07,5011.22,4333.39,86.47,45.61,5.9,42.05,44.76,4,8,0.0,4.5,40.0,EM_RISCO,0.7749,renda_muito_comprometida|endividamento_alto|baixa_taxa_poupanca|gastos_nao_essenciais_altos,reserva_adequada,SCORE_SINTETICO_V1,TRAIN,SINTETICO
USR000403,2025-07,2154.96,2355.54,109.31,42.2,3.39,32.74,59.61,4,7,0.0,0.5,12.0,EM_RISCO,0.9268,despesas_acima_da_renda|endividamento_alto|baixa_taxa_poupanca|sem_reserva_adequada|gastos_nao_essenciais_altos,nenhum_relevante,SCORE_SINTETICO_V1,TRAIN,SINTETICO
USR000404,2025-07,3640.79,3111.94,85.47,43.45,4.23,60.0,8.63,5,11,0.0,2.26,42.0,EM_RISCO,0.6911,renda_muito_comprometida|endividamento_alto|baixa_taxa_poupanca|reserva_baixa,nenhum_relevante,SCORE_SINTETICO_V1,TRAIN,SINTETICO
USR000405,2025-07,7300.0,5283.78,72.38,10.44,13.2,25.49,25.94,4,9,0.0,9.88,90.0,SAUDAVEL,0.8028,renda_comprometida|gastos_nao_essenciais_em_atencao,baixo_endividamento|poupanca_regular|reserva_robusta,SCORE_SINTETICO_V1,TRAIN,SINTETICO
USR000406,2025-07,2117.03,1674.44,79.09,9.07,10.45,29.53,58.17,2,5,0.0,4.69,80.0,SAUDAVEL,0.5966,renda_comprometida|gastos_nao_essenciais_altos,baixo_endividamento|poupanca_regular|reserva_adequada,SCORE_SINTETICO_V1,TRAIN,SINTETICO
USR000407,2025-07,4451.56,4675.09,105.02,42.88,2.15,50.11,21.13,2,4,0.0,0.39,15.0,EM_RISCO,0.9201,despesas_acima_da_renda|endividamento_alto|poupanca_insuficiente|sem_reserva_adequada,nenhum_relevante,SCORE_SINTETICO_V1,TRAIN,SINTETICO
USR000408,2025-07,11250.23,10754.78,95.6,39.43,5.79,18.22,45.54,3,9,0.0,2.96,43.0,EM_RISCO,0.6834,renda_muito_comprometida|endividamento_moderado|baixa_taxa_poupanca|reserva_baixa|gastos_nao_essenciais_altos,nenhum_relevante,SCORE_SINTETICO_V1,TRAIN,SINTETICO
USR000409,2025-07,5411.93,5237.04,96.77,76.8,3.48,57.88,21.42,1,4,0.0,0.28,25.0,EM_RISCO,0.9307,renda_muito_comprometida|endividamento_muito_alto|baixa_taxa_poupanca|sem_reserva_adequada,nenhum_relevante,SCORE_SINTETICO_V1,TRAIN,SINTETICO
USR000410,2025-07,4313.26,2678.97,62.11,2.96,14.02,45.76,54.24,2,4,0.0,13.72,95.0,SAUDAVEL,0.8416,gastos_nao_essenciais_altos,despesas_controladas|baixo_endividamento|poupanca_regular|reserva_robusta,SCORE_SINTETICO_V1,TRAIN,SINTETICO
USR000411,2025-07,5572.72,5465.12,98.07,63.46,1.29,60.44,0.0,2,4,0.0,0.91,18.0,EM_RISCO,0.9441,renda_muito_comprometida|endividamento_muito_alto|poupanca_insuficiente|sem_reserva_adequada,nenhum_relevante,SCORE_SINTETICO_V1,TRAIN,SINTETICO
USR000412,2025-07,3180.24,3203.03,100.72,34.79,4.84,72.59,19.74,5,10,0.0,0.97,33.0,EM_RISCO,0.8238,despesas_acima_da_renda|endividamento_moderado|baixa_taxa_poupanca|sem_reserva_adequada,nenhum_relevante,SCORE_SINTETICO_V1,TRAIN,SINTETICO
USR000413,2025-07,18995.43,13198.98,69.49,0.0,10.96,26.29,42.68,3,7,0.0,9.25,95.0,SAUDAVEL,0.8581,gastos_nao_essenciais_altos,despesas_controladas|baixo_endividamento|poupanca_regular|reserva_robusta,SCORE_SINTETICO_V1,TRAIN,SINTETICO
USR000414,2025-07,6772.42,3384.83,49.98,20.5,20.12,47.35,0.0,2,5,0.0,30.01,100.0,SAUDAVEL,0.9339,endividamento_moderado,despesas_controladas|boa_taxa_poupanca|reserva_robusta,SCORE_SINTETICO_V1,VALIDATION,SINTETICO
USR000415,2025-07,6288.09,6770.92,107.68,80.76,0.17,38.69,38.51,2,9,0.0,0.8,0.0,EM_RISCO,0.9263,despesas_acima_da_renda|endividamento_muito_alto|poupanca_insuficiente|sem_reserva_adequada|gastos_nao_essenciais_altos,nenhum_relevante,SCORE_SINTETICO_V1,VALIDATION,SINTETICO
USR000416,2025-07,5064.36,3692.39,72.91,9.97,21.88,80.66,0.0,1,4,0.0,5.98,95.0,SAUDAVEL,0.8697,renda_comprometida,baixo_endividamento|boa_taxa_poupanca|reserva_adequada,SCORE_SINTETICO_V1,VALIDATION,SINTETICO
USR000417,2025-07,25008.58,15565.65,62.24,9.25,15.72,44.2,32.53,2,10,0.0,8.24,100.0,SAUDAVEL,0.9396,gastos_nao_essenciais_em_atencao,despesas_controladas|baixo_endividamento|boa_taxa_poupanca|reserva_robusta,SCORE_SINTETICO_V1,TEST,SINTETICO
USR000418,2025-07,7136.14,6550.12,91.79,27.94,6.86,29.69,53.87,2,7,0.0,11.17,56.0,EM_OBSERVACAO,0.6568,renda_muito_comprometida|endividamento_moderado|baixa_taxa_poupanca|gastos_nao_essenciais_altos,reserva_robusta,SCORE_SINTETICO_V1,TEST,SINTETICO
USR000419,2025-07,4678.03,2595.64,55.49,8.62,11.4,61.58,16.94,1,4,0.0,20.78,100.0,SAUDAVEL,0.9576,nenhum_relevante,despesas_controladas|baixo_endividamento|poupanca_regular|reserva_robusta,SCORE_SINTETICO_V1,TEST,SINTETICO
USR000420,2025-07,4394.69,4606.19,104.81,34.39,0.12,34.9,21.17,3,8,0.0,0.18,26.0,EM_RISCO,0.9221,despesas_acima_da_renda|endividamento_moderado|poupanca_insuficiente|sem_reserva_adequada,nenhum_relevante,SCORE_SINTETICO_V1,TRAIN,SINTETICO
USR000421,2025-07,11572.33,10599.91,91.6,48.21,6.69,49.03,34.95,5,8,0.0,3.85,45.0,EM_RISCO,0.6665,renda_muito_comprometida|endividamento_alto|baixa_taxa_poupanca|gastos_nao_essenciais_em_atencao,reserva_adequada,SCORE_SINTETICO_V1,TRAIN,SINTETICO
USR000422,2025-07,3408.12,2768.34,81.23,36.42,6.64,47.98,52.02,3,5,0.0,0.65,48.0,EM_RISCO,0.6075,renda_comprometida|endividamento_moderado|baixa_taxa_poupanca|sem_reserva_adequada|gastos_nao_essenciais_altos,nenhum_relevante,SCORE_SINTETICO_V1,TRAIN,SINTETICO
USR000423,2025-07,7247.64,5221.15,72.04,32.84,4.5,76.0,0.0,1,6,0.0,4.25,73.0,EM_OBSERVACAO,0.6511,renda_comprometida|endividamento_moderado|baixa_taxa_poupanca,reserva_adequada,SCORE_SINTETICO_V1,TRAIN,SINTETICO
USR000424,2025-07,14777.11,15698.77,106.24,65.99,1.12,25.11,68.49,1,8,0.0,0.52,0.0,EM_RISCO,0.9578,despesas_acima_da_renda|endividamento_muito_alto|poupanca_insuficiente|sem_reserva_adequada|gastos_nao_essenciais_altos,nenhum_relevante,SCORE_SINTETICO_V1,TRAIN,SINTETICO
USR000425,2025-07,6636.75,6026.54,90.81,29.11,7.13,58.91,0.0,3,5,0.0,2.22,53.0,EM_OBSERVACAO,0.6446,renda_muito_comprometida|endividamento_moderado|baixa_taxa_poupanca|reserva_baixa,nenhum_relevante,SCORE_SINTETICO_V1,TRAIN,SINTETICO
USR000426,2025-07,3906.18,2343.58,60.0,0.0,20.59,37.71,13.12,1,6,0.0,6.12,100.0,SAUDAVEL,0.8918,nenhum_relevante,despesas_controladas|baixo_endividamento|boa_taxa_poupanca|reserva_robusta,SCORE_SINTETICO_V1,TRAIN,SINTETICO
USR000427,2025-07,7925.1,6274.12,79.17,32.91,10.97,26.57,22.76,3,4,0.0,4.62,81.0,SAUDAVEL,0.6528,renda_comprometida|endividamento_moderado,poupanca_regular|reserva_adequada,SCORE_SINTETICO_V1,TRAIN,SINTETICO
USR000428,2025-07,5674.16,6470.97,114.04,89.75,1.34,73.03,16.43,4,8,0.0,0.16,5.0,EM_RISCO,0.9247,despesas_acima_da_renda|endividamento_muito_alto|poupanca_insuficiente|sem_reserva_adequada,nenhum_relevante,SCORE_SINTETICO_V1,TRAIN,SINTETICO
USR000429,2025-07,4386.93,2592.44,59.09,21.59,19.12,42.99,14.35,2,10,0.0,8.66,100.0,SAUDAVEL,0.9069,endividamento_moderado,despesas_controladas|boa_taxa_poupanca|reserva_robusta,SCORE_SINTETICO_V1,TRAIN,SINTETICO
USR000430,2025-07,2443.44,2211.67,90.51,46.67,5.11,73.76,12.18,3,5,0.0,1.08,42.0,EM_RISCO,0.7084,renda_muito_comprometida|endividamento_alto|baixa_taxa_poupanca|reserva_baixa,nenhum_relevante,SCORE_SINTETICO_V1,TRAIN,SINTETICO
USR000431,2025-07,7728.56,6163.48,79.75,6.13,18.7,84.37,9.3,2,7,0.0,7.28,100.0,SAUDAVEL,0.9133,renda_comprometida,baixo_endividamento|boa_taxa_poupanca|reserva_robusta,SCORE_SINTETICO_V1,TRAIN,SINTETICO
USR000432,2025-07,7873.79,9270.88,117.74,58.98,1.21,52.57,47.43,3,4,0.0,0.65,5.0,EM_RISCO,0.9117,despesas_acima_da_renda|endividamento_alto|poupanca_insuficiente|sem_reserva_adequada|gastos_nao_essenciais_altos,nenhum_relevante,SCORE_SINTETICO_V1,TRAIN,SINTETICO
USR000433,2025-07,5670.11,4973.36,87.71,42.55,10.87,52.71,24.13,3,9,0.0,3.43,58.0,EM_OBSERVACAO,0.7133,renda_muito_comprometida|endividamento_alto,poupanca_regular|reserva_adequada,SCORE_SINTETICO_V1,TRAIN,SINTETICO
USR000434,2025-07,3681.78,3324.87,90.31,36.4,1.58,39.23,60.77,2,4,0.0,1.39,36.0,EM_RISCO,0.8016,renda_muito_comprometida|endividamento_moderado|poupanca_insuficiente|reserva_baixa|gastos_nao_essenciais_altos,nenhum_relevante,SCORE_SINTETICO_V1,VALIDATION,SINTETICO
USR000435,2025-07,21603.57,13160.55,60.92,3.12,11.96,11.93,38.23,3,12,0.0,19.97,95.0,SAUDAVEL,0.8624,gastos_nao_essenciais_altos,despesas_controladas|baixo_endividamento|poupanca_regular|reserva_robusta,SCORE_SINTETICO_V1,VALIDATION,SINTETICO
USR000436,2025-07,5388.58,3716.8,68.98,1.33,20.04,28.01,26.31,7,13,0.0,10.53,100.0,SAUDAVEL,0.91,gastos_nao_essenciais_em_atencao,despesas_controladas|baixo_endividamento|boa_taxa_poupanca|reserva_robusta,SCORE_SINTETICO_V1,VALIDATION,SINTETICO
USR000437,2025-07,7754.45,3418.29,44.08,20.69,21.97,50.07,22.33,4,11,0.0,6.29,100.0,SAUDAVEL,0.9489,endividamento_moderado,despesas_controladas|boa_taxa_poupanca|reserva_robusta,SCORE_SINTETICO_V1,TEST,SINTETICO
USR000438,2025-07,1734.97,1129.19,65.08,12.89,17.15,15.99,49.82,5,9,0.0,11.85,100.0,SAUDAVEL,0.9153,gastos_nao_essenciais_altos,despesas_controladas|baixo_endividamento|boa_taxa_poupanca|reserva_robusta,SCORE_SINTETICO_V1,TEST,SINTETICO
USR000439,2025-07,2999.66,2491.64,83.06,29.92,7.9,74.9,10.37,3,7,0.0,2.21,65.0,EM_OBSERVACAO,0.701,renda_comprometida|endividamento_moderado|baixa_taxa_poupanca|reserva_baixa,nenhum_relevante,SCORE_SINTETICO_V1,TEST,SINTETICO
USR000440,2025-07,9093.74,6165.51,67.8,5.72,21.68,61.72,19.38,3,8,0.0,12.8,100.0,SAUDAVEL,0.9341,nenhum_relevante,despesas_controladas|baixo_endividamento|boa_taxa_poupanca|reserva_robusta,SCORE_SINTETICO_V1,TRAIN,SINTETICO
USR000441,2025-07,4685.94,2977.3,63.54,22.43,21.07,54.21,34.74,2,7,0.0,8.36,96.0,SAUDAVEL,0.9107,endividamento_moderado|gastos_nao_essenciais_em_atencao,despesas_controladas|boa_taxa_poupanca|reserva_robusta,SCORE_SINTETICO_V1,TRAIN,SINTETICO
USR000442,2025-07,10231.09,5489.58,53.66,1.52,12.52,11.37,36.5,0,5,0.0,15.31,95.0,SAUDAVEL,0.8552,gastos_nao_essenciais_altos,despesas_controladas|baixo_endividamento|poupanca_regular|reserva_robusta,SCORE_SINTETICO_V1,TRAIN,SINTETICO
USR000443,2025-07,24262.72,20370.62,83.96,35.6,10.46,62.97,24.0,3,7,0.0,2.0,73.0,EM_OBSERVACAO,0.5886,renda_comprometida|endividamento_moderado|reserva_baixa,poupanca_regular,SCORE_SINTETICO_V1,TRAIN,SINTETICO
USR000444,2025-07,2187.7,2289.58,104.66,77.6,0.24,84.19,0.0,2,5,0.0,0.47,5.0,EM_RISCO,0.8949,despesas_acima_da_renda|endividamento_muito_alto|poupanca_insuficiente|sem_reserva_adequada,nenhum_relevante,SCORE_SINTETICO_V1,TRAIN,SINTETICO
USR000445,2025-07,14476.79,12008.72,82.95,40.18,3.05,63.63,31.37,5,8,0.0,1.04,49.0,EM_RISCO,0.6176,renda_comprometida|endividamento_alto|baixa_taxa_poupanca|reserva_baixa|gastos_nao_essenciais_em_atencao,nenhum_relevante,SCORE_SINTETICO_V1,TRAIN,SINTETICO
USR000446,2025-07,9014.29,9138.54,101.38,76.52,1.92,86.05,13.47,6,9,0.0,0.19,5.0,EM_RISCO,0.9624,despesas_acima_da_renda|endividamento_muito_alto|poupanca_insuficiente|sem_reserva_adequada,nenhum_relevante,SCORE_SINTETICO_V1,TRAIN,SINTETICO
USR000447,2025-07,4879.31,4122.65,84.49,38.64,7.23,73.06,7.5,3,7,0.0,3.75,73.0,EM_OBSERVACAO,0.55,renda_comprometida|endividamento_moderado|baixa_taxa_poupanca,reserva_adequada,SCORE_SINTETICO_V1,TRAIN,SINTETICO
USR000448,2025-07,6656.75,4075.33,61.22,18.09,15.25,76.03,23.97,4,5,0.0,13.68,100.0,SAUDAVEL,0.9685,nenhum_relevante,despesas_controladas|baixo_endividamento|boa_taxa_poupanca|reserva_robusta,SCORE_SINTETICO_V1,TRAIN,SINTETICO
USR000449,2025-07,8152.71,5181.61,63.56,48.12,7.93,47.07,52.93,3,6,0.0,1.42,54.0,EM_OBSERVACAO,0.5858,endividamento_alto|baixa_taxa_poupanca|reserva_baixa|gastos_nao_essenciais_altos,despesas_controladas,SCORE_SINTETICO_V1,TRAIN,SINTETICO
USR000450,2025-07,2344.93,2030.97,86.61,49.18,1.84,72.35,21.92,3,6,0.0,0.24,28.0,EM_RISCO,0.8719,renda_muito_comprometida|endividamento_alto|poupanca_insuficiente|sem_reserva_adequada,nenhum_relevante,SCORE_SINTETICO_V1,TRAIN,SINTETICO
USR000451,2025-07,4664.74,3334.86,71.49,24.14,20.11,51.58,17.28,6,12,0.0,14.28,91.0,SAUDAVEL,0.8062,renda_comprometida|endividamento_moderado,boa_taxa_poupanca|reserva_robusta,SCORE_SINTETICO_V1,TRAIN,SINTETICO
USR000452,2025-07,5553.77,4312.76,77.65,51.62,4.53,46.21,53.43,5,8,0.0,6.23,57.0,EM_OBSERVACAO,0.6713,renda_comprometida|endividamento_alto|baixa_taxa_poupanca|gastos_nao_essenciais_altos,reserva_robusta,SCORE_SINTETICO_V1,TRAIN,SINTETICO
USR000453,2025-07,11317.88,10768.06,95.14,59.86,3.45,70.18,9.99,5,11,0.0,0.56,35.0,EM_RISCO,0.752,renda_muito_comprometida|endividamento_alto|baixa_taxa_poupanca|sem_reserva_adequada,nenhum_relevante,SCORE_SINTETICO_V1,TRAIN,SINTETICO
USR000454,2025-07,3325.96,3469.64,104.32,42.0,4.01,59.48,7.69,3,6,0.0,1.16,29.0,EM_RISCO,0.9067,despesas_acima_da_renda|endividamento_alto|baixa_taxa_poupanca|reserva_baixa,nenhum_relevante,SCORE_SINTETICO_V1,VALIDATION,SINTETICO
USR000455,2025-07,7886.04,6446.28,81.74,16.78,5.43,68.59,31.41,1,4,0.0,1.82,69.0,EM_OBSERVACAO,0.6739,renda_comprometida|baixa_taxa_poupanca|reserva_baixa|gastos_nao_essenciais_em_atencao,baixo_endividamento,SCORE_SINTETICO_V1,VALIDATION,SINTETICO
USR000456,2025-07,6336.13,4786.21,75.54,13.89,18.99,53.64,0.88,3,4,0.0,18.47,100.0,SAUDAVEL,0.8834,renda_comprometida,baixo_endividamento|boa_taxa_poupanca|reserva_robusta,SCORE_SINTETICO_V1,VALIDATION,SINTETICO
USR000457,2025-07,8780.44,6766.46,77.06,25.38,5.56,19.35,72.86,4,9,0.0,9.76,68.0,EM_OBSERVACAO,0.6771,renda_comprometida|endividamento_moderado|baixa_taxa_poupanca|gastos_nao_essenciais_altos,reserva_robusta,SCORE_SINTETICO_V1,TEST,SINTETICO
USR000458,2025-07,7255.04,6304.06,86.89,19.12,5.38,28.35,31.25,3,4,0.0,0.72,50.0,EM_OBSERVACAO,0.5632,renda_muito_comprometida|baixa_taxa_poupanca|sem_reserva_adequada|gastos_nao_essenciais_em_atencao,baixo_endividamento,SCORE_SINTETICO_V1,TEST,SINTETICO
USR000459,2025-07,3685.61,2435.79,66.09,23.17,18.49,54.82,20.62,2,7,0.0,16.5,100.0,SAUDAVEL,0.9286,endividamento_moderado,despesas_controladas|boa_taxa_poupanca|reserva_robusta,SCORE_SINTETICO_V1,TEST,SINTETICO
USR000460,2025-07,2835.22,1985.25,70.02,23.76,7.95,57.27,36.11,3,6,0.0,5.04,63.0,EM_OBSERVACAO,0.7478,renda_comprometida|endividamento_moderado|baixa_taxa_poupanca|gastos_nao_essenciais_altos,reserva_adequada,SCORE_SINTETICO_V1,TRAIN,SINTETICO
USR000461,2025-07,9510.04,8495.76,89.33,26.29,5.33,48.84,29.08,6,9,0.0,3.5,56.0,EM_OBSERVACAO,0.6933,renda_muito_comprometida|endividamento_moderado|baixa_taxa_poupanca|gastos_nao_essenciais_em_atencao,reserva_adequada,SCORE_SINTETICO_V1,TRAIN,SINTETICO
USR000462,2025-07,9578.77,9029.46,94.27,21.9,5.5,90.63,9.37,3,4,0.0,3.44,61.0,EM_OBSERVACAO,0.696,renda_muito_comprometida|endividamento_moderado|baixa_taxa_poupanca,reserva_adequada,SCORE_SINTETICO_V1,TRAIN,SINTETICO
USR000463,2025-07,2236.62,1501.87,67.15,24.1,13.21,35.93,8.6,2,5,0.0,20.17,96.0,SAUDAVEL,0.88,endividamento_moderado,despesas_controladas|poupanca_regular|reserva_robusta,SCORE_SINTETICO_V1,TRAIN,SINTETICO
USR000464,2025-07,2673.84,2249.6,84.13,29.22,4.38,13.01,81.28,2,7,0.0,7.74,68.0,EM_OBSERVACAO,0.6545,renda_comprometida|endividamento_moderado|baixa_taxa_poupanca|gastos_nao_essenciais_altos,reserva_robusta,SCORE_SINTETICO_V1,TRAIN,SINTETICO
USR000465,2025-07,3070.07,3232.79,105.3,61.97,2.92,92.72,7.28,4,7,0.0,0.82,5.0,EM_RISCO,0.9331,despesas_acima_da_renda|endividamento_muito_alto|poupanca_insuficiente|sem_reserva_adequada,nenhum_relevante,SCORE_SINTETICO_V1,TRAIN,SINTETICO
USR000466,2025-07,5777.19,3617.14,62.61,11.73,17.9,44.26,17.99,2,6,0.0,9.51,100.0,SAUDAVEL,0.9192,nenhum_relevante,despesas_controladas|baixo_endividamento|boa_taxa_poupanca|reserva_robusta,SCORE_SINTETICO_V1,TRAIN,SINTETICO
USR000467,2025-07,8226.81,8720.16,106.0,66.8,1.86,28.95,17.42,6,14,0.0,0.69,5.0,EM_RISCO,0.9443,despesas_acima_da_renda|endividamento_muito_alto|poupanca_insuficiente|sem_reserva_adequada,nenhum_relevante,SCORE_SINTETICO_V1,TRAIN,SINTETICO
USR000468,2025-07,10176.55,4855.17,47.71,1.85,16.35,45.02,47.77,3,6,0.0,8.93,100.0,SAUDAVEL,0.9129,gastos_nao_essenciais_altos,despesas_controladas|baixo_endividamento|boa_taxa_poupanca|reserva_robusta,SCORE_SINTETICO_V1,TRAIN,SINTETICO
USR000469,2025-07,5685.93,5594.78,98.4,44.07,0.35,41.28,0.0,5,6,0.0,0.28,28.0,EM_RISCO,0.8845,renda_muito_comprometida|endividamento_alto|poupanca_insuficiente|sem_reserva_adequada,nenhum_relevante,SCORE_SINTETICO_V1,TRAIN,SINTETICO
USR000470,2025-07,4223.74,4100.95,97.09,41.65,4.43,34.48,54.31,5,10,0.0,2.84,32.0,EM_RISCO,0.8581,renda_muito_comprometida|endividamento_alto|baixa_taxa_poupanca|reserva_baixa|gastos_nao_essenciais_altos,nenhum_relevante,SCORE_SINTETICO_V1,TRAIN,SINTETICO
USR000471,2025-07,5056.87,3410.99,67.45,5.01,18.24,39.19,3.04,5,11,0.0,5.52,100.0,SAUDAVEL,0.8602,nenhum_relevante,despesas_controladas|baixo_endividamento|boa_taxa_poupanca|reserva_adequada,SCORE_SINTETICO_V1,TRAIN,SINTETICO
USR000472,2025-07,2155.0,1914.01,88.82,78.76,0.09,95.14,0.0,3,5,0.0,0.82,18.0,EM_RISCO,0.939,renda_muito_comprometida|endividamento_muito_alto|poupanca_insuficiente|sem_reserva_adequada,nenhum_relevante,SCORE_SINTETICO_V1,TRAIN,SINTETICO
USR000473,2025-07,8719.06,4891.16,56.1,0.0,15.51,10.84,66.47,1,6,0.0,21.46,100.0,SAUDAVEL,0.8793,gastos_nao_essenciais_altos,despesas_controladas|baixo_endividamento|boa_taxa_poupanca|reserva_robusta,SCORE_SINTETICO_V1,TRAIN,SINTETICO
USR000474,2025-07,5825.73,5922.04,101.65,67.79,2.59,78.46,1.07,5,6,0.0,0.68,5.0,EM_RISCO,0.9751,despesas_acima_da_renda|endividamento_muito_alto|poupanca_insuficiente|sem_reserva_adequada,nenhum_relevante,SCORE_SINTETICO_V1,VALIDATION,SINTETICO
USR000475,2025-07,4733.55,4440.18,93.8,69.95,3.49,41.99,15.24,5,10,0.0,0.48,25.0,EM_RISCO,0.98,renda_muito_comprometida|endividamento_muito_alto|baixa_taxa_poupanca|sem_reserva_adequada,nenhum_relevante,SCORE_SINTETICO_V1,VALIDATION,SINTETICO
USR000476,2025-07,1690.18,2097.33,124.09,48.27,3.34,50.12,36.36,2,6,0.0,1.07,19.0,EM_RISCO,0.9527,despesas_acima_da_renda|endividamento_alto|baixa_taxa_poupanca|reserva_baixa|gastos_nao_essenciais_altos,nenhum_relevante,SCORE_SINTETICO_V1,VALIDATION,SINTETICO
USR000477,2025-07,2793.74,2218.98,79.43,21.35,14.22,41.14,42.25,1,4,0.0,6.65,76.0,SAUDAVEL,0.6346,renda_comprometida|endividamento_moderado|gastos_nao_essenciais_altos,poupanca_regular|reserva_robusta,SCORE_SINTETICO_V1,TEST,SINTETICO
USR000478,2025-07,9012.57,8773.9,97.35,41.14,6.76,82.09,17.91,3,7,0.0,1.77,42.0,EM_RISCO,0.7077,renda_muito_comprometida|endividamento_alto|baixa_taxa_poupanca|reserva_baixa,nenhum_relevante,SCORE_SINTETICO_V1,TEST,SINTETICO
USR000479,2025-07,5739.64,5816.73,101.34,36.8,8.18,57.73,42.27,3,4,0.0,0.91,31.0,EM_RISCO,0.8486,despesas_acima_da_renda|endividamento_moderado|sem_reserva_adequada|gastos_nao_essenciais_altos,poupanca_regular,SCORE_SINTETICO_V1,TEST,SINTETICO
USR000480,2025-07,5343.17,4469.58,83.65,29.96,3.55,42.34,52.87,2,6,0.0,1.78,55.0,EM_OBSERVACAO,0.6772,renda_comprometida|endividamento_moderado|baixa_taxa_poupanca|reserva_baixa|gastos_nao_essenciais_altos,nenhum_relevante,SCORE_SINTETICO_V1,TRAIN,SINTETICO
USR000481,2025-07,4836.69,5807.33,120.07,42.15,3.26,60.51,39.49,3,5,0.0,0.64,12.0,EM_RISCO,0.8803,despesas_acima_da_renda|endividamento_alto|baixa_taxa_poupanca|sem_reserva_adequada|gastos_nao_essenciais_altos,nenhum_relevante,SCORE_SINTETICO_V1,TRAIN,SINTETICO
USR000482,2025-07,9950.57,7757.94,77.96,25.69,8.21,52.1,38.48,1,6,0.0,1.7,63.0,EM_OBSERVACAO,0.7647,renda_comprometida|endividamento_moderado|reserva_baixa|gastos_nao_essenciais_altos,poupanca_regular,SCORE_SINTETICO_V1,TRAIN,SINTETICO
USR000483,2025-07,9180.7,8036.57,87.54,28.31,7.26,34.06,29.59,3,8,0.0,1.89,48.0,EM_RISCO,0.5564,renda_muito_comprometida|endividamento_moderado|baixa_taxa_poupanca|reserva_baixa|gastos_nao_essenciais_em_atencao,nenhum_relevante,SCORE_SINTETICO_V1,TRAIN,SINTETICO
USR000484,2025-07,10125.1,7565.24,74.72,23.98,10.71,67.09,16.02,3,8,0.0,1.32,73.0,EM_OBSERVACAO,0.62,renda_comprometida|endividamento_moderado|reserva_baixa,poupanca_regular,SCORE_SINTETICO_V1,TRAIN,SINTETICO
USR000485,2025-07,8819.22,5231.92,59.32,19.04,15.03,25.72,35.92,5,13,0.0,21.74,100.0,SAUDAVEL,0.8799,gastos_nao_essenciais_altos,despesas_controladas|baixo_endividamento|boa_taxa_poupanca|reserva_robusta,SCORE_SINTETICO_V1,TRAIN,SINTETICO
USR000486,2025-07,8921.17,8287.09,92.89,24.08,7.18,73.01,0.0,5,9,0.0,1.67,53.0,EM_OBSERVACAO,0.6276,renda_muito_comprometida|endividamento_moderado|baixa_taxa_poupanca|reserva_baixa,nenhum_relevante,SCORE_SINTETICO_V1,TRAIN,SINTETICO
USR000487,2025-07,5061.14,4560.52,90.11,44.45,10.75,55.78,0.0,3,4,0.0,4.34,58.0,EM_OBSERVACAO,0.6802,renda_muito_comprometida|endividamento_alto,poupanca_regular|reserva_adequada,SCORE_SINTETICO_V1,TRAIN,SINTETICO
USR000488,2025-07,3053.35,1882.42,61.65,1.26,16.97,83.93,16.07,2,4,0.0,13.87,100.0,SAUDAVEL,0.9202,nenhum_relevante,despesas_controladas|baixo_endividamento|boa_taxa_poupanca|reserva_robusta,SCORE_SINTETICO_V1,TRAIN,SINTETICO
USR000489,2025-07,6983.99,4888.81,70.0,22.42,20.86,9.44,31.28,4,7,0.0,11.31,96.0,SAUDAVEL,0.9146,endividamento_moderado|gastos_nao_essenciais_em_atencao,despesas_controladas|boa_taxa_poupanca|reserva_robusta,SCORE_SINTETICO_V1,TRAIN,SINTETICO
USR000490,2025-07,6041.67,4035.41,66.79,3.49,12.63,65.71,16.63,3,8,0.0,16.5,100.0,SAUDAVEL,0.9447,nenhum_relevante,despesas_controladas|baixo_endividamento|poupanca_regular|reserva_robusta,SCORE_SINTETICO_V1,TRAIN,SINTETICO
USR000491,2025-07,7319.52,4668.71,63.78,0.0,13.5,31.62,29.76,4,12,0.0,22.82,100.0,SAUDAVEL,0.9497,gastos_nao_essenciais_em_atencao,despesas_controladas|baixo_endividamento|poupanca_regular|reserva_robusta,SCORE_SINTETICO_V1,TRAIN,SINTETICO
USR000492,2025-07,3667.85,4328.81,118.02,50.68,0.66,43.1,22.68,3,5,0.0,0.17,15.0,EM_RISCO,0.9186,despesas_acima_da_renda|endividamento_alto|poupanca_insuficiente|sem_reserva_adequada,nenhum_relevante,SCORE_SINTETICO_V1,TRAIN,SINTETICO
USR000493,2025-07,4493.44,3359.11,74.76,0.0,10.08,27.26,20.04,3,8,0.0,5.06,90.0,SAUDAVEL,0.8359,renda_comprometida,baixo_endividamento|poupanca_regular|reserva_adequada,SCORE_SINTETICO_V1,TRAIN,SINTETICO
USR000494,2025-07,3374.17,3055.45,90.55,29.26,10.83,30.79,69.21,2,4,0.0,3.14,59.0,EM_OBSERVACAO,0.6782,renda_muito_comprometida|endividamento_moderado|gastos_nao_essenciais_altos,poupanca_regular|reserva_adequada,SCORE_SINTETICO_V1,VALIDATION,SINTETICO
USR000495,2025-07,4441.55,3834.65,86.34,24.95,3.43,49.75,27.31,4,9,0.0,4.15,56.0,EM_OBSERVACAO,0.6689,renda_muito_comprometida|endividamento_moderado|baixa_taxa_poupanca|gastos_nao_essenciais_em_atencao,reserva_adequada,SCORE_SINTETICO_V1,VALIDATION,SINTETICO
USR000496,2025-07,2107.27,1558.17,73.94,18.67,6.36,45.29,47.81,2,5,0.0,4.8,72.0,EM_OBSERVACAO,0.6768,renda_comprometida|baixa_taxa_poupanca|gastos_nao_essenciais_altos,baixo_endividamento|reserva_adequada,SCORE_SINTETICO_V1,VALIDATION,SINTETICO
USR000497,2025-07,4793.27,4392.06,91.63,33.81,10.73,40.32,47.8,6,11,0.0,3.44,59.0,EM_OBSERVACAO,0.7288,renda_muito_comprometida|endividamento_moderado|gastos_nao_essenciais_altos,poupanca_regular|reserva_adequada,SCORE_SINTETICO_V1,TEST,SINTETICO
USR000498,2025-07,6888.09,6426.89,93.3,36.18,9.14,57.0,24.95,1,6,0.0,3.35,69.0,EM_OBSERVACAO,0.6601,renda_muito_comprometida|endividamento_moderado,poupanca_regular|reserva_adequada,SCORE_SINTETICO_V1,TEST,SINTETICO
USR000499,2025-07,7836.55,6328.88,80.76,26.5,4.14,26.17,44.56,3,9,0.0,4.17,63.0,EM_OBSERVACAO,0.7173,renda_comprometida|endividamento_moderado|baixa_taxa_poupanca|gastos_nao_essenciais_altos,reserva_adequada,SCORE_SINTETICO_V1,TEST,SINTETICO
USR000500,2025-07,5675.23,5608.04,98.82,48.43,10.37,40.56,2.26,5,10,0.0,1.1,50.0,EM_OBSERVACAO,0.5792,renda_muito_comprometida|endividamento_alto|reserva_baixa,poupanca_regular,SCORE_SINTETICO_V1,TRAIN,SINTETICO
USR000501,2025-07,4173.26,3500.64,83.88,25.27,4.06,34.68,13.16,3,8,0.0,2.04,65.0,EM_OBSERVACAO,0.7648,renda_comprometida|endividamento_moderado|baixa_taxa_poupanca|reserva_baixa,nenhum_relevante,SCORE_SINTETICO_V1,TRAIN,SINTETICO
USR000502,2025-07,7579.02,4230.4,55.82,0.0,17.96,27.33,58.05,4,8,0.0,7.44,100.0,SAUDAVEL,0.9435,gastos_nao_essenciais_altos,despesas_controladas|baixo_endividamento|boa_taxa_poupanca|reserva_robusta,SCORE_SINTETICO_V1,TRAIN,SINTETICO
USR000503,2025-07,5794.07,5321.67,91.85,37.67,3.99,59.44,0.0,2,4,0.0,1.19,53.0,EM_OBSERVACAO,0.6027,renda_muito_comprometida|endividamento_moderado|baixa_taxa_poupanca|reserva_baixa,nenhum_relevante,SCORE_SINTETICO_V1,TRAIN,SINTETICO
USR000504,2025-07,2870.68,2432.44,84.73,46.9,9.06,50.45,18.73,3,9,0.0,3.31,70.0,EM_OBSERVACAO,0.6412,renda_comprometida|endividamento_alto,poupanca_regular|reserva_adequada,SCORE_SINTETICO_V1,TRAIN,SINTETICO
USR000505,2025-07,4129.73,2431.81,58.89,8.19,19.46,20.99,50.25,2,4,0.0,9.8,100.0,SAUDAVEL,0.8927,gastos_nao_essenciais_altos,despesas_controladas|baixo_endividamento|boa_taxa_poupanca|reserva_robusta,SCORE_SINTETICO_V1,TRAIN,SINTETICO
USR000506,2025-07,3041.65,2162.09,71.08,4.95,20.73,58.28,0.0,7,11,0.0,11.01,100.0,SAUDAVEL,0.9594,renda_comprometida,baixo_endividamento|boa_taxa_poupanca|reserva_robusta,SCORE_SINTETICO_V1,TRAIN,SINTETICO
USR000507,2025-07,3396.62,3510.42,103.35,39.39,2.14,59.27,33.22,3,7,0.0,0.82,21.0,EM_RISCO,0.9141,despesas_acima_da_renda|endividamento_moderado|poupanca_insuficiente|sem_reserva_adequada|gastos_nao_essenciais_em_atencao,nenhum_relevante,SCORE_SINTETICO_V1,TRAIN,SINTETICO
USR000508,2025-07,6966.12,4528.95,65.01,19.81,20.79,23.35,0.0,3,4,0.0,10.61,100.0,SAUDAVEL,0.9374,nenhum_relevante,despesas_controladas|baixo_endividamento|boa_taxa_poupanca|reserva_robusta,SCORE_SINTETICO_V1,TRAIN,SINTETICO
USR000509,2025-07,2944.74,2115.95,71.86,9.13,20.85,63.66,6.94,5,9,0.0,10.73,100.0,SAUDAVEL,0.98,renda_comprometida,baixo_endividamento|boa_taxa_poupanca|reserva_robusta,SCORE_SINTETICO_V1,TRAIN,SINTETICO
USR000510,2025-07,2408.93,1910.62,79.31,40.5,5.03,72.89,4.9,5,7,0.0,3.6,62.0,EM_OBSERVACAO,0.7321,renda_comprometida|endividamento_alto|baixa_taxa_poupanca,reserva_adequada,SCORE_SINTETICO_V1,TRAIN,SINTETICO
USR000511,2025-07,3470.78,2012.98,58.0,0.0,17.36,64.17,35.83,3,4,0.0,13.23,100.0,SAUDAVEL,0.9549,gastos_nao_essenciais_altos,despesas_controladas|baixo_endividamento|boa_taxa_poupanca|reserva_robusta,SCORE_SINTETICO_V1,TRAIN,SINTETICO
USR000512,2025-07,7880.68,4998.38,63.43,0.9,21.03,50.9,49.1,2,5,0.0,9.25,100.0,SAUDAVEL,0.9564,gastos_nao_essenciais_altos,despesas_controladas|baixo_endividamento|boa_taxa_poupanca|reserva_robusta,SCORE_SINTETICO_V1,TRAIN,SINTETICO
USR000513,2025-07,8503.1,8281.14,97.39,56.97,0.57,34.28,65.72,4,5,0.0,0.59,18.0,EM_RISCO,0.9222,renda_muito_comprometida|endividamento_alto|poupanca_insuficiente|sem_reserva_adequada|gastos_nao_essenciais_altos,nenhum_relevante,SCORE_SINTETICO_V1,TRAIN,SINTETICO
USR000514,2025-07,4346.64,3243.92,74.63,29.26,8.55,50.79,49.21,3,8,0.0,2.44,63.0,EM_OBSERVACAO,0.7833,renda_comprometida|endividamento_moderado|reserva_baixa|gastos_nao_essenciais_altos,poupanca_regular,SCORE_SINTETICO_V1,VALIDATION,SINTETICO
USR000515,2025-07,4996.06,3323.78,66.53,16.84,12.37,30.7,23.64,2,4,0.0,7.52,100.0,SAUDAVEL,0.9424,nenhum_relevante,despesas_controladas|baixo_endividamento|poupanca_regular|reserva_robusta,SCORE_SINTETICO_V1,VALIDATION,SINTETICO
USR000516,2025-07,5032.05,3789.21,75.3,31.14,5.53,15.01,0.0,1,4,0.0,1.9,65.0,EM_OBSERVACAO,0.7456,renda_comprometida|endividamento_moderado|baixa_taxa_poupanca|reserva_baixa,nenhum_relevante,SCORE_SINTETICO_V1,VALIDATION,SINTETICO
USR000517,2025-07,7339.86,5121.96,69.78,7.34,16.36,48.43,36.5,6,13,0.0,14.18,100.0,SAUDAVEL,0.9083,gastos_nao_essenciais_altos,despesas_controladas|baixo_endividamento|boa_taxa_poupanca|reserva_robusta,SCORE_SINTETICO_V1,TEST,SINTETICO
USR000518,2025-07,9401.61,6656.82,70.81,22.26,11.33,76.74,3.15,3,6,0.0,11.54,86.0,SAUDAVEL,0.7238,renda_comprometida|endividamento_moderado,poupanca_regular|reserva_robusta,SCORE_SINTETICO_V1,TEST,SINTETICO
USR000519,2025-07,6750.52,8120.71,120.3,71.05,0.21,60.14,19.86,7,9,0.0,0.52,5.0,EM_RISCO,0.9206,despesas_acima_da_renda|endividamento_muito_alto|poupanca_insuficiente|sem_reserva_adequada,nenhum_relevante,SCORE_SINTETICO_V1,TEST,SINTETICO
USR000520,2025-07,9637.78,6921.68,71.82,12.46,18.58,67.26,32.74,2,6,0.0,10.22,95.0,SAUDAVEL,0.8844,renda_comprometida|gastos_nao_essenciais_em_atencao,baixo_endividamento|boa_taxa_poupanca|reserva_robusta,SCORE_SINTETICO_V1,TRAIN,SINTETICO
USR000521,2025-07,2339.99,2446.01,104.53,21.28,10.05,70.55,22.59,1,6,0.0,1.76,48.0,EM_RISCO,0.6118,despesas_acima_da_renda|endividamento_moderado|reserva_baixa,poupanca_regular,SCORE_SINTETICO_V1,TRAIN,SINTETICO
USR000522,2025-07,10900.33,7709.29,70.73,5.59,16.39,28.05,19.61,2,9,0.0,8.94,100.0,SAUDAVEL,0.9695,renda_comprometida,baixo_endividamento|boa_taxa_poupanca|reserva_robusta,SCORE_SINTETICO_V1,TRAIN,SINTETICO
USR000523,2025-07,6190.31,3749.3,60.57,15.53,21.58,34.27,59.19,3,9,0.0,11.94,100.0,SAUDAVEL,0.9047,gastos_nao_essenciais_altos,despesas_controladas|baixo_endividamento|boa_taxa_poupanca|reserva_robusta,SCORE_SINTETICO_V1,TRAIN,SINTETICO
USR000524,2025-07,5818.74,5353.12,92.0,21.94,9.77,62.92,12.49,2,7,0.0,3.14,69.0,EM_OBSERVACAO,0.6179,renda_muito_comprometida|endividamento_moderado,poupanca_regular|reserva_adequada,SCORE_SINTETICO_V1,TRAIN,SINTETICO
USR000525,2025-07,3744.72,2365.88,63.18,8.45,12.21,49.29,14.81,3,5,0.0,8.58,100.0,SAUDAVEL,0.9219,nenhum_relevante,despesas_controladas|baixo_endividamento|poupanca_regular|reserva_robusta,SCORE_SINTETICO_V1,TRAIN,SINTETICO
USR000526,2025-07,5108.43,5502.53,107.71,55.55,0.27,42.91,19.21,3,10,0.0,0.79,15.0,EM_RISCO,0.9194,despesas_acima_da_renda|endividamento_alto|poupanca_insuficiente|sem_reserva_adequada,nenhum_relevante,SCORE_SINTETICO_V1,TRAIN,SINTETICO
USR000527,2025-07,7240.36,5201.34,71.84,24.95,21.47,45.73,39.72,3,11,0.0,5.08,76.0,SAUDAVEL,0.6192,renda_comprometida|endividamento_moderado|gastos_nao_essenciais_altos,boa_taxa_poupanca|reserva_adequada,SCORE_SINTETICO_V1,TRAIN,SINTETICO
USR000528,2025-07,1429.76,1673.87,117.07,76.5,2.23,68.09,6.89,5,10,0.0,0.2,5.0,EM_RISCO,0.9263,despesas_acima_da_renda|endividamento_muito_alto|poupanca_insuficiente|sem_reserva_adequada,nenhum_relevante,SCORE_SINTETICO_V1,TRAIN,SINTETICO
USR000529,2025-07,6636.65,5496.55,82.82,23.59,3.86,70.38,29.62,3,7,0.0,3.79,68.0,EM_OBSERVACAO,0.7056,renda_comprometida|endividamento_moderado|baixa_taxa_poupanca|gastos_nao_essenciais_em_atencao,reserva_adequada,SCORE_SINTETICO_V1,TRAIN,SINTETICO
USR000530,2025-07,4188.1,3655.05,87.27,28.45,6.72,73.15,5.73,5,6,0.0,3.09,61.0,EM_OBSERVACAO,0.7712,renda_muito_comprometida|endividamento_moderado|baixa_taxa_poupanca,reserva_adequada,SCORE_SINTETICO_V1,TRAIN,SINTETICO
USR000531,2025-07,7809.69,5315.56,68.06,20.65,12.92,23.58,43.26,3,8,0.0,16.56,86.0,SAUDAVEL,0.6948,endividamento_moderado|gastos_nao_essenciais_altos,despesas_controladas|poupanca_regular|reserva_robusta,SCORE_SINTETICO_V1,TRAIN,SINTETICO
USR000532,2025-07,5263.52,3848.22,73.11,13.32,13.66,57.96,8.0,3,8,0.0,6.53,95.0,SAUDAVEL,0.893,renda_comprometida,baixo_endividamento|poupanca_regular|reserva_robusta,SCORE_SINTETICO_V1,TRAIN,SINTETICO
USR000533,2025-07,6338.97,5384.62,84.94,26.69,3.42,79.94,0.0,2,5,0.0,2.46,65.0,EM_OBSERVACAO,0.7117,renda_comprometida|endividamento_moderado|baixa_taxa_poupanca|reserva_baixa,nenhum_relevante,SCORE_SINTETICO_V1,TRAIN,SINTETICO
USR000534,2025-07,2233.79,1501.51,67.22,22.24,16.76,14.79,25.95,4,11,0.0,8.71,96.0,SAUDAVEL,0.8309,endividamento_moderado|gastos_nao_essenciais_em_atencao,despesas_controladas|boa_taxa_poupanca|reserva_robusta,SCORE_SINTETICO_V1,VALIDATION,SINTETICO
USR000535,2025-07,8016.1,7366.75,91.9,32.59,7.47,71.75,7.83,6,10,0.0,4.79,61.0,EM_OBSERVACAO,0.7255,renda_muito_comprometida|endividamento_moderado|baixa_taxa_poupanca,reserva_adequada,SCORE_SINTETICO_V1,VALIDATION,SINTETICO
USR000536,2025-07,5376.82,4364.03,81.16,28.89,6.43,67.77,7.51,4,6,0.0,5.7,73.0,EM_OBSERVACAO,0.633,renda_comprometida|endividamento_moderado|baixa_taxa_poupanca,reserva_adequada,SCORE_SINTETICO_V1,VALIDATION,SINTETICO
USR000537,2025-07,8469.24,8060.63,95.18,35.7,5.07,47.69,1.41,3,9,0.0,3.05,61.0,EM_OBSERVACAO,0.7096,renda_muito_comprometida|endividamento_moderado|baixa_taxa_poupanca,reserva_adequada,SCORE_SINTETICO_V1,TEST,SINTETICO
USR000538,2025-07,5213.58,4423.56,84.85,40.72,7.31,44.35,0.0,2,5,0.0,3.28,62.0,EM_OBSERVACAO,0.7399,renda_comprometida|endividamento_alto|baixa_taxa_poupanca,reserva_adequada,SCORE_SINTETICO_V1,TEST,SINTETICO
USR000539,2025-07,7652.53,7461.81,97.51,49.1,0.59,76.54,0.0,2,5,0.0,0.72,28.0,EM_RISCO,0.9172,renda_muito_comprometida|endividamento_alto|poupanca_insuficiente|sem_reserva_adequada,nenhum_relevante,SCORE_SINTETICO_V1,TEST,SINTETICO
USR000540,2025-07,6269.8,7072.47,112.8,81.67,1.31,8.84,38.89,5,11,0.0,0.96,0.0,EM_RISCO,0.9191,despesas_acima_da_renda|endividamento_muito_alto|poupanca_insuficiente|sem_reserva_adequada|gastos_nao_essenciais_altos,nenhum_relevante,SCORE_SINTETICO_V1,TRAIN,SINTETICO
USR000541,2025-07,13965.97,13921.2,99.68,34.29,8.1,26.59,15.72,4,6,0.0,2.89,61.0,EM_OBSERVACAO,0.6861,renda_muito_comprometida|endividamento_moderado|reserva_baixa,poupanca_regular,SCORE_SINTETICO_V1,TRAIN,SINTETICO
USR000542,2025-07,5850.04,5803.81,99.21,45.25,4.67,42.48,37.39,2,5,0.0,0.69,25.0,EM_RISCO,0.9345,renda_muito_comprometida|endividamento_alto|baixa_taxa_poupanca|sem_reserva_adequada|gastos_nao_essenciais_altos,nenhum_relevante,SCORE_SINTETICO_V1,TRAIN,SINTETICO
USR000543,2025-07,1469.04,1201.73,81.8,19.98,4.69,49.68,20.37,4,9,0.0,5.18,82.0,SAUDAVEL,0.6763,renda_comprometida|baixa_taxa_poupanca,baixo_endividamento|reserva_adequada,SCORE_SINTETICO_V1,TRAIN,SINTETICO
USR000544,2025-07,5223.37,3829.54,73.32,55.27,7.78,45.7,9.51,4,9,0.0,4.07,62.0,EM_OBSERVACAO,0.7521,renda_comprometida|endividamento_alto|baixa_taxa_poupanca,reserva_adequada,SCORE_SINTETICO_V1,TRAIN,SINTETICO
USR000545,2025-07,4792.77,3625.02,75.64,6.0,16.17,10.44,89.56,2,4,0.0,6.84,90.0,SAUDAVEL,0.8156,renda_comprometida|gastos_nao_essenciais_altos,baixo_endividamento|boa_taxa_poupanca|reserva_robusta,SCORE_SINTETICO_V1,TRAIN,SINTETICO
USR000546,2025-07,10005.88,9593.76,95.88,62.06,0.76,55.65,13.85,4,8,0.0,1.46,25.0,EM_RISCO,0.922,renda_muito_comprometida|endividamento_muito_alto|poupanca_insuficiente|reserva_baixa,nenhum_relevante,SCORE_SINTETICO_V1,TRAIN,SINTETICO
USR000547,2025-07,3099.18,1988.88,64.17,3.43,20.2,69.94,30.06,2,4,0.0,7.78,100.0,SAUDAVEL,0.9598,gastos_nao_essenciais_em_atencao,despesas_controladas|baixo_endividamento|boa_taxa_poupanca|reserva_robusta,SCORE_SINTETICO_V1,TRAIN,SINTETICO
USR000548,2025-07,3050.38,2970.24,97.37,74.32,1.86,20.86,24.57,4,10,0.0,0.82,18.0,EM_RISCO,0.9415,renda_muito_comprometida|endividamento_muito_alto|poupanca_insuficiente|sem_reserva_adequada,nenhum_relevante,SCORE_SINTETICO_V1,TRAIN,SINTETICO
USR000549,2025-07,3898.24,2690.48,69.02,14.96,19.1,65.09,7.83,2,7,0.0,8.56,100.0,SAUDAVEL,0.9217,nenhum_relevante,despesas_controladas|baixo_endividamento|boa_taxa_poupanca|reserva_robusta,SCORE_SINTETICO_V1,TRAIN,SINTETICO
USR000550,2025-07,2898.29,2860.38,98.69,49.0,1.17,36.99,25.86,3,6,0.0,0.38,23.0,EM_RISCO,0.8935,renda_muito_comprometida|endividamento_alto|poupanca_insuficiente|sem_reserva_adequada|gastos_nao_essenciais_em_atencao,nenhum_relevante,SCORE_SINTETICO_V1,TRAIN,SINTETICO
USR000551,2025-07,7161.77,6894.07,96.26,29.77,3.33,56.84,25.91,4,7,0.0,2.24,48.0,EM_RISCO,0.6511,renda_muito_comprometida|endividamento_moderado|baixa_taxa_poupanca|reserva_baixa|gastos_nao_essenciais_em_atencao,nenhum_relevante,SCORE_SINTETICO_V1,TRAIN,SINTETICO
USR000552,2025-07,9959.62,9552.44,95.91,83.62,1.44,62.06,37.94,2,4,0.0,0.85,8.0,EM_RISCO,0.9502,renda_muito_comprometida|endividamento_muito_alto|poupanca_insuficiente|sem_reserva_adequada|gastos_nao_essenciais_altos,nenhum_relevante,SCORE_SINTETICO_V1,TRAIN,SINTETICO
USR000553,2025-07,8644.74,6586.4,76.19,27.33,10.36,16.75,83.25,2,4,0.0,4.57,71.0,EM_OBSERVACAO,0.6082,renda_comprometida|endividamento_moderado|gastos_nao_essenciais_altos,poupanca_regular|reserva_adequada,SCORE_SINTETICO_V1,TRAIN,SINTETICO
USR000554,2025-07,12521.4,6864.81,54.82,26.04,14.21,33.43,40.88,7,12,0.0,14.89,86.0,SAUDAVEL,0.7207,endividamento_moderado|gastos_nao_essenciais_altos,despesas_controladas|poupanca_regular|reserva_robusta,SCORE_SINTETICO_V1,VALIDATION,SINTETICO
USR000555,2025-07,5088.77,6161.88,121.09,50.56,2.62,97.28,2.72,4,4,0.0,0.05,15.0,EM_RISCO,0.9565,despesas_acima_da_renda|endividamento_alto|poupanca_insuficiente|sem_reserva_adequada,nenhum_relevante,SCORE_SINTETICO_V1,VALIDATION,SINTETICO
USR000556,2025-07,3656.56,2844.02,77.78,26.35,5.02,45.56,20.22,4,6,0.0,3.92,73.0,EM_OBSERVACAO,0.6103,renda_comprometida|endividamento_moderado|baixa_taxa_poupanca,reserva_adequada,SCORE_SINTETICO_V1,VALIDATION,SINTETICO
USR000557,2025-07,15533.34,13468.05,86.7,35.86,5.75,56.61,23.3,3,8,0.0,1.8,53.0,EM_OBSERVACAO,0.5955,renda_muito_comprometida|endividamento_moderado|baixa_taxa_poupanca|reserva_baixa,nenhum_relevante,SCORE_SINTETICO_V1,TEST,SINTETICO
USR000558,2025-07,1702.24,1571.45,92.32,46.3,2.39,55.06,44.94,4,9,0.0,0.45,18.0,EM_RISCO,0.9175,renda_muito_comprometida|endividamento_alto|poupanca_insuficiente|sem_reserva_adequada|gastos_nao_essenciais_altos,nenhum_relevante,SCORE_SINTETICO_V1,TEST,SINTETICO
USR000559,2025-07,4589.93,4419.84,96.29,34.62,9.85,33.67,21.39,4,9,0.0,1.99,61.0,EM_OBSERVACAO,0.693,renda_muito_comprometida|endividamento_moderado|reserva_baixa,poupanca_regular,SCORE_SINTETICO_V1,TEST,SINTETICO
USR000560,2025-07,6707.62,4904.57,73.12,36.62,8.41,24.62,75.38,1,6,0.0,9.68,76.0,SAUDAVEL,0.5797,renda_comprometida|endividamento_moderado|gastos_nao_essenciais_altos,poupanca_regular|reserva_robusta,SCORE_SINTETICO_V1,TRAIN,SINTETICO
USR000561,2025-07,4898.35,3664.63,74.81,35.94,7.12,15.83,35.99,4,7,0.0,0.76,48.0,EM_RISCO,0.6303,renda_comprometida|endividamento_moderado|baixa_taxa_poupanca|sem_reserva_adequada|gastos_nao_essenciais_altos,nenhum_relevante,SCORE_SINTETICO_V1,TRAIN,SINTETICO
USR000562,2025-07,4019.81,2311.83,57.51,0.0,15.82,59.7,15.51,9,14,0.0,16.35,100.0,SAUDAVEL,0.9326,nenhum_relevante,despesas_controladas|baixo_endividamento|boa_taxa_poupanca|reserva_robusta,SCORE_SINTETICO_V1,TRAIN,SINTETICO
USR000563,2025-07,3010.54,2916.08,96.86,39.88,10.32,84.33,9.77,2,5,0.0,3.67,69.0,EM_OBSERVACAO,0.6912,renda_muito_comprometida|endividamento_moderado,poupanca_regular|reserva_adequada,SCORE_SINTETICO_V1,TRAIN,SINTETICO
USR000564,2025-07,14187.04,9841.06,69.37,20.58,9.34,45.52,26.85,6,12,0.0,3.16,86.0,SAUDAVEL,0.7566,endividamento_moderado|gastos_nao_essenciais_em_atencao,despesas_controladas|poupanca_regular|reserva_adequada,SCORE_SINTETICO_V1,TRAIN,SINTETICO
USR000565,2025-07,5804.93,3782.55,65.16,1.86,16.05,43.51,17.99,2,7,0.0,15.01,100.0,SAUDAVEL,0.9198,nenhum_relevante,despesas_controladas|baixo_endividamento|boa_taxa_poupanca|reserva_robusta,SCORE_SINTETICO_V1,TRAIN,SINTETICO
USR000566,2025-07,8614.11,6796.77,78.9,17.96,14.82,42.09,14.29,2,6,0.0,8.65,95.0,SAUDAVEL,0.8486,renda_comprometida,baixo_endividamento|poupanca_regular|reserva_robusta,SCORE_SINTETICO_V1,TRAIN,SINTETICO
USR000567,2025-07,3801.15,3855.91,101.44,68.52,1.11,77.93,22.07,3,4,0.0,0.33,5.0,EM_RISCO,0.9367,despesas_acima_da_renda|endividamento_muito_alto|poupanca_insuficiente|sem_reserva_adequada,nenhum_relevante,SCORE_SINTETICO_V1,TRAIN,SINTETICO
USR000568,2025-07,3485.64,2496.96,71.64,35.26,3.48,68.41,4.47,3,6,0.0,3.38,73.0,EM_OBSERVACAO,0.5673,renda_comprometida|endividamento_moderado|baixa_taxa_poupanca,reserva_adequada,SCORE_SINTETICO_V1,TRAIN,SINTETICO
USR000569,2025-07,6942.2,3512.26,50.59,15.79,12.13,34.07,51.14,2,6,0.0,13.45,95.0,SAUDAVEL,0.8523,gastos_nao_essenciais_altos,despesas_controladas|baixo_endividamento|poupanca_regular|reserva_robusta,SCORE_SINTETICO_V1,TRAIN,SINTETICO
USR000570,2025-07,6585.36,4821.44,73.21,9.19,20.06,36.62,38.87,2,8,0.0,6.46,90.0,SAUDAVEL,0.8108,renda_comprometida|gastos_nao_essenciais_altos,baixo_endividamento|boa_taxa_poupanca|reserva_robusta,SCORE_SINTETICO_V1,TRAIN,SINTETICO
USR000571,2025-07,6291.93,4945.91,78.61,39.34,8.47,89.38,10.62,4,5,0.0,2.66,73.0,EM_OBSERVACAO,0.6301,renda_comprometida|endividamento_moderado|reserva_baixa,poupanca_regular,SCORE_SINTETICO_V1,TRAIN,SINTETICO
USR000572,2025-07,8658.53,6480.86,74.85,28.6,10.86,39.11,51.69,2,5,0.0,3.27,71.0,EM_OBSERVACAO,0.6276,renda_comprometida|endividamento_moderado|gastos_nao_essenciais_altos,poupanca_regular|reserva_adequada,SCORE_SINTETICO_V1,TRAIN,SINTETICO
USR000573,2025-07,6867.93,5027.85,73.21,14.0,18.57,39.59,0.0,3,4,0.0,7.18,100.0,SAUDAVEL,0.9326,renda_comprometida,baixo_endividamento|boa_taxa_poupanca|reserva_robusta,SCORE_SINTETICO_V1,TRAIN,SINTETICO
USR000574,2025-07,7425.82,5139.19,69.21,21.15,20.75,34.1,6.8,3,8,0.0,8.92,100.0,SAUDAVEL,0.9551,endividamento_moderado,despesas_controladas|boa_taxa_poupanca|reserva_robusta,SCORE_SINTETICO_V1,VALIDATION,SINTETICO
USR000575,2025-07,5022.0,3934.72,78.35,32.23,9.64,54.1,9.74,5,8,0.0,1.54,73.0,EM_OBSERVACAO,0.5988,renda_comprometida|endividamento_moderado|reserva_baixa,poupanca_regular,SCORE_SINTETICO_V1,VALIDATION,SINTETICO
USR000576,2025-07,5216.33,3432.48,65.8,23.59,21.41,56.95,0.0,2,4,0.0,6.57,100.0,SAUDAVEL,0.9255,endividamento_moderado,despesas_controladas|boa_taxa_poupanca|reserva_robusta,SCORE_SINTETICO_V1,VALIDATION,SINTETICO
USR000577,2025-07,7717.22,5188.31,67.23,13.86,15.57,41.98,16.45,3,5,0.0,10.87,100.0,SAUDAVEL,0.9784,nenhum_relevante,despesas_controladas|baixo_endividamento|boa_taxa_poupanca|reserva_robusta,SCORE_SINTETICO_V1,TEST,SINTETICO
USR000578,2025-07,2434.02,2055.58,84.45,32.53,7.81,50.89,6.16,2,4,0.0,1.19,65.0,EM_OBSERVACAO,0.6969,renda_comprometida|endividamento_moderado|baixa_taxa_poupanca|reserva_baixa,nenhum_relevante,SCORE_SINTETICO_V1,TEST,SINTETICO
USR000579,2025-07,3647.59,3971.53,108.88,56.08,1.46,59.9,22.52,2,7,0.0,0.08,15.0,EM_RISCO,0.9074,despesas_acima_da_renda|endividamento_alto|poupanca_insuficiente|sem_reserva_adequada,nenhum_relevante,SCORE_SINTETICO_V1,TEST,SINTETICO
USR000580,2025-07,3403.07,2686.05,78.93,0.0,13.83,51.48,48.52,4,6,0.0,12.12,85.0,SAUDAVEL,0.7102,renda_comprometida|gastos_nao_essenciais_altos,baixo_endividamento|poupanca_regular|reserva_robusta,SCORE_SINTETICO_V1,TRAIN,SINTETICO
USR000581,2025-07,2278.7,1900.43,83.4,30.43,7.05,77.07,5.69,7,10,0.0,3.51,73.0,EM_OBSERVACAO,0.591,renda_comprometida|endividamento_moderado|baixa_taxa_poupanca,reserva_adequada,SCORE_SINTETICO_V1,TRAIN,SINTETICO
USR000582,2025-07,12160.72,9153.45,75.27,8.58,17.15,35.66,26.19,2,9,0.0,8.2,95.0,SAUDAVEL,0.894,renda_comprometida|gastos_nao_essenciais_em_atencao,baixo_endividamento|boa_taxa_poupanca|reserva_robusta,SCORE_SINTETICO_V1,TRAIN,SINTETICO
USR000583,2025-07,4046.61,4251.09,105.05,23.82,7.6,27.22,45.7,4,10,0.0,0.71,23.0,EM_RISCO,0.9785,despesas_acima_da_renda|endividamento_moderado|baixa_taxa_poupanca|sem_reserva_adequada|gastos_nao_essenciais_altos,nenhum_relevante,SCORE_SINTETICO_V1,TRAIN,SINTETICO
USR000584,2025-07,5760.84,4765.4,82.72,26.94,4.29,71.48,17.24,3,6,0.0,2.82,65.0,EM_OBSERVACAO,0.7246,renda_comprometida|endividamento_moderado|baixa_taxa_poupanca|reserva_baixa,nenhum_relevante,SCORE_SINTETICO_V1,TRAIN,SINTETICO
USR000585,2025-07,2183.54,1460.15,66.87,32.21,9.85,66.72,33.28,4,6,0.0,5.97,86.0,SAUDAVEL,0.7718,endividamento_moderado|gastos_nao_essenciais_em_atencao,despesas_controladas|poupanca_regular|reserva_adequada,SCORE_SINTETICO_V1,TRAIN,SINTETICO
USR000586,2025-07,6142.56,5620.91,91.51,47.63,3.15,66.07,33.93,2,4,0.0,0.0,30.0,EM_RISCO,0.8665,renda_muito_comprometida|endividamento_alto|baixa_taxa_poupanca|sem_reserva_adequada|gastos_nao_essenciais_em_atencao,nenhum_relevante,SCORE_SINTETICO_V1,TRAIN,SINTETICO
USR000587,2025-07,3923.42,4111.7,104.8,66.13,1.53,83.78,16.22,6,10,0.0,1.08,12.0,EM_RISCO,0.943,despesas_acima_da_renda|endividamento_muito_alto|poupanca_insuficiente|reserva_baixa,nenhum_relevante,SCORE_SINTETICO_V1,TRAIN,SINTETICO
USR000588,2025-07,2532.54,3012.3,118.94,51.54,0.42,21.94,4.93,3,6,0.0,0.46,15.0,EM_RISCO,0.9245,despesas_acima_da_renda|endividamento_alto|poupanca_insuficiente|sem_reserva_adequada,nenhum_relevante,SCORE_SINTETICO_V1,TRAIN,SINTETICO
USR000589,2025-07,3385.09,2036.53,60.16,18.43,20.13,25.51,3.76,3,6,0.0,11.15,100.0,SAUDAVEL,0.8769,nenhum_relevante,despesas_controladas|baixo_endividamento|boa_taxa_poupanca|reserva_robusta,SCORE_SINTETICO_V1,TRAIN,SINTETICO
USR000590,2025-07,1849.64,1372.61,74.21,13.32,19.03,40.64,30.3,7,12,0.0,5.77,90.0,SAUDAVEL,0.8231,renda_comprometida|gastos_nao_essenciais_em_atencao,baixo_endividamento|boa_taxa_poupanca|reserva_adequada,SCORE_SINTETICO_V1,TRAIN,SINTETICO
USR000591,2025-07,6991.15,5133.08,73.42,4.97,19.66,35.52,34.12,3,5,0.0,19.74,95.0,SAUDAVEL,0.8142,renda_comprometida|gastos_nao_essenciais_em_atencao,baixo_endividamento|boa_taxa_poupanca|reserva_robusta,SCORE_SINTETICO_V1,TRAIN,SINTETICO
USR000592,2025-07,8718.01,5801.2,66.54,6.26,16.91,92.28,0.0,3,7,0.0,12.83,100.0,SAUDAVEL,0.9416,nenhum_relevante,despesas_controladas|baixo_endividamento|boa_taxa_poupanca|reserva_robusta,SCORE_SINTETICO_V1,TRAIN,SINTETICO
USR000593,2025-07,10056.52,5797.71,57.65,1.62,17.78,42.47,44.58,3,7,0.0,19.3,100.0,SAUDAVEL,0.9127,gastos_nao_essenciais_altos,despesas_controladas|baixo_endividamento|boa_taxa_poupanca|reserva_robusta,SCORE_SINTETICO_V1,TRAIN,SINTETICO
USR000594,2025-07,6058.07,5085.73,83.95,57.53,2.83,47.41,2.99,6,9,0.0,0.45,40.0,EM_RISCO,0.6952,renda_comprometida|endividamento_alto|poupanca_insuficiente|sem_reserva_adequada,nenhum_relevante,SCORE_SINTETICO_V1,VALIDATION,SINTETICO
USR000595,2025-07,8957.47,7480.49,83.51,30.69,10.09,46.59,53.41,1,6,0.0,4.86,71.0,EM_OBSERVACAO,0.6425,renda_comprometida|endividamento_moderado|gastos_nao_essenciais_altos,poupanca_regular|reserva_adequada,SCORE_SINTETICO_V1,VALIDATION,SINTETICO
USR000596,2025-07,3417.36,3377.18,98.82,44.21,9.5,70.55,0.0,3,4,0.0,3.4,58.0,EM_OBSERVACAO,0.6609,renda_muito_comprometida|endividamento_alto,poupanca_regular|reserva_adequada,SCORE_SINTETICO_V1,VALIDATION,SINTETICO
USR000597,2025-07,2125.81,1217.64,57.28,10.35,14.7,22.27,28.27,2,5,0.0,17.04,100.0,SAUDAVEL,0.9367,gastos_nao_essenciais_em_atencao,despesas_controladas|baixo_endividamento|poupanca_regular|reserva_robusta,SCORE_SINTETICO_V1,TEST,SINTETICO
USR000598,2025-07,7290.05,4326.6,59.35,16.74,11.55,47.15,0.87,7,13,0.0,13.11,100.0,SAUDAVEL,0.929,nenhum_relevante,despesas_controladas|baixo_endividamento|poupanca_regular|reserva_robusta,SCORE_SINTETICO_V1,TEST,SINTETICO
USR000599,2025-07,10455.89,6482.57,62.0,23.45,6.34,36.34,14.17,1,8,0.0,3.6,83.0,SAUDAVEL,0.7205,endividamento_moderado|baixa_taxa_poupanca,despesas_controladas|reserva_adequada,SCORE_SINTETICO_V1,TEST,SINTETICO
USR000600,2025-07,7762.27,4650.64,59.91,26.09,11.58,54.1,3.95,6,11,0.0,23.71,96.0,SAUDAVEL,0.844,endividamento_moderado,despesas_controladas|poupanca_regular|reserva_robusta,SCORE_SINTETICO_V1,TRAIN,SINTETICO
USR000601,2025-07,7045.06,6424.07,91.19,29.76,3.85,39.09,60.91,1,4,0.0,6.08,56.0,EM_OBSERVACAO,0.6576,renda_muito_comprometida|endividamento_moderado|baixa_taxa_poupanca|gastos_nao_essenciais_altos,reserva_robusta,SCORE_SINTETICO_V1,TRAIN,SINTETICO
USR000602,2025-07,4163.96,3117.66,74.87,47.19,7.61,59.69,20.55,6,14,0.0,1.88,54.0,EM_OBSERVACAO,0.6634,renda_comprometida|endividamento_alto|baixa_taxa_poupanca|reserva_baixa,nenhum_relevante,SCORE_SINTETICO_V1,TRAIN,SINTETICO
USR000603,2025-07,4781.84,2789.78,58.34,0.0,10.28,99.33,0.67,4,4,0.0,17.44,100.0,SAUDAVEL,0.9243,nenhum_relevante,despesas_controladas|baixo_endividamento|poupanca_regular|reserva_robusta,SCORE_SINTETICO_V1,TRAIN,SINTETICO
USR000604,2025-07,5360.19,5218.65,97.36,48.93,9.11,59.33,0.0,3,5,0.0,3.51,58.0,EM_OBSERVACAO,0.6707,renda_muito_comprometida|endividamento_alto,poupanca_regular|reserva_adequada,SCORE_SINTETICO_V1,TRAIN,SINTETICO
USR000605,2025-07,11424.13,8830.51,77.3,45.47,8.41,36.73,8.14,3,8,0.0,0.8,55.0,EM_OBSERVACAO,0.6425,renda_comprometida|endividamento_alto|sem_reserva_adequada,poupanca_regular,SCORE_SINTETICO_V1,TRAIN,SINTETICO
USR000606,2025-07,1591.64,1394.22,87.6,36.5,10.88,63.51,2.99,3,6,0.0,4.27,69.0,EM_OBSERVACAO,0.6596,renda_muito_comprometida|endividamento_moderado,poupanca_regular|reserva_adequada,SCORE_SINTETICO_V1,TRAIN,SINTETICO
USR000607,2025-07,3553.61,2970.38,83.59,51.54,2.39,79.28,20.72,2,5,0.0,0.07,40.0,EM_RISCO,0.6858,renda_comprometida|endividamento_alto|poupanca_insuficiente|sem_reserva_adequada,nenhum_relevante,SCORE_SINTETICO_V1,TRAIN,SINTETICO
USR000608,2025-07,5251.31,4730.28,90.08,35.94,9.18,68.38,7.99,5,8,0.0,1.2,61.0,EM_OBSERVACAO,0.7246,renda_muito_comprometida|endividamento_moderado|reserva_baixa,poupanca_regular,SCORE_SINTETICO_V1,TRAIN,SINTETICO
USR000609,2025-07,5314.63,4243.7,79.85,37.89,7.87,68.15,25.73,0,6,0.0,2.33,60.0,EM_OBSERVACAO,0.7197,renda_comprometida|endividamento_moderado|baixa_taxa_poupanca|reserva_baixa|gastos_nao_essenciais_em_atencao,nenhum_relevante,SCORE_SINTETICO_V1,TRAIN,SINTETICO
USR000610,2025-07,14972.67,16583.01,110.76,58.38,2.01,87.5,0.0,2,5,0.0,0.64,15.0,EM_RISCO,0.952,despesas_acima_da_renda|endividamento_alto|poupanca_insuficiente|sem_reserva_adequada,nenhum_relevante,SCORE_SINTETICO_V1,TRAIN,SINTETICO
USR000611,2025-07,5746.57,3332.79,58.0,25.68,15.04,51.37,13.8,4,11,0.0,13.29,100.0,SAUDAVEL,0.9295,endividamento_moderado,despesas_controladas|boa_taxa_poupanca|reserva_robusta,SCORE_SINTETICO_V1,TRAIN,SINTETICO
USR000612,2025-07,6088.23,5674.83,93.21,68.31,1.92,63.99,36.01,3,9,0.0,0.07,8.0,EM_RISCO,0.917,renda_muito_comprometida|endividamento_muito_alto|poupanca_insuficiente|sem_reserva_adequada|gastos_nao_essenciais_altos,nenhum_relevante,SCORE_SINTETICO_V1,TRAIN,SINTETICO
USR000613,2025-07,4822.69,3627.35,75.21,31.22,9.47,24.57,25.97,5,9,0.0,2.39,68.0,EM_OBSERVACAO,0.6794,renda_comprometida|endividamento_moderado|reserva_baixa|gastos_nao_essenciais_em_atencao,poupanca_regular,SCORE_SINTETICO_V1,TRAIN,SINTETICO
USR000614,2025-07,1714.03,1760.42,102.71,67.17,0.14,53.75,39.01,5,11,0.0,0.87,0.0,EM_RISCO,0.9177,despesas_acima_da_renda|endividamento_muito_alto|poupanca_insuficiente|sem_reserva_adequada|gastos_nao_essenciais_altos,nenhum_relevante,SCORE_SINTETICO_V1,VALIDATION,SINTETICO
USR000615,2025-07,3144.43,2183.74,69.45,12.15,14.4,11.18,88.82,2,6,0.0,28.47,95.0,SAUDAVEL,0.8275,gastos_nao_essenciais_altos,despesas_controladas|baixo_endividamento|poupanca_regular|reserva_robusta,SCORE_SINTETICO_V1,VALIDATION,SINTETICO
USR000616,2025-07,4056.92,3898.03,96.08,37.24,10.81,56.15,43.85,3,4,0.0,2.77,51.0,EM_OBSERVACAO,0.612,renda_muito_comprometida|endividamento_moderado|reserva_baixa|gastos_nao_essenciais_altos,poupanca_regular,SCORE_SINTETICO_V1,VALIDATION,SINTETICO
USR000617,2025-07,4410.82,5189.19,117.65,70.94,2.85,28.42,44.65,1,9,0.0,0.08,0.0,EM_RISCO,0.9096,despesas_acima_da_renda|endividamento_muito_alto|poupanca_insuficiente|sem_reserva_adequada|gastos_nao_essenciais_altos,nenhum_relevante,SCORE_SINTETICO_V1,TEST,SINTETICO
USR000618,2025-07,4723.52,4225.35,89.45,28.45,4.43,30.07,66.67,4,7,0.0,2.67,43.0,EM_RISCO,0.6447,renda_muito_comprometida|endividamento_moderado|baixa_taxa_poupanca|reserva_baixa|gastos_nao_essenciais_altos,nenhum_relevante,SCORE_SINTETICO_V1,TEST,SINTETICO
USR000619,2025-07,7264.78,5841.57,80.41,45.17,9.04,12.78,9.87,2,8,0.0,3.16,70.0,EM_OBSERVACAO,0.6655,renda_comprometida|endividamento_alto,poupanca_regular|reserva_adequada,SCORE_SINTETICO_V1,TEST,SINTETICO
USR000620,2025-07,6337.99,6883.7,108.61,76.94,0.76,47.87,32.78,3,9,0.0,0.17,0.0,EM_RISCO,0.98,despesas_acima_da_renda|endividamento_muito_alto|poupanca_insuficiente|sem_reserva_adequada|gastos_nao_essenciais_em_atencao,nenhum_relevante,SCORE_SINTETICO_V1,TRAIN,SINTETICO
USR000621,2025-07,3588.2,2607.78,72.68,31.42,4.95,34.05,41.02,4,7,0.0,4.83,63.0,EM_OBSERVACAO,0.6817,renda_comprometida|endividamento_moderado|baixa_taxa_poupanca|gastos_nao_essenciais_altos,reserva_adequada,SCORE_SINTETICO_V1,TRAIN,SINTETICO
USR000622,2025-07,8506.22,7864.48,92.46,43.5,10.03,61.39,31.55,5,8,0.0,2.91,45.0,EM_RISCO,0.6902,renda_muito_comprometida|endividamento_alto|reserva_baixa|gastos_nao_essenciais_em_atencao,poupanca_regular,SCORE_SINTETICO_V1,TRAIN,SINTETICO
USR000623,2025-07,2423.14,1620.43,66.87,0.0,10.43,60.32,23.92,1,4,0.0,5.06,100.0,SAUDAVEL,0.9246,nenhum_relevante,despesas_controladas|baixo_endividamento|poupanca_regular|reserva_adequada,SCORE_SINTETICO_V1,TRAIN,SINTETICO
USR000624,2025-07,2859.84,3113.72,108.88,76.53,1.79,74.75,13.35,2,4,0.0,0.17,5.0,EM_RISCO,0.9641,despesas_acima_da_renda|endividamento_muito_alto|poupanca_insuficiente|sem_reserva_adequada,nenhum_relevante,SCORE_SINTETICO_V1,TRAIN,SINTETICO
USR000625,2025-07,4370.24,3667.77,83.93,44.26,9.48,47.28,22.16,5,8,0.0,0.99,55.0,EM_OBSERVACAO,0.6503,renda_comprometida|endividamento_alto|sem_reserva_adequada,poupanca_regular,SCORE_SINTETICO_V1,TRAIN,SINTETICO
USR000626,2025-07,11940.64,10663.96,89.31,19.45,3.76,45.23,16.59,4,7,0.0,3.48,70.0,EM_OBSERVACAO,0.6348,renda_muito_comprometida|baixa_taxa_poupanca,baixo_endividamento|reserva_adequada,SCORE_SINTETICO_V1,TRAIN,SINTETICO
USR000627,2025-07,1498.99,1434.31,95.69,46.24,5.2,39.81,0.0,3,7,0.0,1.29,42.0,EM_RISCO,0.6853,renda_muito_comprometida|endividamento_alto|baixa_taxa_poupanca|reserva_baixa,nenhum_relevante,SCORE_SINTETICO_V1,TRAIN,SINTETICO
USR000628,2025-07,2414.48,2343.56,97.06,39.28,6.24,77.05,22.95,2,4,0.0,0.67,46.0,EM_RISCO,0.6325,renda_muito_comprometida|endividamento_moderado|baixa_taxa_poupanca|sem_reserva_adequada,nenhum_relevante,SCORE_SINTETICO_V1,TRAIN,SINTETICO
USR000629,2025-07,9757.93,6814.02,69.83,11.66,18.95,49.63,5.56,2,5,0.0,8.37,100.0,SAUDAVEL,0.9461,nenhum_relevante,despesas_controladas|baixo_endividamento|boa_taxa_poupanca|reserva_robusta,SCORE_SINTETICO_V1,TRAIN,SINTETICO
USR000630,2025-07,5079.75,4785.79,94.21,18.18,5.0,29.74,0.0,3,6,0.0,1.11,62.0,EM_OBSERVACAO,0.7072,renda_muito_comprometida|baixa_taxa_poupanca|reserva_baixa,baixo_endividamento,SCORE_SINTETICO_V1,TRAIN,SINTETICO
USR000631,2025-07,2652.22,1911.53,72.07,17.26,17.73,54.83,37.15,3,14,0.0,8.62,90.0,SAUDAVEL,0.7829,renda_comprometida|gastos_nao_essenciais_altos,baixo_endividamento|boa_taxa_poupanca|reserva_robusta,SCORE_SINTETICO_V1,TRAIN,SINTETICO
USR000632,2025-07,6272.04,5549.09,88.47,22.75,5.79,90.32,9.68,2,4,0.0,0.69,46.0,EM_RISCO,0.6131,renda_muito_comprometida|endividamento_moderado|baixa_taxa_poupanca|sem_reserva_adequada,nenhum_relevante,SCORE_SINTETICO_V1,TRAIN,SINTETICO
USR000633,2025-07,5921.0,5519.34,93.22,51.16,4.59,22.63,65.93,3,4,0.0,1.47,32.0,EM_RISCO,0.8269,renda_muito_comprometida|endividamento_alto|baixa_taxa_poupanca|reserva_baixa|gastos_nao_essenciais_altos,nenhum_relevante,SCORE_SINTETICO_V1,TRAIN,SINTETICO
USR000634,2025-07,11029.73,6346.14,57.54,11.31,13.98,41.77,33.09,3,8,0.0,13.3,100.0,SAUDAVEL,0.9544,gastos_nao_essenciais_em_atencao,despesas_controladas|baixo_endividamento|poupanca_regular|reserva_robusta,SCORE_SINTETICO_V1,VALIDATION,SINTETICO
USR000635,2025-07,3191.67,2982.87,93.46,49.27,1.73,74.64,0.66,2,4,0.0,0.66,28.0,EM_RISCO,0.8866,renda_muito_comprometida|endividamento_alto|poupanca_insuficiente|sem_reserva_adequada,nenhum_relevante,SCORE_SINTETICO_V1,VALIDATION,SINTETICO
USR000636,2025-07,3537.99,2662.16,75.25,45.02,9.25,26.78,4.39,2,4,0.0,3.7,70.0,EM_OBSERVACAO,0.6466,renda_comprometida|endividamento_alto,poupanca_regular|reserva_adequada,SCORE_SINTETICO_V1,VALIDATION,SINTETICO
USR000637,2025-07,2839.02,1629.72,57.4,22.0,19.68,71.48,28.52,4,5,0.0,9.89,96.0,SAUDAVEL,0.8207,endividamento_moderado|gastos_nao_essenciais_em_atencao,despesas_controladas|boa_taxa_poupanca|reserva_robusta,SCORE_SINTETICO_V1,TEST,SINTETICO
USR000638,2025-07,6041.1,3378.89,55.93,15.71,13.33,46.17,0.0,3,4,0.0,8.62,100.0,SAUDAVEL,0.9268,nenhum_relevante,despesas_controladas|baixo_endividamento|poupanca_regular|reserva_robusta,SCORE_SINTETICO_V1,TEST,SINTETICO
USR000639,2025-07,5904.61,3413.83,57.82,5.23,15.87,52.18,47.02,7,11,0.0,8.44,100.0,SAUDAVEL,0.8902,gastos_nao_essenciais_altos,despesas_controladas|baixo_endividamento|boa_taxa_poupanca|reserva_robusta,SCORE_SINTETICO_V1,TEST,SINTETICO
USR000640,2025-07,4600.0,3203.59,69.64,0.86,21.98,56.81,43.19,2,6,0.0,6.81,100.0,SAUDAVEL,0.8961,gastos_nao_essenciais_altos,despesas_controladas|baixo_endividamento|boa_taxa_poupanca|reserva_robusta,SCORE_SINTETICO_V1,TRAIN,SINTETICO
USR000641,2025-07,5647.7,5186.84,91.84,31.08,6.27,49.15,50.85,3,4,0.0,3.38,51.0,EM_OBSERVACAO,0.5952,renda_muito_comprometida|endividamento_moderado|baixa_taxa_poupanca|gastos_nao_essenciais_altos,reserva_adequada,SCORE_SINTETICO_V1,TRAIN,SINTETICO
USR000642,2025-07,3792.06,3525.82,92.98,38.31,9.3,51.47,13.69,3,6,0.0,1.29,61.0,EM_OBSERVACAO,0.6913,renda_muito_comprometida|endividamento_moderado|reserva_baixa,poupanca_regular,SCORE_SINTETICO_V1,TRAIN,SINTETICO
USR000643,2025-07,2984.35,2792.29,93.56,21.38,9.86,61.27,23.73,2,8,0.0,0.74,54.0,EM_OBSERVACAO,0.6036,renda_muito_comprometida|endividamento_moderado|sem_reserva_adequada,poupanca_regular,SCORE_SINTETICO_V1,TRAIN,SINTETICO
USR000644,2025-07,9916.0,10608.9,106.99,34.37,2.45,43.56,52.11,5,9,0.0,0.35,16.0,EM_RISCO,0.927,despesas_acima_da_renda|endividamento_moderado|poupanca_insuficiente|sem_reserva_adequada|gastos_nao_essenciais_altos,nenhum_relevante,SCORE_SINTETICO_V1,TRAIN,SINTETICO
USR000645,2025-07,8501.5,7279.02,85.62,31.97,4.74,63.19,21.84,1,4,0.0,3.67,61.0,EM_OBSERVACAO,0.7093,renda_muito_comprometida|endividamento_moderado|baixa_taxa_poupanca,reserva_adequada,SCORE_SINTETICO_V1,TRAIN,SINTETICO
USR000646,2025-07,8411.85,8552.12,101.67,46.77,3.5,75.2,11.54,6,8,0.0,0.65,22.0,EM_RISCO,0.9243,despesas_acima_da_renda|endividamento_alto|baixa_taxa_poupanca|sem_reserva_adequada,nenhum_relevante,SCORE_SINTETICO_V1,TRAIN,SINTETICO
USR000647,2025-07,8655.3,7782.35,89.91,26.34,10.27,19.59,58.8,4,10,0.0,3.64,59.0,EM_OBSERVACAO,0.7135,renda_muito_comprometida|endividamento_moderado|gastos_nao_essenciais_altos,poupanca_regular|reserva_adequada,SCORE_SINTETICO_V1,TRAIN,SINTETICO
USR000648,2025-07,6918.7,5123.4,74.05,27.81,4.24,8.68,54.08,2,12,0.0,4.22,63.0,EM_OBSERVACAO,0.7327,renda_comprometida|endividamento_moderado|baixa_taxa_poupanca|gastos_nao_essenciais_altos,reserva_adequada,SCORE_SINTETICO_V1,TRAIN,SINTETICO
USR000649,2025-07,5269.22,2313.22,43.9,21.86,16.68,40.91,59.09,3,5,0.0,9.75,91.0,SAUDAVEL,0.8062,endividamento_moderado|gastos_nao_essenciais_altos,despesas_controladas|boa_taxa_poupanca|reserva_robusta,SCORE_SINTETICO_V1,TRAIN,SINTETICO
USR000650,2025-07,5715.12,4331.7,75.79,31.34,6.48,51.72,16.58,1,4,0.0,5.22,73.0,EM_OBSERVACAO,0.631,renda_comprometida|endividamento_moderado|baixa_taxa_poupanca,reserva_adequada,SCORE_SINTETICO_V1,TRAIN,SINTETICO
USR000651,2025-07,7810.28,5228.38,66.94,0.69,16.24,47.61,21.06,4,5,0.0,6.5,100.0,SAUDAVEL,0.9326,nenhum_relevante,despesas_controladas|baixo_endividamento|boa_taxa_poupanca|reserva_robusta,SCORE_SINTETICO_V1,TRAIN,SINTETICO
USR000652,2025-07,6378.56,4066.58,63.75,12.48,11.3,62.55,0.0,3,5,0.0,11.8,100.0,SAUDAVEL,0.9678,nenhum_relevante,despesas_controladas|baixo_endividamento|poupanca_regular|reserva_robusta,SCORE_SINTETICO_V1,TRAIN,SINTETICO
USR000653,2025-07,3372.74,1995.15,59.16,22.89,10.97,49.38,50.62,3,5,0.0,6.92,86.0,SAUDAVEL,0.7341,endividamento_moderado|gastos_nao_essenciais_altos,despesas_controladas|poupanca_regular|reserva_robusta,SCORE_SINTETICO_V1,TRAIN,SINTETICO
USR000654,2025-07,4133.27,3118.1,75.44,7.63,17.32,15.39,57.95,1,6,0.0,12.39,90.0,SAUDAVEL,0.7814,renda_comprometida|gastos_nao_essenciais_altos,baixo_endividamento|boa_taxa_poupanca|reserva_robusta,SCORE_SINTETICO_V1,VALIDATION,SINTETICO
USR000655,2025-07,1420.43,1488.95,104.82,52.14,2.9,53.22,24.23,4,9,0.0,1.01,22.0,EM_RISCO,0.9721,despesas_acima_da_renda|endividamento_alto|poupanca_insuficiente|reserva_baixa,nenhum_relevante,SCORE_SINTETICO_V1,VALIDATION,SINTETICO
USR000656,2025-07,4104.11,3589.69,87.47,29.9,5.74,37.02,47.53,4,7,0.0,0.9,36.0,EM_RISCO,0.7782,renda_muito_comprometida|endividamento_moderado|baixa_taxa_poupanca|sem_reserva_adequada|gastos_nao_essenciais_altos,nenhum_relevante,SCORE_SINTETICO_V1,VALIDATION,SINTETICO
USR000657,2025-07,9992.61,9511.86,95.19,19.86,3.46,64.12,22.03,3,6,0.0,1.06,62.0,EM_OBSERVACAO,0.7656,renda_muito_comprometida|baixa_taxa_poupanca|reserva_baixa,baixo_endividamento,SCORE_SINTETICO_V1,TEST,SINTETICO
USR000658,2025-07,3405.95,1989.01,58.4,18.02,11.64,51.71,21.8,3,7,0.0,7.54,100.0,SAUDAVEL,0.9542,nenhum_relevante,despesas_controladas|baixo_endividamento|poupanca_regular|reserva_robusta,SCORE_SINTETICO_V1,TEST,SINTETICO
USR000659,2025-07,4748.17,3855.42,81.2,59.15,2.84,13.95,39.16,2,6,0.0,0.61,30.0,EM_RISCO,0.8445,renda_comprometida|endividamento_alto|poupanca_insuficiente|sem_reserva_adequada|gastos_nao_essenciais_altos,nenhum_relevante,SCORE_SINTETICO_V1,TEST,SINTETICO
USR000660,2025-07,6006.11,3687.11,61.39,4.94,19.79,97.74,2.26,1,4,0.0,12.33,100.0,SAUDAVEL,0.9589,nenhum_relevante,despesas_controladas|baixo_endividamento|boa_taxa_poupanca|reserva_robusta,SCORE_SINTETICO_V1,TRAIN,SINTETICO
USR000661,2025-07,4765.98,4123.5,86.52,20.48,5.91,61.46,18.82,5,10,0.0,4.81,61.0,EM_OBSERVACAO,0.7223,renda_muito_comprometida|endividamento_moderado|baixa_taxa_poupanca,reserva_adequada,SCORE_SINTETICO_V1,TRAIN,SINTETICO
USR000662,2025-07,5566.37,6677.48,119.96,60.88,1.83,28.1,49.65,2,5,0.0,0.27,0.0,EM_RISCO,0.9103,despesas_acima_da_renda|endividamento_muito_alto|poupanca_insuficiente|sem_reserva_adequada|gastos_nao_essenciais_altos,nenhum_relevante,SCORE_SINTETICO_V1,TRAIN,SINTETICO
USR000663,2025-07,4465.21,4864.21,108.94,53.16,1.84,28.0,21.59,4,10,0.0,0.2,15.0,EM_RISCO,0.9482,despesas_acima_da_renda|endividamento_alto|poupanca_insuficiente|sem_reserva_adequada,nenhum_relevante,SCORE_SINTETICO_V1,TRAIN,SINTETICO
USR000664,2025-07,6150.39,5248.72,85.34,21.43,10.81,25.9,48.94,4,9,0.0,4.68,59.0,EM_OBSERVACAO,0.708,renda_muito_comprometida|endividamento_moderado|gastos_nao_essenciais_altos,poupanca_regular|reserva_adequada,SCORE_SINTETICO_V1,TRAIN,SINTETICO
USR000665,2025-07,3177.23,3040.22,95.69,44.12,7.45,40.27,19.68,1,5,0.0,0.61,35.0,EM_RISCO,0.7601,renda_muito_comprometida|endividamento_alto|baixa_taxa_poupanca|sem_reserva_adequada,nenhum_relevante,SCORE_SINTETICO_V1,TRAIN,SINTETICO
USR000666,2025-07,1735.35,1350.75,77.84,0.0,18.0,51.08,41.19,5,9,0.0,8.84,90.0,SAUDAVEL,0.7522,renda_comprometida|gastos_nao_essenciais_altos,baixo_endividamento|boa_taxa_poupanca|reserva_robusta,SCORE_SINTETICO_V1,TRAIN,SINTETICO
USR000667,2025-07,6247.19,5551.62,88.87,44.81,9.6,49.33,0.0,4,5,0.0,2.37,50.0,EM_OBSERVACAO,0.6057,renda_muito_comprometida|endividamento_alto|reserva_baixa,poupanca_regular,SCORE_SINTETICO_V1,TRAIN,SINTETICO
USR000668,2025-07,5758.83,4070.56,70.68,27.98,7.89,16.93,23.4,1,5,0.0,2.52,65.0,EM_OBSERVACAO,0.7197,renda_comprometida|endividamento_moderado|baixa_taxa_poupanca|reserva_baixa,nenhum_relevante,SCORE_SINTETICO_V1,TRAIN,SINTETICO
USR000669,2025-07,1910.35,1856.78,97.2,21.17,10.44,78.27,21.73,2,5,0.0,3.31,69.0,EM_OBSERVACAO,0.6383,renda_muito_comprometida|endividamento_moderado,poupanca_regular|reserva_adequada,SCORE_SINTETICO_V1,TRAIN,SINTETICO
USR000670,2025-07,3434.71,3085.49,89.83,41.08,8.32,29.46,59.04,3,7,0.0,1.03,40.0,EM_RISCO,0.7247,renda_muito_comprometida|endividamento_alto|reserva_baixa|gastos_nao_essenciais_altos,poupanca_regular,SCORE_SINTETICO_V1,TRAIN,SINTETICO
USR000671,2025-07,3760.99,3039.95,80.83,51.93,7.15,51.9,22.99,6,14,0.0,1.3,54.0,EM_OBSERVACAO,0.6016,renda_comprometida|endividamento_alto|baixa_taxa_poupanca|reserva_baixa,nenhum_relevante,SCORE_SINTETICO_V1,TRAIN,SINTETICO
USR000672,2025-07,2291.58,2212.87,96.57,21.54,10.47,72.94,12.74,5,10,0.0,4.34,69.0,EM_OBSERVACAO,0.6665,renda_muito_comprometida|endividamento_moderado,poupanca_regular|reserva_adequada,SCORE_SINTETICO_V1,TRAIN,SINTETICO
USR000673,2025-07,4895.14,4604.65,94.07,48.11,3.15,66.22,16.95,2,6,0.0,0.05,35.0,EM_RISCO,0.8137,renda_muito_comprometida|endividamento_alto|baixa_taxa_poupanca|sem_reserva_adequada,nenhum_relevante,SCORE_SINTETICO_V1,TRAIN,SINTETICO
USR000674,2025-07,4680.48,4150.19,88.67,29.96,9.12,2.61,65.73,1,8,0.0,4.94,59.0,EM_OBSERVACAO,0.6812,renda_muito_comprometida|endividamento_moderado|gastos_nao_essenciais_altos,poupanca_regular|reserva_adequada,SCORE_SINTETICO_V1,VALIDATION,SINTETICO
USR000675,2025-07,6081.22,6010.72,98.84,25.09,6.69,52.4,5.25,6,10,0.0,1.26,53.0,EM_OBSERVACAO,0.6605,renda_muito_comprometida|endividamento_moderado|baixa_taxa_poupanca|reserva_baixa,nenhum_relevante,SCORE_SINTETICO_V1,VALIDATION,SINTETICO
USR000676,2025-07,1752.39,1116.39,63.71,27.54,16.73,43.13,56.87,3,4,0.0,7.21,91.0,SAUDAVEL,0.7977,endividamento_moderado|gastos_nao_essenciais_altos,despesas_controladas|boa_taxa_poupanca|reserva_robusta,SCORE_SINTETICO_V1,VALIDATION,SINTETICO
USR000677,2025-07,10672.45,9658.86,90.5,41.81,7.1,56.77,4.36,2,6,0.0,0.88,35.0,EM_RISCO,0.8408,renda_muito_comprometida|endividamento_alto|baixa_taxa_poupanca|sem_reserva_adequada,nenhum_relevante,SCORE_SINTETICO_V1,TEST,SINTETICO
USR000678,2025-07,2743.38,3202.14,116.72,67.88,3.17,50.98,49.02,1,5,0.0,0.74,2.0,EM_RISCO,0.9292,despesas_acima_da_renda|endividamento_muito_alto|baixa_taxa_poupanca|sem_reserva_adequada|gastos_nao_essenciais_altos,nenhum_relevante,SCORE_SINTETICO_V1,TEST,SINTETICO
USR000679,2025-07,6403.79,6249.33,97.59,25.43,7.68,27.72,72.28,3,7,0.0,7.75,56.0,EM_OBSERVACAO,0.6464,renda_muito_comprometida|endividamento_moderado|baixa_taxa_poupanca|gastos_nao_essenciais_altos,reserva_robusta,SCORE_SINTETICO_V1,TEST,SINTETICO
USR000680,2025-07,2580.5,2252.13,87.28,38.42,3.38,23.87,0.0,3,5,0.0,4.33,61.0,EM_OBSERVACAO,0.7223,renda_muito_comprometida|endividamento_moderado|baixa_taxa_poupanca,reserva_adequada,SCORE_SINTETICO_V1,TRAIN,SINTETICO
USR000681,2025-07,16283.96,18235.28,111.98,65.63,2.33,30.34,30.5,2,5,0.0,0.63,0.0,EM_RISCO,0.913,despesas_acima_da_renda|endividamento_muito_alto|poupanca_insuficiente|sem_reserva_adequada|gastos_nao_essenciais_em_atencao,nenhum_relevante,SCORE_SINTETICO_V1,TRAIN,SINTETICO
USR000682,2025-07,7526.65,7663.74,101.82,69.61,0.24,47.48,37.79,3,5,0.0,0.92,0.0,EM_RISCO,0.913,despesas_acima_da_renda|endividamento_muito_alto|poupanca_insuficiente|sem_reserva_adequada|gastos_nao_essenciais_altos,nenhum_relevante,SCORE_SINTETICO_V1,TRAIN,SINTETICO
USR000683,2025-07,2728.89,2820.42,103.35,70.16,0.65,72.88,7.77,4,6,0.0,0.05,5.0,EM_RISCO,0.9101,despesas_acima_da_renda|endividamento_muito_alto|poupanca_insuficiente|sem_reserva_adequada,nenhum_relevante,SCORE_SINTETICO_V1,TRAIN,SINTETICO
USR000684,2025-07,3908.25,3299.09,84.41,29.18,9.6,22.61,26.74,1,4,0.0,1.39,68.0,EM_OBSERVACAO,0.7001,renda_comprometida|endividamento_moderado|reserva_baixa|gastos_nao_essenciais_em_atencao,poupanca_regular,SCORE_SINTETICO_V1,TRAIN,SINTETICO
USR000685,2025-07,2731.56,2905.15,106.36,71.09,2.09,55.42,35.29,4,7,0.0,0.85,0.0,EM_RISCO,0.9409,despesas_acima_da_renda|endividamento_muito_alto|poupanca_insuficiente|sem_reserva_adequada|gastos_nao_essenciais_altos,nenhum_relevante,SCORE_SINTETICO_V1,TRAIN,SINTETICO
USR000686,2025-07,5748.26,3969.26,69.05,19.35,19.73,50.01,15.42,3,7,0.0,12.83,100.0,SAUDAVEL,0.9363,nenhum_relevante,despesas_controladas|baixo_endividamento|boa_taxa_poupanca|reserva_robusta,SCORE_SINTETICO_V1,TRAIN,SINTETICO
USR000687,2025-07,7310.96,6124.55,83.77,51.99,5.83,35.1,39.85,4,10,0.0,1.33,44.0,EM_RISCO,0.6007,renda_comprometida|endividamento_alto|baixa_taxa_poupanca|reserva_baixa|gastos_nao_essenciais_altos,nenhum_relevante,SCORE_SINTETICO_V1,TRAIN,SINTETICO
USR000688,2025-07,4865.54,3593.27,73.85,5.98,11.53,39.42,28.64,2,9,0.0,9.67,90.0,SAUDAVEL,0.7869,renda_comprometida|gastos_nao_essenciais_em_atencao,baixo_endividamento|poupanca_regular|reserva_robusta,SCORE_SINTETICO_V1,TRAIN,SINTETICO
USR000689,2025-07,2931.17,3048.29,104.0,41.25,3.58,20.94,44.22,3,10,0.0,2.13,19.0,EM_RISCO,0.91,despesas_acima_da_renda|endividamento_alto|baixa_taxa_poupanca|reserva_baixa|gastos_nao_essenciais_altos,nenhum_relevante,SCORE_SINTETICO_V1,TRAIN,SINTETICO
USR000690,2025-07,16642.03,16541.68,99.4,38.12,9.77,32.93,10.27,2,4,0.0,1.22,61.0,EM_OBSERVACAO,0.7545,renda_muito_comprometida|endividamento_moderado|reserva_baixa,poupanca_regular,SCORE_SINTETICO_V1,TRAIN,SINTETICO
USR000691,2025-07,1761.6,1200.49,68.15,14.66,19.41,68.84,12.28,4,8,0.0,12.78,100.0,SAUDAVEL,0.98,nenhum_relevante,despesas_controladas|baixo_endividamento|boa_taxa_poupanca|reserva_robusta,SCORE_SINTETICO_V1,TRAIN,SINTETICO
USR000692,2025-07,9136.16,6374.98,69.78,33.39,8.74,56.1,43.9,1,4,0.0,1.66,73.0,EM_OBSERVACAO,0.6078,endividamento_moderado|reserva_baixa|gastos_nao_essenciais_altos,despesas_controladas|poupanca_regular,SCORE_SINTETICO_V1,TRAIN,SINTETICO
USR000693,2025-07,6026.47,6412.85,106.41,77.9,0.81,69.81,0.43,5,11,0.0,0.1,5.0,EM_RISCO,0.9056,despesas_acima_da_renda|endividamento_muito_alto|poupanca_insuficiente|sem_reserva_adequada,nenhum_relevante,SCORE_SINTETICO_V1,TRAIN,SINTETICO
USR000694,2025-07,3443.83,2788.5,80.97,38.08,3.35,88.14,11.09,4,8,0.0,2.42,65.0,EM_OBSERVACAO,0.7702,renda_comprometida|endividamento_moderado|baixa_taxa_poupanca|reserva_baixa,nenhum_relevante,SCORE_SINTETICO_V1,VALIDATION,SINTETICO
USR000695,2025-07,2893.94,1922.16,66.42,13.07,18.82,22.98,11.51,1,6,0.0,23.53,100.0,SAUDAVEL,0.98,nenhum_relevante,despesas_controladas|baixo_endividamento|boa_taxa_poupanca|reserva_robusta,SCORE_SINTETICO_V1,VALIDATION,SINTETICO
USR000696,2025-07,6261.92,6114.12,97.64,19.5,10.54,20.25,0.0,2,7,0.0,5.24,78.0,SAUDAVEL,0.6553,renda_muito_comprometida,baixo_endividamento|poupanca_regular|reserva_adequada,SCORE_SINTETICO_V1,VALIDATION,SINTETICO
USR000697,2025-07,3566.31,3933.14,110.29,59.45,2.73,91.81,8.19,2,4,0.0,0.48,15.0,EM_RISCO,0.913,despesas_acima_da_renda|endividamento_alto|poupanca_insuficiente|sem_reserva_adequada,nenhum_relevante,SCORE_SINTETICO_V1,TEST,SINTETICO
USR000698,2025-07,6048.34,3206.45,53.01,18.33,14.66,17.2,27.12,2,6,0.0,15.45,100.0,SAUDAVEL,0.9646,gastos_nao_essenciais_em_atencao,despesas_controladas|baixo_endividamento|poupanca_regular|reserva_robusta,SCORE_SINTETICO_V1,TEST,SINTETICO
USR000699,2025-07,4806.15,4865.63,101.24,53.21,2.49,31.84,60.78,1,6,0.0,0.41,5.0,EM_RISCO,0.9544,despesas_acima_da_renda|endividamento_alto|poupanca_insuficiente|sem_reserva_adequada|gastos_nao_essenciais_altos,nenhum_relevante,SCORE_SINTETICO_V1,TEST,SINTETICO
USR000700,2025-07,3312.08,3075.71,92.86,24.98,4.23,31.69,68.31,2,5,0.0,2.94,43.0,EM_RISCO,0.6954,renda_muito_comprometida|endividamento_moderado|baixa_taxa_poupanca|reserva_baixa|gastos_nao_essenciais_altos,nenhum_relevante,SCORE_SINTETICO_V1,TRAIN,SINTETICO
USR000701,2025-07,6087.85,4585.61,75.32,29.76,18.87,53.99,46.01,2,7,0.0,18.39,81.0,SAUDAVEL,0.6313,renda_comprometida|endividamento_moderado|gastos_nao_essenciais_altos,boa_taxa_poupanca|reserva_robusta,SCORE_SINTETICO_V1,TRAIN,SINTETICO
USR000702,2025-07,5252.0,4479.4,85.29,35.11,10.21,84.36,0.3,5,7,0.0,2.24,61.0,EM_OBSERVACAO,0.7175,renda_muito_comprometida|endividamento_moderado|reserva_baixa,poupanca_regular,SCORE_SINTETICO_V1,TRAIN,SINTETICO
USR000703,2025-07,3343.67,2393.12,71.57,28.87,3.36,73.99,3.96,4,8,0.0,5.27,73.0,EM_OBSERVACAO,0.5856,renda_comprometida|endividamento_moderado|baixa_taxa_poupanca,reserva_adequada,SCORE_SINTETICO_V1,TRAIN,SINTETICO
USR000704,2025-07,5420.31,4655.43,85.89,28.67,10.85,41.1,35.65,2,11,0.0,3.56,59.0,EM_OBSERVACAO,0.7191,renda_muito_comprometida|endividamento_moderado|gastos_nao_essenciais_altos,poupanca_regular|reserva_adequada,SCORE_SINTETICO_V1,TRAIN,SINTETICO
USR000705,2025-07,8876.43,8188.77,92.25,23.64,5.71,35.94,29.15,3,7,0.0,1.45,48.0,EM_RISCO,0.6163,renda_muito_comprometida|endividamento_moderado|baixa_taxa_poupanca|reserva_baixa|gastos_nao_essenciais_em_atencao,nenhum_relevante,SCORE_SINTETICO_V1,TRAIN,SINTETICO
USR000706,2025-07,4224.91,3797.39,89.88,18.42,9.61,20.89,76.66,2,4,0.0,1.36,60.0,EM_OBSERVACAO,0.7446,renda_muito_comprometida|reserva_baixa|gastos_nao_essenciais_altos,baixo_endividamento|poupanca_regular,SCORE_SINTETICO_V1,TRAIN,SINTETICO
USR000707,2025-07,2828.42,1753.45,61.99,13.01,17.15,24.55,75.45,1,6,0.0,11.22,100.0,SAUDAVEL,0.8896,gastos_nao_essenciais_altos,despesas_controladas|baixo_endividamento|boa_taxa_poupanca|reserva_robusta,SCORE_SINTETICO_V1,TRAIN,SINTETICO
USR000708,2025-07,2198.83,2170.71,98.72,44.63,8.95,28.38,0.0,2,4,0.0,1.06,50.0,EM_OBSERVACAO,0.5767,renda_muito_comprometida|endividamento_alto|reserva_baixa,poupanca_regular,SCORE_SINTETICO_V1,TRAIN,SINTETICO
USR000709,2025-07,6276.62,6024.32,95.98,48.43,5.84,46.43,38.48,4,10,0.0,3.01,40.0,EM_RISCO,0.7082,renda_muito_comprometida|endividamento_alto|baixa_taxa_poupanca|gastos_nao_essenciais_altos,reserva_adequada,SCORE_SINTETICO_V1,TRAIN,SINTETICO
USR000710,2025-07,8853.57,7312.68,82.6,15.56,8.3,41.25,23.65,1,4,0.0,2.83,82.0,SAUDAVEL,0.6904,renda_comprometida|reserva_baixa,baixo_endividamento|poupanca_regular,SCORE_SINTETICO_V1,TRAIN,SINTETICO
USR000711,2025-07,2053.31,1417.45,69.03,16.89,18.39,22.7,30.93,4,7,0.0,20.16,100.0,SAUDAVEL,0.943,gastos_nao_essenciais_em_atencao,despesas_controladas|baixo_endividamento|boa_taxa_poupanca|reserva_robusta,SCORE_SINTETICO_V1,TRAIN,SINTETICO
USR000712,2025-07,5288.98,4896.51,92.58,30.43,10.46,44.1,29.98,4,10,0.0,4.04,64.0,EM_OBSERVACAO,0.6731,renda_muito_comprometida|endividamento_moderado|gastos_nao_essenciais_em_atencao,poupanca_regular|reserva_adequada,SCORE_SINTETICO_V1,TRAIN,SINTETICO
USR000713,2025-07,10452.9,11556.19,110.55,59.27,3.09,12.43,85.2,2,6,0.0,1.61,19.0,EM_RISCO,0.8546,despesas_acima_da_renda|endividamento_alto|baixa_taxa_poupanca|reserva_baixa|gastos_nao_essenciais_altos,nenhum_relevante,SCORE_SINTETICO_V1,TRAIN,SINTETICO
USR000714,2025-07,16008.81,10979.86,68.59,22.56,10.38,38.09,0.0,1,4,0.0,5.08,91.0,SAUDAVEL,0.8002,endividamento_moderado,despesas_controladas|poupanca_regular|reserva_adequada,SCORE_SINTETICO_V1,VALIDATION,SINTETICO
USR000715,2025-07,10363.91,7235.85,69.82,18.62,19.03,65.91,34.09,3,4,0.0,6.56,100.0,SAUDAVEL,0.9124,gastos_nao_essenciais_em_atencao,despesas_controladas|baixo_endividamento|boa_taxa_poupanca|reserva_robusta,SCORE_SINTETICO_V1,VALIDATION,SINTETICO
USR000716,2025-07,6872.17,3151.9,45.86,11.65,16.55,42.48,51.95,2,5,0.0,5.61,95.0,SAUDAVEL,0.82,gastos_nao_essenciais_altos,despesas_controladas|baixo_endividamento|boa_taxa_poupanca|reserva_adequada,SCORE_SINTETICO_V1,VALIDATION,SINTETICO
USR000717,2025-07,4863.21,4061.75,83.52,30.86,5.84,23.68,32.16,2,8,0.0,5.22,68.0,EM_OBSERVACAO,0.67,renda_comprometida|endividamento_moderado|baixa_taxa_poupanca|gastos_nao_essenciais_em_atencao,reserva_adequada,SCORE_SINTETICO_V1,TEST,SINTETICO
USR000718,2025-07,4239.1,3645.17,85.99,33.11,3.98,66.51,2.26,4,10,0.0,2.91,53.0,EM_OBSERVACAO,0.6351,renda_muito_comprometida|endividamento_moderado|baixa_taxa_poupanca|reserva_baixa,nenhum_relevante,SCORE_SINTETICO_V1,TEST,SINTETICO
USR000719,2025-07,5197.98,5274.85,101.48,49.79,2.73,8.98,54.38,2,7,0.0,0.96,5.0,EM_RISCO,0.9329,despesas_acima_da_renda|endividamento_alto|poupanca_insuficiente|sem_reserva_adequada|gastos_nao_essenciais_altos,nenhum_relevante,SCORE_SINTETICO_V1,TEST,SINTETICO
USR000720,2025-07,3066.06,2480.79,80.91,24.92,10.82,29.3,28.4,3,9,0.0,4.59,76.0,SAUDAVEL,0.6393,renda_comprometida|endividamento_moderado|gastos_nao_essenciais_em_atencao,poupanca_regular|reserva_adequada,SCORE_SINTETICO_V1,TRAIN,SINTETICO
USR000721,2025-07,2162.68,1958.83,90.57,18.88,10.98,29.83,8.67,1,7,0.0,2.64,70.0,EM_OBSERVACAO,0.6451,renda_muito_comprometida|reserva_baixa,baixo_endividamento|poupanca_regular,SCORE_SINTETICO_V1,TRAIN,SINTETICO
USR000722,2025-07,2074.13,1554.13,74.93,30.82,6.49,42.74,18.15,4,10,0.0,0.91,58.0,EM_OBSERVACAO,0.7201,renda_comprometida|endividamento_moderado|baixa_taxa_poupanca|sem_reserva_adequada,nenhum_relevante,SCORE_SINTETICO_V1,TRAIN,SINTETICO
USR000723,2025-07,5188.49,4391.77,84.64,43.8,6.4,48.68,24.24,3,10,0.0,0.85,47.0,EM_RISCO,0.6054,renda_comprometida|endividamento_alto|baixa_taxa_poupanca|sem_reserva_adequada,nenhum_relevante,SCORE_SINTETICO_V1,TRAIN,SINTETICO
USR000724,2025-07,6714.49,6765.56,100.76,61.81,1.25,71.39,3.09,3,9,0.0,0.65,5.0,EM_RISCO,0.9491,despesas_acima_da_renda|endividamento_muito_alto|poupanca_insuficiente|sem_reserva_adequada,nenhum_relevante,SCORE_SINTETICO_V1,TRAIN,SINTETICO
USR000725,2025-07,12473.01,6128.01,49.13,16.93,19.61,21.59,22.08,2,9,0.0,35.45,100.0,SAUDAVEL,0.9012,nenhum_relevante,despesas_controladas|baixo_endividamento|boa_taxa_poupanca|reserva_robusta,SCORE_SINTETICO_V1,TRAIN,SINTETICO
USR000726,2025-07,3387.01,3164.37,93.43,46.98,8.87,44.2,0.0,1,4,0.0,0.53,43.0,EM_RISCO,0.6377,renda_muito_comprometida|endividamento_alto|sem_reserva_adequada,poupanca_regular,SCORE_SINTETICO_V1,TRAIN,SINTETICO
USR000727,2025-07,4222.82,3898.28,92.31,28.94,3.44,64.91,2.36,5,10,0.0,1.04,53.0,EM_OBSERVACAO,0.6123,renda_muito_comprometida|endividamento_moderado|baixa_taxa_poupanca|reserva_baixa,nenhum_relevante,SCORE_SINTETICO_V1,TRAIN,SINTETICO
USR000728,2025-07,3656.64,3437.96,94.02,75.25,2.26,18.15,46.11,2,4,0.0,1.04,15.0,EM_RISCO,0.8818,renda_muito_comprometida|endividamento_muito_alto|poupanca_insuficiente|reserva_baixa|gastos_nao_essenciais_altos,nenhum_relevante,SCORE_SINTETICO_V1,TRAIN,SINTETICO
USR000729,2025-07,6569.33,4825.31,73.45,34.48,9.07,43.21,14.45,3,8,0.0,0.65,66.0,EM_OBSERVACAO,0.7314,renda_comprometida|endividamento_moderado|sem_reserva_adequada,poupanca_regular,SCORE_SINTETICO_V1,TRAIN,SINTETICO
USR000730,2025-07,4081.67,3360.35,82.33,46.98,1.42,66.4,6.04,2,5,0.0,0.07,40.0,EM_RISCO,0.703,renda_comprometida|endividamento_alto|poupanca_insuficiente|sem_reserva_adequada,nenhum_relevante,SCORE_SINTETICO_V1,TRAIN,SINTETICO
USR000731,2025-07,6970.32,4791.79,68.75,0.0,10.72,51.36,13.78,7,14,0.0,15.01,100.0,SAUDAVEL,0.9327,nenhum_relevante,despesas_controladas|baixo_endividamento|poupanca_regular|reserva_robusta,SCORE_SINTETICO_V1,TRAIN,SINTETICO
USR000732,2025-07,6244.67,3320.67,53.18,27.06,17.28,17.04,5.01,3,10,0.0,7.16,100.0,SAUDAVEL,0.9304,endividamento_moderado,despesas_controladas|boa_taxa_poupanca|reserva_robusta,SCORE_SINTETICO_V1,TRAIN,SINTETICO
USR000733,2025-07,4711.25,4556.67,96.72,39.71,0.1,40.1,0.0,2,4,0.0,0.78,39.0,EM_RISCO,0.7154,renda_muito_comprometida|endividamento_moderado|poupanca_insuficiente|sem_reserva_adequada,nenhum_relevante,SCORE_SINTETICO_V1,TRAIN,SINTETICO
USR000734,2025-07,2352.11,1631.13,69.35,20.87,21.5,34.08,26.13,2,5,0.0,12.18,96.0,SAUDAVEL,0.8578,endividamento_moderado|gastos_nao_essenciais_em_atencao,despesas_controladas|boa_taxa_poupanca|reserva_robusta,SCORE_SINTETICO_V1,VALIDATION,SINTETICO
USR000735,2025-07,3360.36,2410.9,71.75,0.72,18.49,32.0,49.9,6,13,0.0,6.63,90.0,SAUDAVEL,0.7558,renda_comprometida|gastos_nao_essenciais_altos,baixo_endividamento|boa_taxa_poupanca|reserva_robusta,SCORE_SINTETICO_V1,VALIDATION,SINTETICO
USR000736,2025-07,7204.86,7381.67,102.45,51.37,3.27,51.89,30.6,2,6,0.0,0.62,17.0,EM_RISCO,0.9796,despesas_acima_da_renda|endividamento_alto|baixa_taxa_poupanca|sem_reserva_adequada|gastos_nao_essenciais_em_atencao,nenhum_relevante,SCORE_SINTETICO_V1,VALIDATION,SINTETICO
USR000737,2025-07,5727.97,6834.31,119.31,59.07,3.36,73.25,26.75,2,4,0.0,0.29,17.0,EM_RISCO,0.9422,despesas_acima_da_renda|endividamento_alto|baixa_taxa_poupanca|sem_reserva_adequada|gastos_nao_essenciais_em_atencao,nenhum_relevante,SCORE_SINTETICO_V1,TEST,SINTETICO
USR000738,2025-07,7641.61,6290.85,82.32,22.39,3.74,62.93,22.84,2,4,0.0,1.73,65.0,EM_OBSERVACAO,0.6625,renda_comprometida|endividamento_moderado|baixa_taxa_poupanca|reserva_baixa,nenhum_relevante,SCORE_SINTETICO_V1,TEST,SINTETICO
USR000739,2025-07,1691.02,1430.23,84.58,41.97,7.05,23.76,61.11,4,9,0.0,5.36,52.0,EM_OBSERVACAO,0.6388,renda_comprometida|endividamento_alto|baixa_taxa_poupanca|gastos_nao_essenciais_altos,reserva_adequada,SCORE_SINTETICO_V1,TEST,SINTETICO
USR000740,2025-07,2539.69,2033.12,80.05,27.36,10.75,6.2,41.28,6,9,0.0,2.99,63.0,EM_OBSERVACAO,0.7266,renda_comprometida|endividamento_moderado|reserva_baixa|gastos_nao_essenciais_altos,poupanca_regular,SCORE_SINTETICO_V1,TRAIN,SINTETICO
USR000741,2025-07,14026.93,16239.75,115.78,34.54,2.44,47.83,23.99,2,5,0.0,0.39,26.0,EM_RISCO,0.9228,despesas_acima_da_renda|endividamento_moderado|poupanca_insuficiente|sem_reserva_adequada,nenhum_relevante,SCORE_SINTETICO_V1,TRAIN,SINTETICO
USR000742,2025-07,2866.58,2109.4,73.59,14.19,17.34,41.59,58.41,0,5,0.0,5.61,85.0,SAUDAVEL,0.6958,renda_comprometida|gastos_nao_essenciais_altos,baixo_endividamento|boa_taxa_poupanca|reserva_adequada,SCORE_SINTETICO_V1,TRAIN,SINTETICO
USR000743,2025-07,2098.74,1478.62,70.45,43.15,4.6,59.93,17.52,3,6,0.0,2.21,54.0,EM_OBSERVACAO,0.6623,renda_comprometida|endividamento_alto|baixa_taxa_poupanca|reserva_baixa,nenhum_relevante,SCORE_SINTETICO_V1,TRAIN,SINTETICO
USR000744,2025-07,7661.41,5361.12,69.98,30.13,3.56,48.42,20.71,3,7,0.0,1.7,75.0,SAUDAVEL,0.5803,endividamento_moderado|baixa_taxa_poupanca|reserva_baixa,despesas_controladas,SCORE_SINTETICO_V1,TRAIN,SINTETICO
USR000745,2025-07,3239.34,3173.13,97.96,29.11,7.81,49.16,15.99,3,7,0.0,3.55,61.0,EM_OBSERVACAO,0.7176,renda_muito_comprometida|endividamento_moderado|baixa_taxa_poupanca,reserva_adequada,SCORE_SINTETICO_V1,TRAIN,SINTETICO
USR000746,2025-07,5704.32,4619.82,80.99,28.05,7.82,58.49,38.19,3,10,0.0,6.31,68.0,EM_OBSERVACAO,0.6472,renda_comprometida|endividamento_moderado|baixa_taxa_poupanca|gastos_nao_essenciais_altos,reserva_robusta,SCORE_SINTETICO_V1,TRAIN,SINTETICO
USR000747,2025-07,1860.43,1612.66,86.68,40.68,9.72,56.95,1.37,4,8,0.0,4.42,58.0,EM_OBSERVACAO,0.7067,renda_muito_comprometida|endividamento_alto,poupanca_regular|reserva_adequada,SCORE_SINTETICO_V1,TRAIN,SINTETICO
USR000748,2025-07,2669.3,2421.38,90.71,38.11,6.98,51.71,43.61,4,6,0.0,1.08,43.0,EM_RISCO,0.7237,renda_muito_comprometida|endividamento_moderado|baixa_taxa_poupanca|reserva_baixa|gastos_nao_essenciais_altos,nenhum_relevante,SCORE_SINTETICO_V1,TRAIN,SINTETICO
USR000749,2025-07,8061.78,6386.55,79.22,45.19,7.24,37.63,55.9,1,5,0.0,1.32,44.0,EM_RISCO,0.6146,renda_comprometida|endividamento_alto|baixa_taxa_poupanca|reserva_baixa|gastos_nao_essenciais_altos,nenhum_relevante,SCORE_SINTETICO_V1,TRAIN,SINTETICO
USR000750,2025-07,5050.11,3748.39,74.22,0.0,19.29,58.86,0.0,4,8,0.0,16.85,100.0,SAUDAVEL,0.9442,renda_comprometida,baixo_endividamento|boa_taxa_poupanca|reserva_robusta,SCORE_SINTETICO_V1,TRAIN,SINTETICO
USR000751,2025-07,2915.76,1771.47,60.76,6.74,19.57,55.54,38.75,3,9,0.0,21.53,100.0,SAUDAVEL,0.9503,gastos_nao_essenciais_altos,despesas_controladas|baixo_endividamento|boa_taxa_poupanca|reserva_robusta,SCORE_SINTETICO_V1,TRAIN,SINTETICO
USR000752,2025-07,12546.09,8543.54,68.1,44.8,8.12,35.15,25.55,2,7,0.0,0.97,60.0,EM_OBSERVACAO,0.7387,endividamento_alto|sem_reserva_adequada|gastos_nao_essenciais_em_atencao,despesas_controladas|poupanca_regular,SCORE_SINTETICO_V1,TRAIN,SINTETICO
USR000753,2025-07,4735.16,3808.05,80.42,27.42,4.34,52.63,13.31,6,8,0.0,1.01,65.0,EM_OBSERVACAO,0.7002,renda_comprometida|endividamento_moderado|baixa_taxa_poupanca|reserva_baixa,nenhum_relevante,SCORE_SINTETICO_V1,TRAIN,SINTETICO
USR000754,2025-07,7323.04,4483.39,61.22,23.91,11.72,34.71,32.9,2,6,0.0,22.25,91.0,SAUDAVEL,0.8274,endividamento_moderado|gastos_nao_essenciais_em_atencao,despesas_controladas|poupanca_regular|reserva_robusta,SCORE_SINTETICO_V1,VALIDATION,SINTETICO
USR000755,2025-07,5352.25,3832.84,71.61,9.19,16.48,34.89,24.43,1,6,0.0,8.32,100.0,SAUDAVEL,0.9528,renda_comprometida,baixo_endividamento|boa_taxa_poupanca|reserva_robusta,SCORE_SINTETICO_V1,VALIDATION,SINTETICO
USR000756,2025-07,7730.57,4412.56,57.08,0.0,20.16,40.05,8.8,5,10,0.0,12.96,100.0,SAUDAVEL,0.9148,nenhum_relevante,despesas_controladas|baixo_endividamento|boa_taxa_poupanca|reserva_robusta,SCORE_SINTETICO_V1,VALIDATION,SINTETICO
USR000757,2025-07,2975.22,3274.2,110.05,60.92,1.81,47.56,52.44,3,6,0.0,0.79,0.0,EM_RISCO,0.9241,despesas_acima_da_renda|endividamento_muito_alto|poupanca_insuficiente|sem_reserva_adequada|gastos_nao_essenciais_altos,nenhum_relevante,SCORE_SINTETICO_V1,TEST,SINTETICO
USR000758,2025-07,3116.3,2508.95,80.51,14.76,15.85,62.95,31.8,5,7,0.0,11.36,95.0,SAUDAVEL,0.8942,renda_comprometida|gastos_nao_essenciais_em_atencao,baixo_endividamento|boa_taxa_poupanca|reserva_robusta,SCORE_SINTETICO_V1,TEST,SINTETICO
USR000759,2025-07,2393.52,2382.84,99.55,78.12,0.52,44.68,11.29,6,13,0.0,0.03,18.0,EM_RISCO,0.9361,renda_muito_comprometida|endividamento_muito_alto|poupanca_insuficiente|sem_reserva_adequada,nenhum_relevante,SCORE_SINTETICO_V1,TEST,SINTETICO
USR000760,2025-07,11747.95,12148.87,103.41,80.9,0.34,59.32,40.68,3,6,0.0,0.63,0.0,EM_RISCO,0.9371,despesas_acima_da_renda|endividamento_muito_alto|poupanca_insuficiente|sem_reserva_adequada|gastos_nao_essenciais_altos,nenhum_relevante,SCORE_SINTETICO_V1,TRAIN,SINTETICO
USR000761,2025-07,5490.5,4196.0,76.42,49.02,6.96,29.92,0.0,3,5,0.0,6.4,67.0,EM_OBSERVACAO,0.6789,renda_comprometida|endividamento_alto|baixa_taxa_poupanca,reserva_robusta,SCORE_SINTETICO_V1,TRAIN,SINTETICO
USR000762,2025-07,3757.69,3393.66,90.31,32.1,6.41,44.9,44.87,3,6,0.0,2.97,43.0,EM_RISCO,0.6562,renda_muito_comprometida|endividamento_moderado|baixa_taxa_poupanca|reserva_baixa|gastos_nao_essenciais_altos,nenhum_relevante,SCORE_SINTETICO_V1,TRAIN,SINTETICO
USR000763,2025-07,3000.63,2593.41,86.43,26.66,5.98,23.78,53.93,2,8,0.0,2.36,43.0,EM_RISCO,0.6787,renda_muito_comprometida|endividamento_moderado|baixa_taxa_poupanca|reserva_baixa|gastos_nao_essenciais_altos,nenhum_relevante,SCORE_SINTETICO_V1,TRAIN,SINTETICO
USR000764,2025-07,4264.97,3285.49,77.03,26.38,9.12,69.78,30.22,0,4,0.0,5.25,76.0,SAUDAVEL,0.5854,renda_comprometida|endividamento_moderado|gastos_nao_essenciais_em_atencao,poupanca_regular|reserva_adequada,SCORE_SINTETICO_V1,TRAIN,SINTETICO
USR000765,2025-07,4699.7,3531.09,75.13,30.26,6.8,81.14,18.86,1,5,0.0,2.59,65.0,EM_OBSERVACAO,0.7099,renda_comprometida|endividamento_moderado|baixa_taxa_poupanca|reserva_baixa,nenhum_relevante,SCORE_SINTETICO_V1,TRAIN,SINTETICO
USR000766,2025-07,3452.68,3042.48,88.12,22.98,9.33,58.81,30.2,2,4,0.0,2.64,56.0,EM_OBSERVACAO,0.6496,renda_muito_comprometida|endividamento_moderado|reserva_baixa|gastos_nao_essenciais_em_atencao,poupanca_regular,SCORE_SINTETICO_V1,TRAIN,SINTETICO
USR000767,2025-07,4509.19,3737.95,82.9,25.44,4.72,12.4,12.9,1,8,0.0,2.31,65.0,EM_OBSERVACAO,0.6958,renda_comprometida|endividamento_moderado|baixa_taxa_poupanca|reserva_baixa,nenhum_relevante,SCORE_SINTETICO_V1,TRAIN,SINTETICO
USR000768,2025-07,3241.72,2068.0,63.79,22.89,18.05,28.59,43.94,2,7,0.0,13.27,91.0,SAUDAVEL,0.8143,endividamento_moderado|gastos_nao_essenciais_altos,despesas_controladas|boa_taxa_poupanca|reserva_robusta,SCORE_SINTETICO_V1,TRAIN,SINTETICO
USR000769,2025-07,2986.25,2076.59,69.54,13.35,18.53,40.33,42.94,3,6,0.0,14.66,100.0,SAUDAVEL,0.9507,gastos_nao_essenciais_altos,despesas_controladas|baixo_endividamento|boa_taxa_poupanca|reserva_robusta,SCORE_SINTETICO_V1,TRAIN,SINTETICO
USR000770,2025-07,3265.46,2484.87,76.1,14.2,4.8,64.74,35.26,3,4,0.0,1.54,64.0,EM_OBSERVACAO,0.7458,renda_comprometida|baixa_taxa_poupanca|reserva_baixa|gastos_nao_essenciais_altos,baixo_endividamento,SCORE_SINTETICO_V1,TRAIN,SINTETICO
USR000771,2025-07,9027.34,5566.81,61.67,1.97,13.37,69.76,20.62,5,9,0.0,6.84,100.0,SAUDAVEL,0.9746,nenhum_relevante,despesas_controladas|baixo_endividamento|poupanca_regular|reserva_robusta,SCORE_SINTETICO_V1,TRAIN,SINTETICO
USR000772,2025-07,2110.84,1283.11,60.79,23.72,20.23,22.62,29.38,3,12,0.0,7.77,96.0,SAUDAVEL,0.8698,endividamento_moderado|gastos_nao_essenciais_em_atencao,despesas_controladas|boa_taxa_poupanca|reserva_robusta,SCORE_SINTETICO_V1,TRAIN,SINTETICO
USR000773,2025-07,2917.51,3140.94,107.66,84.44,1.78,25.38,74.62,2,7,0.0,1.89,2.0,EM_RISCO,0.9489,despesas_acima_da_renda|endividamento_muito_alto|poupanca_insuficiente|reserva_baixa|gastos_nao_essenciais_altos,nenhum_relevante,SCORE_SINTETICO_V1,TRAIN,SINTETICO
USR000774,2025-07,1945.67,1927.55,99.07,33.65,3.14,72.06,0.0,3,4,0.0,1.07,53.0,EM_OBSERVACAO,0.6353,renda_muito_comprometida|endividamento_moderado|baixa_taxa_poupanca|reserva_baixa,nenhum_relevante,SCORE_SINTETICO_V1,VALIDATION,SINTETICO
USR000775,2025-07,1869.81,1418.88,75.88,24.6,14.49,60.01,13.4,2,7,0.0,15.43,86.0,SAUDAVEL,0.7334,renda_comprometida|endividamento_moderado,poupanca_regular|reserva_robusta,SCORE_SINTETICO_V1,VALIDATION,SINTETICO
USR000776,2025-07,4705.63,4708.48,100.06,43.36,1.85,92.49,7.51,2,4,0.0,0.95,15.0,EM_RISCO,0.9462,despesas_acima_da_renda|endividamento_alto|poupanca_insuficiente|sem_reserva_adequada,nenhum_relevante,SCORE_SINTETICO_V1,VALIDATION,SINTETICO
USR000777,2025-07,9243.74,8824.67,95.47,48.87,0.02,89.21,5.89,3,6,0.0,0.77,28.0,EM_RISCO,0.8798,renda_muito_comprometida|endividamento_alto|poupanca_insuficiente|sem_reserva_adequada,nenhum_relevante,SCORE_SINTETICO_V1,TEST,SINTETICO
USR000778,2025-07,6002.75,4466.57,74.41,51.32,5.5,28.71,71.29,1,7,0.0,1.44,44.0,EM_RISCO,0.6803,renda_comprometida|endividamento_alto|baixa_taxa_poupanca|reserva_baixa|gastos_nao_essenciais_altos,nenhum_relevante,SCORE_SINTETICO_V1,TEST,SINTETICO
USR000779,2025-07,5300.7,2936.76,55.4,15.27,21.54,31.88,13.89,2,4,0.0,12.11,100.0,SAUDAVEL,0.8756,nenhum_relevante,despesas_controladas|baixo_endividamento|boa_taxa_poupanca|reserva_robusta,SCORE_SINTETICO_V1,TEST,SINTETICO
USR000780,2025-07,4302.9,3193.19,74.21,0.75,17.77,69.5,10.17,4,9,0.0,11.18,100.0,SAUDAVEL,0.8986,renda_comprometida,baixo_endividamento|boa_taxa_poupanca|reserva_robusta,SCORE_SINTETICO_V1,TRAIN,SINTETICO
USR000781,2025-07,7163.46,8013.47,111.87,62.99,1.6,44.92,20.54,4,8,0.0,0.58,5.0,EM_RISCO,0.938,despesas_acima_da_renda|endividamento_muito_alto|poupanca_insuficiente|sem_reserva_adequada,nenhum_relevante,SCORE_SINTETICO_V1,TRAIN,SINTETICO
USR000782,2025-07,1765.58,1764.85,99.96,24.01,5.68,92.53,4.62,3,7,0.0,3.55,61.0,EM_OBSERVACAO,0.7116,renda_muito_comprometida|endividamento_moderado|baixa_taxa_poupanca,reserva_adequada,SCORE_SINTETICO_V1,TRAIN,SINTETICO
USR000783,2025-07,2670.26,1773.21,66.41,10.63,18.72,50.66,49.34,2,6,0.0,19.13,100.0,SAUDAVEL,0.9436,gastos_nao_essenciais_altos,despesas_controladas|baixo_endividamento|boa_taxa_poupanca|reserva_robusta,SCORE_SINTETICO_V1,TRAIN,SINTETICO
USR000784,2025-07,3904.76,3681.21,94.28,43.14,8.68,53.18,33.98,6,11,0.0,2.81,45.0,EM_RISCO,0.6356,renda_muito_comprometida|endividamento_alto|reserva_baixa|gastos_nao_essenciais_em_atencao,poupanca_regular,SCORE_SINTETICO_V1,TRAIN,SINTETICO
USR000785,2025-07,2573.38,2531.6,98.38,29.26,9.4,53.2,46.8,4,8,0.0,0.95,44.0,EM_RISCO,0.6552,renda_muito_comprometida|endividamento_moderado|sem_reserva_adequada|gastos_nao_essenciais_altos,poupanca_regular,SCORE_SINTETICO_V1,TRAIN,SINTETICO
USR000786,2025-07,3006.84,2254.87,74.99,8.16,20.12,24.19,75.81,4,9,0.0,9.93,90.0,SAUDAVEL,0.7577,renda_comprometida|gastos_nao_essenciais_altos,baixo_endividamento|boa_taxa_poupanca|reserva_robusta,SCORE_SINTETICO_V1,TRAIN,SINTETICO
USR000787,2025-07,3524.59,3674.21,104.25,44.82,0.32,66.52,21.37,6,9,0.0,0.87,15.0,EM_RISCO,0.9792,despesas_acima_da_renda|endividamento_alto|poupanca_insuficiente|sem_reserva_adequada,nenhum_relevante,SCORE_SINTETICO_V1,TRAIN,SINTETICO
USR000788,2025-07,7814.62,6291.73,80.51,40.96,3.86,42.59,29.01,3,8,0.0,3.78,57.0,EM_OBSERVACAO,0.6517,renda_comprometida|endividamento_alto|baixa_taxa_poupanca|gastos_nao_essenciais_em_atencao,reserva_adequada,SCORE_SINTETICO_V1,TRAIN,SINTETICO
USR000789,2025-07,4459.59,3441.73,77.18,43.77,10.46,65.85,23.18,3,7,0.0,3.02,70.0,EM_OBSERVACAO,0.6647,renda_comprometida|endividamento_alto,poupanca_regular|reserva_adequada,SCORE_SINTETICO_V1,TRAIN,SINTETICO
USR000790,2025-07,6534.01,6610.78,101.17,49.35,2.94,65.39,19.04,6,10,0.0,1.08,22.0,EM_RISCO,0.943,despesas_acima_da_renda|endividamento_alto|poupanca_insuficiente|reserva_baixa,nenhum_relevante,SCORE_SINTETICO_V1,TRAIN,SINTETICO
USR000791,2025-07,4613.39,4212.68,91.31,50.86,4.59,69.36,17.49,2,7,0.0,4.17,50.0,EM_OBSERVACAO,0.55,renda_muito_comprometida|endividamento_alto|baixa_taxa_poupanca,reserva_adequada,SCORE_SINTETICO_V1,TRAIN,SINTETICO
USR000792,2025-07,5367.83,4011.37,74.73,26.45,16.97,11.85,21.83,2,12,0.0,8.45,91.0,SAUDAVEL,0.8382,renda_comprometida|endividamento_moderado,boa_taxa_poupanca|reserva_robusta,SCORE_SINTETICO_V1,TRAIN,SINTETICO
USR000793,2025-07,2354.99,2309.79,98.08,21.39,8.13,77.67,12.56,3,6,0.0,1.64,61.0,EM_OBSERVACAO,0.6978,renda_muito_comprometida|endividamento_moderado|reserva_baixa,poupanca_regular,SCORE_SINTETICO_V1,TRAIN,SINTETICO
USR000794,2025-07,6254.15,4794.86,76.67,40.58,4.16,85.35,5.97,4,6,0.0,0.66,47.0,EM_RISCO,0.6274,renda_comprometida|endividamento_alto|baixa_taxa_poupanca|sem_reserva_adequada,nenhum_relevante,SCORE_SINTETICO_V1,VALIDATION,SINTETICO
USR000795,2025-07,5740.75,4527.92,78.87,36.78,3.38,53.23,4.48,4,7,0.0,0.56,58.0,EM_OBSERVACAO,0.6854,renda_comprometida|endividamento_moderado|baixa_taxa_poupanca|sem_reserva_adequada,nenhum_relevante,SCORE_SINTETICO_V1,VALIDATION,SINTETICO
USR000796,2025-07,3865.09,3183.4,82.36,18.68,4.72,40.21,59.79,2,4,0.0,0.78,57.0,EM_OBSERVACAO,0.6879,renda_comprometida|baixa_taxa_poupanca|sem_reserva_adequada|gastos_nao_essenciais_altos,baixo_endividamento,SCORE_SINTETICO_V1,VALIDATION,SINTETICO
USR000797,2025-07,3254.85,2775.72,85.28,24.45,3.42,54.86,14.37,5,13,0.0,1.23,53.0,EM_OBSERVACAO,0.6487,renda_muito_comprometida|endividamento_moderado|baixa_taxa_poupanca|reserva_baixa,nenhum_relevante,SCORE_SINTETICO_V1,TEST,SINTETICO
USR000798,2025-07,15936.09,14911.4,93.57,58.95,0.54,54.12,43.57,5,9,0.0,0.58,18.0,EM_RISCO,0.9157,renda_muito_comprometida|endividamento_alto|poupanca_insuficiente|sem_reserva_adequada|gastos_nao_essenciais_altos,nenhum_relevante,SCORE_SINTETICO_V1,TEST,SINTETICO
USR000799,2025-07,3025.47,1854.77,61.31,15.87,18.56,28.19,35.36,7,10,0.0,13.49,100.0,SAUDAVEL,0.935,gastos_nao_essenciais_altos,despesas_controladas|baixo_endividamento|boa_taxa_poupanca|reserva_robusta,SCORE_SINTETICO_V1,TEST,SINTETICO
USR000800,2025-07,1648.69,1351.21,81.96,32.18,8.54,64.26,0.0,2,6,0.0,2.58,73.0,EM_OBSERVACAO,0.6187,renda_comprometida|endividamento_moderado|reserva_baixa,poupanca_regular,SCORE_SINTETICO_V1,TRAIN,SINTETICO
USR000801,2025-07,6959.94,5077.32,72.95,8.57,18.13,52.13,21.14,2,7,0.0,7.06,100.0,SAUDAVEL,0.9626,renda_comprometida,baixo_endividamento|boa_taxa_poupanca|reserva_robusta,SCORE_SINTETICO_V1,TRAIN,SINTETICO
USR000802,2025-07,3470.16,3397.2,97.9,30.2,7.18,20.71,11.67,2,7,0.0,2.87,53.0,EM_OBSERVACAO,0.5987,renda_muito_comprometida|endividamento_moderado|baixa_taxa_poupanca|reserva_baixa,nenhum_relevante,SCORE_SINTETICO_V1,TRAIN,SINTETICO
USR000803,2025-07,3749.03,3355.84,89.51,19.02,3.33,29.49,4.88,1,7,0.0,3.49,70.0,EM_OBSERVACAO,0.6184,renda_muito_comprometida|baixa_taxa_poupanca,baixo_endividamento|reserva_adequada,SCORE_SINTETICO_V1,TRAIN,SINTETICO
USR000804,2025-07,3019.91,3104.6,102.8,70.5,0.17,39.22,55.36,5,9,0.0,1.01,2.0,EM_RISCO,0.98,despesas_acima_da_renda|endividamento_muito_alto|poupanca_insuficiente|reserva_baixa|gastos_nao_essenciais_altos,nenhum_relevante,SCORE_SINTETICO_V1,TRAIN,SINTETICO
USR000805,2025-07,3621.39,3804.05,105.04,69.64,1.39,70.6,9.88,4,6,0.0,0.73,5.0,EM_RISCO,0.897,despesas_acima_da_renda|endividamento_muito_alto|poupanca_insuficiente|sem_reserva_adequada,nenhum_relevante,SCORE_SINTETICO_V1,TRAIN,SINTETICO
USR000806,2025-07,3139.51,2971.14,94.64,34.32,9.77,67.19,6.23,2,5,0.0,5.49,69.0,EM_OBSERVACAO,0.659,renda_muito_comprometida|endividamento_moderado,poupanca_regular|reserva_adequada,SCORE_SINTETICO_V1,TRAIN,SINTETICO
USR000807,2025-07,4670.78,2773.28,59.38,7.55,16.32,74.98,19.09,5,10,0.0,18.28,100.0,SAUDAVEL,0.9775,nenhum_relevante,despesas_controladas|baixo_endividamento|boa_taxa_poupanca|reserva_robusta,SCORE_SINTETICO_V1,TRAIN,SINTETICO
USR000808,2025-07,8474.44,5901.96,69.64,13.03,18.64,34.74,0.0,1,4,0.0,20.68,100.0,SAUDAVEL,0.9103,nenhum_relevante,despesas_controladas|baixo_endividamento|boa_taxa_poupanca|reserva_robusta,SCORE_SINTETICO_V1,TRAIN,SINTETICO
USR000809,2025-07,3663.04,3272.4,89.34,41.12,3.88,71.97,0.0,3,6,0.0,2.35,42.0,EM_RISCO,0.6847,renda_muito_comprometida|endividamento_alto|baixa_taxa_poupanca|reserva_baixa,nenhum_relevante,SCORE_SINTETICO_V1,TRAIN,SINTETICO
USR000810,2025-07,3631.77,2904.81,79.98,29.19,9.08,70.36,3.02,2,7,0.0,1.16,73.0,EM_OBSERVACAO,0.5814,renda_comprometida|endividamento_moderado|reserva_baixa,poupanca_regular,SCORE_SINTETICO_V1,TRAIN,SINTETICO
USR000811,2025-07,6613.51,4168.07,63.02,6.49,17.67,54.81,19.43,3,5,0.0,11.81,100.0,SAUDAVEL,0.9326,nenhum_relevante,despesas_controladas|baixo_endividamento|boa_taxa_poupanca|reserva_robusta,SCORE_SINTETICO_V1,TRAIN,SINTETICO
USR000812,2025-07,7572.09,5389.95,71.18,42.26,8.87,90.1,7.63,2,7,0.0,3.9,70.0,EM_OBSERVACAO,0.6868,renda_comprometida|endividamento_alto,poupanca_regular|reserva_adequada,SCORE_SINTETICO_V1,TRAIN,SINTETICO
USR000813,2025-07,5878.82,4429.06,75.34,0.0,19.87,27.43,62.48,2,8,0.0,6.92,90.0,SAUDAVEL,0.8673,renda_comprometida|gastos_nao_essenciais_altos,baixo_endividamento|boa_taxa_poupanca|reserva_robusta,SCORE_SINTETICO_V1,TRAIN,SINTETICO
USR000814,2025-07,2734.46,2020.94,73.91,11.94,15.52,14.75,47.22,3,9,0.0,12.72,90.0,SAUDAVEL,0.7512,renda_comprometida|gastos_nao_essenciais_altos,baixo_endividamento|boa_taxa_poupanca|reserva_robusta,SCORE_SINTETICO_V1,VALIDATION,SINTETICO
USR000815,2025-07,4909.53,3847.9,78.38,28.33,6.63,76.46,0.0,7,10,0.0,2.35,65.0,EM_OBSERVACAO,0.7352,renda_comprometida|endividamento_moderado|baixa_taxa_poupanca|reserva_baixa,nenhum_relevante,SCORE_SINTETICO_V1,VALIDATION,SINTETICO
USR000816,2025-07,7418.51,6098.76,82.21,21.25,5.88,81.61,8.71,4,7,0.0,2.16,65.0,EM_OBSERVACAO,0.7661,renda_comprometida|endividamento_moderado|baixa_taxa_poupanca|reserva_baixa,nenhum_relevante,SCORE_SINTETICO_V1,VALIDATION,SINTETICO
USR000817,2025-07,3576.84,2517.86,70.39,21.53,15.48,42.35,21.94,4,9,0.0,10.87,91.0,SAUDAVEL,0.7939,renda_comprometida|endividamento_moderado,boa_taxa_poupanca|reserva_robusta,SCORE_SINTETICO_V1,TEST,SINTETICO
USR000818,2025-07,6340.49,5967.45,94.12,53.4,4.66,18.47,48.16,2,6,0.0,1.37,32.0,EM_RISCO,0.8055,renda_muito_comprometida|endividamento_alto|baixa_taxa_poupanca|reserva_baixa|gastos_nao_essenciais_altos,nenhum_relevante,SCORE_SINTETICO_V1,TEST,SINTETICO
USR000819,2025-07,6397.26,4658.01,72.81,0.0,11.38,83.55,5.16,4,6,0.0,5.57,90.0,SAUDAVEL,0.8242,renda_comprometida,baixo_endividamento|poupanca_regular|reserva_adequada,SCORE_SINTETICO_V1,TEST,SINTETICO
USR000820,2025-07,11574.52,9713.85,83.92,37.55,6.62,59.6,13.13,2,5,0.0,2.96,65.0,EM_OBSERVACAO,0.7339,renda_comprometida|endividamento_moderado|baixa_taxa_poupanca|reserva_baixa,nenhum_relevante,SCORE_SINTETICO_V1,TRAIN,SINTETICO
USR000821,2025-07,4086.31,2231.22,54.6,0.0,19.79,33.42,32.24,3,8,0.0,9.43,100.0,SAUDAVEL,0.9189,gastos_nao_essenciais_em_atencao,despesas_controladas|baixo_endividamento|boa_taxa_poupanca|reserva_robusta,SCORE_SINTETICO_V1,TRAIN,SINTETICO
USR000822,2025-07,6924.09,5882.47,84.96,25.23,5.55,43.09,26.94,1,8,0.0,2.59,60.0,EM_OBSERVACAO,0.7139,renda_comprometida|endividamento_moderado|baixa_taxa_poupanca|reserva_baixa|gastos_nao_essenciais_em_atencao,nenhum_relevante,SCORE_SINTETICO_V1,TRAIN,SINTETICO
USR000823,2025-07,5067.65,3877.92,76.52,22.06,6.9,51.51,43.39,4,10,0.0,1.06,55.0,EM_OBSERVACAO,0.62,renda_comprometida|endividamento_moderado|baixa_taxa_poupanca|reserva_baixa|gastos_nao_essenciais_altos,nenhum_relevante,SCORE_SINTETICO_V1,TRAIN,SINTETICO
USR000824,2025-07,5216.39,5851.06,112.17,53.88,1.08,67.03,11.71,5,11,0.0,0.69,15.0,EM_RISCO,0.8939,despesas_acima_da_renda|endividamento_alto|poupanca_insuficiente|sem_reserva_adequada,nenhum_relevante,SCORE_SINTETICO_V1,TRAIN,SINTETICO
USR000825,2025-07,5527.59,4232.4,76.57,5.42,20.73,68.79,13.25,1,6,0.0,6.67,100.0,SAUDAVEL,0.9652,renda_comprometida,baixo_endividamento|boa_taxa_poupanca|reserva_robusta,SCORE_SINTETICO_V1,TRAIN,SINTETICO
USR000826,2025-07,2775.39,2517.81,90.72,21.13,6.9,82.81,1.06,5,10,0.0,3.85,61.0,EM_OBSERVACAO,0.7534,renda_muito_comprometida|endividamento_moderado|baixa_taxa_poupanca,reserva_adequada,SCORE_SINTETICO_V1,TRAIN,SINTETICO
USR000827,2025-07,9890.85,6080.13,61.47,7.28,15.18,75.07,24.93,3,4,0.0,5.52,100.0,SAUDAVEL,0.9511,nenhum_relevante,despesas_controladas|baixo_endividamento|boa_taxa_poupanca|reserva_adequada,SCORE_SINTETICO_V1,TRAIN,SINTETICO
USR000828,2025-07,17139.38,9349.94,54.55,0.0,19.41,32.39,18.06,5,10,0.0,11.6,100.0,SAUDAVEL,0.9078,nenhum_relevante,despesas_controladas|baixo_endividamento|boa_taxa_poupanca|reserva_robusta,SCORE_SINTETICO_V1,TRAIN,SINTETICO
USR000829,2025-07,1507.04,1392.33,92.39,38.51,5.46,52.9,15.36,1,6,0.0,1.23,53.0,EM_OBSERVACAO,0.6378,renda_muito_comprometida|endividamento_moderado|baixa_taxa_poupanca|reserva_baixa,nenhum_relevante,SCORE_SINTETICO_V1,TRAIN,SINTETICO
USR000830,2025-07,3018.26,2025.3,67.1,22.3,12.88,43.59,29.05,8,11,0.0,7.96,91.0,SAUDAVEL,0.8277,endividamento_moderado|gastos_nao_essenciais_em_atencao,despesas_controladas|poupanca_regular|reserva_robusta,SCORE_SINTETICO_V1,TRAIN,SINTETICO
USR000831,2025-07,5423.41,3016.84,55.63,21.02,18.91,57.06,42.94,3,5,0.0,8.55,91.0,SAUDAVEL,0.8255,endividamento_moderado|gastos_nao_essenciais_altos,despesas_controladas|boa_taxa_poupanca|reserva_robusta,SCORE_SINTETICO_V1,TRAIN,SINTETICO
USR000832,2025-07,2465.83,2008.32,81.45,25.54,4.74,78.22,11.6,3,7,0.0,2.8,65.0,EM_OBSERVACAO,0.7217,renda_comprometida|endividamento_moderado|baixa_taxa_poupanca|reserva_baixa,nenhum_relevante,SCORE_SINTETICO_V1,TRAIN,SINTETICO
USR000833,2025-07,7172.68,8901.1,124.1,76.66,1.9,44.12,28.12,4,9,0.0,0.63,0.0,EM_RISCO,0.902,despesas_acima_da_renda|endividamento_muito_alto|poupanca_insuficiente|sem_reserva_adequada|gastos_nao_essenciais_em_atencao,nenhum_relevante,SCORE_SINTETICO_V1,TRAIN,SINTETICO
USR000834,2025-07,2325.68,1324.69,56.96,16.24,21.99,65.71,12.25,3,4,0.0,5.65,100.0,SAUDAVEL,0.8913,nenhum_relevante,despesas_controladas|baixo_endividamento|boa_taxa_poupanca|reserva_adequada,SCORE_SINTETICO_V1,VALIDATION,SINTETICO
USR000835,2025-07,8269.78,5507.15,66.59,8.62,19.13,76.43,0.43,4,7,0.0,9.52,100.0,SAUDAVEL,0.9354,nenhum_relevante,despesas_controladas|baixo_endividamento|boa_taxa_poupanca|reserva_robusta,SCORE_SINTETICO_V1,VALIDATION,SINTETICO
USR000836,2025-07,2391.8,1617.73,67.64,11.85,14.55,54.75,32.91,4,7,0.0,10.7,100.0,SAUDAVEL,0.9538,gastos_nao_essenciais_em_atencao,despesas_controladas|baixo_endividamento|poupanca_regular|reserva_robusta,SCORE_SINTETICO_V1,VALIDATION,SINTETICO
USR000837,2025-07,7363.94,6088.3,82.68,29.79,9.03,22.64,69.96,1,8,0.0,8.46,76.0,SAUDAVEL,0.5922,renda_comprometida|endividamento_moderado|gastos_nao_essenciais_altos,poupanca_regular|reserva_robusta,SCORE_SINTETICO_V1,TEST,SINTETICO
USR000838,2025-07,7133.92,5526.6,77.47,31.28,6.37,36.04,52.07,4,8,0.0,1.67,55.0,EM_OBSERVACAO,0.6502,renda_comprometida|endividamento_moderado|baixa_taxa_poupanca|reserva_baixa|gastos_nao_essenciais_altos,nenhum_relevante,SCORE_SINTETICO_V1,TEST,SINTETICO
USR000839,2025-07,10490.28,10613.54,101.17,28.81,9.75,63.53,0.0,5,7,0.0,3.17,56.0,EM_OBSERVACAO,0.6635,despesas_acima_da_renda|endividamento_moderado,poupanca_regular|reserva_adequada,SCORE_SINTETICO_V1,TEST,SINTETICO
USR000840,2025-07,2171.62,1798.39,82.81,36.47,6.1,44.76,9.27,3,6,0.0,2.5,65.0,EM_OBSERVACAO,0.676,renda_comprometida|endividamento_moderado|baixa_taxa_poupanca|reserva_baixa,nenhum_relevante,SCORE_SINTETICO_V1,TRAIN,SINTETICO
USR000841,2025-07,2836.53,1772.07,62.47,15.36,14.79,47.61,15.76,1,7,0.0,14.11,100.0,SAUDAVEL,0.9791,nenhum_relevante,despesas_controladas|baixo_endividamento|poupanca_regular|reserva_robusta,SCORE_SINTETICO_V1,TRAIN,SINTETICO
USR000842,2025-07,3357.71,2437.82,72.6,32.06,3.03,34.27,25.32,4,12,0.0,5.54,68.0,EM_OBSERVACAO,0.697,renda_comprometida|endividamento_moderado|baixa_taxa_poupanca|gastos_nao_essenciais_em_atencao,reserva_adequada,SCORE_SINTETICO_V1,TRAIN,SINTETICO
USR000843,2025-07,1520.73,1414.62,93.02,50.89,3.23,38.02,50.52,7,13,0.0,0.27,25.0,EM_RISCO,0.9211,renda_muito_comprometida|endividamento_alto|baixa_taxa_poupanca|sem_reserva_adequada|gastos_nao_essenciais_altos,nenhum_relevante,SCORE_SINTETICO_V1,TRAIN,SINTETICO
USR000844,2025-07,2671.87,1927.31,72.13,13.24,10.29,66.05,26.81,2,9,0.0,4.54,85.0,SAUDAVEL,0.7232,renda_comprometida|gastos_nao_essenciais_em_atencao,baixo_endividamento|poupanca_regular|reserva_adequada,SCORE_SINTETICO_V1,TRAIN,SINTETICO
USR000845,2025-07,2891.9,2779.04,96.1,81.07,2.97,60.23,39.77,4,5,0.0,0.4,8.0,EM_RISCO,0.9044,renda_muito_comprometida|endividamento_muito_alto|poupanca_insuficiente|sem_reserva_adequada|gastos_nao_essenciais_altos,nenhum_relevante,SCORE_SINTETICO_V1,TRAIN,SINTETICO
USR000846,2025-07,11640.61,9122.93,78.37,23.18,8.41,66.13,19.29,3,7,0.0,2.56,73.0,EM_OBSERVACAO,0.5949,renda_comprometida|endividamento_moderado|reserva_baixa,poupanca_regular,SCORE_SINTETICO_V1,TRAIN,SINTETICO
USR000847,2025-07,5094.1,3546.45,69.62,16.13,21.22,45.38,36.87,4,8,0.0,4.43,95.0,SAUDAVEL,0.847,gastos_nao_essenciais_altos,despesas_controladas|baixo_endividamento|boa_taxa_poupanca|reserva_adequada,SCORE_SINTETICO_V1,TRAIN,SINTETICO
USR000848,2025-07,4616.59,4837.72,104.79,67.28,3.28,36.26,6.86,4,11,0.0,0.91,12.0,EM_RISCO,0.98,despesas_acima_da_renda|endividamento_muito_alto|baixa_taxa_poupanca|sem_reserva_adequada,nenhum_relevante,SCORE_SINTETICO_V1,TRAIN,SINTETICO
USR000849,2025-07,9051.57,7268.4,80.3,20.82,6.23,43.47,27.97,3,8,0.0,4.72,68.0,EM_OBSERVACAO,0.6844,renda_comprometida|endividamento_moderado|baixa_taxa_poupanca|gastos_nao_essenciais_em_atencao,reserva_adequada,SCORE_SINTETICO_V1,TRAIN,SINTETICO
USR000850,2025-07,5597.43,4062.23,72.57,42.4,9.85,45.65,37.67,3,9,0.0,1.58,52.0,EM_OBSERVACAO,0.5707,renda_comprometida|endividamento_alto|reserva_baixa|gastos_nao_essenciais_altos,poupanca_regular,SCORE_SINTETICO_V1,TRAIN,SINTETICO
USR000851,2025-07,4206.24,3077.06,73.15,2.78,10.59,60.9,39.1,2,5,0.0,10.8,85.0,SAUDAVEL,0.707,renda_comprometida|gastos_nao_essenciais_altos,baixo_endividamento|poupanca_regular|reserva_robusta,SCORE_SINTETICO_V1,TRAIN,SINTETICO
USR000852,2025-07,10428.32,8642.71,82.88,32.23,10.73,66.34,33.34,6,9,0.0,2.05,68.0,EM_OBSERVACAO,0.737,renda_comprometida|endividamento_moderado|reserva_baixa|gastos_nao_essenciais_em_atencao,poupanca_regular,SCORE_SINTETICO_V1,TRAIN,SINTETICO
USR000853,2025-07,1458.06,1721.92,118.1,38.93,2.56,59.96,9.77,6,11,0.0,1.13,33.0,EM_RISCO,0.7826,despesas_acima_da_renda|endividamento_moderado|poupanca_insuficiente|reserva_baixa,nenhum_relevante,SCORE_SINTETICO_V1,TRAIN,SINTETICO
USR000854,2025-07,7499.23,5589.54,74.53,18.96,6.88,47.11,31.45,3,12,0.0,3.45,77.0,SAUDAVEL,0.6222,renda_comprometida|baixa_taxa_poupanca|gastos_nao_essenciais_em_atencao,baixo_endividamento|reserva_adequada,SCORE_SINTETICO_V1,VALIDATION,SINTETICO
USR000855,2025-07,3754.34,1991.49,53.04,20.92,10.86,30.42,46.76,5,9,0.0,9.67,86.0,SAUDAVEL,0.7385,endividamento_moderado|gastos_nao_essenciais_altos,despesas_controladas|poupanca_regular|reserva_robusta,SCORE_SINTETICO_V1,VALIDATION,SINTETICO
USR000856,2025-07,5856.92,4552.72,77.73,44.59,4.84,25.41,46.76,4,9,0.0,4.64,52.0,EM_OBSERVACAO,0.612,renda_comprometida|endividamento_alto|baixa_taxa_poupanca|gastos_nao_essenciais_altos,reserva_adequada,SCORE_SINTETICO_V1,VALIDATION,SINTETICO
USR000857,2025-07,6799.55,5177.57,76.15,40.11,6.23,93.88,6.12,3,4,0.0,1.37,54.0,EM_OBSERVACAO,0.6195,renda_comprometida|endividamento_alto|baixa_taxa_poupanca|reserva_baixa,nenhum_relevante,SCORE_SINTETICO_V1,TEST,SINTETICO
USR000858,2025-07,5126.04,4028.45,78.59,41.17,6.57,84.34,11.54,5,9,0.0,2.5,54.0,EM_OBSERVACAO,0.6503,renda_comprometida|endividamento_alto|baixa_taxa_poupanca|reserva_baixa,nenhum_relevante,SCORE_SINTETICO_V1,TEST,SINTETICO
USR000859,2025-07,3098.19,2345.08,75.69,24.3,8.08,19.73,69.46,3,6,0.0,7.37,76.0,SAUDAVEL,0.5854,renda_comprometida|endividamento_moderado|gastos_nao_essenciais_altos,poupanca_regular|reserva_robusta,SCORE_SINTETICO_V1,TEST,SINTETICO
USR000860,2025-07,6796.78,5284.16,77.75,31.13,9.51,32.23,60.61,4,8,0.0,6.89,76.0,SAUDAVEL,0.5908,renda_comprometida|endividamento_moderado|gastos_nao_essenciais_altos,poupanca_regular|reserva_robusta,SCORE_SINTETICO_V1,TRAIN,SINTETICO
USR000861,2025-07,3751.07,2962.08,78.97,38.21,8.86,51.94,2.39,4,4,0.0,5.69,81.0,SAUDAVEL,0.6882,renda_comprometida|endividamento_moderado,poupanca_regular|reserva_adequada,SCORE_SINTETICO_V1,TRAIN,SINTETICO
USR000862,2025-07,2513.03,2444.5,97.27,40.84,1.97,54.49,36.61,3,10,0.0,0.16,18.0,EM_RISCO,0.9703,renda_muito_comprometida|endividamento_alto|poupanca_insuficiente|sem_reserva_adequada|gastos_nao_essenciais_altos,nenhum_relevante,SCORE_SINTETICO_V1,TRAIN,SINTETICO
USR000863,2025-07,13862.66,12158.74,87.71,85.17,0.24,63.07,1.77,7,12,0.0,0.08,18.0,EM_RISCO,0.9621,renda_muito_comprometida|endividamento_muito_alto|poupanca_insuficiente|sem_reserva_adequada,nenhum_relevante,SCORE_SINTETICO_V1,TRAIN,SINTETICO
USR000864,2025-07,6561.32,4980.52,75.91,37.48,9.1,57.69,5.52,5,8,0.0,4.72,81.0,SAUDAVEL,0.6833,renda_comprometida|endividamento_moderado,poupanca_regular|reserva_adequada,SCORE_SINTETICO_V1,TRAIN,SINTETICO
USR000865,2025-07,2646.61,1327.75,50.17,8.58,15.84,87.3,0.0,2,4,0.0,15.65,100.0,SAUDAVEL,0.927,nenhum_relevante,despesas_controladas|baixo_endividamento|boa_taxa_poupanca|reserva_robusta,SCORE_SINTETICO_V1,TRAIN,SINTETICO
USR000866,2025-07,6369.8,3771.93,59.22,5.26,16.39,74.71,7.64,4,9,0.0,13.58,100.0,SAUDAVEL,0.9521,nenhum_relevante,despesas_controladas|baixo_endividamento|boa_taxa_poupanca|reserva_robusta,SCORE_SINTETICO_V1,TRAIN,SINTETICO
USR000867,2025-07,6701.06,4471.17,66.72,18.9,18.4,21.19,47.5,3,12,0.0,8.32,100.0,SAUDAVEL,0.9383,gastos_nao_essenciais_altos,despesas_controladas|baixo_endividamento|boa_taxa_poupanca|reserva_robusta,SCORE_SINTETICO_V1,TRAIN,SINTETICO
USR000868,2025-07,5368.27,4294.11,79.99,23.52,10.22,29.3,42.63,4,9,0.0,3.78,71.0,EM_OBSERVACAO,0.6403,renda_comprometida|endividamento_moderado|gastos_nao_essenciais_altos,poupanca_regular|reserva_adequada,SCORE_SINTETICO_V1,TRAIN,SINTETICO
USR000869,2025-07,8784.17,6920.05,78.78,41.53,3.12,25.0,20.96,2,5,0.0,4.62,62.0,EM_OBSERVACAO,0.7934,renda_comprometida|endividamento_alto|baixa_taxa_poupanca,reserva_adequada,SCORE_SINTETICO_V1,TRAIN,SINTETICO
USR000870,2025-07,3326.39,3098.27,93.14,43.7,7.07,31.04,55.13,5,7,0.0,1.87,32.0,EM_RISCO,0.8523,renda_muito_comprometida|endividamento_alto|baixa_taxa_poupanca|reserva_baixa|gastos_nao_essenciais_altos,nenhum_relevante,SCORE_SINTETICO_V1,TRAIN,SINTETICO
USR000871,2025-07,3668.93,1970.67,53.71,18.51,10.49,41.68,27.49,3,7,0.0,8.24,100.0,SAUDAVEL,0.8966,gastos_nao_essenciais_em_atencao,despesas_controladas|baixo_endividamento|poupanca_regular|reserva_robusta,SCORE_SINTETICO_V1,TRAIN,SINTETICO
USR000872,2025-07,3833.81,4284.66,111.76,82.71,0.07,62.87,25.86,5,12,0.0,0.22,0.0,EM_RISCO,0.8965,despesas_acima_da_renda|endividamento_muito_alto|poupanca_insuficiente|sem_reserva_adequada|gastos_nao_essenciais_em_atencao,nenhum_relevante,SCORE_SINTETICO_V1,TRAIN,SINTETICO
USR000873,2025-07,4550.93,3286.74,72.22,8.83,15.46,30.44,0.0,2,8,0.0,7.38,100.0,SAUDAVEL,0.9264,renda_comprometida,baixo_endividamento|boa_taxa_poupanca|reserva_robusta,SCORE_SINTETICO_V1,TRAIN,SINTETICO
USR000874,2025-07,4696.83,5105.67,108.7,64.17,0.27,30.8,56.16,3,14,0.0,1.02,2.0,EM_RISCO,0.9361,despesas_acima_da_renda|endividamento_muito_alto|poupanca_insuficiente|reserva_baixa|gastos_nao_essenciais_altos,nenhum_relevante,SCORE_SINTETICO_V1,VALIDATION,SINTETICO
USR000875,2025-07,2433.88,2868.57,117.86,74.03,3.04,56.38,43.62,3,4,0.0,0.54,2.0,EM_RISCO,0.957,despesas_acima_da_renda|endividamento_muito_alto|baixa_taxa_poupanca|sem_reserva_adequada|gastos_nao_essenciais_altos,nenhum_relevante,SCORE_SINTETICO_V1,VALIDATION,SINTETICO
USR000876,2025-07,5532.15,3555.22,64.26,37.69,3.26,41.0,52.97,4,9,0.0,5.49,73.0,EM_OBSERVACAO,0.6162,endividamento_moderado|baixa_taxa_poupanca|gastos_nao_essenciais_altos,despesas_controladas|reserva_adequada,SCORE_SINTETICO_V1,VALIDATION,SINTETICO
USR000877,2025-07,13417.67,8055.73,60.04,17.53,13.41,87.62,7.93,3,5,0.0,16.15,100.0,SAUDAVEL,0.9529,nenhum_relevante,despesas_controladas|baixo_endividamento|poupanca_regular|reserva_robusta,SCORE_SINTETICO_V1,TEST,SINTETICO
USR000878,2025-07,3953.85,3200.96,80.96,36.28,8.88,53.2,4.07,5,7,0.0,6.74,86.0,SAUDAVEL,0.7044,renda_comprometida|endividamento_moderado,poupanca_regular|reserva_robusta,SCORE_SINTETICO_V1,TEST,SINTETICO
USR000879,2025-07,8824.79,7327.96,83.04,11.72,4.14,41.96,13.8,2,7,0.0,3.09,82.0,SAUDAVEL,0.6884,renda_comprometida|baixa_taxa_poupanca,baixo_endividamento|reserva_adequada,SCORE_SINTETICO_V1,TEST,SINTETICO
USR000880,2025-07,6623.19,5640.05,85.16,47.23,7.28,54.57,11.54,2,6,0.0,1.23,42.0,EM_RISCO,0.7024,renda_muito_comprometida|endividamento_alto|baixa_taxa_poupanca|reserva_baixa,nenhum_relevante,SCORE_SINTETICO_V1,TRAIN,SINTETICO
USR000881,2025-07,3210.55,1820.62,56.71,10.18,20.03,22.56,77.44,2,6,0.0,24.39,100.0,SAUDAVEL,0.8821,gastos_nao_essenciais_altos,despesas_controladas|baixo_endividamento|boa_taxa_poupanca|reserva_robusta,SCORE_SINTETICO_V1,TRAIN,SINTETICO
USR000882,2025-07,15052.61,13672.47,90.83,36.24,10.34,47.26,19.92,5,12,0.0,1.59,61.0,EM_OBSERVACAO,0.7539,renda_muito_comprometida|endividamento_moderado|reserva_baixa,poupanca_regular,SCORE_SINTETICO_V1,TRAIN,SINTETICO
USR000883,2025-07,5616.2,6181.09,110.06,81.3,2.6,48.71,51.29,2,5,0.0,0.04,0.0,EM_RISCO,0.9243,despesas_acima_da_renda|endividamento_muito_alto|poupanca_insuficiente|sem_reserva_adequada|gastos_nao_essenciais_altos,nenhum_relevante,SCORE_SINTETICO_V1,TRAIN,SINTETICO
USR000884,2025-07,2760.75,2599.21,94.15,40.26,7.72,33.2,11.86,2,7,0.0,2.48,42.0,EM_RISCO,0.6962,renda_muito_comprometida|endividamento_alto|baixa_taxa_poupanca|reserva_baixa,nenhum_relevante,SCORE_SINTETICO_V1,TRAIN,SINTETICO
USR000885,2025-07,3450.74,2816.36,81.62,38.87,8.39,41.61,13.0,4,11,0.0,1.11,73.0,EM_OBSERVACAO,0.5793,renda_comprometida|endividamento_moderado|reserva_baixa,poupanca_regular,SCORE_SINTETICO_V1,TRAIN,SINTETICO
USR000886,2025-07,5064.73,6088.09,120.21,41.61,0.15,76.49,16.8,8,12,0.0,0.12,15.0,EM_RISCO,0.959,despesas_acima_da_renda|endividamento_alto|poupanca_insuficiente|sem_reserva_adequada,nenhum_relevante,SCORE_SINTETICO_V1,TRAIN,SINTETICO
USR000887,2025-07,3142.93,2393.57,76.16,37.52,7.39,63.18,32.83,3,7,0.0,6.14,73.0,EM_OBSERVACAO,0.6706,renda_comprometida|endividamento_moderado|baixa_taxa_poupanca|gastos_nao_essenciais_em_atencao,reserva_robusta,SCORE_SINTETICO_V1,TRAIN,SINTETICO
USR000888,2025-07,4409.37,3003.0,68.1,10.07,12.31,61.01,14.09,4,8,0.0,12.77,100.0,SAUDAVEL,0.9073,nenhum_relevante,despesas_controladas|baixo_endividamento|poupanca_regular|reserva_robusta,SCORE_SINTETICO_V1,TRAIN,SINTETICO
USR000889,2025-07,4302.39,3612.3,83.96,48.87,3.18,38.14,0.0,3,9,0.0,2.89,54.0,EM_OBSERVACAO,0.6364,renda_comprometida|endividamento_alto|baixa_taxa_poupanca|reserva_baixa,nenhum_relevante,SCORE_SINTETICO_V1,TRAIN,SINTETICO
USR000890,2025-07,5299.09,3804.49,71.8,55.54,5.23,55.69,0.0,2,4,0.0,3.67,62.0,EM_OBSERVACAO,0.7391,renda_comprometida|endividamento_alto|baixa_taxa_poupanca,reserva_adequada,SCORE_SINTETICO_V1,TRAIN,SINTETICO
USR000891,2025-07,2462.93,2645.77,107.42,73.28,1.26,28.03,12.65,2,11,0.0,0.37,5.0,EM_RISCO,0.9653,despesas_acima_da_renda|endividamento_muito_alto|poupanca_insuficiente|sem_reserva_adequada,nenhum_relevante,SCORE_SINTETICO_V1,TRAIN,SINTETICO
USR000892,2025-07,6121.8,4610.35,75.31,44.43,7.52,72.15,10.14,5,10,0.0,4.88,62.0,EM_OBSERVACAO,0.7742,renda_comprometida|endividamento_alto|baixa_taxa_poupanca,reserva_adequada,SCORE_SINTETICO_V1,TRAIN,SINTETICO
USR000893,2025-07,3117.45,2053.22,65.86,22.44,21.88,57.94,33.71,4,7,0.0,8.97,96.0,SAUDAVEL,0.8898,endividamento_moderado|gastos_nao_essenciais_em_atencao,despesas_controladas|boa_taxa_poupanca|reserva_robusta,SCORE_SINTETICO_V1,TRAIN,SINTETICO
USR000894,2025-07,5253.15,5077.53,96.66,22.54,5.17,91.16,8.84,3,7,0.0,2.78,53.0,EM_OBSERVACAO,0.607,renda_muito_comprometida|endividamento_moderado|baixa_taxa_poupanca|reserva_baixa,nenhum_relevante,SCORE_SINTETICO_V1,VALIDATION,SINTETICO
USR000895,2025-07,1835.29,1505.05,82.01,32.57,3.53,21.81,30.63,1,6,0.0,4.98,68.0,EM_OBSERVACAO,0.6767,renda_comprometida|endividamento_moderado|baixa_taxa_poupanca|gastos_nao_essenciais_em_atencao,reserva_adequada,SCORE_SINTETICO_V1,VALIDATION,SINTETICO
USR000896,2025-07,2811.06,2174.26,77.35,38.76,10.58,51.26,32.23,7,14,0.0,3.02,76.0,SAUDAVEL,0.5925,renda_comprometida|endividamento_moderado|gastos_nao_essenciais_em_atencao,poupanca_regular|reserva_adequada,SCORE_SINTETICO_V1,VALIDATION,SINTETICO
USR000897,2025-07,3605.54,3026.41,83.94,30.58,3.01,40.87,59.13,2,6,0.0,6.08,68.0,EM_OBSERVACAO,0.6767,renda_comprometida|endividamento_moderado|baixa_taxa_poupanca|gastos_nao_essenciais_altos,reserva_robusta,SCORE_SINTETICO_V1,TEST,SINTETICO
USR000898,2025-07,5802.34,4722.05,81.38,42.02,7.42,46.88,53.12,2,5,0.0,3.06,52.0,EM_OBSERVACAO,0.6097,renda_comprometida|endividamento_alto|baixa_taxa_poupanca|gastos_nao_essenciais_altos,reserva_adequada,SCORE_SINTETICO_V1,TEST,SINTETICO
USR000899,2025-07,4686.35,3409.93,72.76,9.74,13.39,15.76,84.24,3,5,0.0,12.56,85.0,SAUDAVEL,0.7094,renda_comprometida|gastos_nao_essenciais_altos,baixo_endividamento|poupanca_regular|reserva_robusta,SCORE_SINTETICO_V1,TEST,SINTETICO
USR000900,2025-07,3446.87,2354.89,68.32,7.25,16.49,88.33,1.08,2,5,0.0,10.56,100.0,SAUDAVEL,0.9273,nenhum_relevante,despesas_controladas|baixo_endividamento|boa_taxa_poupanca|reserva_robusta,SCORE_SINTETICO_V1,TRAIN,SINTETICO
USR000901,2025-07,16542.9,14699.81,88.86,37.7,5.93,32.38,10.55,4,6,0.0,8.33,66.0,EM_OBSERVACAO,0.7019,renda_muito_comprometida|endividamento_moderado|baixa_taxa_poupanca,reserva_robusta,SCORE_SINTETICO_V1,TRAIN,SINTETICO
USR000902,2025-07,5100.29,4211.71,82.58,23.32,7.5,63.11,1.81,4,7,0.0,3.79,73.0,EM_OBSERVACAO,0.642,renda_comprometida|endividamento_moderado|baixa_taxa_poupanca,reserva_adequada,SCORE_SINTETICO_V1,TRAIN,SINTETICO
USR000903,2025-07,7168.76,6973.3,97.27,23.98,3.45,60.13,37.17,1,7,0.0,4.27,51.0,EM_OBSERVACAO,0.633,renda_muito_comprometida|endividamento_moderado|baixa_taxa_poupanca|gastos_nao_essenciais_altos,reserva_adequada,SCORE_SINTETICO_V1,TRAIN,SINTETICO
USR000904,2025-07,7094.68,6329.44,89.21,72.34,2.89,32.44,20.72,4,9,0.0,0.75,18.0,EM_RISCO,0.9161,renda_muito_comprometida|endividamento_muito_alto|poupanca_insuficiente|sem_reserva_adequada,nenhum_relevante,SCORE_SINTETICO_V1,TRAIN,SINTETICO
USR000905,2025-07,4620.96,3233.25,69.97,19.09,19.04,20.16,50.41,6,11,0.0,12.51,100.0,SAUDAVEL,0.9445,gastos_nao_essenciais_altos,despesas_controladas|baixo_endividamento|boa_taxa_poupanca|reserva_robusta,SCORE_SINTETICO_V1,TRAIN,SINTETICO
USR000906,2025-07,3039.1,1944.66,63.99,4.73,18.71,44.0,0.0,2,4,0.0,8.76,100.0,SAUDAVEL,0.8956,nenhum_relevante,despesas_controladas|baixo_endividamento|boa_taxa_poupanca|reserva_robusta,SCORE_SINTETICO_V1,TRAIN,SINTETICO
USR000907,2025-07,2555.08,2696.88,105.55,24.96,7.47,11.44,72.49,2,6,0.0,1.72,30.0,EM_RISCO,0.8631,despesas_acima_da_renda|endividamento_moderado|baixa_taxa_poupanca|reserva_baixa|gastos_nao_essenciais_altos,nenhum_relevante,SCORE_SINTETICO_V1,TRAIN,SINTETICO
USR000908,2025-07,4614.83,4659.74,100.97,26.12,5.83,55.12,44.88,6,8,0.0,2.42,30.0,EM_RISCO,0.8714,despesas_acima_da_renda|endividamento_moderado|baixa_taxa_poupanca|reserva_baixa|gastos_nao_essenciais_altos,nenhum_relevante,SCORE_SINTETICO_V1,TRAIN,SINTETICO
USR000909,2025-07,3495.86,1899.46,54.33,9.63,13.76,20.51,30.02,3,8,0.0,6.96,100.0,SAUDAVEL,0.98,gastos_nao_essenciais_em_atencao,despesas_controladas|baixo_endividamento|poupanca_regular|reserva_robusta,SCORE_SINTETICO_V1,TRAIN,SINTETICO
USR000910,2025-07,2818.45,2459.95,87.28,30.53,4.15,81.17,18.83,3,4,0.0,3.63,61.0,EM_OBSERVACAO,0.7199,renda_muito_comprometida|endividamento_moderado|baixa_taxa_poupanca,reserva_adequada,SCORE_SINTETICO_V1,TRAIN,SINTETICO
USR000911,2025-07,3417.19,2742.34,80.25,20.56,19.1,44.56,20.6,3,8,0.0,4.64,86.0,SAUDAVEL,0.7267,renda_comprometida|endividamento_moderado,boa_taxa_poupanca|reserva_adequada,SCORE_SINTETICO_V1,TRAIN,SINTETICO
USR000912,2025-07,5012.0,4562.69,91.04,21.56,5.48,26.09,24.56,3,8,0.0,4.74,61.0,EM_OBSERVACAO,0.7291,renda_muito_comprometida|endividamento_moderado|baixa_taxa_poupanca,reserva_adequada,SCORE_SINTETICO_V1,TRAIN,SINTETICO
USR000913,2025-07,7000.74,6835.8,97.64,41.81,4.38,29.9,28.69,3,8,0.0,1.33,37.0,EM_RISCO,0.7463,renda_muito_comprometida|endividamento_alto|baixa_taxa_poupanca|reserva_baixa|gastos_nao_essenciais_em_atencao,nenhum_relevante,SCORE_SINTETICO_V1,TRAIN,SINTETICO
USR000914,2025-07,5322.23,2961.16,55.64,17.82,17.28,49.17,50.83,1,7,0.0,7.17,100.0,SAUDAVEL,0.9274,gastos_nao_essenciais_altos,despesas_controladas|baixo_endividamento|boa_taxa_poupanca|reserva_robusta,SCORE_SINTETICO_V1,VALIDATION,SINTETICO
USR000915,2025-07,6642.66,5085.3,76.56,36.45,6.36,94.5,5.5,1,4,0.0,3.23,73.0,EM_OBSERVACAO,0.5646,renda_comprometida|endividamento_moderado|baixa_taxa_poupanca,reserva_adequada,SCORE_SINTETICO_V1,VALIDATION,SINTETICO
USR000916,2025-07,7910.5,5061.86,63.99,16.28,19.39,40.18,12.49,1,8,0.0,8.89,100.0,SAUDAVEL,0.9492,nenhum_relevante,despesas_controladas|baixo_endividamento|boa_taxa_poupanca|reserva_robusta,SCORE_SINTETICO_V1,VALIDATION,SINTETICO
USR000917,2025-07,3875.83,3092.6,79.79,39.4,4.53,31.56,27.44,4,8,0.0,1.75,60.0,EM_OBSERVACAO,0.685,renda_comprometida|endividamento_moderado|baixa_taxa_poupanca|reserva_baixa|gastos_nao_essenciais_em_atencao,nenhum_relevante,SCORE_SINTETICO_V1,TEST,SINTETICO
USR000918,2025-07,2903.53,2651.81,91.33,29.94,9.9,10.57,46.09,2,7,0.0,2.44,51.0,EM_OBSERVACAO,0.5958,renda_muito_comprometida|endividamento_moderado|reserva_baixa|gastos_nao_essenciais_altos,poupanca_regular,SCORE_SINTETICO_V1,TEST,SINTETICO
USR000919,2025-07,5274.33,2267.2,42.99,10.1,16.15,29.74,23.33,4,11,0.0,17.54,100.0,SAUDAVEL,0.9799,nenhum_relevante,despesas_controladas|baixo_endividamento|boa_taxa_poupanca|reserva_robusta,SCORE_SINTETICO_V1,TEST,SINTETICO
USR000920,2025-07,4046.63,2455.12,60.67,5.03,18.55,31.08,49.74,3,7,0.0,15.83,100.0,SAUDAVEL,0.9516,gastos_nao_essenciais_altos,despesas_controladas|baixo_endividamento|boa_taxa_poupanca|reserva_robusta,SCORE_SINTETICO_V1,TRAIN,SINTETICO
USR000921,2025-07,6545.79,7677.74,117.29,67.21,0.43,65.54,0.0,3,4,0.0,0.29,5.0,EM_RISCO,0.9156,despesas_acima_da_renda|endividamento_muito_alto|poupanca_insuficiente|sem_reserva_adequada,nenhum_relevante,SCORE_SINTETICO_V1,TRAIN,SINTETICO
USR000922,2025-07,3003.88,3650.78,121.54,46.66,1.03,72.27,12.91,3,6,0.0,0.2,15.0,EM_RISCO,0.9307,despesas_acima_da_renda|endividamento_alto|poupanca_insuficiente|sem_reserva_adequada,nenhum_relevante,SCORE_SINTETICO_V1,TRAIN,SINTETICO
USR000923,2025-07,6934.86,7430.73,107.15,78.53,2.88,15.25,13.66,2,7,0.0,0.84,5.0,EM_RISCO,0.919,despesas_acima_da_renda|endividamento_muito_alto|poupanca_insuficiente|sem_reserva_adequada,nenhum_relevante,SCORE_SINTETICO_V1,TRAIN,SINTETICO
USR000924,2025-07,3833.32,2867.52,74.81,22.03,9.9,53.02,16.64,5,12,0.0,2.16,73.0,EM_OBSERVACAO,0.6229,renda_comprometida|endividamento_moderado|reserva_baixa,poupanca_regular,SCORE_SINTETICO_V1,TRAIN,SINTETICO
USR000925,2025-07,7106.29,8101.08,114.0,60.78,3.07,51.41,27.28,4,8,0.0,0.04,7.0,EM_RISCO,0.9076,despesas_acima_da_renda|endividamento_muito_alto|baixa_taxa_poupanca|sem_reserva_adequada|gastos_nao_essenciais_em_atencao,nenhum_relevante,SCORE_SINTETICO_V1,TRAIN,SINTETICO
USR000926,2025-07,11000.88,8356.85,75.97,16.71,20.84,37.85,19.69,4,5,0.0,18.1,100.0,SAUDAVEL,0.9737,renda_comprometida,baixo_endividamento|boa_taxa_poupanca|reserva_robusta,SCORE_SINTETICO_V1,TRAIN,SINTETICO
USR000927,2025-07,11804.02,8643.05,73.22,18.3,11.86,54.65,1.61,3,8,0.0,11.75,95.0,SAUDAVEL,0.8213,renda_comprometida,baixo_endividamento|poupanca_regular|reserva_robusta,SCORE_SINTETICO_V1,TRAIN,SINTETICO
USR000928,2025-07,1838.12,1051.45,57.2,11.29,15.58,87.63,4.42,3,5,0.0,13.07,100.0,SAUDAVEL,0.9225,nenhum_relevante,despesas_controladas|baixo_endividamento|boa_taxa_poupanca|reserva_robusta,SCORE_SINTETICO_V1,TRAIN,SINTETICO
USR000929,2025-07,7611.04,6128.16,80.52,34.43,4.15,72.13,27.87,2,4,0.0,1.22,60.0,EM_OBSERVACAO,0.7156,renda_comprometida|endividamento_moderado|baixa_taxa_poupanca|reserva_baixa|gastos_nao_essenciais_em_atencao,nenhum_relevante,SCORE_SINTETICO_V1,TRAIN,SINTETICO
USR000930,2025-07,6204.06,4321.96,69.66,43.64,10.6,57.36,35.38,3,8,0.0,1.75,62.0,EM_OBSERVACAO,0.7645,endividamento_alto|reserva_baixa|gastos_nao_essenciais_altos,despesas_controladas|poupanca_regular,SCORE_SINTETICO_V1,TRAIN,SINTETICO
USR000931,2025-07,13937.45,13562.8,97.31,50.29,1.53,34.46,65.54,4,6,0.0,0.7,18.0,EM_RISCO,0.9121,renda_muito_comprometida|endividamento_alto|poupanca_insuficiente|sem_reserva_adequada|gastos_nao_essenciais_altos,nenhum_relevante,SCORE_SINTETICO_V1,TRAIN,SINTETICO
USR000932,2025-07,5969.71,7099.56,118.93,69.36,0.52,30.11,65.0,3,8,0.0,0.07,0.0,EM_RISCO,0.9524,despesas_acima_da_renda|endividamento_muito_alto|poupanca_insuficiente|sem_reserva_adequada|gastos_nao_essenciais_altos,nenhum_relevante,SCORE_SINTETICO_V1,TRAIN,SINTETICO
USR000933,2025-07,2768.05,2659.84,96.09,25.0,4.6,45.68,21.26,2,6,0.0,4.54,61.0,EM_OBSERVACAO,0.7135,renda_muito_comprometida|endividamento_moderado|baixa_taxa_poupanca,reserva_adequada,SCORE_SINTETICO_V1,TRAIN,SINTETICO
USR000934,2025-07,5856.34,6260.13,106.89,71.89,1.99,58.26,10.7,4,10,0.0,0.18,5.0,EM_RISCO,0.8953,despesas_acima_da_renda|endividamento_muito_alto|poupanca_insuficiente|sem_reserva_adequada,nenhum_relevante,SCORE_SINTETICO_V1,VALIDATION,SINTETICO
USR000935,2025-07,9527.22,7396.96,77.64,25.22,8.03,32.95,48.92,3,9,0.0,4.54,71.0,EM_OBSERVACAO,0.6335,renda_comprometida|endividamento_moderado|gastos_nao_essenciais_altos,poupanca_regular|reserva_adequada,SCORE_SINTETICO_V1,VALIDATION,SINTETICO
USR000936,2025-07,6118.29,6205.99,101.43,47.83,0.32,77.47,15.08,8,11,0.0,0.66,15.0,EM_RISCO,0.89,despesas_acima_da_renda|endividamento_alto|poupanca_insuficiente|sem_reserva_adequada,nenhum_relevante,SCORE_SINTETICO_V1,VALIDATION,SINTETICO
USR000937,2025-07,8345.71,7077.01,84.8,35.69,4.52,38.25,41.04,1,6,0.0,4.38,63.0,EM_OBSERVACAO,0.7428,renda_comprometida|endividamento_moderado|baixa_taxa_poupanca|gastos_nao_essenciais_altos,reserva_adequada,SCORE_SINTETICO_V1,TEST,SINTETICO
USR000938,2025-07,5340.17,5535.89,103.67,70.7,0.05,48.47,0.0,3,4,0.0,0.79,5.0,EM_RISCO,0.9184,despesas_acima_da_renda|endividamento_muito_alto|poupanca_insuficiente|sem_reserva_adequada,nenhum_relevante,SCORE_SINTETICO_V1,TEST,SINTETICO
USR000939,2025-07,3413.55,2055.52,60.22,29.22,10.52,43.03,5.34,3,7,0.0,16.71,96.0,SAUDAVEL,0.8539,endividamento_moderado,despesas_controladas|poupanca_regular|reserva_robusta,SCORE_SINTETICO_V1,TEST,SINTETICO
USR000940,2025-07,6466.3,7438.13,115.03,75.92,2.04,58.23,32.11,1,6,0.0,0.6,0.0,EM_RISCO,0.917,despesas_acima_da_renda|endividamento_muito_alto|poupanca_insuficiente|sem_reserva_adequada|gastos_nao_essenciais_em_atencao,nenhum_relevante,SCORE_SINTETICO_V1,TRAIN,SINTETICO
USR000941,2025-07,2823.68,2178.22,77.14,19.71,11.47,30.21,20.46,2,7,0.0,7.31,95.0,SAUDAVEL,0.8789,renda_comprometida,baixo_endividamento|poupanca_regular|reserva_robusta,SCORE_SINTETICO_V1,TRAIN,SINTETICO
USR000942,2025-07,7854.16,9264.05,117.95,54.8,1.44,50.38,10.83,3,5,0.0,0.56,15.0,EM_RISCO,0.9251,despesas_acima_da_renda|endividamento_alto|poupanca_insuficiente|sem_reserva_adequada,nenhum_relevante,SCORE_SINTETICO_V1,TRAIN,SINTETICO
USR000943,2025-07,2756.66,1967.29,71.36,18.16,19.43,39.81,42.63,1,6,0.0,12.77,90.0,SAUDAVEL,0.8091,renda_comprometida|gastos_nao_essenciais_altos,baixo_endividamento|boa_taxa_poupanca|reserva_robusta,SCORE_SINTETICO_V1,TRAIN,SINTETICO
USR000944,2025-07,9648.82,6899.75,71.51,41.05,7.46,41.72,25.81,5,13,0.0,3.56,57.0,EM_OBSERVACAO,0.6883,renda_comprometida|endividamento_alto|baixa_taxa_poupanca|gastos_nao_essenciais_em_atencao,reserva_adequada,SCORE_SINTETICO_V1,TRAIN,SINTETICO
USR000945,2025-07,2140.78,1285.38,60.04,4.61,10.05,46.12,0.0,3,7,0.0,6.96,100.0,SAUDAVEL,0.9447,nenhum_relevante,despesas_controladas|baixo_endividamento|poupanca_regular|reserva_robusta,SCORE_SINTETICO_V1,TRAIN,SINTETICO
USR000946,2025-07,2871.49,1514.23,52.73,2.55,12.63,79.03,0.0,5,8,0.0,11.37,100.0,SAUDAVEL,0.9135,nenhum_relevante,despesas_controladas|baixo_endividamento|poupanca_regular|reserva_robusta,SCORE_SINTETICO_V1,TRAIN,SINTETICO
USR000947,2025-07,5824.96,5836.82,100.2,35.98,9.89,19.59,0.0,3,4,0.0,2.23,48.0,EM_RISCO,0.6085,despesas_acima_da_renda|endividamento_moderado|reserva_baixa,poupanca_regular,SCORE_SINTETICO_V1,TRAIN,SINTETICO
USR000948,2025-07,4920.51,2805.24,57.01,2.93,15.71,43.09,42.24,4,7,0.0,7.75,100.0,SAUDAVEL,0.946,gastos_nao_essenciais_altos,despesas_controladas|baixo_endividamento|boa_taxa_poupanca|reserva_robusta,SCORE_SINTETICO_V1,TRAIN,SINTETICO
USR000949,2025-07,3571.92,3209.51,89.85,30.1,6.2,42.63,54.66,2,5,0.0,2.36,43.0,EM_RISCO,0.6923,renda_muito_comprometida|endividamento_moderado|baixa_taxa_poupanca|reserva_baixa|gastos_nao_essenciais_altos,nenhum_relevante,SCORE_SINTETICO_V1,TRAIN,SINTETICO
USR000950,2025-07,8008.66,5774.36,72.1,20.47,8.29,18.56,58.8,3,14,0.0,3.74,71.0,EM_OBSERVACAO,0.6595,renda_comprometida|endividamento_moderado|gastos_nao_essenciais_altos,poupanca_regular|reserva_adequada,SCORE_SINTETICO_V1,TRAIN,SINTETICO
USR000951,2025-07,3231.08,3145.07,97.34,22.41,6.65,38.4,61.6,1,5,0.0,3.99,51.0,EM_OBSERVACAO,0.5694,renda_muito_comprometida|endividamento_moderado|baixa_taxa_poupanca|gastos_nao_essenciais_altos,reserva_adequada,SCORE_SINTETICO_V1,TRAIN,SINTETICO
USR000952,2025-07,4797.94,3507.08,73.1,21.1,8.45,74.42,25.58,3,6,0.0,4.33,76.0,SAUDAVEL,0.6048,renda_comprometida|endividamento_moderado|gastos_nao_essenciais_em_atencao,poupanca_regular|reserva_adequada,SCORE_SINTETICO_V1,TRAIN,SINTETICO
USR000953,2025-07,13316.61,7899.16,59.32,32.85,5.08,79.59,12.11,3,8,0.0,5.08,83.0,SAUDAVEL,0.7153,endividamento_moderado|baixa_taxa_poupanca,despesas_controladas|reserva_adequada,SCORE_SINTETICO_V1,TRAIN,SINTETICO
USR000954,2025-07,2831.57,1697.72,59.96,21.81,21.43,79.28,11.37,2,4,0.0,9.69,100.0,SAUDAVEL,0.9291,endividamento_moderado,despesas_controladas|boa_taxa_poupanca|reserva_robusta,SCORE_SINTETICO_V1,VALIDATION,SINTETICO
USR000955,2025-07,6623.42,3815.37,57.6,0.0,19.88,33.9,32.95,2,8,0.0,15.58,100.0,SAUDAVEL,0.9,gastos_nao_essenciais_em_atencao,despesas_controladas|baixo_endividamento|boa_taxa_poupanca|reserva_robusta,SCORE_SINTETICO_V1,VALIDATION,SINTETICO
USR000956,2025-07,7372.1,6230.71,84.52,45.94,4.68,55.28,24.37,6,12,0.0,2.06,54.0,EM_OBSERVACAO,0.6276,renda_comprometida|endividamento_alto|baixa_taxa_poupanca|reserva_baixa,nenhum_relevante,SCORE_SINTETICO_V1,VALIDATION,SINTETICO
USR000957,2025-07,4119.74,2441.41,59.26,12.14,16.66,44.52,41.86,4,10,0.0,6.98,100.0,SAUDAVEL,0.8947,gastos_nao_essenciais_altos,despesas_controladas|baixo_endividamento|boa_taxa_poupanca|reserva_robusta,SCORE_SINTETICO_V1,TEST,SINTETICO
USR000958,2025-07,4253.7,2921.88,68.69,8.56,15.33,31.48,38.92,5,13,0.0,6.2,100.0,SAUDAVEL,0.9133,gastos_nao_essenciais_altos,despesas_controladas|baixo_endividamento|boa_taxa_poupanca|reserva_robusta,SCORE_SINTETICO_V1,TEST,SINTETICO
USR000959,2025-07,4852.1,3721.41,76.7,41.87,8.35,49.33,16.76,3,7,0.0,4.68,70.0,EM_OBSERVACAO,0.6841,renda_comprometida|endividamento_alto,poupanca_regular|reserva_adequada,SCORE_SINTETICO_V1,TEST,SINTETICO
USR000960,2025-07,2481.51,1784.02,71.89,0.0,16.05,27.65,32.83,1,8,0.0,7.68,95.0,SAUDAVEL,0.8519,renda_comprometida|gastos_nao_essenciais_em_atencao,baixo_endividamento|boa_taxa_poupanca|reserva_robusta,SCORE_SINTETICO_V1,TRAIN,SINTETICO
USR000961,2025-07,15735.02,13888.65,88.27,12.89,9.74,51.99,33.14,3,5,0.0,4.57,73.0,EM_OBSERVACAO,0.6137,renda_muito_comprometida|gastos_nao_essenciais_em_atencao,baixo_endividamento|poupanca_regular|reserva_adequada,SCORE_SINTETICO_V1,TRAIN,SINTETICO
USR000962,2025-07,5978.92,3982.07,66.6,0.0,16.26,99.26,0.0,3,4,0.0,6.03,100.0,SAUDAVEL,0.9422,nenhum_relevante,despesas_controladas|baixo_endividamento|boa_taxa_poupanca|reserva_robusta,SCORE_SINTETICO_V1,TRAIN,SINTETICO
USR000963,2025-07,4778.95,2706.55,56.63,0.0,15.67,92.66,0.49,4,6,0.0,6.57,100.0,SAUDAVEL,0.9576,nenhum_relevante,despesas_controladas|baixo_endividamento|boa_taxa_poupanca|reserva_robusta,SCORE_SINTETICO_V1,TRAIN,SINTETICO
USR000964,2025-07,7389.95,4535.45,61.37,1.0,10.69,38.05,0.0,2,4,0.0,15.31,100.0,SAUDAVEL,0.9037,nenhum_relevante,despesas_controladas|baixo_endividamento|poupanca_regular|reserva_robusta,SCORE_SINTETICO_V1,TRAIN,SINTETICO
USR000965,2025-07,5150.45,3836.33,74.49,37.14,7.69,32.57,17.17,3,13,0.0,8.05,78.0,SAUDAVEL,0.6563,renda_comprometida|endividamento_moderado|baixa_taxa_poupanca,reserva_robusta,SCORE_SINTETICO_V1,TRAIN,SINTETICO
USR000966,2025-07,1949.73,1633.61,83.79,36.38,3.32,31.75,34.41,3,8,0.0,3.44,68.0,EM_OBSERVACAO,0.6492,renda_comprometida|endividamento_moderado|baixa_taxa_poupanca|gastos_nao_essenciais_em_atencao,reserva_adequada,SCORE_SINTETICO_V1,TRAIN,SINTETICO
USR000967,2025-07,7768.57,6469.27,83.27,42.28,4.05,76.41,23.59,4,7,0.0,4.91,62.0,EM_OBSERVACAO,0.7384,renda_comprometida|endividamento_alto|baixa_taxa_poupanca,reserva_adequada,SCORE_SINTETICO_V1,TRAIN,SINTETICO
USR000968,2025-07,5546.17,4382.48,79.02,44.55,9.67,29.48,20.13,3,8,0.0,2.78,62.0,EM_OBSERVACAO,0.7166,renda_comprometida|endividamento_alto|reserva_baixa,poupanca_regular,SCORE_SINTETICO_V1,TRAIN,SINTETICO
USR000969,2025-07,5711.7,4097.03,71.73,41.55,6.02,86.28,0.0,2,4,0.0,1.52,54.0,EM_OBSERVACAO,0.5924,renda_comprometida|endividamento_alto|baixa_taxa_poupanca|reserva_baixa,nenhum_relevante,SCORE_SINTETICO_V1,TRAIN,SINTETICO
USR000970,2025-07,6050.15,5321.18,87.95,23.46,10.16,86.66,13.34,1,4,0.0,0.88,54.0,EM_OBSERVACAO,0.6371,renda_muito_comprometida|endividamento_moderado|sem_reserva_adequada,poupanca_regular,SCORE_SINTETICO_V1,TRAIN,SINTETICO
USR000971,2025-07,4319.06,2793.41,64.68,16.58,11.17,95.41,0.21,2,4,0.0,6.69,100.0,SAUDAVEL,0.9176,nenhum_relevante,despesas_controladas|baixo_endividamento|poupanca_regular|reserva_robusta,SCORE_SINTETICO_V1,TRAIN,SINTETICO
USR000972,2025-07,3958.4,2617.79,66.13,13.52,19.19,46.8,35.37,1,4,0.0,8.64,100.0,SAUDAVEL,0.9222,gastos_nao_essenciais_altos,despesas_controladas|baixo_endividamento|boa_taxa_poupanca|reserva_robusta,SCORE_SINTETICO_V1,TRAIN,SINTETICO
USR000973,2025-07,2619.91,2982.11,113.82,42.37,3.08,75.22,19.69,3,6,0.0,0.59,22.0,EM_RISCO,0.9226,despesas_acima_da_renda|endividamento_alto|baixa_taxa_poupanca|sem_reserva_adequada,nenhum_relevante,SCORE_SINTETICO_V1,TRAIN,SINTETICO
USR000974,2025-07,11119.92,9619.12,86.5,42.4,4.82,41.35,40.5,3,6,0.0,2.27,32.0,EM_RISCO,0.8115,renda_muito_comprometida|endividamento_alto|baixa_taxa_poupanca|reserva_baixa|gastos_nao_essenciais_altos,nenhum_relevante,SCORE_SINTETICO_V1,VALIDATION,SINTETICO
USR000975,2025-07,19956.13,20113.66,100.79,84.51,2.32,32.66,67.34,2,7,0.0,0.34,0.0,EM_RISCO,0.9491,despesas_acima_da_renda|endividamento_muito_alto|poupanca_insuficiente|sem_reserva_adequada|gastos_nao_essenciais_altos,nenhum_relevante,SCORE_SINTETICO_V1,VALIDATION,SINTETICO
USR000976,2025-07,5880.26,3167.89,53.87,0.0,11.78,54.56,40.09,4,9,0.0,10.51,95.0,SAUDAVEL,0.8711,gastos_nao_essenciais_altos,despesas_controladas|baixo_endividamento|poupanca_regular|reserva_robusta,SCORE_SINTETICO_V1,VALIDATION,SINTETICO
USR000977,2025-07,5393.92,6570.5,121.81,70.31,0.98,34.53,41.2,3,8,0.0,1.13,2.0,EM_RISCO,0.9497,despesas_acima_da_renda|endividamento_muito_alto|poupanca_insuficiente|reserva_baixa|gastos_nao_essenciais_altos,nenhum_relevante,SCORE_SINTETICO_V1,TEST,SINTETICO
USR000978,2025-07,3686.96,2431.04,65.94,10.3,20.14,34.15,65.85,2,6,0.0,15.15,100.0,SAUDAVEL,0.8776,gastos_nao_essenciais_altos,despesas_controladas|baixo_endividamento|boa_taxa_poupanca|reserva_robusta,SCORE_SINTETICO_V1,TEST,SINTETICO
USR000979,2025-07,5394.22,5398.62,100.08,24.26,6.83,74.05,17.49,4,13,0.0,3.83,48.0,EM_RISCO,0.5943,despesas_acima_da_renda|endividamento_moderado|baixa_taxa_poupanca,reserva_adequada,SCORE_SINTETICO_V1,TEST,SINTETICO
USR000980,2025-07,4350.55,3704.69,85.15,55.04,6.81,37.72,53.03,3,6,0.0,3.73,40.0,EM_RISCO,0.7383,renda_muito_comprometida|endividamento_alto|baixa_taxa_poupanca|gastos_nao_essenciais_altos,reserva_adequada,SCORE_SINTETICO_V1,TRAIN,SINTETICO
USR000981,2025-07,7530.52,7208.9,95.73,27.75,4.45,61.18,11.12,1,9,0.0,3.68,61.0,EM_OBSERVACAO,0.7167,renda_muito_comprometida|endividamento_moderado|baixa_taxa_poupanca,reserva_adequada,SCORE_SINTETICO_V1,TRAIN,SINTETICO
USR000982,2025-07,9905.14,9365.29,94.55,30.03,10.73,44.32,15.35,3,6,0.0,1.82,61.0,EM_OBSERVACAO,0.7304,renda_muito_comprometida|endividamento_moderado|reserva_baixa,poupanca_regular,SCORE_SINTETICO_V1,TRAIN,SINTETICO
USR000983,2025-07,6946.49,6860.08,98.76,60.84,2.53,55.51,42.73,3,5,0.0,1.13,15.0,EM_RISCO,0.8986,renda_muito_comprometida|endividamento_muito_alto|poupanca_insuficiente|reserva_baixa|gastos_nao_essenciais_altos,nenhum_relevante,SCORE_SINTETICO_V1,TRAIN,SINTETICO
USR000984,2025-07,4912.35,3728.62,75.9,16.14,7.15,75.75,13.38,3,6,0.0,1.54,74.0,EM_OBSERVACAO,0.5628,renda_comprometida|baixa_taxa_poupanca|reserva_baixa,baixo_endividamento,SCORE_SINTETICO_V1,TRAIN,SINTETICO
USR000985,2025-07,5671.12,4994.99,88.08,44.25,7.81,73.19,3.54,4,8,0.0,0.93,35.0,EM_RISCO,0.797,renda_muito_comprometida|endividamento_alto|baixa_taxa_poupanca|sem_reserva_adequada,nenhum_relevante,SCORE_SINTETICO_V1,TRAIN,SINTETICO
USR000986,2025-07,8046.76,5596.13,69.55,6.6,18.91,18.39,61.7,3,7,0.0,6.99,100.0,SAUDAVEL,0.8976,gastos_nao_essenciais_altos,despesas_controladas|baixo_endividamento|boa_taxa_poupanca|reserva_robusta,SCORE_SINTETICO_V1,TRAIN,SINTETICO
USR000987,2025-07,2695.57,2680.37,99.44,50.82,1.15,27.97,55.24,3,10,0.0,0.57,18.0,EM_RISCO,0.9487,renda_muito_comprometida|endividamento_alto|poupanca_insuficiente|sem_reserva_adequada|gastos_nao_essenciais_altos,nenhum_relevante,SCORE_SINTETICO_V1,TRAIN,SINTETICO
USR000988,2025-07,16292.72,12413.79,76.19,25.33,13.95,15.95,70.85,5,12,0.0,14.54,76.0,SAUDAVEL,0.6149,renda_comprometida|endividamento_moderado|gastos_nao_essenciais_altos,poupanca_regular|reserva_robusta,SCORE_SINTETICO_V1,TRAIN,SINTETICO
USR000989,2025-07,3896.62,3884.7,99.69,46.48,3.14,52.64,34.25,5,10,0.0,0.8,30.0,EM_RISCO,0.8969,renda_muito_comprometida|endividamento_alto|baixa_taxa_poupanca|sem_reserva_adequada|gastos_nao_essenciais_em_atencao,nenhum_relevante,SCORE_SINTETICO_V1,TRAIN,SINTETICO
USR000990,2025-07,5259.76,3853.93,73.27,41.97,4.46,60.82,20.38,3,8,0.0,3.96,62.0,EM_OBSERVACAO,0.7209,renda_comprometida|endividamento_alto|baixa_taxa_poupanca,reserva_adequada,SCORE_SINTETICO_V1,TRAIN,SINTETICO
USR000991,2025-07,2978.24,1496.23,50.24,7.7,15.36,71.74,0.0,1,4,0.0,7.97,100.0,SAUDAVEL,0.9695,nenhum_relevante,despesas_controladas|baixo_endividamento|boa_taxa_poupanca|reserva_robusta,SCORE_SINTETICO_V1,TRAIN,SINTETICO
USR000992,2025-07,2854.36,3017.9,105.73,40.33,1.6,31.78,68.22,2,7,0.0,0.81,5.0,EM_RISCO,0.9358,despesas_acima_da_renda|endividamento_alto|poupanca_insuficiente|sem_reserva_adequada|gastos_nao_essenciais_altos,nenhum_relevante,SCORE_SINTETICO_V1,TRAIN,SINTETICO
USR000993,2025-07,9098.39,8748.24,96.15,17.13,5.08,41.08,34.5,3,6,0.0,2.39,57.0,EM_OBSERVACAO,0.6662,renda_muito_comprometida|baixa_taxa_poupanca|reserva_baixa|gastos_nao_essenciais_em_atencao,baixo_endividamento,SCORE_SINTETICO_V1,TRAIN,SINTETICO
USR000994,2025-07,4980.68,5576.26,111.96,43.16,0.96,34.03,34.24,3,7,0.0,0.03,10.0,EM_RISCO,0.9422,despesas_acima_da_renda|endividamento_alto|poupanca_insuficiente|sem_reserva_adequada|gastos_nao_essenciais_em_atencao,nenhum_relevante,SCORE_SINTETICO_V1,VALIDATION,SINTETICO
USR000995,2025-07,3902.56,2789.79,71.49,7.65,14.5,34.31,2.45,2,6,0.0,10.68,95.0,SAUDAVEL,0.8659,renda_comprometida,baixo_endividamento|poupanca_regular|reserva_robusta,SCORE_SINTETICO_V1,VALIDATION,SINTETICO
USR000996,2025-07,3067.26,1954.31,63.72,16.18,20.52,13.14,18.79,3,6,0.0,14.78,100.0,SAUDAVEL,0.9381,nenhum_relevante,despesas_controladas|baixo_endividamento|boa_taxa_poupanca|reserva_robusta,SCORE_SINTETICO_V1,VALIDATION,SINTETICO
USR000997,2025-07,4542.27,4172.42,91.86,47.08,6.26,38.28,61.72,2,6,0.0,9.66,45.0,EM_RISCO,0.6513,renda_muito_comprometida|endividamento_alto|baixa_taxa_poupanca|gastos_nao_essenciais_altos,reserva_robusta,SCORE_SINTETICO_V1,TEST,SINTETICO
USR000998,2025-07,1870.72,1466.17,78.37,0.0,18.55,78.46,21.54,4,4,0.0,6.07,100.0,SAUDAVEL,0.9549,renda_comprometida,baixo_endividamento|boa_taxa_poupanca|reserva_robusta,SCORE_SINTETICO_V1,TEST,SINTETICO
USR000999,2025-07,3008.56,2593.21,86.19,35.73,5.32,54.41,45.59,2,4,0.0,2.71,43.0,EM_RISCO,0.6777,renda_muito_comprometida|endividamento_moderado|baixa_taxa_poupanca|reserva_baixa|gastos_nao_essenciais_altos,nenhum_relevante,SCORE_SINTETICO_V1,TEST,SINTETICO
USR001000,2025-07,4370.81,2591.79,59.3,24.4,18.07,38.86,35.22,2,8,0.0,13.82,91.0,SAUDAVEL,0.8505,endividamento_moderado|gastos_nao_essenciais_altos,despesas_controladas|boa_taxa_poupanca|reserva_robusta,SCORE_SINTETICO_V1,TRAIN,SINTETICO
