transacao_id,usuario_id,data_transacao,mes_referencia,descricao_original,descricao_normalizada,valor,tipo,categoria,subcategoria,estabelecimento,forma_pagamento,parcelas,recorrente,canal,estado,cidade,split,fonte
TX000000796,USR000008,2025-07-01,2025-07,PGTO Aluguel Residencial 3268 ALUG,pgto aluguel residencial 3268 alug,367.42,DESPESA,MORADIA,ALUGUEL,Aluguel Residencial,PIX,1,1,POS,MG,Uberlandia,TRAIN,SINTETICO
TX000000801,USR000008,2025-07-01,2025-07,Microsoft  388,microsoft 388,70.76,DESPESA,SERVICOS,ASSINATURA,Microsoft 365,DEBITO_AUTOMATICO,1,1,POS,MG,Uberlandia,TRAIN,SINTETICO
TX000000802,USR000008,2025-07-01,2025-07,Aluguel Residenci 502,aluguel residenci 502,417.89,DESPESA,MORADIA,ALUGUEL,Aluguel Residencial,CARTAO_CREDITO,1,1,WEB,MG,Uberlandia,TRAIN,SINTETICO
TX000001484,USR000014,2025-07-01,2025-07,McDonalds 928 REST,mcdonalds 928 rest,190.12,DESPESA,ALIMENTACAO,RESTAURANTE,McDonalds,CARTAO_CREDITO,1,0,DEBITO_AUTOMATICO,RJ,Niteroi,VALIDATION,SINTETICO
TX000001711,USR000016,2025-07-01,2025-07,Azul*Seguros,azul seguros,673.45,DESPESA,SERVICOS,SEGURO,Azul Seguros,CARTAO_CREDITO,1,1,APP,DF,Brasilia,VALIDATION,SINTETICO
TX000002064,USR000019,2025-07-01,2025-07,Riachuelo,riachuelo,524.73,DESPESA,COMPRAS,ROUPAS,Riachuelo,CARTAO_DEBITO,1,0,POS,GO,Aparecida de Goiania,TEST,SINTETICO
TX000002065,USR000019,2025-07-01,2025-07,SUPERGASBRAS,supergasbras,35.28,DESPESA,MORADIA,GAS,Supergasbras,BOLETO,1,1,WEB,GO,Aparecida de Goiania,TEST,SINTETICO
TX000002067,USR000019,2025-07-01,2025-07,PIX Vivo Fibra LTDA,pix vivo fibra ltda,433.59,DESPESA,SERVICOS,INTERNET,Vivo Fibra,DEBITO_AUTOMATICO,1,1,DEBITO_AUTOMATICO,GO,Aparecida de Goiania,TEST,SINTETICO
TX000002656,USR000024,2025-07-01,2025-07,FUNDO-DE-INVESTIMENTO,fundo de investimento,651.62,INVESTIMENTO,INVESTIMENTOS,FUNDO,Fundo de Investimento,DEBITO_CONTA,1,0,APP,CE,Juazeiro do Norte,TRAIN,SINTETICO
TX000003108,USR000028,2025-07-01,2025-07,Casa do Pao de Queijo,casa do pao de queijo,1468.1,DESPESA,ALIMENTACAO,CAFETERIA,Casa do Pao de Queijo,CARTAO_DEBITO,1,0,ATM,CE,Juazeiro do Norte,TRAIN,SINTETICO
TX000003653,USR000033,2025-07-01,2025-07,Enel 896,enel 896,206.16,DESPESA,MORADIA,ENERGIA,Enel,CARTAO_CREDITO,1,1,ATM,RJ,Niteroi,TRAIN,SINTETICO
TX000003899,USR000035,2025-07-01,2025-07,Tesouro*Direto,tesouro direto,696.33,INVESTIMENTO,INVESTIMENTOS,RENDA_FIXA,Tesouro Direto,DEBITO_CONTA,1,1,APP,CE,Caucaia,VALIDATION,SINTETICO
TX000004718,USR000042,2025-07-01,2025-07,Ultra 707,ultra 707,462.12,DESPESA,MORADIA,GAS,Ultragaz,CARTAO_CREDITO,1,1,DEBITO_AUTOMATICO,SP,Sorocaba,TRAIN,SINTETICO
TX000005545,USR000049,2025-07-01,2025-07,Casa do Pao de Que 57,casa do pao de que 57,142.81,DESPESA,ALIMENTACAO,CAFETERIA,Casa do Pao de Queijo,PIX,1,1,APP,SP,Sao Paulo,TRAIN,SINTETICO
TX000006317,USR000056,2025-07-01,2025-07,FUNDO DE INVESTIMENTO,fundo de investimento,355.31,INVESTIMENTO,INVESTIMENTOS,FUNDO,Fundo de Investimento,DEBITO_CONTA,1,1,APP,SP,Santos,VALIDATION,SINTETICO
TX000006533,USR000058,2025-07-01,2025-07,Cafe do Ponto,cafe do ponto,1441.31,DESPESA,ALIMENTACAO,CAFETERIA,Cafe do Ponto,CARTAO_DEBITO,1,0,DEBITO_AUTOMATICO,RJ,Rio de Janeiro,TEST,SINTETICO
TX000006535,USR000058,2025-07-01,2025-07,Assai Atacadista,assai atacadista,531.26,DESPESA,ALIMENTACAO,SUPERMERCADO,Assai Atacadista,DINHEIRO,1,1,WEB,RJ,Rio de Janeiro,TEST,SINTETICO
TX000006748,USR000060,2025-07-01,2025-07,PIX Cafe do Ponto LTDA,pix cafe do ponto ltda,139.85,DESPESA,ALIMENTACAO,CAFETERIA,Cafe do Ponto,CARTAO_DEBITO,1,0,WEB,SC,Blumenau,TRAIN,SINTETICO
TX000007086,USR000063,2025-07-01,2025-07,VIVO-MOVEL,vivo movel,507.16,DESPESA,SERVICOS,TELEFONIA,Vivo Movel,BOLETO,1,1,WEB,ES,Cariacica,TRAIN,SINTETICO
TX000007300,USR000065,2025-07-01,2025-07,LANC Imobiliaria Central 7907,lanc imobiliaria central 7907,6.0,DESPESA,MORADIA,ALUGUEL,Imobiliaria Central,PIX,1,0,DEBITO_AUTOMATICO,ES,Serra,TRAIN,SINTETICO
TX000007311,USR000065,2025-07-01,2025-07,MadeiraMadeira,madeiramadeira,483.03,DESPESA,COMPRAS,CASA,MadeiraMadeira,CARTAO_DEBITO,1,0,DEBITO_AUTOMATICO,ES,Serra,TRAIN,SINTETICO
TX000009088,USR000081,2025-07-01,2025-07,RESTAURANTE-SABOR-CASEIRO,restaurante sabor caseiro,342.48,DESPESA,ALIMENTACAO,RESTAURANTE,Restaurante Sabor Caseiro,DEBITO_AUTOMATICO,1,0,POS,PE,Recife,TRAIN,SINTETICO
TX000009092,USR000081,2025-07-01,2025-07,REEMBOLSO,reembolso,840.22,RECEITA,RENDA,REEMBOLSO,Reembolso,PIX,1,0,APP,PE,Recife,TRAIN,SINTETICO
TX000009430,USR000084,2025-07-01,2025-07,Oi Fibra,oi fibra,41.99,DESPESA,SERVICOS,INTERNET,Oi Fibra,BOLETO,1,0,WEB,SC,Blumenau,TRAIN,SINTETICO
TX000010467,USR000093,2025-07-01,2025-07,CONTA-DE-AGUA,conta de agua,42.42,DESPESA,MORADIA,AGUA,Conta de Agua,CARTAO_CREDITO,1,1,ATM,BA,Salvador,TRAIN,SINTETICO
TX000010705,USR000095,2025-07-01,2025-07,Tesouro Direto,tesouro direto,41.82,INVESTIMENTO,INVESTIMENTOS,RENDA_FIXA,Tesouro Direto,DEBITO_CONTA,1,1,APP,RJ,Niteroi,VALIDATION,SINTETICO
TX000011052,USR000098,2025-07-01,2025-07,LCI-INVESTIMENTO,lci investimento,834.26,INVESTIMENTO,INVESTIMENTOS,RENDA_FIXA,LCI Investimento,DEBITO_CONTA,1,1,APP,SC,Florianopolis,TEST,SINTETICO
TX000011726,USR000104,2025-07-01,2025-07,COMPRA Doacao Instituicao 5115,compra doacao instituicao 5115,1646.91,DESPESA,OUTROS,DOACAO,Doacao Instituicao,CARTAO_CREDITO,1,0,WEB,PR,Londrina,TRAIN,SINTETICO
TX000011730,USR000104,2025-07-01,2025-07,Salario Empr 551,salario empr 551,5676.92,RECEITA,RENDA,SALARIO,Salario Empresa,CREDITO_CONTA,1,1,DEPOSITO,PR,Londrina,TRAIN,SINTETICO
TX000012083,USR000107,2025-07-01,2025-07,TIM,tim,365.47,DESPESA,SERVICOS,TELEFONIA,TIM,CARTAO_CREDITO,1,1,DEBITO_AUTOMATICO,GO,Aparecida de Goiania,TRAIN,SINTETICO
TX000012087,USR000107,2025-07-01,2025-07,Aplicacao  906,aplicacao 906,118.94,INVESTIMENTO,INVESTIMENTOS,RENDA_FIXA,Aplicacao CDB,DEBITO_CONTA,1,0,APP,GO,Aparecida de Goiania,TRAIN,SINTETICO
TX000012439,USR000110,2025-07-01,2025-07,Google One,google one,110.51,DESPESA,SERVICOS,ASSINATURA,Google One,PIX,1,1,ATM,GO,Goiania,TRAIN,SINTETICO
TX000013170,USR000116,2025-07-01,2025-07,Google*One,google one,30.06,DESPESA,SERVICOS,ASSINATURA,Google One,CARTAO_CREDITO,1,1,ATM,DF,Brasilia,VALIDATION,SINTETICO
TX000013174,USR000116,2025-07-01,2025-07,Oficina do Car 70,oficina do car 70,286.54,DESPESA,TRANSPORTE,MANUTENCAO_VEICULO,Oficina do Carlos,CARTAO_CREDITO,1,0,ATM,DF,Brasilia,VALIDATION,SINTETICO
TX000013389,USR000118,2025-07-01,2025-07,Havan BR,havan br,359.93,DESPESA,COMPRAS,CASA,Havan,PIX,1,0,ATM,SC,Blumenau,TEST,SINTETICO
TX000013818,USR000122,2025-07-01,2025-07,CARREFOUR,carrefour,1772.97,DESPESA,ALIMENTACAO,SUPERMERCADO,Carrefour,DEBITO_AUTOMATICO,1,0,DEBITO_AUTOMATICO,SC,Joinville,TRAIN,SINTETICO
TX000013819,USR000122,2025-07-01,2025-07,PGTO Condominio Residencial BR,pgto condominio residencial br,820.79,DESPESA,MORADIA,CONDOMINIO,Condominio Residencial,CARTAO_CREDITO,1,1,ATM,SC,Joinville,TRAIN,SINTETICO
TX000014463,USR000128,2025-07-01,2025-07,PGTO Burger King RJ,pgto burger king rj,1686.25,DESPESA,ALIMENTACAO,RESTAURANTE,Burger King,DEBITO_AUTOMATICO,1,0,DEBITO_AUTOMATICO,RS,Caxias do Sul,TRAIN,SINTETICO
TX000014723,USR000130,2025-07-01,2025-07,Salario*Empresa,salario empresa,5300.92,RECEITA,RENDA,SALARIO,Salario Empresa,CREDITO_CONTA,1,1,DEPOSITO,RJ,Niteroi,TRAIN,SINTETICO
TX000014841,USR000131,2025-07-01,2025-07,Pao de Acucar,pao de acucar,903.27,DESPESA,ALIMENTACAO,SUPERMERCADO,Pao de Acucar,PIX,1,0,WEB,SC,Florianopolis,TRAIN,SINTETICO
TX000014842,USR000131,2025-07-01,2025-07,VIVO-FIBRA,vivo fibra,1088.97,DESPESA,SERVICOS,INTERNET,Vivo Fibra,CARTAO_DEBITO,1,1,WEB,SC,Florianopolis,TRAIN,SINTETICO
TX000015197,USR000134,2025-07-01,2025-07,PlayStation Store 822,playstation store 822,107.8,DESPESA,LAZER,GAMES,PlayStation Store,CARTAO_CREDITO,1,0,DEBITO_AUTOMATICO,DF,Brasilia,VALIDATION,SINTETICO
TX000016212,USR000143,2025-07-01,2025-07,PAG Credito Salario LTDA,pag credito salario ltda,5987.52,RECEITA,RENDA,SALARIO,Credito Salario,CREDITO_CONTA,1,1,DEPOSITO,PE,Recife,TRAIN,SINTETICO
TX000016213,USR000143,2025-07-01,2025-07,ESTORNO-RECEBIDO REEM,estorno recebido reem,834.02,RECEITA,RENDA,REEMBOLSO,Estorno Recebido,PIX,1,0,APP,PE,Recife,TRAIN,SINTETICO
TX000016323,USR000144,2025-07-01,2025-07,LCI*Investimento,lci investimento,446.03,INVESTIMENTO,INVESTIMENTOS,RENDA_FIXA,LCI Investimento,DEBITO_CONTA,1,1,APP,RS,Porto Alegre,TRAIN,SINTETICO
TX000016422,USR000145,2025-07-01,2025-07,Casa*do*Pao*de*Queijo,casa do pao de queijo,481.82,DESPESA,ALIMENTACAO,CAFETERIA,Casa do Pao de Queijo,BOLETO,1,0,POS,ES,Cariacica,TRAIN,SINTETICO
TX000016548,USR000146,2025-07-01,2025-07,Pao de Acucar 2884,pao de acucar 2884,516.64,DESPESA,ALIMENTACAO,SUPERMERCADO,Pao de Acucar,CARTAO_CREDITO,1,0,DEBITO_AUTOMATICO,MG,Belo Horizonte,TRAIN,SINTETICO
TX000017312,USR000153,2025-07-01,2025-07,CLINICA-VIDA,clinica vida,247.12,DESPESA,SAUDE,CONSULTA,Clinica Vida,CARTAO_CREDITO,6,0,WEB,GO,Aparecida de Goiania,TRAIN,SINTETICO
TX000017518,USR000155,2025-07-01,2025-07,Course 151,course 151,1229.71,DESPESA,EDUCACAO,CURSO,Coursera,CARTAO_CREDITO,6,0,POS,DF,Brasilia,VALIDATION,SINTETICO
TX000017519,USR000155,2025-07-01,2025-07,CASA-DO-PAO-DE-QUEIJO,casa do pao de queijo,79.74,DESPESA,ALIMENTACAO,CAFETERIA,Casa do Pao de Queijo,CARTAO_CREDITO,1,0,WEB,DF,Brasilia,VALIDATION,SINTETICO
TX000017638,USR000156,2025-07-01,2025-07,PIX Folha de Pagamento BA SALA,pix folha de pagamento ba sala,6546.58,RECEITA,RENDA,SALARIO,Folha de Pagamento,CREDITO_CONTA,1,1,DEPOSITO,SP,Sao Paulo,VALIDATION,SINTETICO
TX000017977,USR000159,2025-07-01,2025-07,Tesouro Direto,tesouro direto,374.1,INVESTIMENTO,INVESTIMENTOS,RENDA_FIXA,Tesouro Direto,DEBITO_CONTA,1,1,APP,DF,Brasilia,TEST,SINTETICO
TX000018743,USR000166,2025-07-01,2025-07,Dropb 573,dropb 573,18.35,DESPESA,SERVICOS,ASSINATURA,Dropbox,CARTAO_DEBITO,1,1,WEB,PR,Maringa,TRAIN,SINTETICO
TX000018848,USR000167,2025-07-01,2025-07,CREDITO-PESSOAL,credito pessoal,271.99,DESPESA,DIVIDAS,EMPRESTIMO,Credito Pessoal,CARTAO_CREDITO,1,1,DEBITO_AUTOMATICO,SC,Blumenau,TRAIN,SINTETICO
TX000019077,USR000169,2025-07-01,2025-07,Plano PGBL BR,plano pgbl br,163.06,INVESTIMENTO,INVESTIMENTOS,PREVIDENCIA,Plano PGBL,DEBITO_CONTA,1,1,APP,BA,Salvador,TRAIN,SINTETICO
TX000019176,USR000170,2025-07-01,2025-07,Conta de Gas,conta de gas,91.02,DESPESA,MORADIA,GAS,Conta de Gas,CARTAO_DEBITO,1,0,WEB,GO,Aparecida de Goiania,TRAIN,SINTETICO
TX000019178,USR000170,2025-07-01,2025-07,MICROSOFT-365,microsoft 365,228.79,DESPESA,SERVICOS,ASSINATURA,Microsoft 365,DEBITO_AUTOMATICO,1,1,ATM,GO,Aparecida de Goiania,TRAIN,SINTETICO
TX000019181,USR000170,2025-07-01,2025-07,4dministradora Condominial 202,4dministradora condominial 202,102.45,DESPESA,MORADIA,CONDOMINIO,Administradora Condominial,PIX,1,1,ATM,GO,Aparecida de Goiania,TRAIN,SINTETICO
TX000019983,USR000177,2025-07-01,2025-07,FOLH4-DE-PAGAMENTO,folh4 de pagamento,5184.48,RECEITA,RENDA,SALARIO,Folha de Pagamento,CREDITO_CONTA,1,1,DEPOSITO,GO,Anapolis,TEST,SINTETICO
TX000020310,USR000180,2025-07-01,2025-07,4plicacao Fundo,4plicacao fundo,1487.39,INVESTIMENTO,INVESTIMENTOS,FUNDO,Aplicacao Fundo,DEBITO_CONTA,1,1,APP,CE,Juazeiro do Norte,TRAIN,SINTETICO
TX000020432,USR000181,2025-07-01,2025-07,Pneus Cen 945,pneus cen 945,2844.76,DESPESA,TRANSPORTE,MANUTENCAO_VEICULO,Pneus Center,CARTAO_CREDITO,1,0,WEB,GO,Goiania,TRAIN,SINTETICO
TX000021003,USR000186,2025-07-01,2025-07,SALARIO EMPRESA,salario empresa,3721.42,RECEITA,RENDA,SALARIO,Salario Empresa,CREDITO_CONTA,1,1,DEPOSITO,RS,Porto Alegre,TRAIN,SINTETICO
TX000021327,USR000189,2025-07-01,2025-07,Emprestimo Consignado 850,emprestimo consignado 850,112.51,DESPESA,DIVIDAS,EMPRESTIMO,Emprestimo Consignado,PIX,1,1,WEB,ES,Serra,TRAIN,SINTETICO
TX000022296,USR000198,2025-07-01,2025-07,Locador Residencia 200,locador residencia 200,62.78,DESPESA,MORADIA,ALUGUEL,Locador Residencial,PIX,1,1,ATM,CE,Fortaleza,TEST,SINTETICO
TX000022398,USR000199,2025-07-01,2025-07,Enel,enel,3210.73,DESPESA,MORADIA,ENERGIA,Enel,CARTAO_CREDITO,1,1,WEB,BA,Feira de Santana,TEST,SINTETICO
TX000023247,USR000206,2025-07-01,2025-07,Previdencia Privada PREV,previdencia privada prev,182.03,INVESTIMENTO,INVESTIMENTOS,PREVIDENCIA,Previdencia Privada,DEBITO_CONTA,1,1,APP,PE,Jaboatao,TRAIN,SINTETICO
TX000023703,USR000210,2025-07-01,2025-07,LCI Investimento 393,lci investimento 393,162.45,INVESTIMENTO,INVESTIMENTOS,RENDA_FIXA,LCI Investimento,DEBITO_CONTA,1,1,APP,PE,Recife,TRAIN,SINTETICO
TX000024170,USR000214,2025-07-01,2025-07,DEB Claro Internet LTDA,deb claro internet ltda,3616.14,DESPESA,SERVICOS,INTERNET,Claro Internet,DEBITO_AUTOMATICO,1,1,WEB,SP,Sorocaba,VALIDATION,SINTETICO
TX000024289,USR000215,2025-07-01,2025-07,C4SA-DO-PAO-DE-QUEIJO,c4sa do pao de queijo,1116.58,DESPESA,ALIMENTACAO,CAFETERIA,Casa do Pao de Queijo,CARTAO_DEBITO,1,0,WEB,GO,Anapolis,VALIDATION,SINTETICO
TX000024520,USR000217,2025-07-01,2025-07,Hava 481,hava 481,354.33,DESPESA,COMPRAS,CASA,Havan,CARTAO_CREDITO,1,0,APP,SC,Florianopolis,TEST,SINTETICO
TX000024972,USR000221,2025-07-01,2025-07,CASA DO PAO DE QUEIJO,casa do pao de queijo,71.01,DESPESA,ALIMENTACAO,CAFETERIA,Casa do Pao de Queijo,PIX,1,0,APP,BA,Vitoria da Conquista,TRAIN,SINTETICO
TX000025104,USR000222,2025-07-01,2025-07,KABUM,kabum,117.91,DESPESA,COMPRAS,ELETRONICOS,Kabum,CARTAO_DEBITO,1,0,APP,DF,Brasilia,TRAIN,SINTETICO
TX000025106,USR000222,2025-07-01,2025-07,FUNDO DE INVESTIMENTO,fundo de investimento,356.03,INVESTIMENTO,INVESTIMENTOS,FUNDO,Fundo de Investimento,DEBITO_CONTA,1,0,APP,DF,Brasilia,TRAIN,SINTETICO
TX000025318,USR000224,2025-07-01,2025-07,SABESP,sabesp,1697.51,DESPESA,MORADIA,AGUA,Sabesp,BOLETO,1,1,WEB,RS,Porto Alegre,TRAIN,SINTETICO
TX000025538,USR000226,2025-07-01,2025-07,ADMINISTRADORA CONDOMINIAL,administradora condominial,925.17,DESPESA,MORADIA,CONDOMINIO,Administradora Condominial,BOLETO,1,1,WEB,PE,Olinda,TRAIN,SINTETICO
TX000025673,USR000227,2025-07-01,2025-07,ENEL ENER,enel ener,224.66,DESPESA,MORADIA,ENERGIA,Enel,CARTAO_CREDITO,1,1,POS,CE,Fortaleza,TRAIN,SINTETICO
TX000025675,USR000227,2025-07-01,2025-07,CREDITO SALARIO,credito salario,12893.83,RECEITA,RENDA,SALARIO,Credito Salario,CREDITO_CONTA,1,1,DEPOSITO,CE,Fortaleza,TRAIN,SINTETICO
TX000026264,USR000232,2025-07-01,2025-07,MadeiraMadeira,madeiramadeira,368.42,DESPESA,COMPRAS,CASA,MadeiraMadeira,DEBITO_AUTOMATICO,1,0,WEB,BA,Vitoria da Conquista,TRAIN,SINTETICO
TX000027084,USR000239,2025-07-01,2025-07,PORTO-SEGURO,porto seguro,764.33,DESPESA,SERVICOS,SEGURO,Porto Seguro,CARTAO_CREDITO,1,1,POS,BA,Feira de Santana,TEST,SINTETICO
TX000027086,USR000239,2025-07-01,2025-07,Conta*de*Energia,conta de energia,145.95,DESPESA,MORADIA,ENERGIA,Conta de Energia,CARTAO_CREDITO,1,1,ATM,BA,Feira de Santana,TEST,SINTETICO
TX000027295,USR000241,2025-07-01,2025-07,COURSERA,coursera,210.0,DESPESA,EDUCACAO,CURSO,Coursera,CARTAO_DEBITO,1,0,DEBITO_AUTOMATICO,RS,Porto Alegre,TRAIN,SINTETICO
TX000027417,USR000242,2025-07-01,2025-07,Pao*de*4cucar,pao de 4cucar,1692.93,DESPESA,ALIMENTACAO,SUPERMERCADO,Pao de Acucar,CARTAO_DEBITO,1,0,ATM,RS,Porto Alegre,TRAIN,SINTETICO
TX000027965,USR000247,2025-07-01,2025-07,Salario Empres 696,salario empres 696,4706.07,RECEITA,RENDA,SALARIO,Salario Empresa,CREDITO_CONTA,1,1,DEPOSITO,PE,Recife,TRAIN,SINTETICO
TX000028168,USR000249,2025-07-01,2025-07,Starbucks,starbucks,14.07,DESPESA,ALIMENTACAO,CAFETERIA,Starbucks,CARTAO_CREDITO,1,0,DEBITO_AUTOMATICO,ES,Vitoria,TRAIN,SINTETICO
TX000029054,USR000257,2025-07-01,2025-07,FOLHA-DE-PAGAMENTO,folha de pagamento,5440.78,RECEITA,RENDA,SALARIO,Folha de Pagamento,CREDITO_CONTA,1,1,DEPOSITO,MG,Belo Horizonte,TEST,SINTETICO
TX000030055,USR000266,2025-07-01,2025-07,Doacao Instituicao,doacao instituicao,1297.45,DESPESA,OUTROS,DOACAO,Doacao Instituicao,CARTAO_CREDITO,1,0,POS,PE,Recife,TRAIN,SINTETICO
TX000030840,USR000273,2025-07-01,2025-07,Casa do Pao de Queijo,casa do pao de queijo,533.5,DESPESA,ALIMENTACAO,CAFETERIA,Casa do Pao de Queijo,DEBITO_AUTOMATICO,1,0,APP,RJ,Niteroi,TRAIN,SINTETICO
TX000031303,USR000277,2025-07-01,2025-07,LANC Burger King BR,lanc burger king br,797.46,DESPESA,ALIMENTACAO,RESTAURANTE,Burger King,PIX,1,0,WEB,DF,Brasilia,TEST,SINTETICO
TX000031305,USR000277,2025-07-01,2025-07,Servico*Prestado,servico prestado,547.24,RECEITA,RENDA,FREELANCE,Servico Prestado,PIX,1,0,APP,DF,Brasilia,TEST,SINTETICO
TX000031986,USR000283,2025-07-01,2025-07,PAO DE ACUCAR,pao de acucar,582.52,DESPESA,ALIMENTACAO,SUPERMERCADO,Pao de Acucar,BOLETO,1,0,ATM,MG,Juiz de Fora,TRAIN,SINTETICO
TX000032202,USR000285,2025-07-01,2025-07,CAFE-DO-PONTO,cafe do ponto,344.26,DESPESA,ALIMENTACAO,CAFETERIA,Cafe do Ponto,CARTAO_CREDITO,1,0,WEB,DF,Brasilia,TRAIN,SINTETICO
TX000032525,USR000288,2025-07-01,2025-07,Assai*Atacadista,assai atacadista,1444.82,DESPESA,ALIMENTACAO,SUPERMERCADO,Assai Atacadista,CARTAO_CREDITO,1,0,ATM,SC,Florianopolis,TRAIN,SINTETICO
TX000032720,USR000290,2025-07-01,2025-07,Oi 762,oi 762,135.71,DESPESA,SERVICOS,TELEFONIA,Oi,CARTAO_CREDITO,1,1,DEBITO_AUTOMATICO,DF,Brasilia,TRAIN,SINTETICO
TX000032729,USR000290,2025-07-01,2025-07,Pneus Cent 290,pneus cent 290,258.51,DESPESA,TRANSPORTE,MANUTENCAO_VEICULO,Pneus Center,CARTAO_DEBITO,1,0,POS,DF,Brasilia,TRAIN,SINTETICO
TX000033198,USR000294,2025-07-01,2025-07,Zara 72 ROUP,zara 72 roup,542.28,DESPESA,COMPRAS,ROUPAS,Zara,CARTAO_CREDITO,1,0,DEBITO_AUTOMATICO,GO,Aparecida de Goiania,VALIDATION,SINTETICO
TX000033443,USR000296,2025-07-01,2025-07,POSTO PETROBRAS,posto petrobras,111.22,DESPESA,TRANSPORTE,COMBUSTIVEL,Posto Petrobras,CARTAO_CREDITO,1,1,POS,PR,Maringa,VALIDATION,SINTETICO
TX000034389,USR000304,2025-07-01,2025-07,LANC Plano PGBL BR,lanc plano pgbl br,31.72,INVESTIMENTO,INVESTIMENTOS,PREVIDENCIA,Plano PGBL,DEBITO_CONTA,1,1,APP,SP,Sao Paulo,TRAIN,SINTETICO
TX000034922,USR000309,2025-07-01,2025-07,Vivo Fibra,vivo fibra,518.3,DESPESA,SERVICOS,INTERNET,Vivo Fibra,CARTAO_CREDITO,1,1,POS,CE,Caucaia,TRAIN,SINTETICO
TX000035493,USR000314,2025-07-01,2025-07,Saneamento*Municipal,saneamento municipal,358.65,DESPESA,MORADIA,AGUA,Saneamento Municipal,PIX,1,1,APP,BA,Vitoria da Conquista,VALIDATION,SINTETICO
TX000035497,USR000314,2025-07-01,2025-07,Decol 597,decol 597,870.49,DESPESA,LAZER,VIAGEM,Decolar,DEBITO_AUTOMATICO,1,0,WEB,BA,Vitoria da Conquista,VALIDATION,SINTETICO
TX000035941,USR000318,2025-07-01,2025-07,LANC iFood BR,lanc ifood br,936.37,DESPESA,ALIMENTACAO,RESTAURANTE,iFood,CARTAO_DEBITO,1,0,DEBITO_AUTOMATICO,MG,Belo Horizonte,TEST,SINTETICO
TX000036161,USR000320,2025-07-01,2025-07,Ingresso.com,ingresso com,87.44,DESPESA,LAZER,EVENTOS,Ingresso.com,PIX,1,0,APP,RS,Pelotas,TRAIN,SINTETICO
TX000036714,USR000325,2025-07-01,2025-07,Auto Cent 942,auto cent 942,469.2,DESPESA,TRANSPORTE,MANUTENCAO_VEICULO,Auto Center,DEBITO_AUTOMATICO,1,0,WEB,PE,Recife,TRAIN,SINTETICO
TX000037371,USR000331,2025-07-01,2025-07,Supermercado BH,supermercado bh,481.29,DESPESA,ALIMENTACAO,SUPERMERCADO,Supermercado BH,PIX,1,0,WEB,MG,Uberlandia,TRAIN,SINTETICO
TX000037718,USR000334,2025-07-01,2025-07,Folha*de*Pagamento,folha de pagamento,7085.0,RECEITA,RENDA,SALARIO,Folha de Pagamento,CREDITO_CONTA,1,1,DEPOSITO,GO,Goiania,VALIDATION,SINTETICO
TX000038486,USR000341,2025-07-01,2025-07,LANC Credito Salario,lanc credito salario,6822.75,RECEITA,RENDA,SALARIO,Credito Salario,CREDITO_CONTA,1,1,DEPOSITO,RJ,Rio de Janeiro,TRAIN,SINTETICO
TX000038924,USR000345,2025-07-01,2025-07,COMPR4 Claro Internet 9819,compr4 claro internet 9819,2466.87,DESPESA,SERVICOS,INTERNET,Claro Internet,CARTAO_DEBITO,1,1,POS,DF,Brasilia,TRAIN,SINTETICO
TX000039030,USR000346,2025-07-01,2025-07,Saraiva 800,saraiva 800,447.6,DESPESA,EDUCACAO,LIVROS,Saraiva,PIX,12,0,DEBITO_AUTOMATICO,PR,Curitiba,TRAIN,SINTETICO
TX000039256,USR000348,2025-07-01,2025-07,Saneamento Municipal 531,saneamento municipal 531,96.9,DESPESA,MORADIA,AGUA,Saneamento Municipal,CARTAO_CREDITO,1,1,POS,RJ,Rio de Janeiro,TRAIN,SINTETICO
TX000039373,USR000349,2025-07-01,2025-07,SUPERMERCADO BH,supermercado bh,171.9,DESPESA,ALIMENTACAO,SUPERMERCADO,Supermercado BH,CARTAO_DEBITO,1,0,POS,MG,Belo Horizonte,TRAIN,SINTETICO
TX000040068,USR000355,2025-07-01,2025-07,PGTO Carrefour LTDA,pgto carrefour ltda,237.25,DESPESA,ALIMENTACAO,SUPERMERCADO,Carrefour,CARTAO_CREDITO,1,0,DEBITO_AUTOMATICO,BA,Vitoria da Conquista,VALIDATION,SINTETICO
TX000040316,USR000357,2025-07-01,2025-07,ULTRAGAZ GAS,ultragaz gas,137.51,DESPESA,MORADIA,GAS,Ultragaz,PIX,1,1,APP,MG,Belo Horizonte,TEST,SINTETICO
TX000040562,USR000359,2025-07-01,2025-07,XBOX,xbox,784.16,DESPESA,LAZER,GAMES,Xbox,BOLETO,1,0,APP,RJ,Duque de Caxias,TEST,SINTETICO
TX000040793,USR000361,2025-07-01,2025-07,Cinem 594,cinem 594,1029.16,DESPESA,LAZER,CINEMA,Cinemark,PIX,1,0,APP,RS,Pelotas,TRAIN,SINTETICO
TX000041132,USR000364,2025-07-01,2025-07,POSTO SHELL,posto shell,362.48,DESPESA,TRANSPORTE,COMBUSTIVEL,Posto Shell,DINHEIRO,1,0,WEB,GO,Goiania,TRAIN,SINTETICO
TX000041244,USR000365,2025-07-01,2025-07,Locador*Residencial,locador residencial,3685.93,DESPESA,MORADIA,ALUGUEL,Locador Residencial,CARTAO_DEBITO,1,1,POS,BA,Salvador,TRAIN,SINTETICO
TX000041583,USR000368,2025-07-01,2025-07,Centro*Medico*Popular,centro medico popular,241.94,DESPESA,SAUDE,CONSULTA,Centro Medico Popular,CARTAO_DEBITO,4,0,WEB,CE,Caucaia,TRAIN,SINTETICO
TX000042261,USR000374,2025-07-01,2025-07,TIM Ultrafib 443,tim ultrafib 443,473.03,DESPESA,SERVICOS,INTERNET,TIM Ultrafibra,CARTAO_DEBITO,1,1,ATM,MG,Belo Horizonte,VALIDATION,SINTETICO
TX000042391,USR000375,2025-07-01,2025-07,COMPRA Casas Bahia BR,compra casas bahia br,207.03,DESPESA,COMPRAS,ELETRONICOS,Casas Bahia,PIX,1,0,ATM,CE,Caucaia,VALIDATION,SINTETICO
TX000042699,USR000378,2025-07-01,2025-07,Supergasbras BR,supergasbras br,641.29,DESPESA,MORADIA,GAS,Supergasbras,CARTAO_CREDITO,1,1,APP,MG,Belo Horizonte,TEST,SINTETICO
TX000042822,USR000379,2025-07-01,2025-07,EMPRESTIMO-CONSIGNADO EMPR,emprestimo consignado empr,299.75,DESPESA,DIVIDAS,EMPRESTIMO,Emprestimo Consignado,PIX,1,0,WEB,PE,Jaboatao,TEST,SINTETICO
TX000042932,USR000380,2025-07-01,2025-07,Saneamento Munici 314,saneamento munici 314,66.44,DESPESA,MORADIA,AGUA,Saneamento Municipal,BOLETO,1,1,APP,ES,Serra,TRAIN,SINTETICO
TX000043053,USR000381,2025-07-01,2025-07,Lava Jato Premium,lava jato premium,1314.74,DESPESA,TRANSPORTE,MANUTENCAO_VEICULO,Lava Jato Premium,CARTAO_CREDITO,1,0,WEB,CE,Juazeiro do Norte,TRAIN,SINTETICO
TX000043168,USR000382,2025-07-01,2025-07,UNIMED,unimed,306.23,DESPESA,SAUDE,PLANO_SAUDE,Unimed,PIX,1,1,DEBITO_AUTOMATICO,PR,Maringa,TRAIN,SINTETICO
TX000043173,USR000382,2025-07-01,2025-07,DEB Fundo de Investimento BR,deb fundo de investimento br,655.8,INVESTIMENTO,INVESTIMENTOS,FUNDO,Fundo de Investimento,DEBITO_CONTA,1,1,APP,PR,Maringa,TRAIN,SINTETICO
TX000043387,USR000384,2025-07-01,2025-07,Drogasi 238,drogasi 238,56.22,DESPESA,SAUDE,FARMACIA,Drogasil,PIX,1,0,WEB,SP,Sao Paulo,TRAIN,SINTETICO
TX000043389,USR000384,2025-07-01,2025-07,Locador*Residencial,locador residencial,256.63,DESPESA,MORADIA,ALUGUEL,Locador Residencial,CARTAO_DEBITO,1,0,APP,SP,Sao Paulo,TRAIN,SINTETICO
TX000043743,USR000387,2025-07-01,2025-07,PAG Posto Avenida BR,pag posto avenida br,50.24,DESPESA,TRANSPORTE,COMBUSTIVEL,Posto Avenida,DEBITO_AUTOMATICO,1,0,ATM,ES,Vitoria,TRAIN,SINTETICO
TX000043985,USR000389,2025-07-01,2025-07,LANC Vivo Fibra 2580,lanc vivo fibra 2580,582.96,DESPESA,SERVICOS,INTERNET,Vivo Fibra,CARTAO_CREDITO,1,1,APP,BA,Vitoria da Conquista,TRAIN,SINTETICO
TX000044213,USR000391,2025-07-01,2025-07,FUNDO DE INVESTIMENTO,fundo de investimento,276.97,INVESTIMENTO,INVESTIMENTOS,FUNDO,Fundo de Investimento,DEBITO_CONTA,1,1,APP,MG,Juiz de Fora,TRAIN,SINTETICO
TX000044654,USR000395,2025-07-01,2025-07,LCI Investime 56,lci investime 56,1115.25,INVESTIMENTO,INVESTIMENTOS,RENDA_FIXA,LCI Investimento,DEBITO_CONTA,1,1,APP,RJ,Duque de Caxias,VALIDATION,SINTETICO
TX000044870,USR000397,2025-07-01,2025-07,Oi,oi,2738.61,DESPESA,SERVICOS,TELEFONIA,Oi,PIX,1,0,APP,ES,Serra,TEST,SINTETICO
TX000045205,USR000400,2025-07-01,2025-07,Oi Fi 480,oi fi 480,173.26,DESPESA,SERVICOS,INTERNET,Oi Fibra,CARTAO_CREDITO,1,1,POS,SC,Joinville,TRAIN,SINTETICO
TX000045893,USR000406,2025-07-01,2025-07,PLANO-PGBL,plano pgbl,221.25,INVESTIMENTO,INVESTIMENTOS,PREVIDENCIA,Plano PGBL,DEBITO_CONTA,1,0,APP,DF,Brasilia,TRAIN,SINTETICO
TX000045989,USR000407,2025-07-01,2025-07,Microsoft*365,microsoft 365,2002.02,DESPESA,SERVICOS,ASSINATURA,Microsoft 365,CARTAO_CREDITO,1,1,POS,DF,Brasilia,TRAIN,SINTETICO
TX000047432,USR000420,2025-07-01,2025-07,PGTO PlayStation Store,pgto playstation store,641.96,DESPESA,LAZER,GAMES,PlayStation Store,CARTAO_DEBITO,1,0,ATM,BA,Feira de Santana,TRAIN,SINTETICO
TX000047682,USR000422,2025-07-01,2025-07,C4FE-DO-PONTO,c4fe do ponto,324.74,DESPESA,ALIMENTACAO,CAFETERIA,Cafe do Ponto,CARTAO_CREDITO,1,0,WEB,PR,Curitiba,TRAIN,SINTETICO
TX000047906,USR000424,2025-07-01,2025-07,ATACADAO,atacadao,432.46,DESPESA,ALIMENTACAO,SUPERMERCADO,Atacadao,CARTAO_DEBITO,1,0,WEB,BA,Salvador,TRAIN,SINTETICO
TX000047909,USR000424,2025-07-01,2025-07,Restituic 64,restituic 64,1649.99,RECEITA,RENDA,REEMBOLSO,Restituicao,PIX,1,0,APP,BA,Salvador,TRAIN,SINTETICO
TX000048130,USR000426,2025-07-01,2025-07,SALARIO EMPRESA,salario empresa,3906.18,RECEITA,RENDA,SALARIO,Salario Empresa,CREDITO_CONTA,1,1,DEPOSITO,RJ,Niteroi,TRAIN,SINTETICO
TX000049115,USR000435,2025-07-01,2025-07,DEB Amazon Livros 3530 LIVR,deb amazon livros 3530 livr,1404.97,DESPESA,EDUCACAO,LIVROS,Amazon Livros,CARTAO_DEBITO,12,0,POS,RJ,Duque de Caxias,VALIDATION,SINTETICO
TX000049116,USR000435,2025-07-01,2025-07,FOLHA-DE-PAGAMENTO,folha de pagamento,21603.57,RECEITA,RENDA,SALARIO,Folha de Pagamento,CREDITO_CONTA,1,1,DEPOSITO,RJ,Duque de Caxias,VALIDATION,SINTETICO
TX000049316,USR000437,2025-07-01,2025-07,99-APP,99 app,242.83,DESPESA,TRANSPORTE,APLICATIVO,99 App,CARTAO_CREDITO,1,0,POS,DF,Brasilia,TEST,SINTETICO
TX000049548,USR000439,2025-07-01,2025-07,Mercado Sao Jose 853,mercado sao jose 853,366.97,DESPESA,ALIMENTACAO,SUPERMERCADO,Mercado Sao Jose,CARTAO_CREDITO,1,0,POS,CE,Fortaleza,TEST,SINTETICO
TX000049683,USR000440,2025-07-01,2025-07,Starbucks,starbucks,626.14,DESPESA,ALIMENTACAO,CAFETERIA,Starbucks,CARTAO_CREDITO,1,0,ATM,RS,Porto Alegre,TRAIN,SINTETICO
TX000050012,USR000443,2025-07-01,2025-07,Condominio Residencial,condominio residencial,994.24,DESPESA,MORADIA,CONDOMINIO,Condominio Residencial,PIX,1,1,APP,DF,Brasilia,TRAIN,SINTETICO
TX000050467,USR000447,2025-07-01,2025-07,CLARO-INTERNET,claro internet,892.62,DESPESA,SERVICOS,INTERNET,Claro Internet,DEBITO_AUTOMATICO,1,0,DEBITO_AUTOMATICO,CE,Fortaleza,TRAIN,SINTETICO
TX000050669,USR000449,2025-07-01,2025-07,FOLHA-DE-PAGAMENTO,folha de pagamento,6569.5,RECEITA,RENDA,SALARIO,Folha de Pagamento,CREDITO_CONTA,1,1,DEPOSITO,PE,Jaboatao,TRAIN,SINTETICO
TX000050774,USR000450,2025-07-01,2025-07,CREDITO-SALARIO,credito salario,2344.93,RECEITA,RENDA,SALARIO,Credito Salario,CREDITO_CONTA,1,1,DEPOSITO,MG,Juiz de Fora,TRAIN,SINTETICO
TX000051309,USR000455,2025-07-01,2025-07,ALUGUEL-RESIDENCIAL,aluguel residencial,1511.88,DESPESA,MORADIA,ALUGUEL,Aluguel Residencial,BOLETO,1,1,POS,PR,Curitiba,VALIDATION,SINTETICO
TX000051530,USR000457,2025-07-01,2025-07,TOK STOK,tok stok,336.6,DESPESA,COMPRAS,CASA,Tok Stok,PIX,1,0,DEBITO_AUTOMATICO,PR,Maringa,TEST,SINTETICO
TX000051627,USR000458,2025-07-01,2025-07,PIX Saneamento Municipal LTDA,pix saneamento municipal ltda,637.23,DESPESA,MORADIA,AGUA,Saneamento Municipal,CARTAO_CREDITO,1,1,ATM,GO,Goiania,TEST,SINTETICO
TX000052799,USR000468,2025-07-01,2025-07,Claro*Internet,claro internet,258.32,DESPESA,SERVICOS,INTERNET,Claro Internet,PIX,1,1,DEBITO_AUTOMATICO,PE,Olinda,TRAIN,SINTETICO
TX000053041,USR000470,2025-07-01,2025-07,CAFETERIA BRASIL,cafeteria brasil,795.35,DESPESA,ALIMENTACAO,CAFETERIA,Cafeteria Brasil,CARTAO_CREDITO,1,0,WEB,SP,Santos,TRAIN,SINTETICO
TX000053159,USR000471,2025-07-01,2025-07,Posto She 173,posto she 173,33.52,DESPESA,TRANSPORTE,COMBUSTIVEL,Posto Shell,PIX,1,0,POS,PE,Jaboatao,TRAIN,SINTETICO
TX000053513,USR000474,2025-07-01,2025-07,Administradora Condominial,administradora condominial,3286.4,DESPESA,MORADIA,CONDOMINIO,Administradora Condominial,CARTAO_DEBITO,1,1,WEB,RS,Pelotas,VALIDATION,SINTETICO
TX000053514,USR000474,2025-07-01,2025-07,ATACADAO,atacadao,1212.7,DESPESA,ALIMENTACAO,SUPERMERCADO,Atacadao,CARTAO_CREDITO,1,1,POS,RS,Pelotas,VALIDATION,SINTETICO
TX000053620,USR000475,2025-07-01,2025-07,VIVO-FIBRA,vivo fibra,66.02,DESPESA,SERVICOS,INTERNET,Vivo Fibra,CARTAO_CREDITO,1,1,DEBITO_AUTOMATICO,RJ,Duque de Caxias,VALIDATION,SINTETICO
TX000053742,USR000476,2025-07-01,2025-07,Emprestimo Consignado,emprestimo consignado,64.45,DESPESA,DIVIDAS,EMPRESTIMO,Emprestimo Consignado,CARTAO_CREDITO,1,0,ATM,ES,Cariacica,VALIDATION,SINTETICO
TX000054973,USR000487,2025-07-01,2025-07,Conta de Agua,conta de agua,1487.79,DESPESA,MORADIA,AGUA,Conta de Agua,CARTAO_CREDITO,1,1,ATM,PR,Curitiba,TRAIN,SINTETICO
TX000055080,USR000488,2025-07-01,2025-07,COMPR4 Claro Movel 9900,compr4 claro movel 9900,429.92,DESPESA,SERVICOS,TELEFONIA,Claro Movel,CARTAO_DEBITO,1,1,APP,RJ,Duque de Caxias,TRAIN,SINTETICO
TX000055292,USR000490,2025-07-01,2025-07,Vivo Movel,vivo movel,152.93,DESPESA,SERVICOS,TELEFONIA,Vivo Movel,PIX,1,1,APP,RJ,Duque de Caxias,TRAIN,SINTETICO
TX000055414,USR000491,2025-07-01,2025-07,COMPR4 Fundo de Investimento 9471,compr4 fundo de investimento 9471,988.04,INVESTIMENTO,INVESTIMENTOS,FUNDO,Fundo de Investimento,DEBITO_CONTA,1,1,APP,MG,Uberlandia,TRAIN,SINTETICO
TX000055630,USR000493,2025-07-01,2025-07,PLAYSTATION-STORE,playstation store,286.85,DESPESA,LAZER,GAMES,PlayStation Store,PIX,1,0,ATM,RJ,Rio de Janeiro,TRAIN,SINTETICO
TX000056544,USR000501,2025-07-01,2025-07,Oi 385 TELE,oi 385 tele,215.03,DESPESA,SERVICOS,TELEFONIA,Oi,CARTAO_CREDITO,1,0,POS,SP,Campinas,TRAIN,SINTETICO
TX000056991,USR000505,2025-07-01,2025-07,Starbu 247,starbu 247,1222.02,DESPESA,ALIMENTACAO,CAFETERIA,Starbucks,CARTAO_CREDITO,1,0,ATM,ES,Serra,TRAIN,SINTETICO
TX000056996,USR000505,2025-07-01,2025-07,PLANO PGBL PREV,plano pgbl prev,803.44,INVESTIMENTO,INVESTIMENTOS,PREVIDENCIA,Plano PGBL,DEBITO_CONTA,1,0,APP,ES,Serra,TRAIN,SINTETICO
TX000057339,USR000508,2025-07-01,2025-07,TIM Ultrafib 121,tim ultrafib 121,416.61,DESPESA,SERVICOS,INTERNET,TIM Ultrafibra,DEBITO_AUTOMATICO,1,1,WEB,SP,Santos,TRAIN,SINTETICO
TX000057800,USR000512,2025-07-01,2025-07,ULTRAGAZ,ultragaz,385.74,DESPESA,MORADIA,GAS,Ultragaz,PIX,1,1,DEBITO_AUTOMATICO,MG,Uberlandia,TRAIN,SINTETICO
TX000058248,USR000516,2025-07-01,2025-07,Claro Internet 167 INTE,claro internet 167 inte,447.25,DESPESA,SERVICOS,INTERNET,Claro Internet,CARTAO_DEBITO,1,1,POS,PR,Curitiba,VALIDATION,SINTETICO
TX000058360,USR000517,2025-07-01,2025-07,MICROSOFT-365,microsoft 365,265.58,DESPESA,SERVICOS,ASSINATURA,Microsoft 365,PIX,1,0,WEB,RJ,Rio de Janeiro,TEST,SINTETICO
TX000059425,USR000526,2025-07-01,2025-07,Starbucks,starbucks,572.09,DESPESA,ALIMENTACAO,CAFETERIA,Starbucks,CARTAO_CREDITO,1,0,DEBITO_AUTOMATICO,RJ,Niteroi,TRAIN,SINTETICO
TX000059551,USR000527,2025-07-01,2025-07,DEB Livraria Cultura,deb livraria cultura,251.02,DESPESA,EDUCACAO,LIVROS,Livraria Cultura,PIX,1,0,ATM,CE,Caucaia,TRAIN,SINTETICO
TX000059771,USR000529,2025-07-01,2025-07,DEB Conta de Gas BA,deb conta de gas ba,653.06,DESPESA,MORADIA,GAS,Conta de Gas,CARTAO_DEBITO,1,0,WEB,DF,Brasilia,TRAIN,SINTETICO
TX000059891,USR000530,2025-07-01,2025-07,Administradora Condominial,administradora condominial,800.61,DESPESA,MORADIA,CONDOMINIO,Administradora Condominial,CARTAO_CREDITO,1,1,DEBITO_AUTOMATICO,SP,Sao Paulo,TRAIN,SINTETICO
TX000060456,USR000535,2025-07-01,2025-07,Azul Seguros 938,azul seguros 938,642.64,DESPESA,SERVICOS,SEGURO,Azul Seguros,CARTAO_CREDITO,1,1,WEB,PE,Jaboatao,VALIDATION,SINTETICO
TX000060566,USR000536,2025-07-01,2025-07,COMPR4 Oi Fibra 0388,compr4 oi fibra 0388,330.5,DESPESA,SERVICOS,INTERNET,Oi Fibra,CARTAO_CREDITO,1,1,POS,SC,Florianopolis,VALIDATION,SINTETICO
TX000060814,USR000538,2025-07-01,2025-07,AUTO CENTER,auto center,928.73,DESPESA,TRANSPORTE,MANUTENCAO_VEICULO,Auto Center,BOLETO,1,1,APP,CE,Fortaleza,TEST,SINTETICO
TX000060817,USR000538,2025-07-01,2025-07,4plicacao Fundo,4plicacao fundo,381.21,INVESTIMENTO,INVESTIMENTOS,FUNDO,Aplicacao Fundo,DEBITO_CONTA,1,1,APP,CE,Fortaleza,TEST,SINTETICO
TX000060927,USR000539,2025-07-01,2025-07,Administradora Condominial,administradora condominial,1676.45,DESPESA,MORADIA,CONDOMINIO,Administradora Condominial,DEBITO_AUTOMATICO,1,1,ATM,SC,Blumenau,TEST,SINTETICO
TX000061362,USR000543,2025-07-01,2025-07,Max,max,189.33,DESPESA,LAZER,STREAMING,Max,CARTAO_DEBITO,1,0,POS,SC,Florianopolis,TRAIN,SINTETICO
TX000061684,USR000546,2025-07-01,2025-07,Condominio Residencial,condominio residencial,3756.58,DESPESA,MORADIA,CONDOMINIO,Condominio Residencial,DEBITO_AUTOMATICO,1,1,APP,RJ,Niteroi,TRAIN,SINTETICO
TX000061693,USR000546,2025-07-01,2025-07,APLICACAO FUNDO,aplicacao fundo,75.87,INVESTIMENTO,INVESTIMENTOS,FUNDO,Aplicacao Fundo,DEBITO_CONTA,1,1,APP,RJ,Niteroi,TRAIN,SINTETICO
TX000062239,USR000551,2025-07-01,2025-07,PAG Claro Movel RJ,pag claro movel rj,1363.32,DESPESA,SERVICOS,TELEFONIA,Claro Movel,BOLETO,1,1,APP,MG,Juiz de Fora,TRAIN,SINTETICO
TX000062601,USR000554,2025-07-01,2025-07,Adobe,adobe,755.89,DESPESA,SERVICOS,ASSINATURA,Adobe,CARTAO_DEBITO,1,1,WEB,SC,Blumenau,VALIDATION,SINTETICO
TX000062724,USR000555,2025-07-01,2025-07,Credito*Salario,credito salario,5088.77,RECEITA,RENDA,SALARIO,Credito Salario,CREDITO_CONTA,1,1,DEPOSITO,SC,Florianopolis,VALIDATION,SINTETICO
TX000062823,USR000556,2025-07-01,2025-07,SUPERG4SBRAS,superg4sbras,716.01,DESPESA,MORADIA,GAS,Supergasbras,CARTAO_DEBITO,1,1,ATM,BA,Feira de Santana,VALIDATION,SINTETICO
TX000062826,USR000556,2025-07-01,2025-07,MERCADO SAO JOSE SUPE,mercado sao jose supe,973.05,DESPESA,ALIMENTACAO,SUPERMERCADO,Mercado Sao Jose,DEBITO_AUTOMATICO,1,0,DEBITO_AUTOMATICO,BA,Feira de Santana,VALIDATION,SINTETICO
TX000063066,USR000558,2025-07-01,2025-07,Vivo Movel,vivo movel,50.71,DESPESA,SERVICOS,TELEFONIA,Vivo Movel,CARTAO_CREDITO,1,1,WEB,MG,Belo Horizonte,TEST,SINTETICO
TX000063197,USR000559,2025-07-01,2025-07,CARREFOUR,carrefour,137.91,DESPESA,ALIMENTACAO,SUPERMERCADO,Carrefour,CARTAO_CREDITO,1,0,POS,PR,Curitiba,TEST,SINTETICO
TX000063822,USR000564,2025-07-01,2025-07,Projeto Autonomo,projeto autonomo,2829.45,RECEITA,RENDA,FREELANCE,Projeto Autonomo,PIX,1,0,APP,CE,Fortaleza,TRAIN,SINTETICO
TX000064285,USR000568,2025-07-01,2025-07,Claro Movel,claro movel,470.34,DESPESA,SERVICOS,TELEFONIA,Claro Movel,CARTAO_DEBITO,1,1,APP,RJ,Rio de Janeiro,TRAIN,SINTETICO
TX000066947,USR000592,2025-07-01,2025-07,F4TURA-INTER,f4tura inter,1931.22,DESPESA,DIVIDAS,CARTAO,Fatura Inter,CARTAO_CREDITO,1,1,ATM,PE,Recife,TRAIN,SINTETICO
TX000067048,USR000593,2025-07-01,2025-07,Starbucks,starbucks,828.96,DESPESA,ALIMENTACAO,CAFETERIA,Starbucks,CARTAO_CREDITO,1,0,APP,GO,Aparecida de Goiania,TRAIN,SINTETICO
TX000067283,USR000595,2025-07-01,2025-07,iFood,ifood,1836.31,DESPESA,ALIMENTACAO,RESTAURANTE,iFood,BOLETO,1,0,APP,BA,Salvador,VALIDATION,SINTETICO
TX000067645,USR000598,2025-07-01,2025-07,Mercado*Sao*Jose,mercado sao jose,290.83,DESPESA,ALIMENTACAO,SUPERMERCADO,Mercado Sao Jose,BOLETO,1,0,POS,BA,Feira de Santana,TEST,SINTETICO
TX000067647,USR000598,2025-07-01,2025-07,Outback,outback,9.64,DESPESA,ALIMENTACAO,RESTAURANTE,Outback,CARTAO_CREDITO,1,0,ATM,BA,Feira de Santana,TEST,SINTETICO
TX000067866,USR000600,2025-07-01,2025-07,TIM Ultrafibra,tim ultrafibra,335.76,DESPESA,SERVICOS,INTERNET,TIM Ultrafibra,CARTAO_CREDITO,1,1,ATM,GO,Aparecida de Goiania,TRAIN,SINTETICO
TX000067978,USR000601,2025-07-01,2025-07,BURGER KING,burger king,1524.09,DESPESA,ALIMENTACAO,RESTAURANTE,Burger King,CARTAO_CREDITO,1,0,WEB,ES,Serra,TRAIN,SINTETICO
TX000068629,USR000607,2025-07-01,2025-07,Imobiliaria Centra 557,imobiliaria centra 557,900.41,DESPESA,MORADIA,ALUGUEL,Imobiliaria Central,DEBITO_AUTOMATICO,1,1,ATM,BA,Vitoria da Conquista,TRAIN,SINTETICO
TX000069556,USR000615,2025-07-01,2025-07,PAG Cafeteria Brasil 4931,pag cafeteria brasil 4931,568.29,DESPESA,ALIMENTACAO,CAFETERIA,Cafeteria Brasil,BOLETO,1,0,ATM,ES,Cariacica,VALIDATION,SINTETICO
TX000070224,USR000621,2025-07-01,2025-07,Previdencia*Privada,previdencia privada,177.57,INVESTIMENTO,INVESTIMENTOS,PREVIDENCIA,Previdencia Privada,DEBITO_CONTA,1,1,APP,SP,Santos,TRAIN,SINTETICO
TX000070662,USR000625,2025-07-01,2025-07,Mercado*Sao*Jose,mercado sao jose,554.17,DESPESA,ALIMENTACAO,SUPERMERCADO,Mercado Sao Jose,CARTAO_CREDITO,1,0,DEBITO_AUTOMATICO,MG,Belo Horizonte,TRAIN,SINTETICO
TX000070765,USR000626,2025-07-01,2025-07,Aplicacao CDB,aplicacao cdb,449.13,INVESTIMENTO,INVESTIMENTOS,RENDA_FIXA,Aplicacao CDB,DEBITO_CONTA,1,0,APP,ES,Vila Velha,TRAIN,SINTETICO
TX000071463,USR000632,2025-07-01,2025-07,Condominio Residencial 725,condominio residencial 725,767.52,DESPESA,MORADIA,CONDOMINIO,Condominio Residencial,CARTAO_CREDITO,1,0,ATM,MG,Belo Horizonte,TRAIN,SINTETICO
TX000071466,USR000632,2025-07-01,2025-07,Aluguel Residenci 14,aluguel residenci 14,1910.8,DESPESA,MORADIA,ALUGUEL,Aluguel Residencial,CARTAO_CREDITO,1,1,ATM,MG,Belo Horizonte,TRAIN,SINTETICO
TX000072695,USR000643,2025-07-01,2025-07,DEB Salario Empresa,deb salario empresa,2984.35,RECEITA,RENDA,SALARIO,Salario Empresa,CREDITO_CONTA,1,1,DEPOSITO,CE,Caucaia,TRAIN,SINTETICO
TX000072803,USR000644,2025-07-01,2025-07,Folha*de*Pagamento,folha de pagamento,9916.0,RECEITA,RENDA,SALARIO,Folha de Pagamento,CREDITO_CONTA,1,1,DEPOSITO,SC,Blumenau,TRAIN,SINTETICO
TX000073496,USR000650,2025-07-01,2025-07,Starbucks,starbucks,718.11,DESPESA,ALIMENTACAO,CAFETERIA,Starbucks,CARTAO_CREDITO,1,0,APP,CE,Juazeiro do Norte,TRAIN,SINTETICO
TX000073827,USR000653,2025-07-01,2025-07,DEB Adobe SP,deb adobe sp,393.0,DESPESA,SERVICOS,ASSINATURA,Adobe,CARTAO_CREDITO,1,1,APP,PE,Recife,TRAIN,SINTETICO
TX000073831,USR000653,2025-07-01,2025-07,LANC Servico Prestado LTDA,lanc servico prestado ltda,544.77,RECEITA,RENDA,FREELANCE,Servico Prestado,PIX,1,0,APP,PE,Recife,TRAIN,SINTETICO
TX000074051,USR000655,2025-07-01,2025-07,PADARIA CENTRAL,padaria central,249.44,DESPESA,ALIMENTACAO,RESTAURANTE,Padaria Central,CARTAO_DEBITO,1,0,ATM,RS,Caxias do Sul,VALIDATION,SINTETICO
TX000074267,USR000657,2025-07-01,2025-07,RIACHUELO,riachuelo,1413.35,DESPESA,COMPRAS,ROUPAS,Riachuelo,CARTAO_CREDITO,1,0,APP,DF,Brasilia,TEST,SINTETICO
TX000074498,USR000659,2025-07-01,2025-07,PAGUE-MENOS,pague menos,520.54,DESPESA,SAUDE,FARMACIA,Pague Menos,CARTAO_CREDITO,4,0,APP,ES,Serra,TEST,SINTETICO
TX000074711,USR000661,2025-07-01,2025-07,LIVRARIA-CULTURA,livraria cultura,245.34,DESPESA,EDUCACAO,LIVROS,Livraria Cultura,CARTAO_DEBITO,1,0,WEB,DF,Brasilia,TRAIN,SINTETICO
TX000074825,USR000662,2025-07-01,2025-07,Previdencia Privada,previdencia privada,101.89,INVESTIMENTO,INVESTIMENTOS,PREVIDENCIA,Previdencia Privada,DEBITO_CONTA,1,1,APP,CE,Fortaleza,TRAIN,SINTETICO
TX000074938,USR000663,2025-07-01,2025-07,Cinemark,cinemark,884.05,DESPESA,LAZER,CINEMA,Cinemark,CARTAO_CREDITO,1,0,APP,CE,Caucaia,TRAIN,SINTETICO
TX000075176,USR000665,2025-07-01,2025-07,Folha de Pagamen 188,folha de pagamen 188,3177.23,RECEITA,RENDA,SALARIO,Folha de Pagamento,CREDITO_CONTA,1,1,DEPOSITO,CE,Juazeiro do Norte,TRAIN,SINTETICO
TX000076330,USR000675,2025-07-01,2025-07,PGTO Claro Internet MG,pgto claro internet mg,38.83,DESPESA,SERVICOS,INTERNET,Claro Internet,CARTAO_CREDITO,1,1,POS,SC,Blumenau,VALIDATION,SINTETICO
TX000076753,USR000679,2025-07-01,2025-07,Fatura Nubank,fatura nubank,226.07,DESPESA,DIVIDAS,CARTAO,Fatura Nubank,CARTAO_DEBITO,1,1,DEBITO_AUTOMATICO,ES,Serra,TEST,SINTETICO
TX000077518,USR000686,2025-07-01,2025-07,IMOBILIARIA-CENTRAL,imobiliaria central,1232.27,DESPESA,MORADIA,ALUGUEL,Imobiliaria Central,BOLETO,1,1,DEBITO_AUTOMATICO,BA,Salvador,TRAIN,SINTETICO
TX000077872,USR000689,2025-07-01,2025-07,CAFE DO PONTO,cafe do ponto,899.17,DESPESA,ALIMENTACAO,CAFETERIA,Cafe do Ponto,PIX,1,0,APP,BA,Vitoria da Conquista,TRAIN,SINTETICO
TX000078106,USR000691,2025-07-01,2025-07,Posto Avenida,posto avenida,23.06,DESPESA,TRANSPORTE,COMBUSTIVEL,Posto Avenida,PIX,1,0,APP,SC,Joinville,TRAIN,SINTETICO
TX000078808,USR000697,2025-07-01,2025-07,Vivo Fibra 495,vivo fibra 495,84.7,DESPESA,SERVICOS,INTERNET,Vivo Fibra,PIX,1,1,DEBITO_AUTOMATICO,GO,Anapolis,TEST,SINTETICO
TX000079353,USR000702,2025-07-01,2025-07,DEB Plano PGBL LTDA,deb plano pgbl ltda,536.16,INVESTIMENTO,INVESTIMENTOS,PREVIDENCIA,Plano PGBL,DEBITO_CONTA,1,1,APP,RJ,Duque de Caxias,TRAIN,SINTETICO
TX000079579,USR000704,2025-07-01,2025-07,PIX Saque ATM SP,pix saque atm sp,52.29,DESPESA,OUTROS,SAQUE,Saque ATM,CARTAO_DEBITO,1,0,WEB,SC,Blumenau,TRAIN,SINTETICO
TX000079700,USR000705,2025-07-01,2025-07,Supergasbras,supergasbras,2192.75,DESPESA,MORADIA,GAS,Supergasbras,CARTAO_CREDITO,1,1,POS,PE,Olinda,TRAIN,SINTETICO
TX000080136,USR000709,2025-07-01,2025-07,TIM TELE,tim tele,971.89,DESPESA,SERVICOS,TELEFONIA,TIM,CARTAO_CREDITO,1,1,ATM,BA,Salvador,TRAIN,SINTETICO
TX000080137,USR000709,2025-07-01,2025-07,DEB Outback,deb outback,513.9,DESPESA,ALIMENTACAO,RESTAURANTE,Outback,CARTAO_DEBITO,1,0,POS,BA,Salvador,TRAIN,SINTETICO
TX000080140,USR000709,2025-07-01,2025-07,TIM,tim,388.69,DESPESA,SERVICOS,TELEFONIA,TIM,PIX,1,0,WEB,BA,Salvador,TRAIN,SINTETICO
TX000080602,USR000713,2025-07-01,2025-07,Sabesp,sabesp,958.68,DESPESA,MORADIA,AGUA,Sabesp,DEBITO_AUTOMATICO,1,1,ATM,DF,Brasilia,TRAIN,SINTETICO
TX000081059,USR000717,2025-07-01,2025-07,PAG Riachuelo LTDA,pag riachuelo ltda,519.21,DESPESA,COMPRAS,ROUPAS,Riachuelo,PIX,3,0,APP,GO,Anapolis,TEST,SINTETICO
TX000081628,USR000722,2025-07-01,2025-07,Sabesp,sabesp,78.1,DESPESA,MORADIA,AGUA,Sabesp,DINHEIRO,1,1,APP,DF,Brasilia,TRAIN,SINTETICO
TX000081635,USR000722,2025-07-01,2025-07,PREVIDENCIA PRIVADA,previdencia privada,134.55,INVESTIMENTO,INVESTIMENTOS,PREVIDENCIA,Previdencia Privada,DEBITO_CONTA,1,1,APP,DF,Brasilia,TRAIN,SINTETICO
TX000081741,USR000723,2025-07-01,2025-07,Cemi 415,cemi 415,489.03,DESPESA,MORADIA,ENERGIA,Cemig,CARTAO_DEBITO,1,1,APP,DF,Brasilia,TRAIN,SINTETICO
TX000082203,USR000727,2025-07-01,2025-07,DEB Ultragaz,deb ultragaz,599.0,DESPESA,MORADIA,GAS,Ultragaz,PIX,1,1,WEB,SC,Joinville,TRAIN,SINTETICO
TX000082214,USR000727,2025-07-01,2025-07,Previdencia Priva 712,previdencia priva 712,145.12,INVESTIMENTO,INVESTIMENTOS,PREVIDENCIA,Previdencia Privada,DEBITO_CONTA,1,1,APP,SC,Joinville,TRAIN,SINTETICO
TX000082424,USR000729,2025-07-01,2025-07,CLARO-MOVEL TELE,claro movel tele,248.87,DESPESA,SERVICOS,TELEFONIA,Claro Movel,PIX,1,0,POS,BA,Feira de Santana,TRAIN,SINTETICO
TX000082430,USR000729,2025-07-01,2025-07,Folha de Pagamento,folha de pagamento,6569.33,RECEITA,RENDA,SALARIO,Folha de Pagamento,CREDITO_CONTA,1,1,DEPOSITO,BA,Feira de Santana,TRAIN,SINTETICO
TX000083101,USR000735,2025-07-01,2025-07,AZUL SEGUROS,azul seguros,5.99,DESPESA,SERVICOS,SEGURO,Azul Seguros,PIX,1,1,ATM,PR,Maringa,VALIDATION,SINTETICO
TX000083434,USR000738,2025-07-01,2025-07,Ingresso.com MG,ingresso com mg,1436.73,DESPESA,LAZER,EVENTOS,Ingresso.com,BOLETO,1,0,POS,PR,Curitiba,TEST,SINTETICO
TX000083553,USR000739,2025-07-01,2025-07,PREVIDENCIA PRIVADA,previdencia privada,119.3,INVESTIMENTO,INVESTIMENTOS,PREVIDENCIA,Previdencia Privada,DEBITO_CONTA,1,1,APP,SC,Blumenau,TEST,SINTETICO
TX000083677,USR000740,2025-07-01,2025-07,DEB Faculdade 9697,deb faculdade 9697,506.4,DESPESA,EDUCACAO,MENSALIDADE,Faculdade,BOLETO,1,1,POS,ES,Vitoria,TRAIN,SINTETICO
TX000083775,USR000741,2025-07-01,2025-07,AMIL,amil,4576.96,DESPESA,SAUDE,PLANO_SAUDE,Amil,DEBITO_AUTOMATICO,1,1,POS,PE,Recife,TRAIN,SINTETICO
TX000083777,USR000741,2025-07-01,2025-07,Folha*de*Pagamento,folha de pagamento,14026.93,RECEITA,RENDA,SALARIO,Folha de Pagamento,CREDITO_CONTA,1,1,DEPOSITO,PE,Recife,TRAIN,SINTETICO
TX000083992,USR000743,2025-07-01,2025-07,IFOOD,ifood,144.13,DESPESA,ALIMENTACAO,RESTAURANTE,iFood,BOLETO,1,0,WEB,DF,Brasilia,TRAIN,SINTETICO
TX000083996,USR000743,2025-07-01,2025-07,STARBUCKS,starbucks,114.94,DESPESA,ALIMENTACAO,CAFETERIA,Starbucks,BOLETO,1,0,DEBITO_AUTOMATICO,DF,Brasilia,TRAIN,SINTETICO
TX000084215,USR000745,2025-07-01,2025-07,PGTO 99 App LTDA,pgto 99 app ltda,505.63,DESPESA,TRANSPORTE,APLICATIVO,99 App,CARTAO_CREDITO,1,0,ATM,DF,Brasilia,TRAIN,SINTETICO
TX000084472,USR000747,2025-07-01,2025-07,PAGUE-MENOS,pague menos,339.73,DESPESA,SAUDE,FARMACIA,Pague Menos,PIX,10,0,DEBITO_AUTOMATICO,DF,Brasilia,TRAIN,SINTETICO
TX000085144,USR000753,2025-07-01,2025-07,Cafeteria Bras 386,cafeteria bras 386,139.77,DESPESA,ALIMENTACAO,CAFETERIA,Cafeteria Brasil,CARTAO_DEBITO,1,0,DEBITO_AUTOMATICO,RS,Caxias do Sul,TRAIN,SINTETICO
TX000085362,USR000755,2025-07-01,2025-07,Enel,enel,896.2,DESPESA,MORADIA,ENERGIA,Enel,CARTAO_CREDITO,1,1,WEB,BA,Feira de Santana,VALIDATION,SINTETICO
TX000085583,USR000757,2025-07-01,2025-07,Folha de Pagamento,folha de pagamento,2975.22,RECEITA,RENDA,SALARIO,Folha de Pagamento,CREDITO_CONTA,1,1,DEPOSITO,ES,Vila Velha,TEST,SINTETICO
TX000085830,USR000759,2025-07-01,2025-07,Anuid 258,anuid 258,428.22,DESPESA,OUTROS,TAXA,Anuidade,CARTAO_CREDITO,1,0,POS,SP,Sao Paulo,TEST,SINTETICO
TX000086170,USR000762,2025-07-01,2025-07,INGRESSO.COM,ingresso com,843.49,DESPESA,LAZER,EVENTOS,Ingresso.com,PIX,1,0,DEBITO_AUTOMATICO,CE,Juazeiro do Norte,TRAIN,SINTETICO
TX000088019,USR000779,2025-07-01,2025-07,DEB Sympla 2150,deb sympla 2150,407.81,DESPESA,LAZER,EVENTOS,Sympla,PIX,1,0,DEBITO_AUTOMATICO,PE,Recife,TEST,SINTETICO
TX000088020,USR000779,2025-07-01,2025-07,CREDITO-SALARIO,credito salario,4396.97,RECEITA,RENDA,SALARIO,Credito Salario,CREDITO_CONTA,1,1,DEPOSITO,PE,Recife,TEST,SINTETICO
TX000088478,USR000783,2025-07-01,2025-07,Salario*Empresa,salario empresa,2670.26,RECEITA,RENDA,SALARIO,Salario Empresa,CREDITO_CONTA,1,1,DEPOSITO,PR,Maringa,TRAIN,SINTETICO
TX000089183,USR000789,2025-07-01,2025-07,PAGAMENTO FREELANCE FREE,pagamento freelance free,541.34,RECEITA,RENDA,FREELANCE,Pagamento Freelance,PIX,1,0,APP,RS,Porto Alegre,TRAIN,SINTETICO
TX000090431,USR000800,2025-07-01,2025-07,Administradora Condomin 900,administradora condomin 900,112.43,DESPESA,MORADIA,CONDOMINIO,Administradora Condominial,DEBITO_AUTOMATICO,1,1,WEB,PE,Recife,TRAIN,SINTETICO
TX000090434,USR000800,2025-07-01,2025-07,COMPRA Plano PGBL 0400,compra plano pgbl 0400,140.84,INVESTIMENTO,INVESTIMENTOS,PREVIDENCIA,Plano PGBL,DEBITO_CONTA,1,0,APP,PE,Recife,TRAIN,SINTETICO
TX000090990,USR000805,2025-07-01,2025-07,RESTAURANTE-SABOR-CASEIRO,restaurante sabor caseiro,375.89,DESPESA,ALIMENTACAO,RESTAURANTE,Restaurante Sabor Caseiro,CARTAO_DEBITO,1,0,WEB,PE,Olinda,TRAIN,SINTETICO
TX000091096,USR000806,2025-07-01,2025-07,Conta de Energi 818,conta de energi 818,365.5,DESPESA,MORADIA,ENERGIA,Conta de Energia,CARTAO_CREDITO,1,1,ATM,GO,Anapolis,TRAIN,SINTETICO
TX000091978,USR000814,2025-07-01,2025-07,Ingresso.com,ingresso com,79.99,DESPESA,LAZER,EVENTOS,Ingresso.com,DEBITO_AUTOMATICO,1,0,DEBITO_AUTOMATICO,PE,Jaboatao,VALIDATION,SINTETICO
TX000092208,USR000816,2025-07-01,2025-07,VIVO-FIBRA,vivo fibra,647.3,DESPESA,SERVICOS,INTERNET,Vivo Fibra,CARTAO_DEBITO,1,1,WEB,SP,Sao Paulo,VALIDATION,SINTETICO
TX000093244,USR000825,2025-07-01,2025-07,PGTO Administradora Condominial,pgto administradora condominial,804.37,DESPESA,MORADIA,CONDOMINIO,Administradora Condominial,CARTAO_CREDITO,1,0,ATM,ES,Cariacica,TRAIN,SINTETICO
TX000093899,USR000831,2025-07-01,2025-07,Tesouro*Direto,tesouro direto,1025.36,INVESTIMENTO,INVESTIMENTOS,RENDA_FIXA,Tesouro Direto,DEBITO_CONTA,1,1,APP,MG,Juiz de Fora,TRAIN,SINTETICO
TX000094707,USR000838,2025-07-01,2025-07,MICROSOFT-365,microsoft 365,657.01,DESPESA,SERVICOS,ASSINATURA,Microsoft 365,CARTAO_CREDITO,1,1,POS,RS,Porto Alegre,TEST,SINTETICO
TX000094708,USR000838,2025-07-01,2025-07,PADARIA CENTRAL REST,padaria central rest,433.6,DESPESA,ALIMENTACAO,RESTAURANTE,Padaria Central,PIX,1,0,WEB,RS,Porto Alegre,TEST,SINTETICO
TX000095320,USR000843,2025-07-01,2025-07,Azul*Seguros,azul seguros,32.44,DESPESA,SERVICOS,SEGURO,Azul Seguros,PIX,1,1,DEBITO_AUTOMATICO,SP,Campinas,TRAIN,SINTETICO
TX000095440,USR000844,2025-07-01,2025-07,Aplicacao*CDB,aplicacao cdb,275.05,INVESTIMENTO,INVESTIMENTOS,RENDA_FIXA,Aplicacao CDB,DEBITO_CONTA,1,1,APP,PE,Jaboatao,TRAIN,SINTETICO
TX000095647,USR000846,2025-07-01,2025-07,Starbuck 898,starbuck 898,1726.93,DESPESA,ALIMENTACAO,CAFETERIA,Starbucks,CARTAO_DEBITO,1,0,DEBITO_AUTOMATICO,MG,Uberlandia,TRAIN,SINTETICO
TX000095751,USR000847,2025-07-01,2025-07,EDP ENER,edp ener,862.87,DESPESA,MORADIA,ENERGIA,EDP,CARTAO_CREDITO,1,1,APP,BA,Feira de Santana,TRAIN,SINTETICO
TX000095867,USR000848,2025-07-01,2025-07,CREDITO SALARIO,credito salario,4616.59,RECEITA,RENDA,SALARIO,Credito Salario,CREDITO_CONTA,1,1,DEPOSITO,DF,Brasilia,TRAIN,SINTETICO
TX000096095,USR000850,2025-07-01,2025-07,Folha*de*Pagamento,folha de pagamento,5597.43,RECEITA,RENDA,SALARIO,Folha de Pagamento,CREDITO_CONTA,1,1,DEPOSITO,CE,Fortaleza,TRAIN,SINTETICO
TX000097228,USR000860,2025-07-01,2025-07,Plano PG 859,plano pg 859,646.04,INVESTIMENTO,INVESTIMENTOS,PREVIDENCIA,Plano PGBL,DEBITO_CONTA,1,1,APP,SC,Blumenau,TRAIN,SINTETICO
TX000097579,USR000863,2025-07-01,2025-07,COMPRA Google One 6662,compra google one 6662,1027.07,DESPESA,SERVICOS,ASSINATURA,Google One,CARTAO_CREDITO,1,0,ATM,PR,Maringa,TRAIN,SINTETICO
TX000097584,USR000863,2025-07-01,2025-07,Imobiliaria Central,imobiliaria central,86.58,DESPESA,MORADIA,ALUGUEL,Imobiliaria Central,CARTAO_DEBITO,1,1,DEBITO_AUTOMATICO,PR,Maringa,TRAIN,SINTETICO
TX000097589,USR000863,2025-07-01,2025-07,PGTO Credito Salario LTDA,pgto credito salario ltda,11885.4,RECEITA,RENDA,SALARIO,Credito Salario,CREDITO_CONTA,1,1,DEPOSITO,PR,Maringa,TRAIN,SINTETICO
TX000098013,USR000867,2025-07-01,2025-07,PIX Conta de Agua SP,pix conta de agua sp,252.06,DESPESA,MORADIA,AGUA,Conta de Agua,BOLETO,1,0,WEB,GO,Aparecida de Goiania,TRAIN,SINTETICO
TX000098467,USR000871,2025-07-01,2025-07,Previdencia Privada,previdencia privada,384.88,INVESTIMENTO,INVESTIMENTOS,PREVIDENCIA,Previdencia Privada,DEBITO_CONTA,1,0,APP,RS,Porto Alegre,TRAIN,SINTETICO
TX000098691,USR000873,2025-07-01,2025-07,99*4pp APLI,99 4pp apli,169.33,DESPESA,TRANSPORTE,APLICATIVO,99 App,PIX,1,0,DEBITO_AUTOMATICO,SP,Santos,TRAIN,SINTETICO
TX000098813,USR000874,2025-07-01,2025-07,Previdencia Privada 547,previdencia privada 547,12.85,INVESTIMENTO,INVESTIMENTOS,PREVIDENCIA,Previdencia Privada,DEBITO_CONTA,1,0,APP,PR,Maringa,VALIDATION,SINTETICO
TX000099146,USR000877,2025-07-01,2025-07,PADARIA-CENTRAL,padaria central,638.73,DESPESA,ALIMENTACAO,RESTAURANTE,Padaria Central,CARTAO_CREDITO,1,0,APP,RJ,Niteroi,TEST,SINTETICO
TX000100052,USR000885,2025-07-01,2025-07,SANEAMENTO MUNICIPAL,saneamento municipal,409.23,DESPESA,MORADIA,AGUA,Saneamento Municipal,CARTAO_DEBITO,1,1,DEBITO_AUTOMATICO,DF,Brasilia,TRAIN,SINTETICO
TX000100753,USR000891,2025-07-01,2025-07,PIX Havan LTDA,pix havan ltda,189.29,DESPESA,COMPRAS,CASA,Havan,CARTAO_DEBITO,1,0,ATM,BA,Salvador,TRAIN,SINTETICO
TX000101925,USR000901,2025-07-01,2025-07,DEB Casa do Pao de Queijo,deb casa do pao de queijo,1550.48,DESPESA,ALIMENTACAO,CAFETERIA,Casa do Pao de Queijo,CARTAO_DEBITO,1,0,DEBITO_AUTOMATICO,GO,Goiania,TRAIN,SINTETICO
TX000102269,USR000904,2025-07-01,2025-07,Metr 327,metr 327,1256.65,DESPESA,TRANSPORTE,TRANSPORTE_PUBLICO,Metro,PIX,1,0,WEB,RS,Caxias do Sul,TRAIN,SINTETICO
TX000103170,USR000912,2025-07-01,2025-07,LAVA JATO PREMIUM,lava jato premium,679.81,DESPESA,TRANSPORTE,MANUTENCAO_VEICULO,Lava Jato Premium,CARTAO_CREDITO,1,0,APP,SC,Florianopolis,TRAIN,SINTETICO
TX000103640,USR000916,2025-07-01,2025-07,Credito Salario SP,credito salario sp,7168.91,RECEITA,RENDA,SALARIO,Credito Salario,CREDITO_CONTA,1,1,DEPOSITO,PR,Curitiba,VALIDATION,SINTETICO
TX000103989,USR000919,2025-07-01,2025-07,Cafeteria*Brasil,cafeteria brasil,187.29,DESPESA,ALIMENTACAO,CAFETERIA,Cafeteria Brasil,DEBITO_AUTOMATICO,1,0,APP,BA,Salvador,TEST,SINTETICO
TX000104533,USR000924,2025-07-01,2025-07,Natura,natura,142.98,DESPESA,COMPRAS,BELEZA,Natura,CARTAO_DEBITO,1,0,ATM,MG,Belo Horizonte,TRAIN,SINTETICO
TX000104865,USR000927,2025-07-01,2025-07,Administradora*Condominial,administradora condominial,877.68,DESPESA,MORADIA,CONDOMINIO,Administradora Condominial,PIX,1,1,APP,ES,Vitoria,TRAIN,SINTETICO
TX000105073,USR000929,2025-07-01,2025-07,Tokio Marin 647,tokio marin 647,141.48,DESPESA,SERVICOS,SEGURO,Tokio Marine,PIX,1,1,DEBITO_AUTOMATICO,SC,Blumenau,TRAIN,SINTETICO
TX000105077,USR000929,2025-07-01,2025-07,APLICACAO FUNDO,aplicacao fundo,315.81,INVESTIMENTO,INVESTIMENTOS,FUNDO,Aplicacao Fundo,DEBITO_CONTA,1,1,APP,SC,Blumenau,TRAIN,SINTETICO
TX000105736,USR000935,2025-07-01,2025-07,Enel 895,enel 895,173.72,DESPESA,MORADIA,ENERGIA,Enel,PIX,1,1,DEBITO_AUTOMATICO,SC,Blumenau,VALIDATION,SINTETICO
TX000106059,USR000938,2025-07-01,2025-07,Folha*de*Pagamento,folha de pagamento,5340.17,RECEITA,RENDA,SALARIO,Folha de Pagamento,CREDITO_CONTA,1,1,DEPOSITO,PE,Recife,TEST,SINTETICO
TX000106173,USR000939,2025-07-01,2025-07,Dropbox ASSI,dropbox assi,194.34,DESPESA,SERVICOS,ASSINATURA,Dropbox,CARTAO_CREDITO,1,1,APP,SC,Blumenau,TEST,SINTETICO
TX000106394,USR000941,2025-07-01,2025-07,Hotel Urbano 810,hotel urbano 810,61.15,DESPESA,LAZER,VIAGEM,Hotel Urbano,CARTAO_CREDITO,1,0,WEB,RS,Caxias do Sul,TRAIN,SINTETICO
TX000106870,USR000945,2025-07-01,2025-07,ASSAI-ATACADISTA,assai atacadista,29.45,DESPESA,ALIMENTACAO,SUPERMERCADO,Assai Atacadista,DEBITO_AUTOMATICO,1,0,POS,BA,Feira de Santana,TRAIN,SINTETICO
TX000107077,USR000947,2025-07-01,2025-07,TIM*Ultrafibra,tim ultrafibra,670.82,DESPESA,SERVICOS,INTERNET,TIM Ultrafibra,CARTAO_DEBITO,1,1,ATM,PR,Maringa,TRAIN,SINTETICO
TX000107080,USR000947,2025-07-01,2025-07,DEB Aplicacao Fundo LTDA,deb aplicacao fundo ltda,576.24,INVESTIMENTO,INVESTIMENTOS,FUNDO,Aplicacao Fundo,DEBITO_CONTA,1,1,APP,PR,Maringa,TRAIN,SINTETICO
TX000108084,USR000956,2025-07-01,2025-07,Plano*PGBL PREV,plano pgbl prev,345.22,INVESTIMENTO,INVESTIMENTOS,PREVIDENCIA,Plano PGBL,DEBITO_CONTA,1,1,APP,DF,Brasilia,VALIDATION,SINTETICO
TX000108550,USR000960,2025-07-01,2025-07,Oi*Fibra,oi fibra,7.01,DESPESA,SERVICOS,INTERNET,Oi Fibra,CARTAO_CREDITO,1,1,ATM,CE,Fortaleza,TRAIN,SINTETICO
TX000108672,USR000961,2025-07-01,2025-07,DEB Credito Salario SP,deb credito salario sp,15735.02,RECEITA,RENDA,SALARIO,Credito Salario,CREDITO_CONTA,1,1,DEPOSITO,SC,Joinville,TRAIN,SINTETICO
TX000109115,USR000965,2025-07-01,2025-07,Carrefour,carrefour,682.76,DESPESA,ALIMENTACAO,SUPERMERCADO,Carrefour,CARTAO_DEBITO,1,0,DEBITO_AUTOMATICO,PE,Recife,TRAIN,SINTETICO
TX000109119,USR000965,2025-07-01,2025-07,FOLHA DE PAGAMENTO,folha de pagamento,5150.45,RECEITA,RENDA,SALARIO,Folha de Pagamento,CREDITO_CONTA,1,1,DEPOSITO,PE,Recife,TRAIN,SINTETICO
TX000109227,USR000966,2025-07-01,2025-07,CREDITO S4LARIO,credito s4lario,1949.73,RECEITA,RENDA,SALARIO,Credito Salario,CREDITO_CONTA,1,1,DEPOSITO,RJ,Duque de Caxias,TRAIN,SINTETICO
TX000110132,USR000974,2025-07-01,2025-07,COMPRA Locador Residencial 3966,compra locador residencial 3966,2729.58,DESPESA,MORADIA,ALUGUEL,Locador Residencial,CARTAO_CREDITO,1,1,WEB,GO,Aparecida de Goiania,VALIDATION,SINTETICO
TX000111397,USR000985,2025-07-01,2025-07,LCI*Investimento REND,lci investimento rend,442.92,INVESTIMENTO,INVESTIMENTOS,RENDA_FIXA,LCI Investimento,DEBITO_CONTA,1,0,APP,RJ,Duque de Caxias,TRAIN,SINTETICO
TX000111847,USR000989,2025-07-01,2025-07,FATURA-INTER CART,fatura inter cart,240.33,DESPESA,DIVIDAS,CARTAO,Fatura Inter,DEBITO_AUTOMATICO,1,1,APP,GO,Goiania,TRAIN,SINTETICO
TX000111966,USR000990,2025-07-01,2025-07,Aplicacao Fundo,aplicacao fundo,234.53,INVESTIMENTO,INVESTIMENTOS,FUNDO,Aplicacao Fundo,DEBITO_CONTA,1,1,APP,ES,Vila Velha,TRAIN,SINTETICO
TX000112060,USR000991,2025-07-01,2025-07,Enel,enel,686.16,DESPESA,MORADIA,ENERGIA,Enel,BOLETO,1,0,APP,ES,Vitoria,TRAIN,SINTETICO
TX000112064,USR000991,2025-07-01,2025-07,Folha*de*Pagamento SALA,folha de pagamento sala,2978.24,RECEITA,RENDA,SALARIO,Folha de Pagamento,CREDITO_CONTA,1,1,DEPOSITO,ES,Vitoria,TRAIN,SINTETICO
TX000112499,USR000995,2025-07-01,2025-07,LANC TIM Ultrafibra BR,lanc tim ultrafibra br,197.88,DESPESA,SERVICOS,INTERNET,TIM Ultrafibra,BOLETO,1,1,POS,GO,Goiania,VALIDATION,SINTETICO
TX000112724,USR000997,2025-07-01,2025-07,PIX Claro Movel SP,pix claro movel sp,590.72,DESPESA,SERVICOS,TELEFONIA,Claro Movel,CARTAO_DEBITO,1,0,DEBITO_AUTOMATICO,MG,Belo Horizonte,TEST,SINTETICO
TX000112727,USR000997,2025-07-01,2025-07,C&A,c a,2044.51,DESPESA,COMPRAS,ROUPAS,C&A,CARTAO_CREDITO,4,0,POS,MG,Belo Horizonte,TEST,SINTETICO
TX000113039,USR001000,2025-07-01,2025-07,Aplicacao Fund 124,aplicacao fund 124,789.62,INVESTIMENTO,INVESTIMENTOS,FUNDO,Aplicacao Fundo,DEBITO_CONTA,1,1,APP,RS,Porto Alegre,TRAIN,SINTETICO
TX000113144,USR001001,2025-07-01,2025-07,STARBUCKS,starbucks,53.89,DESPESA,ALIMENTACAO,CAFETERIA,Starbucks,PIX,1,1,POS,RJ,Rio de Janeiro,TRAIN,SINTETICO
TX000113358,USR001003,2025-07-01,2025-07,Condominio Residencial,condominio residencial,63.41,DESPESA,MORADIA,CONDOMINIO,Condominio Residencial,PIX,1,1,WEB,BA,Feira de Santana,TRAIN,SINTETICO
TX000113367,USR001003,2025-07-01,2025-07,Pague Menos,pague menos,28.22,DESPESA,SAUDE,FARMACIA,Pague Menos,CARTAO_CREDITO,1,0,ATM,BA,Feira de Santana,TRAIN,SINTETICO
TX000113810,USR001007,2025-07-01,2025-07,Padaria*Central,padaria central,54.9,DESPESA,ALIMENTACAO,RESTAURANTE,Padaria Central,CARTAO_CREDITO,1,0,APP,PR,Curitiba,TRAIN,SINTETICO
TX000114036,USR001009,2025-07-01,2025-07,OUTBACK,outback,483.97,DESPESA,ALIMENTACAO,RESTAURANTE,Outback,CARTAO_CREDITO,1,0,ATM,GO,Aparecida de Goiania,TRAIN,SINTETICO
TX000114392,USR001012,2025-07-01,2025-07,Padaria Centra 261,padaria centra 261,62.2,DESPESA,ALIMENTACAO,RESTAURANTE,Padaria Central,PIX,1,0,ATM,PR,Curitiba,TRAIN,SINTETICO
TX000114503,USR001013,2025-07-01,2025-07,Parcela Financiamento,parcela financiamento,166.25,DESPESA,DIVIDAS,FINANCIAMENTO,Parcela Financiamento,PIX,1,1,ATM,GO,Goiania,TRAIN,SINTETICO
TX000115313,USR001020,2025-07-01,2025-07,DEB Credito Salario CE,deb credito salario ce,5079.96,RECEITA,RENDA,SALARIO,Credito Salario,CREDITO_CONTA,1,1,DEPOSITO,MG,Belo Horizonte,TRAIN,SINTETICO
TX000115772,USR001024,2025-07-01,2025-07,METRO,metro,394.47,DESPESA,TRANSPORTE,TRANSPORTE_PUBLICO,Metro,CARTAO_CREDITO,1,0,DEBITO_AUTOMATICO,PE,Olinda,TRAIN,SINTETICO
TX000115995,USR001026,2025-07-01,2025-07,Claro Interne 297,claro interne 297,1503.26,DESPESA,SERVICOS,INTERNET,Claro Internet,CARTAO_DEBITO,1,1,DEBITO_AUTOMATICO,MG,Juiz de Fora,TRAIN,SINTETICO
TX000116467,USR001030,2025-07-01,2025-07,IFOOD,ifood,484.92,DESPESA,ALIMENTACAO,RESTAURANTE,iFood,PIX,1,0,POS,PE,Olinda,TRAIN,SINTETICO
TX000117131,USR001036,2025-07-01,2025-07,Vivo Movel LTDA,vivo movel ltda,395.45,DESPESA,SERVICOS,TELEFONIA,Vivo Movel,BOLETO,1,1,APP,SP,Campinas,VALIDATION,SINTETICO
TX000117467,USR001039,2025-07-01,2025-07,GOOGLE ONE,google one,21.71,DESPESA,SERVICOS,ASSINATURA,Google One,DEBITO_AUTOMATICO,1,0,WEB,SC,Joinville,TEST,SINTETICO
TX000117907,USR001043,2025-07-01,2025-07,RESTITUICAO,restituicao,289.35,RECEITA,RENDA,REEMBOLSO,Restituicao,PIX,1,0,APP,SC,Joinville,TRAIN,SINTETICO
TX000118030,USR001044,2025-07-01,2025-07,PIX Doacao Instituicao LTDA,pix doacao instituicao ltda,381.46,DESPESA,OUTROS,DOACAO,Doacao Instituicao,CARTAO_DEBITO,1,0,ATM,DF,Brasilia,TRAIN,SINTETICO
TX000118035,USR001044,2025-07-01,2025-07,PAG Credito Salario BR,pag credito salario br,4603.06,RECEITA,RENDA,SALARIO,Credito Salario,CREDITO_CONTA,1,1,DEPOSITO,DF,Brasilia,TRAIN,SINTETICO
TX000118147,USR001045,2025-07-01,2025-07,CASA DO PAO DE QUEIJO,casa do pao de queijo,1983.61,DESPESA,ALIMENTACAO,CAFETERIA,Casa do Pao de Queijo,CARTAO_CREDITO,1,0,WEB,BA,Feira de Santana,TRAIN,SINTETICO
TX000118148,USR001045,2025-07-01,2025-07,Credito*Salario,credito salario,4984.51,RECEITA,RENDA,SALARIO,Credito Salario,CREDITO_CONTA,1,1,DEPOSITO,BA,Feira de Santana,TRAIN,SINTETICO
TX000119125,USR001054,2025-07-01,2025-07,Starbucks,starbucks,107.5,DESPESA,ALIMENTACAO,CAFETERIA,Starbucks,CARTAO_CREDITO,1,0,APP,SP,Campinas,VALIDATION,SINTETICO
TX000119452,USR001057,2025-07-01,2025-07,99 App,99 app,1074.07,DESPESA,TRANSPORTE,APLICATIVO,99 App,PIX,1,0,DEBITO_AUTOMATICO,BA,Vitoria da Conquista,TEST,SINTETICO
TX000120169,USR001063,2025-07-01,2025-07,Fundo de Investimento,fundo de investimento,395.91,INVESTIMENTO,INVESTIMENTOS,FUNDO,Fundo de Investimento,DEBITO_CONTA,1,1,APP,BA,Vitoria da Conquista,TRAIN,SINTETICO
TX000120399,USR001065,2025-07-01,2025-07,ATACADAO,atacadao,147.09,DESPESA,ALIMENTACAO,SUPERMERCADO,Atacadao,CARTAO_DEBITO,1,0,APP,ES,Vitoria,TRAIN,SINTETICO
TX000120732,USR001068,2025-07-01,2025-07,Enel,enel,640.03,DESPESA,MORADIA,ENERGIA,Enel,CARTAO_DEBITO,1,1,ATM,DF,Brasilia,TRAIN,SINTETICO
TX000120734,USR001068,2025-07-01,2025-07,LANC Administradora Condominial LTDA,lanc administradora condominial ltda,371.56,DESPESA,MORADIA,CONDOMINIO,Administradora Condominial,PIX,1,1,ATM,DF,Brasilia,TRAIN,SINTETICO
TX000120735,USR001068,2025-07-01,2025-07,Pneus Cente 861,pneus cente 861,193.92,DESPESA,TRANSPORTE,MANUTENCAO_VEICULO,Pneus Center,DEBITO_AUTOMATICO,1,0,WEB,DF,Brasilia,TRAIN,SINTETICO
TX000120737,USR001068,2025-07-01,2025-07,DEB Casa do Pao de Queijo,deb casa do pao de queijo,398.53,DESPESA,ALIMENTACAO,CAFETERIA,Casa do Pao de Queijo,CARTAO_CREDITO,1,0,POS,DF,Brasilia,TRAIN,SINTETICO
TX000120853,USR001069,2025-07-01,2025-07,Previdencia Priva 57,previdencia priva 57,169.75,INVESTIMENTO,INVESTIMENTOS,PREVIDENCIA,Previdencia Privada,DEBITO_CONTA,1,1,APP,PR,Maringa,TRAIN,SINTETICO
TX000121087,USR001071,2025-07-01,2025-07,Casas Bahia,casas bahia,219.64,DESPESA,COMPRAS,ELETRONICOS,Casas Bahia,PIX,10,1,WEB,RS,Pelotas,TRAIN,SINTETICO
TX000121308,USR001073,2025-07-01,2025-07,PREVIDENCIA-PRIVADA,previdencia privada,1742.48,INVESTIMENTO,INVESTIMENTOS,PREVIDENCIA,Previdencia Privada,DEBITO_CONTA,1,1,APP,CE,Juazeiro do Norte,TRAIN,SINTETICO
TX000121414,USR001074,2025-07-01,2025-07,Drop 645,drop 645,197.84,DESPESA,SERVICOS,ASSINATURA,Dropbox,BOLETO,1,1,DEBITO_AUTOMATICO,RS,Caxias do Sul,VALIDATION,SINTETICO
TX000121639,USR001076,2025-07-01,2025-07,Salario Empresa,salario empresa,5538.21,RECEITA,RENDA,SALARIO,Salario Empresa,CREDITO_CONTA,1,1,DEPOSITO,RJ,Niteroi,VALIDATION,SINTETICO
TX000121751,USR001077,2025-07-01,2025-07,DEB Metro 1602,deb metro 1602,562.66,DESPESA,TRANSPORTE,TRANSPORTE_PUBLICO,Metro,CARTAO_DEBITO,1,0,ATM,RS,Pelotas,TEST,SINTETICO
TX000121859,USR001078,2025-07-01,2025-07,Mercado Sao J 973,mercado sao j 973,585.32,DESPESA,ALIMENTACAO,SUPERMERCADO,Mercado Sao Jose,DINHEIRO,1,0,ATM,PE,Recife,TEST,SINTETICO
TX000121959,USR001079,2025-07-01,2025-07,Administradora Condominial,administradora condominial,140.66,DESPESA,MORADIA,CONDOMINIO,Administradora Condominial,CARTAO_DEBITO,1,1,WEB,RJ,Niteroi,TEST,SINTETICO
TX000123163,USR001089,2025-07-01,2025-07,Supergasbra 435,supergasbra 435,74.71,DESPESA,MORADIA,GAS,Supergasbras,CARTAO_CREDITO,1,1,DEBITO_AUTOMATICO,GO,Aparecida de Goiania,TRAIN,SINTETICO
TX000123390,USR001091,2025-07-01,2025-07,UCI CINEMA,uci cinema,2408.19,DESPESA,LAZER,CINEMA,UCI Cinema,CARTAO_DEBITO,1,0,DEBITO_AUTOMATICO,MG,Uberlandia,TRAIN,SINTETICO
TX000123603,USR001093,2025-07-01,2025-07,MERCADO SAO JOSE,mercado sao jose,303.75,DESPESA,ALIMENTACAO,SUPERMERCADO,Mercado Sao Jose,PIX,1,0,ATM,PE,Recife,TRAIN,SINTETICO
TX000123605,USR001093,2025-07-01,2025-07,Padaria*Central,padaria central,858.9,DESPESA,ALIMENTACAO,RESTAURANTE,Padaria Central,CARTAO_CREDITO,1,0,DEBITO_AUTOMATICO,PE,Recife,TRAIN,SINTETICO
TX000124084,USR001097,2025-07-01,2025-07,DROGASIL,drogasil,690.35,DESPESA,SAUDE,FARMACIA,Drogasil,CARTAO_DEBITO,12,0,DEBITO_AUTOMATICO,SC,Florianopolis,TEST,SINTETICO
TX000124490,USR001101,2025-07-01,2025-07,Posto Sh 234 COMB,posto sh 234 comb,1437.9,DESPESA,TRANSPORTE,COMBUSTIVEL,Posto Shell,DEBITO_AUTOMATICO,1,0,ATM,ES,Vitoria,TRAIN,SINTETICO
TX000124809,USR001104,2025-07-01,2025-07,Sabesp,sabesp,162.12,DESPESA,MORADIA,AGUA,Sabesp,CARTAO_CREDITO,1,1,POS,ES,Serra,TRAIN,SINTETICO
TX000124931,USR001105,2025-07-01,2025-07,L4NC Conta de Energia BA,l4nc conta de energia ba,174.05,DESPESA,MORADIA,ENERGIA,Conta de Energia,PIX,1,0,POS,SC,Florianopolis,TRAIN,SINTETICO
TX000125726,USR001112,2025-07-01,2025-07,Diagnosticos Brasil,diagnosticos brasil,960.77,DESPESA,SAUDE,EXAMES,Diagnosticos Brasil,CARTAO_DEBITO,12,0,DEBITO_AUTOMATICO,RS,Porto Alegre,TRAIN,SINTETICO
TX000126642,USR001120,2025-07-01,2025-07,SALARIO-EMPRESA,salario empresa,3753.28,RECEITA,RENDA,SALARIO,Salario Empresa,CREDITO_CONTA,1,1,DEPOSITO,DF,Brasilia,TRAIN,SINTETICO
TX000127312,USR001126,2025-07-01,2025-07,Fundo de Investiment 42,fundo de investiment 42,629.82,INVESTIMENTO,INVESTIMENTOS,FUNDO,Fundo de Investimento,DEBITO_CONTA,1,1,APP,CE,Juazeiro do Norte,TRAIN,SINTETICO
TX000127650,USR001129,2025-07-01,2025-07,PARCELA FINANCIAMENTO,parcela financiamento,51.48,DESPESA,DIVIDAS,FINANCIAMENTO,Parcela Financiamento,DINHEIRO,1,1,APP,ES,Serra,TRAIN,SINTETICO
TX000128325,USR001135,2025-07-01,2025-07,Atacadao,atacadao,1129.03,DESPESA,ALIMENTACAO,SUPERMERCADO,Atacadao,CARTAO_CREDITO,1,0,POS,SP,Campinas,VALIDATION,SINTETICO
TX000128328,USR001135,2025-07-01,2025-07,LANC Posto Ipiranga CE,lanc posto ipiranga ce,330.38,DESPESA,TRANSPORTE,COMBUSTIVEL,Posto Ipiranga,CARTAO_CREDITO,1,0,WEB,SP,Campinas,VALIDATION,SINTETICO
TX000128430,USR001136,2025-07-01,2025-07,Lab Sa 614,lab sa 614,1357.98,DESPESA,SAUDE,EXAMES,Lab Saude,DEBITO_AUTOMATICO,4,0,DEBITO_AUTOMATICO,RJ,Duque de Caxias,VALIDATION,SINTETICO
TX000128649,USR001138,2025-07-01,2025-07,LIVRARIA-CULTURA,livraria cultura,369.48,DESPESA,EDUCACAO,LIVROS,Livraria Cultura,CARTAO_CREDITO,3,0,APP,SC,Florianopolis,TEST,SINTETICO
TX000128882,USR001140,2025-07-01,2025-07,DEB Indrive 4971,deb indrive 4971,295.77,DESPESA,TRANSPORTE,APLICATIVO,Indrive,CARTAO_CREDITO,1,0,ATM,BA,Vitoria da Conquista,TRAIN,SINTETICO
TX000128884,USR001140,2025-07-01,2025-07,Credito*Salario,credito salario,8158.27,RECEITA,RENDA,SALARIO,Credito Salario,CREDITO_CONTA,1,1,DEPOSITO,BA,Vitoria da Conquista,TRAIN,SINTETICO
TX000129108,USR001142,2025-07-01,2025-07,Folha de Pagamen 243,folha de pagamen 243,6101.22,RECEITA,RENDA,SALARIO,Folha de Pagamento,CREDITO_CONTA,1,1,DEPOSITO,ES,Cariacica,TRAIN,SINTETICO
TX000130577,USR001155,2025-07-01,2025-07,Locador Residencial 31,locador residencial 31,4676.07,DESPESA,MORADIA,ALUGUEL,Locador Residencial,PIX,1,1,WEB,DF,Brasilia,VALIDATION,SINTETICO
TX000130692,USR001156,2025-07-01,2025-07,Pao*de*Acucar,pao de acucar,1692.78,DESPESA,ALIMENTACAO,SUPERMERCADO,Pao de Acucar,PIX,1,1,APP,SC,Florianopolis,VALIDATION,SINTETICO
TX000130804,USR001157,2025-07-01,2025-07,Tokio*Marine,tokio marine,275.57,DESPESA,SERVICOS,SEGURO,Tokio Marine,CARTAO_CREDITO,1,0,WEB,RS,Pelotas,TEST,SINTETICO
TX000130806,USR001157,2025-07-01,2025-07,Diagnosticos Brasil 724,diagnosticos brasil 724,453.04,DESPESA,SAUDE,EXAMES,Diagnosticos Brasil,CARTAO_DEBITO,1,0,DEBITO_AUTOMATICO,RS,Pelotas,TEST,SINTETICO
TX000131025,USR001159,2025-07-01,2025-07,Google*One,google one,1578.11,DESPESA,SERVICOS,ASSINATURA,Google One,PIX,1,1,DEBITO_AUTOMATICO,PR,Londrina,TEST,SINTETICO
TX000131123,USR001160,2025-07-01,2025-07,NATURA,natura,71.37,DESPESA,COMPRAS,BELEZA,Natura,CARTAO_DEBITO,1,0,ATM,BA,Salvador,TRAIN,SINTETICO
TX000131125,USR001160,2025-07-01,2025-07,Burger Kin 411,burger kin 411,70.36,DESPESA,ALIMENTACAO,RESTAURANTE,Burger King,CARTAO_CREDITO,1,0,APP,BA,Salvador,TRAIN,SINTETICO
TX000131128,USR001160,2025-07-01,2025-07,PGTO Curso Online Tech ES,pgto curso online tech es,858.74,DESPESA,EDUCACAO,CURSO,Curso Online Tech,DINHEIRO,2,0,APP,BA,Salvador,TRAIN,SINTETICO
TX000131133,USR001160,2025-07-01,2025-07,Salario*Empresa,salario empresa,6365.06,RECEITA,RENDA,SALARIO,Salario Empresa,CREDITO_CONTA,1,1,DEPOSITO,BA,Salvador,TRAIN,SINTETICO
TX000131248,USR001161,2025-07-01,2025-07,Reembo 112,reembo 112,881.58,RECEITA,RENDA,REEMBOLSO,Reembolso,PIX,1,0,APP,SC,Florianopolis,TRAIN,SINTETICO
TX000131697,USR001165,2025-07-01,2025-07,REEMBOLSO,reembolso,256.77,RECEITA,RENDA,REEMBOLSO,Reembolso,PIX,1,0,APP,DF,Brasilia,TRAIN,SINTETICO
TX000132142,USR001169,2025-07-01,2025-07,Ultrag 304 GAS,ultrag 304 gas,1121.24,DESPESA,MORADIA,GAS,Ultragaz,DEBITO_AUTOMATICO,1,1,APP,SP,Sao Paulo,TRAIN,SINTETICO
TX000132500,USR001172,2025-07-01,2025-07,Alur 546,alur 546,121.92,DESPESA,EDUCACAO,CURSO,Alura,CARTAO_CREDITO,1,0,POS,PR,Maringa,TRAIN,SINTETICO
TX000133073,USR001177,2025-07-01,2025-07,UNIMED,unimed,979.13,DESPESA,SAUDE,PLANO_SAUDE,Unimed,CARTAO_CREDITO,1,1,ATM,RS,Porto Alegre,TEST,SINTETICO
TX000133759,USR001183,2025-07-01,2025-07,Mercado Sao Jo 755,mercado sao jo 755,936.71,DESPESA,ALIMENTACAO,SUPERMERCADO,Mercado Sao Jose,PIX,1,0,POS,SC,Blumenau,TRAIN,SINTETICO
TX000134228,USR001187,2025-07-01,2025-07,PGTO Dropbox 7468,pgto dropbox 7468,606.1,DESPESA,SERVICOS,ASSINATURA,Dropbox,CARTAO_DEBITO,1,1,POS,PR,Curitiba,TRAIN,SINTETICO
TX000134679,USR001191,2025-07-01,2025-07,Administradora Condominial,administradora condominial,848.64,DESPESA,MORADIA,CONDOMINIO,Administradora Condominial,BOLETO,1,1,DEBITO_AUTOMATICO,SP,Campinas,TRAIN,SINTETICO
TX000135460,USR001198,2025-07-01,2025-07,MAGAZINE-LUIZA,magazine luiza,2070.27,DESPESA,COMPRAS,ELETRONICOS,Magazine Luiza,PIX,10,0,ATM,BA,Salvador,TEST,SINTETICO
TX000136160,USR001204,2025-07-01,2025-07,CAFE DO PONTO,cafe do ponto,8707.9,DESPESA,ALIMENTACAO,CAFETERIA,Cafe do Ponto,PIX,1,0,DEBITO_AUTOMATICO,DF,Brasilia,TRAIN,SINTETICO
TX000136617,USR001208,2025-07-01,2025-07,Lava*Jato*Premium,lava jato premium,62.94,DESPESA,TRANSPORTE,MANUTENCAO_VEICULO,Lava Jato Premium,BOLETO,1,0,POS,RS,Caxias do Sul,TRAIN,SINTETICO
TX000138494,USR001225,2025-07-01,2025-07,Burger King 123,burger king 123,207.61,DESPESA,ALIMENTACAO,RESTAURANTE,Burger King,CARTAO_DEBITO,1,0,ATM,DF,Brasilia,TRAIN,SINTETICO
TX000138611,USR001226,2025-07-01,2025-07,DEB Pneus Center ES MANU,deb pneus center es manu,1734.84,DESPESA,TRANSPORTE,MANUTENCAO_VEICULO,Pneus Center,DEBITO_AUTOMATICO,1,0,APP,SC,Florianopolis,TRAIN,SINTETICO
TX000139638,USR001235,2025-07-01,2025-07,TESOURO DIRETO,tesouro direto,193.92,INVESTIMENTO,INVESTIMENTOS,RENDA_FIXA,Tesouro Direto,DEBITO_CONTA,1,0,APP,SP,Sorocaba,VALIDATION,SINTETICO
TX000139742,USR001236,2025-07-01,2025-07,PGTO Amazon ELET,pgto amazon elet,6191.03,DESPESA,COMPRAS,ELETRONICOS,Amazon,CARTAO_CREDITO,1,0,ATM,BA,Salvador,VALIDATION,SINTETICO
TX000140075,USR001239,2025-07-01,2025-07,ADMINISTRADORA-CONDOMINIAL,administradora condominial,657.98,DESPESA,MORADIA,CONDOMINIO,Administradora Condominial,CARTAO_DEBITO,1,1,POS,GO,Aparecida de Goiania,TEST,SINTETICO
TX000140188,USR001240,2025-07-01,2025-07,SABESP,sabesp,655.6,DESPESA,MORADIA,AGUA,Sabesp,PIX,1,1,DEBITO_AUTOMATICO,RS,Caxias do Sul,TRAIN,SINTETICO
TX000140413,USR001242,2025-07-01,2025-07,CAFETERIA BRASIL,cafeteria brasil,457.95,DESPESA,ALIMENTACAO,CAFETERIA,Cafeteria Brasil,PIX,1,0,APP,ES,Vitoria,TRAIN,SINTETICO
TX000140534,USR001243,2025-07-01,2025-07,CASA-DO-PAO-DE-QUEIJO,casa do pao de queijo,241.48,DESPESA,ALIMENTACAO,CAFETERIA,Casa do Pao de Queijo,DEBITO_AUTOMATICO,1,0,WEB,ES,Vila Velha,TRAIN,SINTETICO
TX000140653,USR001244,2025-07-01,2025-07,Porto*Seguro,porto seguro,306.88,DESPESA,SERVICOS,SEGURO,Porto Seguro,PIX,1,1,WEB,SP,Sao Paulo,TRAIN,SINTETICO
TX000140660,USR001244,2025-07-01,2025-07,Plano PGBL,plano pgbl,380.13,INVESTIMENTO,INVESTIMENTOS,PREVIDENCIA,Plano PGBL,DEBITO_CONTA,1,1,APP,SP,Sao Paulo,TRAIN,SINTETICO
TX000140975,USR001247,2025-07-01,2025-07,COMPRA Locador Residencial BR,compra locador residencial br,286.24,DESPESA,MORADIA,ALUGUEL,Locador Residencial,CARTAO_DEBITO,1,1,DEBITO_AUTOMATICO,GO,Anapolis,TRAIN,SINTETICO
TX000140977,USR001247,2025-07-01,2025-07,Vivo Fibra,vivo fibra,179.83,DESPESA,SERVICOS,INTERNET,Vivo Fibra,DEBITO_AUTOMATICO,1,1,WEB,GO,Anapolis,TRAIN,SINTETICO
TX000141334,USR001250,2025-07-01,2025-07,Adobe,adobe,328.47,DESPESA,SERVICOS,ASSINATURA,Adobe,CARTAO_DEBITO,1,0,DEBITO_AUTOMATICO,RJ,Duque de Caxias,TRAIN,SINTETICO
TX000141723,USR001253,2025-07-01,2025-07,CLARO INTERNET,claro internet,1517.05,DESPESA,SERVICOS,INTERNET,Claro Internet,CARTAO_DEBITO,1,1,WEB,ES,Cariacica,TRAIN,SINTETICO
TX000142662,USR001261,2025-07-01,2025-07,CAFETERIA-BRASIL,cafeteria brasil,350.83,DESPESA,ALIMENTACAO,CAFETERIA,Cafeteria Brasil,CARTAO_CREDITO,1,0,ATM,GO,Anapolis,TRAIN,SINTETICO
TX000142876,USR001263,2025-07-01,2025-07,SYMPLA,sympla,310.99,DESPESA,LAZER,EVENTOS,Sympla,CARTAO_CREDITO,1,0,POS,CE,Juazeiro do Norte,TRAIN,SINTETICO
TX000142879,USR001263,2025-07-01,2025-07,Lab*Saude,lab saude,514.89,DESPESA,SAUDE,EXAMES,Lab Saude,CARTAO_CREDITO,3,0,POS,CE,Juazeiro do Norte,TRAIN,SINTETICO
TX000143558,USR001269,2025-07-01,2025-07,FOLHA-DE-PAGAMENTO,folha de pagamento,1903.12,RECEITA,RENDA,SALARIO,Folha de Pagamento,CREDITO_CONTA,1,1,DEPOSITO,PE,Olinda,TRAIN,SINTETICO
TX000143767,USR001271,2025-07-01,2025-07,DROPBOX,dropbox,2132.73,DESPESA,SERVICOS,ASSINATURA,Dropbox,PIX,1,0,WEB,PE,Jaboatao,TRAIN,SINTETICO
TX000144240,USR001275,2025-07-01,2025-07,ADMINISTRADORA CONDOMINIAL,administradora condominial,1979.93,DESPESA,MORADIA,CONDOMINIO,Administradora Condominial,DINHEIRO,1,0,DEBITO_AUTOMATICO,GO,Aparecida de Goiania,VALIDATION,SINTETICO
TX000144594,USR001278,2025-07-01,2025-07,4plicacao  429,4plicacao 429,132.06,INVESTIMENTO,INVESTIMENTOS,RENDA_FIXA,Aplicacao CDB,DEBITO_CONTA,1,0,APP,RS,Pelotas,TEST,SINTETICO
TX000145150,USR001283,2025-07-01,2025-07,CL4RO-INTERNET,cl4ro internet,735.35,DESPESA,SERVICOS,INTERNET,Claro Internet,PIX,1,1,DEBITO_AUTOMATICO,RS,Porto Alegre,TRAIN,SINTETICO
TX000145282,USR001284,2025-07-01,2025-07,NATURA,natura,320.9,DESPESA,COMPRAS,BELEZA,Natura,PIX,12,0,WEB,PR,Curitiba,TRAIN,SINTETICO
TX000145818,USR001289,2025-07-01,2025-07,Outba 149,outba 149,60.32,DESPESA,ALIMENTACAO,RESTAURANTE,Outback,PIX,1,0,POS,RJ,Rio de Janeiro,TRAIN,SINTETICO
TX000145918,USR001290,2025-07-01,2025-07,CAFETERIA-BRASIL,cafeteria brasil,57.19,DESPESA,ALIMENTACAO,CAFETERIA,Cafeteria Brasil,CARTAO_CREDITO,1,0,ATM,SC,Joinville,TRAIN,SINTETICO
TX000146794,USR001298,2025-07-01,2025-07,Tesouro*Direto,tesouro direto,1022.76,INVESTIMENTO,INVESTIMENTOS,RENDA_FIXA,Tesouro Direto,DEBITO_CONTA,1,0,APP,SC,Blumenau,TEST,SINTETICO
TX000146909,USR001299,2025-07-01,2025-07,Folha de Pagame 184,folha de pagame 184,1447.59,RECEITA,RENDA,SALARIO,Folha de Pagamento,CREDITO_CONTA,1,1,DEPOSITO,PR,Curitiba,TEST,SINTETICO
TX000147455,USR001304,2025-07-01,2025-07,Conta*de*Gas GAS,conta de gas gas,718.78,DESPESA,MORADIA,GAS,Conta de Gas,CARTAO_DEBITO,1,0,DEBITO_AUTOMATICO,CE,Caucaia,TRAIN,SINTETICO
TX000147686,USR001306,2025-07-01,2025-07,FOLHA DE PAGAMENTO,folha de pagamento,4434.81,RECEITA,RENDA,SALARIO,Folha de Pagamento,CREDITO_CONTA,1,1,DEPOSITO,ES,Vitoria,TRAIN,SINTETICO
TX000148567,USR001314,2025-07-01,2025-07,CEMIG,cemig,208.41,DESPESA,MORADIA,ENERGIA,Cemig,CARTAO_CREDITO,1,1,ATM,ES,Vitoria,VALIDATION,SINTETICO
TX000149271,USR001320,2025-07-01,2025-07,PREVIDENCIA PRIVADA PREV,previdencia privada prev,93.61,INVESTIMENTO,INVESTIMENTOS,PREVIDENCIA,Previdencia Privada,DEBITO_CONTA,1,1,APP,SP,Sorocaba,TRAIN,SINTETICO
TX000149592,USR001323,2025-07-01,2025-07,SARAIVA,saraiva,11.6,DESPESA,EDUCACAO,LIVROS,Saraiva,CARTAO_CREDITO,1,0,WEB,ES,Cariacica,TRAIN,SINTETICO
TX000149808,USR001325,2025-07-01,2025-07,PIX Adobe BR,pix adobe br,214.89,DESPESA,SERVICOS,ASSINATURA,Adobe,PIX,1,0,ATM,DF,Brasilia,TRAIN,SINTETICO
TX000149809,USR001325,2025-07-01,2025-07,ADOBE,adobe,979.18,DESPESA,SERVICOS,ASSINATURA,Adobe,CARTAO_DEBITO,1,1,WEB,DF,Brasilia,TRAIN,SINTETICO
TX000150007,USR001327,2025-07-01,2025-07,Supermercado  792,supermercado 792,265.25,DESPESA,ALIMENTACAO,SUPERMERCADO,Supermercado BH,PIX,1,0,WEB,BA,Salvador,TRAIN,SINTETICO
TX000151044,USR001336,2025-07-01,2025-07,NINTENDO,nintendo,62.31,DESPESA,LAZER,GAMES,Nintendo,PIX,1,0,DEBITO_AUTOMATICO,PR,Londrina,VALIDATION,SINTETICO
TX000151497,USR001340,2025-07-01,2025-07,McDonalds 740,mcdonalds 740,497.91,DESPESA,ALIMENTACAO,RESTAURANTE,McDonalds,CARTAO_DEBITO,1,0,POS,DF,Brasilia,TRAIN,SINTETICO
TX000151611,USR001341,2025-07-01,2025-07,Imobiliaria Central 420,imobiliaria central 420,460.69,DESPESA,MORADIA,ALUGUEL,Imobiliaria Central,CARTAO_DEBITO,1,1,POS,PE,Olinda,TRAIN,SINTETICO
TX000151615,USR001341,2025-07-01,2025-07,O Boticari 465,o boticari 465,398.5,DESPESA,COMPRAS,BELEZA,O Boticario,PIX,4,0,DEBITO_AUTOMATICO,PE,Olinda,TRAIN,SINTETICO
TX000152878,USR001352,2025-07-01,2025-07,Cafeteria*Brasil,cafeteria brasil,445.62,DESPESA,ALIMENTACAO,CAFETERIA,Cafeteria Brasil,BOLETO,1,0,WEB,RS,Pelotas,TRAIN,SINTETICO
TX000152995,USR001353,2025-07-01,2025-07,Disney*Plus,disney plus,456.85,DESPESA,LAZER,STREAMING,Disney Plus,PIX,1,1,DEBITO_AUTOMATICO,SP,Santos,TRAIN,SINTETICO
TX000153104,USR001354,2025-07-01,2025-07,Amazon*Prime,amazon prime,304.79,DESPESA,LAZER,STREAMING,Amazon Prime,PIX,1,1,POS,PR,Maringa,VALIDATION,SINTETICO
TX000153589,USR001358,2025-07-01,2025-07,Cafe do Ponto,cafe do ponto,641.45,DESPESA,ALIMENTACAO,CAFETERIA,Cafe do Ponto,CARTAO_CREDITO,1,0,APP,MG,Juiz de Fora,TEST,SINTETICO
TX000153823,USR001360,2025-07-01,2025-07,Shei 711,shei 711,33.11,DESPESA,COMPRAS,ROUPAS,Shein,PIX,1,0,ATM,SC,Blumenau,TRAIN,SINTETICO
TX000153952,USR001361,2025-07-01,2025-07,Google*One,google one,1352.96,DESPESA,SERVICOS,ASSINATURA,Google One,DEBITO_AUTOMATICO,1,1,APP,SP,Santos,TRAIN,SINTETICO
TX000154179,USR001363,2025-07-01,2025-07,Microsoft  590,microsoft 590,99.48,DESPESA,SERVICOS,ASSINATURA,Microsoft 365,PIX,1,0,WEB,SC,Joinville,TRAIN,SINTETICO
TX000154512,USR001366,2025-07-01,2025-07,PAG Diagnosticos Brasil BR,pag diagnosticos brasil br,225.7,DESPESA,SAUDE,EXAMES,Diagnosticos Brasil,DEBITO_AUTOMATICO,1,1,APP,BA,Feira de Santana,TRAIN,SINTETICO
TX000155614,USR001376,2025-07-01,2025-07,Porto*Seguro,porto seguro,2255.25,DESPESA,SERVICOS,SEGURO,Porto Seguro,CARTAO_CREDITO,1,1,ATM,SC,Blumenau,VALIDATION,SINTETICO
TX000155729,USR001377,2025-07-01,2025-07,CREDITO SALARIO,credito salario,8091.97,RECEITA,RENDA,SALARIO,Credito Salario,CREDITO_CONTA,1,1,DEPOSITO,RJ,Niteroi,TEST,SINTETICO
TX000156271,USR001382,2025-07-01,2025-07,McDonalds,mcdonalds,12.72,DESPESA,ALIMENTACAO,RESTAURANTE,McDonalds,CARTAO_CREDITO,1,0,DEBITO_AUTOMATICO,MG,Juiz de Fora,TRAIN,SINTETICO
TX000156537,USR001384,2025-07-01,2025-07,Oi Fibra,oi fibra,254.9,DESPESA,SERVICOS,INTERNET,Oi Fibra,CARTAO_DEBITO,1,0,DEBITO_AUTOMATICO,BA,Salvador,TRAIN,SINTETICO
TX000156748,USR001386,2025-07-01,2025-07,Starbucks,starbucks,160.38,DESPESA,ALIMENTACAO,CAFETERIA,Starbucks,CARTAO_CREDITO,1,1,APP,RS,Porto Alegre,TRAIN,SINTETICO
TX000156854,USR001387,2025-07-01,2025-07,Google*One,google one,448.43,DESPESA,SERVICOS,ASSINATURA,Google One,CARTAO_CREDITO,1,1,APP,PE,Jaboatao,TRAIN,SINTETICO
TX000157070,USR001389,2025-07-01,2025-07,Azul Seguros,azul seguros,14.48,DESPESA,SERVICOS,SEGURO,Azul Seguros,CARTAO_DEBITO,1,1,POS,DF,Brasilia,TRAIN,SINTETICO
TX000157405,USR001392,2025-07-01,2025-07,SABESP,sabesp,44.83,DESPESA,MORADIA,AGUA,Sabesp,CARTAO_CREDITO,1,0,ATM,RJ,Niteroi,TRAIN,SINTETICO
TX000158072,USR001398,2025-07-01,2025-07,Diagnosticos Brasil 531,diagnosticos brasil 531,1042.3,DESPESA,SAUDE,EXAMES,Diagnosticos Brasil,CARTAO_DEBITO,1,0,ATM,GO,Goiania,TEST,SINTETICO
TX000158396,USR001401,2025-07-01,2025-07,Aplicacao*Fundo,aplicacao fundo,592.33,INVESTIMENTO,INVESTIMENTOS,FUNDO,Aplicacao Fundo,DEBITO_CONTA,1,0,APP,MG,Juiz de Fora,TRAIN,SINTETICO
TX000158943,USR001406,2025-07-01,2025-07,Conta de G 862,conta de g 862,1716.86,DESPESA,MORADIA,GAS,Conta de Gas,BOLETO,1,1,APP,GO,Goiania,TRAIN,SINTETICO
TX000159066,USR001407,2025-07-01,2025-07,Folha de Pagamento SALA,folha de pagamento sala,3518.57,RECEITA,RENDA,SALARIO,Folha de Pagamento,CREDITO_CONTA,1,1,DEPOSITO,PE,Jaboatao,TRAIN,SINTETICO
TX000159967,USR001415,2025-07-01,2025-07,SUPERMERCADO BH,supermercado bh,588.37,DESPESA,ALIMENTACAO,SUPERMERCADO,Supermercado BH,CARTAO_CREDITO,1,0,APP,SC,Blumenau,VALIDATION,SINTETICO
TX000159973,USR001415,2025-07-01,2025-07,CAFE DO PONTO,cafe do ponto,302.83,DESPESA,ALIMENTACAO,CAFETERIA,Cafe do Ponto,CARTAO_DEBITO,1,0,APP,SC,Blumenau,VALIDATION,SINTETICO
TX000160194,USR001417,2025-07-01,2025-07,DEB Imobiliaria Central BR,deb imobiliaria central br,398.26,DESPESA,MORADIA,ALUGUEL,Imobiliaria Central,DEBITO_AUTOMATICO,1,1,POS,SP,Sorocaba,TEST,SINTETICO
TX000160744,USR001422,2025-07-01,2025-07,Tesouro*Direto,tesouro direto,169.49,INVESTIMENTO,INVESTIMENTOS,RENDA_FIXA,Tesouro Direto,DEBITO_CONTA,1,1,APP,SP,Santos,TRAIN,SINTETICO
TX000160955,USR001424,2025-07-01,2025-07,Aluguel Residencial,aluguel residencial,612.43,DESPESA,MORADIA,ALUGUEL,Aluguel Residencial,PIX,1,1,WEB,PR,Curitiba,TRAIN,SINTETICO
TX000161535,USR001429,2025-07-01,2025-07,Conta de Gas,conta de gas,755.32,DESPESA,MORADIA,GAS,Conta de Gas,DINHEIRO,1,0,WEB,MG,Juiz de Fora,TRAIN,SINTETICO
TX000161962,USR001433,2025-07-01,2025-07,PIX Diagnosticos Brasil 4174,pix diagnosticos brasil 4174,411.93,DESPESA,SAUDE,EXAMES,Diagnosticos Brasil,CARTAO_CREDITO,4,0,WEB,MG,Juiz de Fora,TRAIN,SINTETICO
TX000162324,USR001436,2025-07-01,2025-07,TIM TELE,tim tele,668.67,DESPESA,SERVICOS,TELEFONIA,TIM,DEBITO_AUTOMATICO,1,0,DEBITO_AUTOMATICO,DF,Brasilia,VALIDATION,SINTETICO
TX000162328,USR001436,2025-07-01,2025-07,Fundo*de*Investimento,fundo de investimento,1509.32,INVESTIMENTO,INVESTIMENTOS,FUNDO,Fundo de Investimento,DEBITO_CONTA,1,0,APP,DF,Brasilia,VALIDATION,SINTETICO
TX000162448,USR001437,2025-07-01,2025-07,ULTRAGAZ,ultragaz,172.87,DESPESA,MORADIA,GAS,Ultragaz,CARTAO_DEBITO,1,1,POS,ES,Serra,TEST,SINTETICO
TX000162689,USR001439,2025-07-01,2025-07,AMIL,amil,307.63,DESPESA,SAUDE,PLANO_SAUDE,Amil,CARTAO_CREDITO,1,1,DEBITO_AUTOMATICO,DF,Brasilia,TEST,SINTETICO
TX000162795,USR001440,2025-07-01,2025-07,Wizard,wizard,1923.16,DESPESA,EDUCACAO,IDIOMAS,Wizard,PIX,1,0,DEBITO_AUTOMATICO,SC,Joinville,TRAIN,SINTETICO
TX000163765,USR001449,2025-07-01,2025-07,DEB Hapvida BA,deb hapvida ba,502.34,DESPESA,SAUDE,PLANO_SAUDE,Hapvida,CARTAO_CREDITO,1,0,APP,CE,Fortaleza,TRAIN,SINTETICO
TX000163985,USR001451,2025-07-01,2025-07,ANUIDADE,anuidade,549.51,DESPESA,OUTROS,TAXA,Anuidade,CARTAO_DEBITO,1,0,POS,DF,Brasilia,TRAIN,SINTETICO
TX000164288,USR001454,2025-07-01,2025-07,ENEL,enel,1282.67,DESPESA,MORADIA,ENERGIA,Enel,BOLETO,1,1,DEBITO_AUTOMATICO,RS,Pelotas,VALIDATION,SINTETICO
TX000164861,USR001459,2025-07-01,2025-07,Oi,oi,1373.68,DESPESA,SERVICOS,TELEFONIA,Oi,CARTAO_DEBITO,1,0,APP,SP,Sorocaba,TEST,SINTETICO
TX000164863,USR001459,2025-07-01,2025-07,CENTRO MEDICO POPULAR,centro medico popular,764.75,DESPESA,SAUDE,CONSULTA,Centro Medico Popular,PIX,4,0,DEBITO_AUTOMATICO,SP,Sorocaba,TEST,SINTETICO
TX000164865,USR001459,2025-07-01,2025-07,Cafeteria Brasi 62,cafeteria brasi 62,851.76,DESPESA,ALIMENTACAO,CAFETERIA,Cafeteria Brasil,CARTAO_CREDITO,1,0,POS,SP,Sorocaba,TEST,SINTETICO
TX000165072,USR001461,2025-07-01,2025-07,PAG Conta de Energia 3805,pag conta de energia 3805,203.8,DESPESA,MORADIA,ENERGIA,Conta de Energia,CARTAO_CREDITO,1,0,APP,DF,Brasilia,TRAIN,SINTETICO
TX000165074,USR001461,2025-07-01,2025-07,TIM Ultrafibra,tim ultrafibra,981.88,DESPESA,SERVICOS,INTERNET,TIM Ultrafibra,DEBITO_AUTOMATICO,1,1,ATM,DF,Brasilia,TRAIN,SINTETICO
TX000165076,USR001461,2025-07-01,2025-07,IFOOD,ifood,1523.93,DESPESA,ALIMENTACAO,RESTAURANTE,iFood,CARTAO_DEBITO,1,0,POS,DF,Brasilia,TRAIN,SINTETICO
TX000165302,USR001463,2025-07-01,2025-07,PROJETO AUTONOMO FREE,projeto autonomo free,530.09,RECEITA,RENDA,FREELANCE,Projeto Autonomo,PIX,1,0,APP,DF,Brasilia,TRAIN,SINTETICO
TX000165303,USR001463,2025-07-01,2025-07,Tesouro Direto 539 REND,tesouro direto 539 rend,549.53,INVESTIMENTO,INVESTIMENTOS,RENDA_FIXA,Tesouro Direto,DEBITO_CONTA,1,0,APP,DF,Brasilia,TRAIN,SINTETICO
TX000165537,USR001465,2025-07-01,2025-07,SUPERGASBRAS,supergasbras,1468.78,DESPESA,MORADIA,GAS,Supergasbras,CARTAO_CREDITO,1,1,WEB,RJ,Rio de Janeiro,TRAIN,SINTETICO
TX000165544,USR001465,2025-07-01,2025-07,RENNER,renner,1337.78,DESPESA,COMPRAS,ROUPAS,Renner,PIX,1,0,DEBITO_AUTOMATICO,RJ,Rio de Janeiro,TRAIN,SINTETICO
TX000165767,USR001467,2025-07-01,2025-07,Claro Intern 826,claro intern 826,315.71,DESPESA,SERVICOS,INTERNET,Claro Internet,DINHEIRO,1,1,DEBITO_AUTOMATICO,BA,Vitoria da Conquista,TRAIN,SINTETICO
TX000165976,USR001469,2025-07-01,2025-07,PIX Porto Seguro ES,pix porto seguro es,844.62,DESPESA,SERVICOS,SEGURO,Porto Seguro,CARTAO_CREDITO,1,1,DEBITO_AUTOMATICO,RS,Pelotas,TRAIN,SINTETICO
TX000166094,USR001470,2025-07-01,2025-07,Imobiliaria*Central ALUG,imobiliaria central alug,2969.53,DESPESA,MORADIA,ALUGUEL,Imobiliaria Central,CARTAO_CREDITO,1,0,ATM,DF,Brasilia,TRAIN,SINTETICO
TX000166870,USR001477,2025-07-01,2025-07,FATURA-ITAUCARD,fatura itaucard,173.42,DESPESA,DIVIDAS,CARTAO,Fatura Itaucard,PIX,1,1,APP,CE,Juazeiro do Norte,TEST,SINTETICO
TX000167085,USR001479,2025-07-01,2025-07,Magazine Luiza,magazine luiza,1805.28,DESPESA,COMPRAS,ELETRONICOS,Magazine Luiza,CARTAO_CREDITO,1,0,DEBITO_AUTOMATICO,GO,Anapolis,TEST,SINTETICO
TX000167298,USR001481,2025-07-01,2025-07,TIM ULTRAFIBRA,tim ultrafibra,341.49,DESPESA,SERVICOS,INTERNET,TIM Ultrafibra,CARTAO_CREDITO,1,1,POS,DF,Brasilia,TRAIN,SINTETICO
TX000167512,USR001483,2025-07-01,2025-07,LANC Administradora Condominial,lanc administradora condominial,1125.24,DESPESA,MORADIA,CONDOMINIO,Administradora Condominial,CARTAO_CREDITO,1,1,DEBITO_AUTOMATICO,PR,Curitiba,TRAIN,SINTETICO
TX000167633,USR001484,2025-07-01,2025-07,PADARIA CENTRAL,padaria central,758.91,DESPESA,ALIMENTACAO,RESTAURANTE,Padaria Central,PIX,1,0,APP,SP,Santos,TRAIN,SINTETICO
TX000167745,USR001485,2025-07-01,2025-07,FOLHA DE PAGAMENTO,folha de pagamento,3766.48,RECEITA,RENDA,SALARIO,Folha de Pagamento,CREDITO_CONTA,1,1,DEPOSITO,PE,Jaboatao,TRAIN,SINTETICO
TX000167877,USR001486,2025-07-01,2025-07,Folha de Pagamento,folha de pagamento,4351.23,RECEITA,RENDA,SALARIO,Folha de Pagamento,CREDITO_CONTA,1,1,DEPOSITO,SC,Florianopolis,TRAIN,SINTETICO
TX000167987,USR001487,2025-07-01,2025-07,Cemig,cemig,416.46,DESPESA,MORADIA,ENERGIA,Cemig,BOLETO,1,0,WEB,BA,Salvador,TRAIN,SINTETICO
TX000168092,USR001488,2025-07-01,2025-07,PADARIA-CENTRAL,padaria central,631.16,DESPESA,ALIMENTACAO,RESTAURANTE,Padaria Central,CARTAO_CREDITO,1,0,ATM,RJ,Niteroi,TRAIN,SINTETICO
TX000169098,USR001497,2025-07-01,2025-07,TESOURO DIRETO,tesouro direto,16.86,INVESTIMENTO,INVESTIMENTOS,RENDA_FIXA,Tesouro Direto,DEBITO_CONTA,1,1,APP,CE,Juazeiro do Norte,TEST,SINTETICO
TX000169206,USR001498,2025-07-01,2025-07,PGTO Administradora Condominial MG,pgto administradora condominial mg,566.51,DESPESA,MORADIA,CONDOMINIO,Administradora Condominial,CARTAO_CREDITO,1,1,WEB,PE,Jaboatao,TEST,SINTETICO
TX000169447,USR001500,2025-07-01,2025-07,Renner,renner,515.42,DESPESA,COMPRAS,ROUPAS,Renner,CARTAO_DEBITO,10,0,DEBITO_AUTOMATICO,CE,Juazeiro do Norte,TRAIN,SINTETICO
TX000000004,USR000001,2025-07-02,2025-07,SABESP,sabesp,209.49,DESPESA,MORADIA,AGUA,Sabesp,CARTAO_CREDITO,1,1,ATM,RJ,Rio de Janeiro,TRAIN,SINTETICO
TX000000226,USR000003,2025-07-02,2025-07,Fatura Inter,fatura inter,75.45,DESPESA,DIVIDAS,CARTAO,Fatura Inter,CARTAO_DEBITO,1,1,DEBITO_AUTOMATICO,GO,Anapolis,TRAIN,SINTETICO
TX000000342,USR000004,2025-07-02,2025-07,LOCADOR RESIDENCIAL,locador residencial,376.32,DESPESA,MORADIA,ALUGUEL,Locador Residencial,PIX,1,1,APP,PE,Jaboatao,TRAIN,SINTETICO
TX000000452,USR000005,2025-07-02,2025-07,Conta de Energi 150 ENER,conta de energi 150 ener,540.9,DESPESA,MORADIA,ENERGIA,Conta de Energia,CARTAO_CREDITO,1,1,DEBITO_AUTOMATICO,PR,Maringa,TRAIN,SINTETICO
TX000001042,USR000010,2025-07-02,2025-07,Sabesp,sabesp,333.12,DESPESA,MORADIA,AGUA,Sabesp,CARTAO_DEBITO,1,1,WEB,SC,Blumenau,TRAIN,SINTETICO
TX000001722,USR000016,2025-07-02,2025-07,Fundo de Investimen 512,fundo de investimen 512,260.21,INVESTIMENTO,INVESTIMENTOS,FUNDO,Fundo de Investimento,DEBITO_CONTA,1,1,APP,DF,Brasilia,VALIDATION,SINTETICO
TX000002402,USR000022,2025-07-02,2025-07,Claro Mov 157,claro mov 157,462.73,DESPESA,SERVICOS,TELEFONIA,Claro Movel,CARTAO_CREDITO,1,1,APP,GO,Aparecida de Goiania,TRAIN,SINTETICO
TX000002648,USR000024,2025-07-02,2025-07,Porto*Seguro,porto seguro,157.89,DESPESA,SERVICOS,SEGURO,Porto Seguro,CARTAO_CREDITO,1,1,APP,CE,Juazeiro do Norte,TRAIN,SINTETICO
TX000003557,USR000032,2025-07-02,2025-07,Porto Seguro 566,porto seguro 566,224.23,DESPESA,SERVICOS,SEGURO,Porto Seguro,CARTAO_CREDITO,1,1,WEB,ES,Cariacica,TRAIN,SINTETICO
TX000004252,USR000038,2025-07-02,2025-07,Udemy,udemy,599.55,DESPESA,EDUCACAO,CURSO,Udemy,DEBITO_AUTOMATICO,1,0,WEB,ES,Serra,TEST,SINTETICO
TX000004598,USR000041,2025-07-02,2025-07,Aluguel Residenci 493,aluguel residenci 493,317.09,DESPESA,MORADIA,ALUGUEL,Aluguel Residencial,PIX,1,1,POS,RJ,Niteroi,TRAIN,SINTETICO
TX000004940,USR000044,2025-07-02,2025-07,Ultragaz,ultragaz,1460.57,DESPESA,MORADIA,GAS,Ultragaz,CARTAO_DEBITO,1,1,POS,RJ,Rio de Janeiro,TRAIN,SINTETICO
TX000005428,USR000048,2025-07-02,2025-07,Cafeteria*Brasil,cafeteria brasil,305.47,DESPESA,ALIMENTACAO,CAFETERIA,Cafeteria Brasil,CARTAO_CREDITO,1,0,DEBITO_AUTOMATICO,SC,Blumenau,TRAIN,SINTETICO
TX000005653,USR000050,2025-07-02,2025-07,MICROSOFT-365,microsoft 365,1265.32,DESPESA,SERVICOS,ASSINATURA,Microsoft 365,CARTAO_DEBITO,1,1,ATM,SP,Sorocaba,TRAIN,SINTETICO
TX000005659,USR000050,2025-07-02,2025-07,COMPR4 Laboratorio Exame 5249,compr4 laboratorio exame 5249,147.75,DESPESA,SAUDE,EXAMES,Laboratorio Exame,CARTAO_DEBITO,1,0,POS,SP,Sorocaba,TRAIN,SINTETICO
TX000005894,USR000052,2025-07-02,2025-07,ASSAI-ATACADISTA,assai atacadista,1207.27,DESPESA,ALIMENTACAO,SUPERMERCADO,Assai Atacadista,CARTAO_DEBITO,1,0,POS,SP,Sao Paulo,TRAIN,SINTETICO
TX000006417,USR000057,2025-07-02,2025-07,Microsoft 36 515,microsoft 36 515,366.31,DESPESA,SERVICOS,ASSINATURA,Microsoft 365,DEBITO_AUTOMATICO,1,0,DEBITO_AUTOMATICO,BA,Feira de Santana,TEST,SINTETICO
TX000006858,USR000061,2025-07-02,2025-07,4dobe,4dobe,221.59,DESPESA,SERVICOS,ASSINATURA,Adobe,PIX,1,1,APP,GO,Aparecida de Goiania,TRAIN,SINTETICO
TX000006861,USR000061,2025-07-02,2025-07,Metro,metro,639.13,DESPESA,TRANSPORTE,TRANSPORTE_PUBLICO,Metro,DEBITO_AUTOMATICO,1,0,DEBITO_AUTOMATICO,GO,Aparecida de Goiania,TRAIN,SINTETICO
TX000007633,USR000068,2025-07-02,2025-07,DEB Administradora Condominial,deb administradora condominial,702.33,DESPESA,MORADIA,CONDOMINIO,Administradora Condominial,PIX,1,1,DEBITO_AUTOMATICO,PR,Londrina,TRAIN,SINTETICO
TX000007871,USR000070,2025-07-02,2025-07,CREDITO-SALARIO,credito salario,13539.05,RECEITA,RENDA,SALARIO,Credito Salario,CREDITO_CONTA,1,1,DEPOSITO,RJ,Niteroi,TRAIN,SINTETICO
TX000008744,USR000078,2025-07-02,2025-07,LANC Universidade 5180,lanc universidade 5180,246.05,DESPESA,EDUCACAO,MENSALIDADE,Universidade,PIX,3,1,WEB,RS,Caxias do Sul,TEST,SINTETICO
TX000008861,USR000079,2025-07-02,2025-07,LANC Burger King LTDA,lanc burger king ltda,777.71,DESPESA,ALIMENTACAO,RESTAURANTE,Burger King,DEBITO_AUTOMATICO,1,0,APP,PR,Maringa,TEST,SINTETICO
TX000008978,USR000080,2025-07-02,2025-07,Folha de Pagamen 649,folha de pagamen 649,1383.45,RECEITA,RENDA,SALARIO,Folha de Pagamento,CREDITO_CONTA,1,1,DEPOSITO,PE,Jaboatao,TRAIN,SINTETICO
TX000010372,USR000092,2025-07-02,2025-07,Aplicacao Fu 759,aplicacao fu 759,208.99,INVESTIMENTO,INVESTIMENTOS,FUNDO,Aplicacao Fundo,DEBITO_CONTA,1,1,APP,BA,Feira de Santana,TRAIN,SINTETICO
TX000010594,USR000094,2025-07-02,2025-07,OFICINA-DO-CARLOS,oficina do carlos,48.52,DESPESA,TRANSPORTE,MANUTENCAO_VEICULO,Oficina do Carlos,PIX,1,0,WEB,BA,Vitoria da Conquista,VALIDATION,SINTETICO
TX000010939,USR000097,2025-07-02,2025-07,DEB Aplicacao Fundo LTDA,deb aplicacao fundo ltda,1576.03,INVESTIMENTO,INVESTIMENTOS,FUNDO,Aplicacao Fundo,DEBITO_CONTA,1,1,APP,RJ,Niteroi,TEST,SINTETICO
TX000011051,USR000098,2025-07-02,2025-07,CREDITO SALARIO,credito salario,12863.1,RECEITA,RENDA,SALARIO,Credito Salario,CREDITO_CONTA,1,1,DEPOSITO,SC,Florianopolis,TEST,SINTETICO
TX000011165,USR000099,2025-07-02,2025-07,Saraiv 425,saraiv 425,476.81,DESPESA,EDUCACAO,LIVROS,Saraiva,CARTAO_CREDITO,1,0,DEBITO_AUTOMATICO,RS,Porto Alegre,TEST,SINTETICO
TX000011512,USR000102,2025-07-02,2025-07,SUPERGASBRAS GAS,supergasbras gas,172.89,DESPESA,MORADIA,GAS,Supergasbras,BOLETO,1,1,POS,RJ,Niteroi,TRAIN,SINTETICO
TX000011514,USR000102,2025-07-02,2025-07,PAO DE ACUCAR,pao de acucar,526.08,DESPESA,ALIMENTACAO,SUPERMERCADO,Pao de Acucar,CARTAO_DEBITO,1,0,WEB,RJ,Niteroi,TRAIN,SINTETICO
TX000011972,USR000106,2025-07-02,2025-07,Credito*Salario,credito salario,4518.02,RECEITA,RENDA,SALARIO,Credito Salario,CREDITO_CONTA,1,1,DEPOSITO,BA,Feira de Santana,TRAIN,SINTETICO
TX000012445,USR000110,2025-07-02,2025-07,ATACADAO,atacadao,236.33,DESPESA,ALIMENTACAO,SUPERMERCADO,Atacadao,CARTAO_CREDITO,1,0,APP,GO,Goiania,TRAIN,SINTETICO
TX000012686,USR000112,2025-07-02,2025-07,Sabe 996,sabe 996,105.02,DESPESA,MORADIA,AGUA,Sabesp,DEBITO_AUTOMATICO,1,1,POS,RS,Pelotas,TRAIN,SINTETICO
TX000012690,USR000112,2025-07-02,2025-07,Google*One,google one,54.06,DESPESA,SERVICOS,ASSINATURA,Google One,PIX,1,1,ATM,RS,Pelotas,TRAIN,SINTETICO
TX000012692,USR000112,2025-07-02,2025-07,POSTO-PETROBRAS,posto petrobras,115.47,DESPESA,TRANSPORTE,COMBUSTIVEL,Posto Petrobras,CARTAO_CREDITO,1,0,APP,RS,Pelotas,TRAIN,SINTETICO
TX000013503,USR000119,2025-07-02,2025-07,PIX Tesouro Direto BR,pix tesouro direto br,660.91,INVESTIMENTO,INVESTIMENTOS,RENDA_FIXA,Tesouro Direto,DEBITO_CONTA,1,1,APP,MG,Belo Horizonte,TEST,SINTETICO
TX000013596,USR000120,2025-07-02,2025-07,Ultra 484,ultra 484,218.66,DESPESA,MORADIA,GAS,Ultragaz,DEBITO_AUTOMATICO,1,1,POS,RS,Pelotas,TRAIN,SINTETICO
TX000013820,USR000122,2025-07-02,2025-07,Saneamento Municipal AGUA,saneamento municipal agua,1934.59,DESPESA,MORADIA,AGUA,Saneamento Municipal,CARTAO_DEBITO,1,0,POS,SC,Joinville,TRAIN,SINTETICO
TX000014041,USR000124,2025-07-02,2025-07,Tesouro Dir 625,tesouro dir 625,40.27,INVESTIMENTO,INVESTIMENTOS,RENDA_FIXA,Tesouro Direto,DEBITO_CONTA,1,0,APP,MG,Uberlandia,TRAIN,SINTETICO
TX000014241,USR000126,2025-07-02,2025-07,Supermercado*BH,supermercado bh,589.15,DESPESA,ALIMENTACAO,SUPERMERCADO,Supermercado BH,PIX,1,0,APP,PE,Jaboatao,TRAIN,SINTETICO
TX000014250,USR000126,2025-07-02,2025-07,DEB Salario Empresa BA,deb salario empresa ba,4286.16,RECEITA,RENDA,SALARIO,Salario Empresa,CREDITO_CONTA,1,1,DEPOSITO,PE,Jaboatao,TRAIN,SINTETICO
TX000014960,USR000132,2025-07-02,2025-07,Salao de Bel 184,salao de bel 184,39.4,DESPESA,COMPRAS,BELEZA,Salao de Beleza,CARTAO_CREDITO,1,0,WEB,PR,Maringa,TRAIN,SINTETICO
TX000016086,USR000142,2025-07-02,2025-07,4PLICACAO-CDB,4plicacao cdb,84.48,INVESTIMENTO,INVESTIMENTOS,RENDA_FIXA,Aplicacao CDB,DEBITO_CONTA,1,0,APP,BA,Feira de Santana,TRAIN,SINTETICO
TX000016206,USR000143,2025-07-02,2025-07,Consulta Particu 617,consulta particu 617,473.82,DESPESA,SAUDE,CONSULTA,Consulta Particular,CARTAO_DEBITO,1,0,APP,PE,Recife,TRAIN,SINTETICO
TX000016211,USR000143,2025-07-02,2025-07,Starbucks,starbucks,246.02,DESPESA,ALIMENTACAO,CAFETERIA,Starbucks,DEBITO_AUTOMATICO,1,0,POS,PE,Recife,TRAIN,SINTETICO
TX000017740,USR000157,2025-07-02,2025-07,DEB Cemig RJ,deb cemig rj,66.22,DESPESA,MORADIA,ENERGIA,Cemig,PIX,1,1,DEBITO_AUTOMATICO,SP,Campinas,TEST,SINTETICO
TX000018063,USR000160,2025-07-02,2025-07,SUPERGASBRAS GAS,supergasbras gas,275.32,DESPESA,MORADIA,GAS,Supergasbras,CARTAO_CREDITO,1,1,DEBITO_AUTOMATICO,CE,Fortaleza,TRAIN,SINTETICO
TX000018290,USR000162,2025-07-02,2025-07,Conta*de*Gas,conta de gas,517.01,DESPESA,MORADIA,GAS,Conta de Gas,PIX,1,0,ATM,RJ,Duque de Caxias,TRAIN,SINTETICO
TX000018742,USR000166,2025-07-02,2025-07,LANC Padaria Central LTDA,lanc padaria central ltda,861.98,DESPESA,ALIMENTACAO,RESTAURANTE,Padaria Central,CARTAO_DEBITO,1,0,ATM,PR,Maringa,TRAIN,SINTETICO
TX000019533,USR000173,2025-07-02,2025-07,BURGER-KING,burger king,103.9,DESPESA,ALIMENTACAO,RESTAURANTE,Burger King,CARTAO_CREDITO,1,0,WEB,PR,Maringa,TRAIN,SINTETICO
TX000019862,USR000176,2025-07-02,2025-07,PIX Saneamento Municipal AGUA,pix saneamento municipal agua,164.42,DESPESA,MORADIA,AGUA,Saneamento Municipal,DINHEIRO,1,1,DEBITO_AUTOMATICO,ES,Vila Velha,VALIDATION,SINTETICO
TX000020429,USR000181,2025-07-02,2025-07,ADMINISTRADORA CONDOMINIAL,administradora condominial,396.2,DESPESA,MORADIA,CONDOMINIO,Administradora Condominial,CARTAO_CREDITO,1,1,DEBITO_AUTOMATICO,GO,Goiania,TRAIN,SINTETICO
TX000020656,USR000183,2025-07-02,2025-07,UCI CINEM4 CINE,uci cinem4 cine,1064.73,DESPESA,LAZER,CINEMA,UCI Cinema,CARTAO_CREDITO,1,0,ATM,CE,Fortaleza,TRAIN,SINTETICO
TX000020780,USR000184,2025-07-02,2025-07,Restaurante Sabor Case 65,restaurante sabor case 65,373.58,DESPESA,ALIMENTACAO,RESTAURANTE,Restaurante Sabor Caseiro,CARTAO_DEBITO,1,0,ATM,DF,Brasilia,TRAIN,SINTETICO
TX000020995,USR000186,2025-07-02,2025-07,Sabe 451,sabe 451,236.67,DESPESA,MORADIA,AGUA,Sabesp,DEBITO_AUTOMATICO,1,1,WEB,RS,Porto Alegre,TRAIN,SINTETICO
TX000020998,USR000186,2025-07-02,2025-07,BILHETE-UNICO,bilhete unico,51.48,DESPESA,TRANSPORTE,TRANSPORTE_PUBLICO,Bilhete Unico,PIX,1,0,APP,RS,Porto Alegre,TRAIN,SINTETICO
TX000021322,USR000189,2025-07-02,2025-07,Saque AT 734,saque at 734,1052.67,DESPESA,OUTROS,SAQUE,Saque ATM,CARTAO_CREDITO,1,0,DEBITO_AUTOMATICO,ES,Serra,TRAIN,SINTETICO
TX000021437,USR000190,2025-07-02,2025-07,Alura,alura,485.84,DESPESA,EDUCACAO,CURSO,Alura,CARTAO_CREDITO,1,0,WEB,PE,Jaboatao,TRAIN,SINTETICO
TX000022089,USR000196,2025-07-02,2025-07,TIM 858,tim 858,37.42,DESPESA,SERVICOS,TELEFONIA,TIM,CARTAO_DEBITO,1,0,WEB,SP,Sorocaba,VALIDATION,SINTETICO
TX000022197,USR000197,2025-07-02,2025-07,VIVO FIBRA,vivo fibra,125.66,DESPESA,SERVICOS,INTERNET,Vivo Fibra,CARTAO_CREDITO,1,1,WEB,GO,Goiania,TEST,SINTETICO
TX000022399,USR000199,2025-07-02,2025-07,RAIA,raia,1780.72,DESPESA,SAUDE,FARMACIA,Raia,DINHEIRO,1,0,ATM,BA,Feira de Santana,TEST,SINTETICO
TX000022619,USR000201,2025-07-02,2025-07,Folha de Pagamen 242,folha de pagamen 242,6149.15,RECEITA,RENDA,SALARIO,Folha de Pagamento,CREDITO_CONTA,1,1,DEPOSITO,BA,Vitoria da Conquista,TRAIN,SINTETICO
TX000022736,USR000202,2025-07-02,2025-07,WIZARD,wizard,93.82,DESPESA,EDUCACAO,IDIOMAS,Wizard,CARTAO_CREDITO,1,0,APP,MG,Uberlandia,TRAIN,SINTETICO
TX000022995,USR000204,2025-07-02,2025-07,RAIA FARM,raia farm,65.21,DESPESA,SAUDE,FARMACIA,Raia,DEBITO_AUTOMATICO,1,0,DEBITO_AUTOMATICO,RJ,Rio de Janeiro,TRAIN,SINTETICO
TX000022999,USR000204,2025-07-02,2025-07,APLICACAO-CDB,aplicacao cdb,424.16,INVESTIMENTO,INVESTIMENTOS,RENDA_FIXA,Aplicacao CDB,DEBITO_CONTA,1,1,APP,RJ,Rio de Janeiro,TRAIN,SINTETICO
TX000023700,USR000210,2025-07-02,2025-07,C&A,c a,49.08,DESPESA,COMPRAS,ROUPAS,C&A,CARTAO_CREDITO,1,0,POS,PE,Recife,TRAIN,SINTETICO
TX000023818,USR000211,2025-07-02,2025-07,BILHETE UNICO,bilhete unico,11.82,DESPESA,TRANSPORTE,TRANSPORTE_PUBLICO,Bilhete Unico,PIX,1,0,APP,SP,Sao Paulo,TRAIN,SINTETICO
TX000024172,USR000214,2025-07-02,2025-07,FOLHA-DE-PAGAMENTO,folha de pagamento,9469.35,RECEITA,RENDA,SALARIO,Folha de Pagamento,CREDITO_CONTA,1,1,DEPOSITO,SP,Sorocaba,VALIDATION,SINTETICO
TX000024406,USR000216,2025-07-02,2025-07,Condominio*Residencial,condominio residencial,362.77,DESPESA,MORADIA,CONDOMINIO,Condominio Residencial,PIX,1,1,APP,GO,Goiania,VALIDATION,SINTETICO
TX000024514,USR000217,2025-07-02,2025-07,Saneamento Municipal,saneamento municipal,25.07,DESPESA,MORADIA,AGUA,Saneamento Municipal,CARTAO_CREDITO,1,1,WEB,SC,Florianopolis,TEST,SINTETICO
TX000024634,USR000218,2025-07-02,2025-07,CAFETERIA-BRASIL,cafeteria brasil,860.8,DESPESA,ALIMENTACAO,CAFETERIA,Cafeteria Brasil,BOLETO,1,0,ATM,DF,Brasilia,TEST,SINTETICO
TX000025211,USR000223,2025-07-02,2025-07,PORTO-SEGURO,porto seguro,1106.99,DESPESA,SERVICOS,SEGURO,Porto Seguro,CARTAO_DEBITO,1,1,DEBITO_AUTOMATICO,ES,Cariacica,TRAIN,SINTETICO
TX000025539,USR000226,2025-07-02,2025-07,ASSAI ATACADISTA,assai atacadista,383.02,DESPESA,ALIMENTACAO,SUPERMERCADO,Assai Atacadista,PIX,1,0,APP,PE,Olinda,TRAIN,SINTETICO
TX000025545,USR000226,2025-07-02,2025-07,PIX Folha de Pagamento,pix folha de pagamento,11222.12,RECEITA,RENDA,SALARIO,Folha de Pagamento,CREDITO_CONTA,1,1,DEPOSITO,PE,Olinda,TRAIN,SINTETICO
TX000025779,USR000228,2025-07-02,2025-07,Carref 524,carref 524,158.78,DESPESA,ALIMENTACAO,SUPERMERCADO,Carrefour,DEBITO_AUTOMATICO,1,0,WEB,SC,Florianopolis,TRAIN,SINTETICO
TX000026035,USR000230,2025-07-02,2025-07,Atacadao,atacadao,1130.99,DESPESA,ALIMENTACAO,SUPERMERCADO,Atacadao,CARTAO_DEBITO,1,0,APP,ES,Vila Velha,TRAIN,SINTETICO
TX000026040,USR000230,2025-07-02,2025-07,Previdencia Privada,previdencia privada,759.43,INVESTIMENTO,INVESTIMENTOS,PREVIDENCIA,Previdencia Privada,DEBITO_CONTA,1,1,APP,ES,Vila Velha,TRAIN,SINTETICO
TX000026862,USR000237,2025-07-02,2025-07,Previdencia Privada,previdencia privada,157.34,INVESTIMENTO,INVESTIMENTOS,PREVIDENCIA,Previdencia Privada,DEBITO_CONTA,1,1,APP,RJ,Rio de Janeiro,TEST,SINTETICO
TX000027852,USR000246,2025-07-02,2025-07,TIM Ultrafibra BR,tim ultrafibra br,661.54,DESPESA,SERVICOS,INTERNET,TIM Ultrafibra,CARTAO_DEBITO,1,1,ATM,PE,Recife,TRAIN,SINTETICO
TX000027958,USR000247,2025-07-02,2025-07,ATACADAO,atacadao,22.14,DESPESA,ALIMENTACAO,SUPERMERCADO,Atacadao,CARTAO_CREDITO,1,0,DEBITO_AUTOMATICO,PE,Recife,TRAIN,SINTETICO
TX000028172,USR000249,2025-07-02,2025-07,Posto Petrobras,posto petrobras,208.77,DESPESA,TRANSPORTE,COMBUSTIVEL,Posto Petrobras,CARTAO_CREDITO,1,0,ATM,ES,Vitoria,TRAIN,SINTETICO
TX000028924,USR000256,2025-07-02,2025-07,PAG Cafeteria Brasil BR CAFE,pag cafeteria brasil br cafe,453.88,DESPESA,ALIMENTACAO,CAFETERIA,Cafeteria Brasil,CARTAO_DEBITO,1,0,POS,PR,Londrina,VALIDATION,SINTETICO
TX000029165,USR000258,2025-07-02,2025-07,Porto*Seguro,porto seguro,49.05,DESPESA,SERVICOS,SEGURO,Porto Seguro,CARTAO_CREDITO,1,1,APP,DF,Brasilia,TEST,SINTETICO
TX000029273,USR000259,2025-07-02,2025-07,PIX Hapvida,pix hapvida,705.75,DESPESA,SAUDE,PLANO_SAUDE,Hapvida,CARTAO_DEBITO,1,0,DEBITO_AUTOMATICO,SC,Florianopolis,TEST,SINTETICO
TX000029275,USR000259,2025-07-02,2025-07,SALAO-DE-BELEZA,salao de beleza,477.34,DESPESA,COMPRAS,BELEZA,Salao de Beleza,PIX,1,1,DEBITO_AUTOMATICO,SC,Florianopolis,TEST,SINTETICO
TX000030382,USR000269,2025-07-02,2025-07,Adobe 41,adobe 41,204.41,DESPESA,SERVICOS,ASSINATURA,Adobe,CARTAO_DEBITO,1,1,WEB,RS,Porto Alegre,TRAIN,SINTETICO
TX000030730,USR000272,2025-07-02,2025-07,ENEL,enel,461.61,DESPESA,MORADIA,ENERGIA,Enel,CARTAO_CREDITO,1,1,ATM,PR,Londrina,TRAIN,SINTETICO
TX000032298,USR000286,2025-07-02,2025-07,Previdencia Priva 961,previdencia priva 961,831.54,INVESTIMENTO,INVESTIMENTOS,PREVIDENCIA,Previdencia Privada,DEBITO_CONTA,1,1,APP,MG,Uberlandia,TRAIN,SINTETICO
TX000032415,USR000287,2025-07-02,2025-07,CAFETERIA-BRASIL,cafeteria brasil,118.58,DESPESA,ALIMENTACAO,CAFETERIA,Cafeteria Brasil,PIX,1,0,APP,GO,Anapolis,TRAIN,SINTETICO
TX000032416,USR000287,2025-07-02,2025-07,VIVO MOVEL,vivo movel,474.08,DESPESA,SERVICOS,TELEFONIA,Vivo Movel,CARTAO_DEBITO,1,0,WEB,GO,Anapolis,TRAIN,SINTETICO
TX000032422,USR000287,2025-07-02,2025-07,Locador Residencial 1886,locador residencial 1886,69.57,DESPESA,MORADIA,ALUGUEL,Locador Residencial,CARTAO_CREDITO,1,1,DEBITO_AUTOMATICO,GO,Anapolis,TRAIN,SINTETICO
TX000032725,USR000290,2025-07-02,2025-07,STEAM,steam,725.76,DESPESA,LAZER,GAMES,Steam,CARTAO_CREDITO,1,0,APP,DF,Brasilia,TRAIN,SINTETICO
TX000033315,USR000295,2025-07-02,2025-07,Clinica Vida CONS,clinica vida cons,623.24,DESPESA,SAUDE,CONSULTA,Clinica Vida,DEBITO_AUTOMATICO,4,1,DEBITO_AUTOMATICO,ES,Vitoria,VALIDATION,SINTETICO
TX000034023,USR000301,2025-07-02,2025-07,PIX Google One BR,pix google one br,498.42,DESPESA,SERVICOS,ASSINATURA,Google One,BOLETO,1,0,POS,SP,Campinas,TRAIN,SINTETICO
TX000034139,USR000302,2025-07-02,2025-07,Conta*de*Agua,conta de agua,1369.41,DESPESA,MORADIA,AGUA,Conta de Agua,BOLETO,1,0,APP,BA,Feira de Santana,TRAIN,SINTETICO
TX000034252,USR000303,2025-07-02,2025-07,DEB Outback 8466,deb outback 8466,162.52,DESPESA,ALIMENTACAO,RESTAURANTE,Outback,DINHEIRO,1,0,WEB,PR,Londrina,TRAIN,SINTETICO
TX000034490,USR000305,2025-07-02,2025-07,MERCADO SAO JOSE,mercado sao jose,223.97,DESPESA,ALIMENTACAO,SUPERMERCADO,Mercado Sao Jose,CARTAO_CREDITO,1,0,POS,GO,Aparecida de Goiania,TRAIN,SINTETICO
TX000034611,USR000306,2025-07-02,2025-07,LANC Auto Center BR,lanc auto center br,2594.49,DESPESA,TRANSPORTE,MANUTENCAO_VEICULO,Auto Center,DINHEIRO,1,0,POS,RJ,Niteroi,TRAIN,SINTETICO
TX000034717,USR000307,2025-07-02,2025-07,Plano*PGBL,plano pgbl,27.03,INVESTIMENTO,INVESTIMENTOS,PREVIDENCIA,Plano PGBL,DEBITO_CONTA,1,1,APP,SP,Santos,TRAIN,SINTETICO
TX000035370,USR000313,2025-07-02,2025-07,Dropbox 54,dropbox 54,518.44,DESPESA,SERVICOS,ASSINATURA,Dropbox,CARTAO_CREDITO,1,1,APP,PR,Curitiba,TRAIN,SINTETICO
TX000035379,USR000313,2025-07-02,2025-07,PAG Universidade LTDA,pag universidade ltda,634.9,DESPESA,EDUCACAO,MENSALIDADE,Universidade,CARTAO_CREDITO,12,1,POS,PR,Curitiba,TRAIN,SINTETICO
TX000035725,USR000316,2025-07-02,2025-07,Emprestimo Consignad 752,emprestimo consignad 752,552.0,DESPESA,DIVIDAS,EMPRESTIMO,Emprestimo Consignado,DEBITO_AUTOMATICO,1,1,ATM,GO,Anapolis,VALIDATION,SINTETICO
TX000036158,USR000320,2025-07-02,2025-07,CASA DO PAO DE QUEIJO,casa do pao de queijo,234.36,DESPESA,ALIMENTACAO,CAFETERIA,Casa do Pao de Queijo,CARTAO_CREDITO,1,0,DEBITO_AUTOMATICO,RS,Pelotas,TRAIN,SINTETICO
TX000036162,USR000320,2025-07-02,2025-07,Credito Salari 639,credito salari 639,2612.53,RECEITA,RENDA,SALARIO,Credito Salario,CREDITO_CONTA,1,1,DEPOSITO,RS,Pelotas,TRAIN,SINTETICO
TX000036370,USR000322,2025-07-02,2025-07,FOLHA DE PAGAMENTO,folha de pagamento,2536.47,RECEITA,RENDA,SALARIO,Folha de Pagamento,CREDITO_CONTA,1,1,DEPOSITO,DF,Brasilia,TRAIN,SINTETICO
TX000036595,USR000324,2025-07-02,2025-07,DROGARIA-SAO-PAULO,drogaria sao paulo,416.56,DESPESA,SAUDE,FARMACIA,Drogaria Sao Paulo,DINHEIRO,1,0,ATM,RS,Caxias do Sul,TRAIN,SINTETICO
TX000038380,USR000340,2025-07-02,2025-07,VIVO-FIBRA INTE,vivo fibra inte,185.69,DESPESA,SERVICOS,INTERNET,Vivo Fibra,CARTAO_DEBITO,1,1,POS,GO,Anapolis,TRAIN,SINTETICO
TX000038484,USR000341,2025-07-02,2025-07,Vivo Fib 216,vivo fib 216,299.58,DESPESA,SERVICOS,INTERNET,Vivo Fibra,CARTAO_CREDITO,1,0,ATM,RJ,Rio de Janeiro,TRAIN,SINTETICO
TX000038580,USR000342,2025-07-02,2025-07,Azul*Seguros,azul seguros,251.78,DESPESA,SERVICOS,SEGURO,Azul Seguros,CARTAO_DEBITO,1,1,DEBITO_AUTOMATICO,ES,Vila Velha,TRAIN,SINTETICO
TX000038583,USR000342,2025-07-02,2025-07,PGTO Open English LTDA,pgto open english ltda,474.21,DESPESA,EDUCACAO,IDIOMAS,Open English,PIX,1,0,ATM,ES,Vila Velha,TRAIN,SINTETICO
TX000039382,USR000349,2025-07-02,2025-07,FUNDO-DE-INVESTIMENTO,fundo de investimento,191.86,INVESTIMENTO,INVESTIMENTOS,FUNDO,Fundo de Investimento,DEBITO_CONTA,1,0,APP,MG,Belo Horizonte,TRAIN,SINTETICO
TX000039604,USR000351,2025-07-02,2025-07,PAG Casa do Pao de Queijo LTDA CAFE,pag casa do pao de queijo ltda cafe,866.12,DESPESA,ALIMENTACAO,CAFETERIA,Casa do Pao de Queijo,DEBITO_AUTOMATICO,1,0,WEB,PE,Jaboatao,TRAIN,SINTETICO
TX000040185,USR000356,2025-07-02,2025-07,Diagnosticos*Brasil,diagnosticos brasil,548.02,DESPESA,SAUDE,EXAMES,Diagnosticos Brasil,PIX,1,0,APP,PR,Curitiba,VALIDATION,SINTETICO
TX000041464,USR000367,2025-07-02,2025-07,PAG Saneamento Municipal 2382,pag saneamento municipal 2382,801.22,DESPESA,MORADIA,AGUA,Saneamento Municipal,PIX,1,0,POS,GO,Goiania,TRAIN,SINTETICO
TX000042394,USR000375,2025-07-02,2025-07,Folha*de*Pagamento,folha de pagamento,3782.41,RECEITA,RENDA,SALARIO,Folha de Pagamento,CREDITO_CONTA,1,1,DEPOSITO,CE,Caucaia,VALIDATION,SINTETICO
TX000042490,USR000376,2025-07-02,2025-07,OI FIBRA,oi fibra,352.1,DESPESA,SERVICOS,INTERNET,Oi Fibra,BOLETO,1,0,WEB,ES,Vila Velha,VALIDATION,SINTETICO
TX000042590,USR000377,2025-07-02,2025-07,ATACADAO,atacadao,50.91,DESPESA,ALIMENTACAO,SUPERMERCADO,Atacadao,DINHEIRO,1,0,DEBITO_AUTOMATICO,GO,Goiania,TEST,SINTETICO
TX000042824,USR000379,2025-07-02,2025-07,Aluguel Residencial,aluguel residencial,242.52,DESPESA,MORADIA,ALUGUEL,Aluguel Residencial,CARTAO_DEBITO,1,1,ATM,PE,Jaboatao,TEST,SINTETICO
TX000042933,USR000380,2025-07-02,2025-07,Cafeteria Brasil,cafeteria brasil,884.41,DESPESA,ALIMENTACAO,CAFETERIA,Cafeteria Brasil,DEBITO_AUTOMATICO,1,0,ATM,ES,Serra,TRAIN,SINTETICO
TX000043390,USR000384,2025-07-02,2025-07,Folha de Pagamento,folha de pagamento,2728.45,RECEITA,RENDA,SALARIO,Folha de Pagamento,CREDITO_CONTA,1,1,DEPOSITO,SP,Sao Paulo,TRAIN,SINTETICO
TX000043874,USR000388,2025-07-02,2025-07,Lab*Saude EXAM,lab saude exam,182.2,DESPESA,SAUDE,EXAMES,Lab Saude,BOLETO,1,0,DEBITO_AUTOMATICO,DF,Brasilia,TRAIN,SINTETICO
TX000043876,USR000388,2025-07-02,2025-07,SALARIO EMPRESA,salario empresa,4745.25,RECEITA,RENDA,SALARIO,Salario Empresa,CREDITO_CONTA,1,1,DEPOSITO,DF,Brasilia,TRAIN,SINTETICO
TX000044315,USR000392,2025-07-02,2025-07,CASA-DO-PAO-DE-QUEIJO,casa do pao de queijo,983.72,DESPESA,ALIMENTACAO,CAFETERIA,Casa do Pao de Queijo,CARTAO_DEBITO,1,0,ATM,MG,Belo Horizonte,TRAIN,SINTETICO
TX000044651,USR000395,2025-07-02,2025-07,Ultragaz,ultragaz,1016.27,DESPESA,MORADIA,GAS,Ultragaz,BOLETO,1,1,POS,RJ,Duque de Caxias,VALIDATION,SINTETICO
TX000045096,USR000399,2025-07-02,2025-07,COMPRA LCI Investimento LTDA REND,compra lci investimento ltda rend,158.35,INVESTIMENTO,INVESTIMENTOS,RENDA_FIXA,LCI Investimento,DEBITO_CONTA,1,0,APP,RJ,Rio de Janeiro,TEST,SINTETICO
TX000045209,USR000400,2025-07-02,2025-07,4mazon,4mazon,92.34,DESPESA,COMPRAS,ELETRONICOS,Amazon,PIX,1,0,DEBITO_AUTOMATICO,SC,Joinville,TRAIN,SINTETICO
TX000045786,USR000405,2025-07-02,2025-07,PAG Folha de Pagamento BR,pag folha de pagamento br,7300.0,RECEITA,RENDA,SALARIO,Folha de Pagamento,CREDITO_CONTA,1,1,DEPOSITO,DF,Brasilia,TRAIN,SINTETICO
TX000046325,USR000410,2025-07-02,2025-07,Imobiliaria Centr 489 ALUG,imobiliaria centr 489 alug,726.85,DESPESA,MORADIA,ALUGUEL,Imobiliaria Central,CARTAO_DEBITO,1,1,ATM,GO,Aparecida de Goiania,TRAIN,SINTETICO
TX000048131,USR000426,2025-07-02,2025-07,Fundo*de*Investimento,fundo de investimento,804.13,INVESTIMENTO,INVESTIMENTOS,FUNDO,Fundo de Investimento,DEBITO_CONTA,1,0,APP,RJ,Niteroi,TRAIN,SINTETICO
TX000048881,USR000433,2025-07-02,2025-07,CENTRO-MEDICO-POPULAR,centro medico popular,258.68,DESPESA,SAUDE,CONSULTA,Centro Medico Popular,CARTAO_CREDITO,1,0,DEBITO_AUTOMATICO,SC,Joinville,TRAIN,SINTETICO
TX000048886,USR000433,2025-07-02,2025-07,CREDITO-SALARIO,credito salario,5670.11,RECEITA,RENDA,SALARIO,Credito Salario,CREDITO_CONTA,1,1,DEPOSITO,SC,Joinville,TRAIN,SINTETICO
TX000049677,USR000440,2025-07-02,2025-07,Cafe do Pon 774,cafe do pon 774,482.06,DESPESA,ALIMENTACAO,CAFETERIA,Cafe do Ponto,PIX,1,0,DEBITO_AUTOMATICO,RS,Porto Alegre,TRAIN,SINTETICO
TX000050360,USR000446,2025-07-02,2025-07,Tesouro Diret 182,tesouro diret 182,172.73,INVESTIMENTO,INVESTIMENTOS,RENDA_FIXA,Tesouro Direto,DEBITO_CONTA,1,1,APP,RJ,Rio de Janeiro,TRAIN,SINTETICO
TX000050463,USR000447,2025-07-02,2025-07,CONTA-DE-GAS,conta de gas,651.73,DESPESA,MORADIA,GAS,Conta de Gas,DEBITO_AUTOMATICO,1,1,APP,CE,Fortaleza,TRAIN,SINTETICO
TX000050465,USR000447,2025-07-02,2025-07,PGTO Porto Seguro BA,pgto porto seguro ba,277.48,DESPESA,SERVICOS,SEGURO,Porto Seguro,PIX,1,1,DEBITO_AUTOMATICO,CE,Fortaleza,TRAIN,SINTETICO
TX000051311,USR000455,2025-07-02,2025-07,Vivo Move 754,vivo move 754,596.77,DESPESA,SERVICOS,TELEFONIA,Vivo Movel,PIX,1,0,DEBITO_AUTOMATICO,PR,Curitiba,VALIDATION,SINTETICO
TX000051527,USR000457,2025-07-02,2025-07,KINOPLEX,kinoplex,3200.75,DESPESA,LAZER,CINEMA,Kinoplex,PIX,1,0,DEBITO_AUTOMATICO,PR,Maringa,TEST,SINTETICO
TX000052204,USR000463,2025-07-02,2025-07,TIM 425,tim 425,517.38,DESPESA,SERVICOS,TELEFONIA,TIM,PIX,1,1,ATM,SP,Campinas,TRAIN,SINTETICO
TX000052442,USR000465,2025-07-02,2025-07,Fundo de Investiment 877,fundo de investiment 877,89.53,INVESTIMENTO,INVESTIMENTOS,FUNDO,Fundo de Investimento,DEBITO_CONTA,1,1,APP,PE,Jaboatao,TRAIN,SINTETICO
TX000052676,USR000467,2025-07-02,2025-07,ATACADAO,atacadao,1773.95,DESPESA,ALIMENTACAO,SUPERMERCADO,Atacadao,CARTAO_CREDITO,1,0,WEB,GO,Goiania,TRAIN,SINTETICO
TX000052682,USR000467,2025-07-02,2025-07,Outback,outback,542.69,DESPESA,ALIMENTACAO,RESTAURANTE,Outback,CARTAO_CREDITO,1,0,POS,GO,Goiania,TRAIN,SINTETICO
TX000052687,USR000467,2025-07-02,2025-07,FATURA NUBANK,fatura nubank,1271.25,DESPESA,DIVIDAS,CARTAO,Fatura Nubank,CARTAO_CREDITO,1,1,ATM,GO,Goiania,TRAIN,SINTETICO
TX000053047,USR000470,2025-07-02,2025-07,CENTRO-MEDICO-POPULAR CONS,centro medico popular cons,338.84,DESPESA,SAUDE,CONSULTA,Centro Medico Popular,CARTAO_DEBITO,4,0,POS,SP,Santos,TRAIN,SINTETICO
TX000054627,USR000484,2025-07-02,2025-07,CREDITO-SALARIO,credito salario,10125.1,RECEITA,RENDA,SALARIO,Credito Salario,CREDITO_CONTA,1,1,DEPOSITO,CE,Caucaia,TRAIN,SINTETICO
TX000054728,USR000485,2025-07-02,2025-07,POSTO AVENIDA,posto avenida,992.76,DESPESA,TRANSPORTE,COMBUSTIVEL,Posto Avenida,PIX,1,1,APP,BA,Vitoria da Conquista,TRAIN,SINTETICO
TX000055513,USR000492,2025-07-02,2025-07,PGTO Imobiliaria Central BR,pgto imobiliaria central br,345.33,DESPESA,MORADIA,ALUGUEL,Imobiliaria Central,PIX,1,1,POS,PR,Maringa,TRAIN,SINTETICO
TX000055516,USR000492,2025-07-02,2025-07,CONTA-DE-AGUA,conta de agua,71.9,DESPESA,MORADIA,AGUA,Conta de Agua,CARTAO_CREDITO,1,1,DEBITO_AUTOMATICO,PR,Maringa,TRAIN,SINTETICO
TX000055628,USR000493,2025-07-02,2025-07,TIM,tim,258.64,DESPESA,SERVICOS,TELEFONIA,TIM,PIX,1,1,POS,RJ,Rio de Janeiro,TRAIN,SINTETICO
TX000056061,USR000497,2025-07-02,2025-07,C4FETERIA-BRASIL,c4feteria brasil,1364.88,DESPESA,ALIMENTACAO,CAFETERIA,Cafeteria Brasil,CARTAO_DEBITO,1,0,WEB,MG,Juiz de Fora,TEST,SINTETICO
TX000056062,USR000497,2025-07-02,2025-07,Tokio Marine,tokio marine,797.72,DESPESA,SERVICOS,SEGURO,Tokio Marine,CARTAO_CREDITO,1,1,WEB,MG,Juiz de Fora,TEST,SINTETICO
TX000056879,USR000504,2025-07-02,2025-07,Casa do Pao de Queij 856,casa do pao de queij 856,92.4,DESPESA,ALIMENTACAO,CAFETERIA,Casa do Pao de Queijo,CARTAO_CREDITO,1,0,WEB,BA,Salvador,TRAIN,SINTETICO
TX000056993,USR000505,2025-07-02,2025-07,PGTO Pao de Acucar BR,pgto pao de acucar br,699.32,DESPESA,ALIMENTACAO,SUPERMERCADO,Pao de Acucar,DEBITO_AUTOMATICO,1,0,DEBITO_AUTOMATICO,ES,Serra,TRAIN,SINTETICO
TX000057907,USR000513,2025-07-02,2025-07,CONTA DE GAS,conta de gas,965.2,DESPESA,MORADIA,GAS,Conta de Gas,BOLETO,1,1,APP,ES,Vitoria,TRAIN,SINTETICO
TX000057913,USR000513,2025-07-02,2025-07,Aplicacao Fundo,aplicacao fundo,48.11,INVESTIMENTO,INVESTIMENTOS,FUNDO,Aplicacao Fundo,DEBITO_CONTA,1,0,APP,ES,Vitoria,TRAIN,SINTETICO
TX000058369,USR000517,2025-07-02,2025-07,Saraiva,saraiva,20.8,DESPESA,EDUCACAO,LIVROS,Saraiva,DINHEIRO,1,0,ATM,RJ,Rio de Janeiro,TEST,SINTETICO
TX000058610,USR000519,2025-07-02,2025-07,Dropbox,dropbox,664.03,DESPESA,SERVICOS,ASSINATURA,Dropbox,CARTAO_CREDITO,1,1,DEBITO_AUTOMATICO,CE,Fortaleza,TEST,SINTETICO
TX000058841,USR000521,2025-07-02,2025-07,EDP,edp,383.28,DESPESA,MORADIA,ENERGIA,EDP,PIX,1,1,ATM,DF,Brasilia,TRAIN,SINTETICO
TX000058842,USR000521,2025-07-02,2025-07,CASA DO PAO DE QUEIJO,casa do pao de queijo,552.6,DESPESA,ALIMENTACAO,CAFETERIA,Casa do Pao de Queijo,CARTAO_CREDITO,1,0,ATM,DF,Brasilia,TRAIN,SINTETICO
TX000058845,USR000521,2025-07-02,2025-07,Microsoft  946,microsoft 946,624.81,DESPESA,SERVICOS,ASSINATURA,Microsoft 365,DEBITO_AUTOMATICO,1,0,ATM,DF,Brasilia,TRAIN,SINTETICO
TX000059545,USR000527,2025-07-02,2025-07,Imobiliaria*Central ALUG,imobiliaria central alug,855.67,DESPESA,MORADIA,ALUGUEL,Imobiliaria Central,DINHEIRO,1,1,WEB,CE,Caucaia,TRAIN,SINTETICO
TX000059649,USR000528,2025-07-02,2025-07,MERCADO SAO JOSE,mercado sao jose,200.64,DESPESA,ALIMENTACAO,SUPERMERCADO,Mercado Sao Jose,CARTAO_DEBITO,1,0,WEB,SC,Joinville,TRAIN,SINTETICO
TX000059652,USR000528,2025-07-02,2025-07,DROGARIA-SAO-PAULO,drogaria sao paulo,136.82,DESPESA,SAUDE,FARMACIA,Drogaria Sao Paulo,PIX,1,0,WEB,SC,Joinville,TRAIN,SINTETICO
TX000060348,USR000534,2025-07-02,2025-07,PGTO Adobe,pgto adobe,80.5,DESPESA,SERVICOS,ASSINATURA,Adobe,PIX,1,1,DEBITO_AUTOMATICO,PE,Jaboatao,VALIDATION,SINTETICO
TX000060352,USR000534,2025-07-02,2025-07,APLICACAO-CDB REND,aplicacao cdb rend,374.33,INVESTIMENTO,INVESTIMENTOS,RENDA_FIXA,Aplicacao CDB,DEBITO_CONTA,1,0,APP,PE,Jaboatao,VALIDATION,SINTETICO
TX000060453,USR000535,2025-07-02,2025-07,Taxa*de*Servico,taxa de servico,644.18,DESPESA,OUTROS,TAXA,Taxa de Servico,CARTAO_DEBITO,1,0,WEB,PE,Jaboatao,VALIDATION,SINTETICO
TX000060564,USR000536,2025-07-02,2025-07,Aluguel Residenci 298,aluguel residenci 298,1826.82,DESPESA,MORADIA,ALUGUEL,Aluguel Residencial,PIX,1,1,ATM,SC,Florianopolis,VALIDATION,SINTETICO
TX000060934,USR000539,2025-07-02,2025-07,Aplicacao*Fundo,aplicacao fundo,45.34,INVESTIMENTO,INVESTIMENTOS,FUNDO,Aplicacao Fundo,DEBITO_CONTA,1,0,APP,SC,Blumenau,TEST,SINTETICO
TX000061034,USR000540,2025-07-02,2025-07,Dropbox,dropbox,232.09,DESPESA,SERVICOS,ASSINATURA,Dropbox,PIX,1,1,POS,PR,Maringa,TRAIN,SINTETICO
TX000061039,USR000540,2025-07-02,2025-07,Mercado Sao Jose SUPE,mercado sao jose supe,1174.15,DESPESA,ALIMENTACAO,SUPERMERCADO,Mercado Sao Jose,CARTAO_CREDITO,1,0,WEB,PR,Maringa,TRAIN,SINTETICO
TX000061910,USR000548,2025-07-02,2025-07,Havan,havan,470.72,DESPESA,COMPRAS,CASA,Havan,CARTAO_DEBITO,1,0,POS,RS,Porto Alegre,TRAIN,SINTETICO
TX000062127,USR000550,2025-07-02,2025-07,PIX Burger King,pix burger king,739.73,DESPESA,ALIMENTACAO,RESTAURANTE,Burger King,CARTAO_CREDITO,1,0,ATM,PR,Londrina,TRAIN,SINTETICO
TX000062940,USR000557,2025-07-02,2025-07,CEMIG,cemig,3478.88,DESPESA,MORADIA,ENERGIA,Cemig,CARTAO_CREDITO,1,1,ATM,SP,Sao Paulo,TEST,SINTETICO
TX000063193,USR000559,2025-07-02,2025-07,LANC Vivo Movel,lanc vivo movel,253.55,DESPESA,SERVICOS,TELEFONIA,Vivo Movel,PIX,1,1,DEBITO_AUTOMATICO,PR,Curitiba,TEST,SINTETICO
TX000063337,USR000560,2025-07-02,2025-07,Vivo*Fibra,vivo fibra,511.73,DESPESA,SERVICOS,INTERNET,Vivo Fibra,PIX,1,1,APP,ES,Serra,TRAIN,SINTETICO
TX000063580,USR000562,2025-07-02,2025-07,Fundo de Investiment 586,fundo de investiment 586,636.1,INVESTIMENTO,INVESTIMENTOS,FUNDO,Fundo de Investimento,DEBITO_CONTA,1,0,APP,SP,Santos,TRAIN,SINTETICO
TX000063812,USR000564,2025-07-02,2025-07,DEB Cinemark LTDA,deb cinemark ltda,459.51,DESPESA,LAZER,CINEMA,Cinemark,CARTAO_DEBITO,1,0,ATM,CE,Fortaleza,TRAIN,SINTETICO
TX000064072,USR000566,2025-07-02,2025-07,TIM,tim,1542.15,DESPESA,SERVICOS,TELEFONIA,TIM,PIX,1,1,POS,DF,Brasilia,TRAIN,SINTETICO
TX000064181,USR000567,2025-07-02,2025-07,Aplicacao Fundo,aplicacao fundo,42.18,INVESTIMENTO,INVESTIMENTOS,FUNDO,Aplicacao Fundo,DEBITO_CONTA,1,1,APP,RS,Porto Alegre,TRAIN,SINTETICO
TX000064840,USR000573,2025-07-02,2025-07,Supermercado BH,supermercado bh,1163.28,DESPESA,ALIMENTACAO,SUPERMERCADO,Supermercado BH,PIX,1,1,ATM,PE,Recife,TRAIN,SINTETICO
TX000065055,USR000575,2025-07-02,2025-07,COMPRA Pao de Acucar BR,compra pao de acucar br,619.32,DESPESA,ALIMENTACAO,SUPERMERCADO,Pao de Acucar,DEBITO_AUTOMATICO,1,0,WEB,DF,Brasilia,VALIDATION,SINTETICO
TX000065056,USR000575,2025-07-02,2025-07,LANC Salario Empresa,lanc salario empresa,5022.0,RECEITA,RENDA,SALARIO,Salario Empresa,CREDITO_CONTA,1,1,DEPOSITO,DF,Brasilia,VALIDATION,SINTETICO
TX000065515,USR000579,2025-07-02,2025-07,Salario*Empresa,salario empresa,3647.59,RECEITA,RENDA,SALARIO,Salario Empresa,CREDITO_CONTA,1,1,DEPOSITO,GO,Goiania,TEST,SINTETICO
TX000065957,USR000583,2025-07-02,2025-07,COMPRA Taxa de Servico 2914,compra taxa de servico 2914,781.77,DESPESA,OUTROS,TAXA,Taxa de Servico,DEBITO_AUTOMATICO,1,0,DEBITO_AUTOMATICO,SP,Sorocaba,TRAIN,SINTETICO
TX000065958,USR000583,2025-07-02,2025-07,PGTO Amil LTDA,pgto amil ltda,315.71,DESPESA,SAUDE,PLANO_SAUDE,Amil,BOLETO,1,1,WEB,SP,Sorocaba,TRAIN,SINTETICO
TX000067167,USR000594,2025-07-02,2025-07,Projeto Autonomo,projeto autonomo,908.42,RECEITA,RENDA,FREELANCE,Projeto Autonomo,PIX,1,0,APP,ES,Vila Velha,VALIDATION,SINTETICO
TX000067168,USR000594,2025-07-02,2025-07,Previdencia Privada,previdencia privada,171.66,INVESTIMENTO,INVESTIMENTOS,PREVIDENCIA,Previdencia Privada,DEBITO_CONTA,1,1,APP,ES,Vila Velha,VALIDATION,SINTETICO
TX000067282,USR000595,2025-07-02,2025-07,Cemig,cemig,2620.88,DESPESA,MORADIA,ENERGIA,Cemig,CARTAO_DEBITO,1,0,DEBITO_AUTOMATICO,BA,Salvador,VALIDATION,SINTETICO
TX000067287,USR000595,2025-07-02,2025-07,IFOOD,ifood,827.09,DESPESA,ALIMENTACAO,RESTAURANTE,iFood,CARTAO_CREDITO,1,0,WEB,BA,Salvador,VALIDATION,SINTETICO
TX000067534,USR000597,2025-07-02,2025-07,Folha de Pagamen 189 SALA,folha de pagamen 189 sala,2125.81,RECEITA,RENDA,SALARIO,Folha de Pagamento,CREDITO_CONTA,1,1,DEPOSITO,DF,Brasilia,TEST,SINTETICO
TX000068094,USR000602,2025-07-02,2025-07,Locador*Residencial,locador residencial,80.76,DESPESA,MORADIA,ALUGUEL,Locador Residencial,CARTAO_CREDITO,1,1,WEB,RJ,Duque de Caxias,TRAIN,SINTETICO
TX000068424,USR000605,2025-07-02,2025-07,Aluguel Residencial 375,aluguel residencial 375,772.37,DESPESA,MORADIA,ALUGUEL,Aluguel Residencial,CARTAO_CREDITO,1,1,APP,ES,Cariacica,TRAIN,SINTETICO
TX000068858,USR000609,2025-07-02,2025-07,Tokio Marine LTD4,tokio marine ltd4,911.04,DESPESA,SERVICOS,SEGURO,Tokio Marine,CARTAO_DEBITO,1,0,ATM,PE,Jaboatao,TRAIN,SINTETICO
TX000068973,USR000610,2025-07-02,2025-07,PIX TIM Ultrafibra 2450,pix tim ultrafibra 2450,666.1,DESPESA,SERVICOS,INTERNET,TIM Ultrafibra,CARTAO_DEBITO,1,0,DEBITO_AUTOMATICO,CE,Caucaia,TRAIN,SINTETICO
TX000069440,USR000614,2025-07-02,2025-07,EDP,edp,524.62,DESPESA,MORADIA,ENERGIA,EDP,DINHEIRO,1,1,POS,CE,Caucaia,VALIDATION,SINTETICO
TX000069442,USR000614,2025-07-02,2025-07,Cemi 133,cemi 133,139.5,DESPESA,MORADIA,ENERGIA,Cemig,CARTAO_CREDITO,1,1,DEBITO_AUTOMATICO,CE,Caucaia,VALIDATION,SINTETICO
TX000070333,USR000622,2025-07-02,2025-07,PLANO PGBL,plano pgbl,853.49,INVESTIMENTO,INVESTIMENTOS,PREVIDENCIA,Plano PGBL,DEBITO_CONTA,1,1,APP,CE,Juazeiro do Norte,TRAIN,SINTETICO
TX000071334,USR000631,2025-07-02,2025-07,4dobe,4dobe,274.25,DESPESA,SERVICOS,ASSINATURA,Adobe,CARTAO_DEBITO,1,0,WEB,PE,Olinda,TRAIN,SINTETICO
TX000071570,USR000633,2025-07-02,2025-07,FUNDO DE INVESTIMENTO,fundo de investimento,271.8,INVESTIMENTO,INVESTIMENTOS,FUNDO,Fundo de Investimento,DEBITO_CONTA,1,0,APP,ES,Cariacica,TRAIN,SINTETICO
TX000072015,USR000637,2025-07-02,2025-07,COMPRA Adobe LTDA,compra adobe ltda,43.31,DESPESA,SERVICOS,ASSINATURA,Adobe,CARTAO_DEBITO,1,1,POS,CE,Caucaia,TEST,SINTETICO
TX000072346,USR000640,2025-07-02,2025-07,LANC Azul Seguros BA,lanc azul seguros ba,317.43,DESPESA,SERVICOS,SEGURO,Azul Seguros,DINHEIRO,1,0,ATM,RJ,Duque de Caxias,TRAIN,SINTETICO
TX000072799,USR000644,2025-07-02,2025-07,CONTA DE AGUA,conta de agua,2040.28,DESPESA,MORADIA,AGUA,Conta de Agua,CARTAO_CREDITO,1,1,APP,SC,Blumenau,TRAIN,SINTETICO
TX000072909,USR000645,2025-07-02,2025-07,Dropbox LTDA,dropbox ltda,3570.44,DESPESA,SERVICOS,ASSINATURA,Dropbox,BOLETO,1,0,POS,ES,Vila Velha,TRAIN,SINTETICO
TX000073498,USR000650,2025-07-02,2025-07,PGTO Taxa de Servico,pgto taxa de servico,1373.4,DESPESA,OUTROS,TAXA,Taxa de Servico,DEBITO_AUTOMATICO,1,0,APP,CE,Juazeiro do Norte,TRAIN,SINTETICO
TX000073934,USR000654,2025-07-02,2025-07,SEPHORA,sephora,393.99,DESPESA,COMPRAS,BELEZA,Sephora,CARTAO_DEBITO,1,0,POS,GO,Anapolis,VALIDATION,SINTETICO
TX000075606,USR000669,2025-07-02,2025-07,RESTAURANTE SABOR CASEIRO,restaurante sabor caseiro,186.34,DESPESA,ALIMENTACAO,RESTAURANTE,Restaurante Sabor Caseiro,CARTAO_DEBITO,1,0,POS,GO,Goiania,TRAIN,SINTETICO
TX000075729,USR000670,2025-07-02,2025-07,APLICACAO-CDB,aplicacao cdb,285.74,INVESTIMENTO,INVESTIMENTOS,RENDA_FIXA,Aplicacao CDB,DEBITO_CONTA,1,1,APP,BA,Feira de Santana,TRAIN,SINTETICO
TX000076546,USR000677,2025-07-02,2025-07,Outback,outback,420.91,DESPESA,ALIMENTACAO,RESTAURANTE,Outback,BOLETO,1,0,APP,CE,Juazeiro do Norte,TEST,SINTETICO
TX000076548,USR000677,2025-07-02,2025-07,LCI*Investimento,lci investimento,758.26,INVESTIMENTO,INVESTIMENTOS,RENDA_FIXA,LCI Investimento,DEBITO_CONTA,1,0,APP,CE,Juazeiro do Norte,TEST,SINTETICO
TX000077304,USR000684,2025-07-02,2025-07,Previdencia Privada,previdencia privada,375.01,INVESTIMENTO,INVESTIMENTOS,PREVIDENCIA,Previdencia Privada,DEBITO_CONTA,1,0,APP,PR,Curitiba,TRAIN,SINTETICO
TX000077524,USR000686,2025-07-02,2025-07,Financiamento Veic 20,financiamento veic 20,111.19,DESPESA,DIVIDAS,FINANCIAMENTO,Financiamento Veiculo,CARTAO_CREDITO,1,1,WEB,BA,Salvador,TRAIN,SINTETICO
TX000077873,USR000689,2025-07-02,2025-07,Porto Seguro,porto seguro,361.42,DESPESA,SERVICOS,SEGURO,Porto Seguro,CARTAO_DEBITO,1,1,POS,BA,Vitoria da Conquista,TRAIN,SINTETICO
TX000078345,USR000693,2025-07-02,2025-07,PIX Parcela Financiamento SP,pix parcela financiamento sp,624.92,DESPESA,DIVIDAS,FINANCIAMENTO,Parcela Financiamento,CARTAO_CREDITO,1,0,DEBITO_AUTOMATICO,SC,Blumenau,TRAIN,SINTETICO
TX000078704,USR000696,2025-07-02,2025-07,SUPERGASBRAS,supergasbras,390.02,DESPESA,MORADIA,GAS,Supergasbras,DEBITO_AUTOMATICO,1,1,DEBITO_AUTOMATICO,BA,Salvador,VALIDATION,SINTETICO
TX000079452,USR000703,2025-07-02,2025-07,DEB Auto Center LTDA,deb auto center ltda,527.61,DESPESA,TRANSPORTE,MANUTENCAO_VEICULO,Auto Center,PIX,1,0,WEB,ES,Vitoria,TRAIN,SINTETICO
TX000080138,USR000709,2025-07-02,2025-07,Lava Jato Prem 113,lava jato prem 113,838.31,DESPESA,TRANSPORTE,MANUTENCAO_VEICULO,Lava Jato Premium,PIX,1,0,DEBITO_AUTOMATICO,BA,Salvador,TRAIN,SINTETICO
TX000082431,USR000729,2025-07-02,2025-07,APLICACAO FUNDO,aplicacao fundo,596.03,INVESTIMENTO,INVESTIMENTOS,FUNDO,Aplicacao Fundo,DEBITO_CONTA,1,1,APP,BA,Feira de Santana,TRAIN,SINTETICO
TX000083220,USR000736,2025-07-02,2025-07,Atacadao,atacadao,913.02,DESPESA,ALIMENTACAO,SUPERMERCADO,Atacadao,PIX,1,0,APP,CE,Fortaleza,VALIDATION,SINTETICO
TX000083772,USR000741,2025-07-02,2025-07,S4BESP,s4besp,5888.74,DESPESA,MORADIA,AGUA,Sabesp,CARTAO_CREDITO,1,1,ATM,PE,Recife,TRAIN,SINTETICO
TX000084332,USR000746,2025-07-02,2025-07,TOK-STOK,tok stok,1136.64,DESPESA,COMPRAS,CASA,Tok Stok,CARTAO_CREDITO,1,0,DEBITO_AUTOMATICO,DF,Brasilia,TRAIN,SINTETICO
TX000084598,USR000748,2025-07-02,2025-07,PLANO PGBL,plano pgbl,186.39,INVESTIMENTO,INVESTIMENTOS,PREVIDENCIA,Plano PGBL,DEBITO_CONTA,1,1,APP,DF,Brasilia,TRAIN,SINTETICO
TX000085027,USR000752,2025-07-02,2025-07,Metro,metro,1137.17,DESPESA,TRANSPORTE,TRANSPORTE_PUBLICO,Metro,DEBITO_AUTOMATICO,1,0,DEBITO_AUTOMATICO,PR,Maringa,TRAIN,SINTETICO
TX000085471,USR000756,2025-07-02,2025-07,Azul Seguro 793,azul seguro 793,639.4,DESPESA,SERVICOS,SEGURO,Azul Seguros,PIX,1,1,DEBITO_AUTOMATICO,BA,Feira de Santana,VALIDATION,SINTETICO
TX000085472,USR000756,2025-07-02,2025-07,PADARIA CENTRAL REST,padaria central rest,190.6,DESPESA,ALIMENTACAO,RESTAURANTE,Padaria Central,DEBITO_AUTOMATICO,1,0,WEB,BA,Feira de Santana,VALIDATION,SINTETICO
TX000085477,USR000756,2025-07-02,2025-07,Uber,uber,470.35,DESPESA,TRANSPORTE,APLICATIVO,Uber,PIX,1,1,DEBITO_AUTOMATICO,BA,Feira de Santana,VALIDATION,SINTETICO
TX000085478,USR000756,2025-07-02,2025-07,PNEUS CENTER,pneus center,633.91,DESPESA,TRANSPORTE,MANUTENCAO_VEICULO,Pneus Center,CARTAO_CREDITO,1,0,ATM,BA,Feira de Santana,VALIDATION,SINTETICO
TX000085582,USR000757,2025-07-02,2025-07,Parcela Financiament 585,parcela financiament 585,1076.86,DESPESA,DIVIDAS,FINANCIAMENTO,Parcela Financiamento,CARTAO_DEBITO,1,1,ATM,ES,Vila Velha,TEST,SINTETICO
TX000086691,USR000767,2025-07-02,2025-07,Saneamento Municipal 706,saneamento municipal 706,295.02,DESPESA,MORADIA,AGUA,Saneamento Municipal,CARTAO_CREDITO,1,0,WEB,BA,Salvador,TRAIN,SINTETICO
TX000087240,USR000772,2025-07-02,2025-07,Burger*King,burger king,173.32,DESPESA,ALIMENTACAO,RESTAURANTE,Burger King,CARTAO_DEBITO,1,0,DEBITO_AUTOMATICO,RJ,Duque de Caxias,TRAIN,SINTETICO
TX000087466,USR000774,2025-07-02,2025-07,LANC Ultragaz BA,lanc ultragaz ba,1094.73,DESPESA,MORADIA,GAS,Ultragaz,PIX,1,1,ATM,RJ,Rio de Janeiro,VALIDATION,SINTETICO
TX000087566,USR000775,2025-07-02,2025-07,Casa do Pao de Queijo,casa do pao de queijo,105.49,DESPESA,ALIMENTACAO,CAFETERIA,Casa do Pao de Queijo,BOLETO,1,0,POS,RJ,Duque de Caxias,VALIDATION,SINTETICO
TX000088593,USR000784,2025-07-02,2025-07,Padaria*Central,padaria central,450.27,DESPESA,ALIMENTACAO,RESTAURANTE,Padaria Central,CARTAO_CREDITO,1,0,POS,CE,Caucaia,TRAIN,SINTETICO
TX000088942,USR000787,2025-07-02,2025-07,Ataca 168,ataca 168,444.94,DESPESA,ALIMENTACAO,SUPERMERCADO,Atacadao,PIX,1,0,APP,SC,Blumenau,TRAIN,SINTETICO
TX000089517,USR000792,2025-07-02,2025-07,Starbu 276,starbu 276,761.82,DESPESA,ALIMENTACAO,CAFETERIA,Starbucks,CARTAO_CREDITO,1,0,POS,BA,Salvador,TRAIN,SINTETICO
TX000089528,USR000792,2025-07-02,2025-07,PGTO Credito Salario BR,pgto credito salario br,5367.83,RECEITA,RENDA,SALARIO,Credito Salario,CREDITO_CONTA,1,1,DEPOSITO,BA,Salvador,TRAIN,SINTETICO
TX000089641,USR000793,2025-07-02,2025-07,APLICACAO CDB,aplicacao cdb,191.57,INVESTIMENTO,INVESTIMENTOS,RENDA_FIXA,Aplicacao CDB,DEBITO_CONTA,1,1,APP,CE,Fortaleza,TRAIN,SINTETICO
TX000089751,USR000794,2025-07-02,2025-07,APLICACAO FUNDO,aplicacao fundo,260.3,INVESTIMENTO,INVESTIMENTOS,FUNDO,Aplicacao Fundo,DEBITO_CONTA,1,1,APP,SP,Sorocaba,VALIDATION,SINTETICO
TX000090316,USR000799,2025-07-02,2025-07,INGRESSO.COM,ingresso com,490.6,DESPESA,LAZER,EVENTOS,Ingresso.com,DEBITO_AUTOMATICO,1,1,ATM,DF,Brasilia,TEST,SINTETICO
TX000090648,USR000802,2025-07-02,2025-07,Conta*de*4gua,conta de 4gua,299.82,DESPESA,MORADIA,AGUA,Conta de Agua,DEBITO_AUTOMATICO,1,1,APP,GO,Aparecida de Goiania,TRAIN,SINTETICO
TX000090649,USR000802,2025-07-02,2025-07,ATACADAO,atacadao,503.31,DESPESA,ALIMENTACAO,SUPERMERCADO,Atacadao,CARTAO_CREDITO,1,0,ATM,GO,Aparecida de Goiania,TRAIN,SINTETICO
TX000090651,USR000802,2025-07-02,2025-07,PIX Restaurante Sabor Caseiro,pix restaurante sabor caseiro,396.52,DESPESA,ALIMENTACAO,RESTAURANTE,Restaurante Sabor Caseiro,CARTAO_CREDITO,1,0,POS,GO,Aparecida de Goiania,TRAIN,SINTETICO
TX000090992,USR000805,2025-07-02,2025-07,FATURA-NUBANK,fatura nubank,175.75,DESPESA,DIVIDAS,CARTAO,Fatura Nubank,PIX,1,1,WEB,PE,Olinda,TRAIN,SINTETICO
TX000091749,USR000812,2025-07-02,2025-07,CARREFOUR,carrefour,121.97,DESPESA,ALIMENTACAO,SUPERMERCADO,Carrefour,CARTAO_CREDITO,1,0,WEB,RJ,Niteroi,TRAIN,SINTETICO
TX000092322,USR000817,2025-07-02,2025-07,PGTO EDP SP,pgto edp sp,618.14,DESPESA,MORADIA,ENERGIA,EDP,PIX,1,1,POS,SC,Joinville,TEST,SINTETICO
TX000092679,USR000820,2025-07-02,2025-07,PIX Saneamento Municipal BR,pix saneamento municipal br,2982.24,DESPESA,MORADIA,AGUA,Saneamento Municipal,PIX,1,1,APP,MG,Belo Horizonte,TRAIN,SINTETICO
TX000093354,USR000826,2025-07-02,2025-07,PREVIDENCIA PRIVADA,previdencia privada,191.4,INVESTIMENTO,INVESTIMENTOS,PREVIDENCIA,Previdencia Privada,DEBITO_CONTA,1,1,APP,PE,Olinda,TRAIN,SINTETICO
TX000093454,USR000827,2025-07-02,2025-07,Administradora*Condominial COND,administradora condominial cond,545.36,DESPESA,MORADIA,CONDOMINIO,Administradora Condominial,CARTAO_DEBITO,1,1,POS,CE,Fortaleza,TRAIN,SINTETICO
TX000094006,USR000832,2025-07-02,2025-07,Assai*Atacadista,assai atacadista,95.94,DESPESA,ALIMENTACAO,SUPERMERCADO,Assai Atacadista,CARTAO_CREDITO,1,0,ATM,PR,Maringa,TRAIN,SINTETICO
TX000094008,USR000832,2025-07-02,2025-07,Salao*de*Beleza,salao de beleza,157.73,DESPESA,COMPRAS,BELEZA,Salao de Beleza,PIX,1,0,WEB,PR,Maringa,TRAIN,SINTETICO
TX000094247,USR000834,2025-07-02,2025-07,DEB Adobe,deb adobe,302.16,DESPESA,SERVICOS,ASSINATURA,Adobe,CARTAO_CREDITO,1,1,APP,ES,Cariacica,VALIDATION,SINTETICO
TX000095972,USR000849,2025-07-02,2025-07,Folha*de*Pagamento,folha de pagamento,9051.57,RECEITA,RENDA,SALARIO,Folha de Pagamento,CREDITO_CONTA,1,1,DEPOSITO,DF,Brasilia,TRAIN,SINTETICO
TX000096088,USR000850,2025-07-02,2025-07,Vivo Fibra 405,vivo fibra 405,642.12,DESPESA,SERVICOS,INTERNET,Vivo Fibra,DEBITO_AUTOMATICO,1,1,DEBITO_AUTOMATICO,CE,Fortaleza,TRAIN,SINTETICO
TX000096315,USR000852,2025-07-02,2025-07,Enel 504,enel 504,1007.01,DESPESA,MORADIA,ENERGIA,Enel,DEBITO_AUTOMATICO,1,1,DEBITO_AUTOMATICO,BA,Feira de Santana,TRAIN,SINTETICO
TX000096318,USR000852,2025-07-02,2025-07,CONTA DE GAS,conta de gas,895.2,DESPESA,MORADIA,GAS,Conta de Gas,PIX,1,1,WEB,BA,Feira de Santana,TRAIN,SINTETICO
TX000096776,USR000856,2025-07-02,2025-07,IMOBILIARIA-CENTRAL,imobiliaria central,333.3,DESPESA,MORADIA,ALUGUEL,Imobiliaria Central,PIX,1,1,ATM,CE,Fortaleza,VALIDATION,SINTETICO
TX000096999,USR000858,2025-07-02,2025-07,Microsoft*365,microsoft 365,1147.9,DESPESA,SERVICOS,ASSINATURA,Microsoft 365,BOLETO,1,1,APP,CE,Juazeiro do Norte,TEST,SINTETICO
TX000097583,USR000863,2025-07-02,2025-07,Amil 485,amil 485,323.03,DESPESA,SAUDE,PLANO_SAUDE,Amil,BOLETO,1,1,ATM,PR,Maringa,TRAIN,SINTETICO
TX000097677,USR000864,2025-07-02,2025-07,PARCELA EMPRESTIMO,parcela emprestimo,1404.97,DESPESA,DIVIDAS,EMPRESTIMO,Parcela Emprestimo,CARTAO_DEBITO,1,1,ATM,SC,Joinville,TRAIN,SINTETICO
TX000098020,USR000867,2025-07-02,2025-07,PIX Folha de Pagamento CE,pix folha de pagamento ce,6701.06,RECEITA,RENDA,SALARIO,Folha de Pagamento,CREDITO_CONTA,1,1,DEPOSITO,GO,Aparecida de Goiania,TRAIN,SINTETICO
TX000098465,USR000871,2025-07-02,2025-07,Fatura Nubank CE,fatura nubank ce,526.75,DESPESA,DIVIDAS,CARTAO,Fatura Nubank,PIX,1,1,WEB,RS,Porto Alegre,TRAIN,SINTETICO
TX000098584,USR000872,2025-07-02,2025-07,SALARIO-EMPRESA,salario empresa,3833.81,RECEITA,RENDA,SALARIO,Salario Empresa,CREDITO_CONTA,1,1,DEPOSITO,SC,Blumenau,TRAIN,SINTETICO
TX000100043,USR000885,2025-07-02,2025-07,PGTO Mercado Sao Jose 7757,pgto mercado sao jose 7757,120.95,DESPESA,ALIMENTACAO,SUPERMERCADO,Mercado Sao Jose,BOLETO,1,0,WEB,DF,Brasilia,TRAIN,SINTETICO
TX000100528,USR000889,2025-07-02,2025-07,Aplicacao*Fundo,aplicacao fundo,136.85,INVESTIMENTO,INVESTIMENTOS,FUNDO,Aplicacao Fundo,DEBITO_CONTA,1,0,APP,CE,Caucaia,TRAIN,SINTETICO
TX000100862,USR000892,2025-07-02,2025-07,Cemig 606,cemig 606,629.34,DESPESA,MORADIA,ENERGIA,Cemig,CARTAO_DEBITO,1,1,APP,SC,Joinville,TRAIN,SINTETICO
TX000101356,USR000896,2025-07-02,2025-07,Condominio Residenc 55,condominio residenc 55,122.99,DESPESA,MORADIA,CONDOMINIO,Condominio Residencial,CARTAO_DEBITO,1,1,WEB,SP,Campinas,VALIDATION,SINTETICO
TX000101931,USR000901,2025-07-02,2025-07,PREVIDENCIA PRIVADA,previdencia privada,981.56,INVESTIMENTO,INVESTIMENTOS,PREVIDENCIA,Previdencia Privada,DEBITO_CONTA,1,0,APP,GO,Goiania,TRAIN,SINTETICO
TX000102390,USR000905,2025-07-02,2025-07,Tesouro*Direto,tesouro direto,879.73,INVESTIMENTO,INVESTIMENTOS,RENDA_FIXA,Tesouro Direto,DEBITO_CONTA,1,0,APP,DF,Brasilia,TRAIN,SINTETICO
TX000103073,USR000911,2025-07-02,2025-07,TIM*Ultrafibra,tim ultrafibra,367.97,DESPESA,SERVICOS,INTERNET,TIM Ultrafibra,CARTAO_DEBITO,1,1,DEBITO_AUTOMATICO,CE,Juazeiro do Norte,TRAIN,SINTETICO
TX000103409,USR000914,2025-07-02,2025-07,SALARIO-EMPRESA,salario empresa,5322.23,RECEITA,RENDA,SALARIO,Salario Empresa,CREDITO_CONTA,1,1,DEPOSITO,PE,Olinda,VALIDATION,SINTETICO
TX000103527,USR000915,2025-07-02,2025-07,CONT4-DE-GAS,cont4 de gas,1614.39,DESPESA,MORADIA,GAS,Conta de Gas,CARTAO_CREDITO,1,0,ATM,GO,Aparecida de Goiania,VALIDATION,SINTETICO
TX000103751,USR000917,2025-07-02,2025-07,Sabesp,sabesp,434.65,DESPESA,MORADIA,AGUA,Sabesp,CARTAO_DEBITO,1,1,WEB,PE,Jaboatao,TEST,SINTETICO
TX000103760,USR000917,2025-07-02,2025-07,Restituicao,restituicao,379.07,RECEITA,RENDA,REEMBOLSO,Restituicao,PIX,1,0,APP,PE,Jaboatao,TEST,SINTETICO
TX000103868,USR000918,2025-07-02,2025-07,99*App APLI,99 app apli,549.35,DESPESA,TRANSPORTE,APLICATIVO,99 App,CARTAO_CREDITO,1,0,WEB,BA,Salvador,TEST,SINTETICO
TX000103985,USR000919,2025-07-02,2025-07,Adobe ASSI,adobe assi,261.59,DESPESA,SERVICOS,ASSINATURA,Adobe,PIX,1,0,DEBITO_AUTOMATICO,BA,Salvador,TEST,SINTETICO
TX000104434,USR000923,2025-07-02,2025-07,Credito Salario 7874,credito salario 7874,6934.86,RECEITA,RENDA,SALARIO,Credito Salario,CREDITO_CONTA,1,1,DEPOSITO,PE,Jaboatao,TRAIN,SINTETICO
TX000104639,USR000925,2025-07-02,2025-07,Cafe do Ponto,cafe do ponto,929.86,DESPESA,ALIMENTACAO,CAFETERIA,Cafe do Ponto,BOLETO,1,0,APP,SC,Blumenau,TRAIN,SINTETICO
TX000104748,USR000926,2025-07-02,2025-07,Max 496,max 496,1645.45,DESPESA,LAZER,STREAMING,Max,DEBITO_AUTOMATICO,1,1,DEBITO_AUTOMATICO,PE,Olinda,TRAIN,SINTETICO
TX000104963,USR000928,2025-07-02,2025-07,Vivo Fibra,vivo fibra,133.26,DESPESA,SERVICOS,INTERNET,Vivo Fibra,BOLETO,1,1,ATM,PR,Londrina,TRAIN,SINTETICO
TX000105511,USR000933,2025-07-02,2025-07,PLAYSTATION-STORE GAME,playstation store game,470.85,DESPESA,LAZER,GAMES,PlayStation Store,CARTAO_CREDITO,1,0,ATM,RS,Pelotas,TRAIN,SINTETICO
TX000105740,USR000935,2025-07-02,2025-07,Condominio Residencial,condominio residencial,1431.11,DESPESA,MORADIA,CONDOMINIO,Condominio Residencial,PIX,1,1,POS,SC,Blumenau,VALIDATION,SINTETICO
TX000106180,USR000939,2025-07-02,2025-07,APLICACAO-FUNDO,aplicacao fundo,359.19,INVESTIMENTO,INVESTIMENTOS,FUNDO,Aplicacao Fundo,DEBITO_CONTA,1,1,APP,SC,Blumenau,TEST,SINTETICO
TX000106748,USR000944,2025-07-02,2025-07,Starbucks CAFE,starbucks cafe,393.46,DESPESA,ALIMENTACAO,CAFETERIA,Starbucks,CARTAO_CREDITO,1,0,DEBITO_AUTOMATICO,PR,Londrina,TRAIN,SINTETICO
TX000106978,USR000946,2025-07-02,2025-07,ADMINISTRADORA-CONDOMINIAL,administradora condominial,64.38,DESPESA,MORADIA,CONDOMINIO,Administradora Condominial,CARTAO_DEBITO,1,1,WEB,BA,Salvador,TRAIN,SINTETICO
TX000107308,USR000949,2025-07-02,2025-07,LOC4DOR-RESIDENCIAL,loc4dor residencial,318.44,DESPESA,MORADIA,ALUGUEL,Locador Residencial,PIX,1,1,POS,RJ,Niteroi,TRAIN,SINTETICO
TX000108301,USR000958,2025-07-02,2025-07,PAG Mercado Sao Jose ES,pag mercado sao jose es,274.76,DESPESA,ALIMENTACAO,SUPERMERCADO,Mercado Sao Jose,BOLETO,1,0,POS,BA,Vitoria da Conquista,TEST,SINTETICO
TX000108312,USR000958,2025-07-02,2025-07,Onibus Municip 932,onibus municip 932,177.68,DESPESA,TRANSPORTE,TRANSPORTE_PUBLICO,Onibus Municipal,PIX,1,0,WEB,BA,Vitoria da Conquista,TEST,SINTETICO
TX000108556,USR000960,2025-07-02,2025-07,FOLHA DE PAGAMENTO,folha de pagamento,2481.51,RECEITA,RENDA,SALARIO,Folha de Pagamento,CREDITO_CONTA,1,1,DEPOSITO,CE,Fortaleza,TRAIN,SINTETICO
TX000108994,USR000964,2025-07-02,2025-07,Condominio Residenc 905,condominio residenc 905,278.29,DESPESA,MORADIA,CONDOMINIO,Condominio Residencial,PIX,1,1,APP,BA,Feira de Santana,TRAIN,SINTETICO
TX000109112,USR000965,2025-07-02,2025-07,TIM Ultrafibra,tim ultrafibra,533.63,DESPESA,SERVICOS,INTERNET,TIM Ultrafibra,BOLETO,1,0,APP,PE,Recife,TRAIN,SINTETICO
TX000109113,USR000965,2025-07-02,2025-07,Metr 897,metr 897,20.55,DESPESA,TRANSPORTE,TRANSPORTE_PUBLICO,Metro,DEBITO_AUTOMATICO,1,0,APP,PE,Recife,TRAIN,SINTETICO
TX000109344,USR000967,2025-07-02,2025-07,PAG Credito Pessoal EMPR,pag credito pessoal empr,1103.1,DESPESA,DIVIDAS,EMPRESTIMO,Credito Pessoal,CARTAO_DEBITO,1,1,ATM,SP,Santos,TRAIN,SINTETICO
TX000109450,USR000968,2025-07-02,2025-07,iFood,ifood,609.12,DESPESA,ALIMENTACAO,RESTAURANTE,iFood,CARTAO_DEBITO,1,0,POS,GO,Anapolis,TRAIN,SINTETICO
TX000109451,USR000968,2025-07-02,2025-07,Tokio Marin 237,tokio marin 237,218.29,DESPESA,SERVICOS,SEGURO,Tokio Marine,PIX,1,1,WEB,GO,Anapolis,TRAIN,SINTETICO
TX000110133,USR000974,2025-07-02,2025-07,LANC iFood SP,lanc ifood sp,3895.6,DESPESA,ALIMENTACAO,RESTAURANTE,iFood,PIX,1,0,POS,GO,Aparecida de Goiania,VALIDATION,SINTETICO
TX000111054,USR000982,2025-07-02,2025-07,Casa do Pao de Que 14,casa do pao de que 14,1437.41,DESPESA,ALIMENTACAO,CAFETERIA,Casa do Pao de Queijo,CARTAO_CREDITO,1,0,APP,DF,Brasilia,TRAIN,SINTETICO
TX000111279,USR000984,2025-07-02,2025-07,Assai Atacadist 762 SUPE,assai atacadist 762 supe,268.15,DESPESA,ALIMENTACAO,SUPERMERCADO,Assai Atacadista,CARTAO_CREDITO,1,0,WEB,MG,Juiz de Fora,TRAIN,SINTETICO
TX000111394,USR000985,2025-07-02,2025-07,PIX Saneamento Municipal,pix saneamento municipal,788.99,DESPESA,MORADIA,AGUA,Saneamento Municipal,PIX,1,0,WEB,RJ,Duque de Caxias,TRAIN,SINTETICO
TX000111500,USR000986,2025-07-02,2025-07,Curso Online Tech,curso online tech,39.16,DESPESA,EDUCACAO,CURSO,Curso Online Tech,CARTAO_DEBITO,1,0,POS,ES,Vitoria,TRAIN,SINTETICO
TX000111617,USR000987,2025-07-02,2025-07,Aplicacao Fu 977,aplicacao fu 977,30.93,INVESTIMENTO,INVESTIMENTOS,FUNDO,Aplicacao Fundo,DEBITO_CONTA,1,0,APP,ES,Vitoria,TRAIN,SINTETICO
TX000112279,USR000993,2025-07-02,2025-07,Claro*Internet,claro internet,1004.83,DESPESA,SERVICOS,INTERNET,Claro Internet,CARTAO_DEBITO,1,0,POS,CE,Juazeiro do Norte,TRAIN,SINTETICO
TX000112934,USR000999,2025-07-02,2025-07,ULTR4GAZ,ultr4gaz,824.32,DESPESA,MORADIA,GAS,Ultragaz,DEBITO_AUTOMATICO,1,1,WEB,SC,Florianopolis,TEST,SINTETICO
TX000113031,USR001000,2025-07-02,2025-07,Cafe do Po 116 CAFE,cafe do po 116 cafe,286.46,DESPESA,ALIMENTACAO,CAFETERIA,Cafe do Ponto,CARTAO_CREDITO,1,0,ATM,RS,Porto Alegre,TRAIN,SINTETICO
TX000113143,USR001001,2025-07-02,2025-07,Conta de Agua,conta de agua,195.61,DESPESA,MORADIA,AGUA,Conta de Agua,CARTAO_DEBITO,1,1,DEBITO_AUTOMATICO,RJ,Rio de Janeiro,TRAIN,SINTETICO
TX000113472,USR001004,2025-07-02,2025-07,Ingresso.com LTDA,ingresso com ltda,677.15,DESPESA,LAZER,EVENTOS,Ingresso.com,PIX,1,0,POS,PR,Curitiba,TRAIN,SINTETICO
TX000113577,USR001005,2025-07-02,2025-07,Microsoft  80,microsoft 80,737.45,DESPESA,SERVICOS,ASSINATURA,Microsoft 365,CARTAO_CREDITO,1,1,WEB,RS,Porto Alegre,TRAIN,SINTETICO
TX000113934,USR001008,2025-07-02,2025-07,Cultura Inglesa,cultura inglesa,914.42,DESPESA,EDUCACAO,IDIOMAS,Cultura Inglesa,DEBITO_AUTOMATICO,1,0,DEBITO_AUTOMATICO,SC,Joinville,TRAIN,SINTETICO
TX000113940,USR001008,2025-07-02,2025-07,PREVIDENCIA-PRIVADA PREV,previdencia privada prev,640.65,INVESTIMENTO,INVESTIMENTOS,PREVIDENCIA,Previdencia Privada,DEBITO_CONTA,1,0,APP,SC,Joinville,TRAIN,SINTETICO
TX000114275,USR001011,2025-07-02,2025-07,Faculdad 191,faculdad 191,4904.89,DESPESA,EDUCACAO,MENSALIDADE,Faculdade,CARTAO_CREDITO,1,1,DEBITO_AUTOMATICO,DF,Brasilia,TRAIN,SINTETICO
TX000114280,USR001011,2025-07-02,2025-07,Projeto Autonomo 669,projeto autonomo 669,3056.2,RECEITA,RENDA,FREELANCE,Projeto Autonomo,PIX,1,0,APP,DF,Brasilia,TRAIN,SINTETICO
TX000115070,USR001018,2025-07-02,2025-07,ST4RBUCKS,st4rbucks,183.91,DESPESA,ALIMENTACAO,CAFETERIA,Starbucks,DEBITO_AUTOMATICO,1,0,APP,RJ,Rio de Janeiro,TEST,SINTETICO
TX000115075,USR001018,2025-07-02,2025-07,Mercado Sao Jose,mercado sao jose,92.87,DESPESA,ALIMENTACAO,SUPERMERCADO,Mercado Sao Jose,PIX,1,0,ATM,RJ,Rio de Janeiro,TEST,SINTETICO
TX000115415,USR001021,2025-07-02,2025-07,Aluguel Residencial,aluguel residencial,1204.84,DESPESA,MORADIA,ALUGUEL,Aluguel Residencial,DINHEIRO,1,0,ATM,BA,Salvador,TRAIN,SINTETICO
TX000115420,USR001021,2025-07-02,2025-07,PAG Administradora Condominial 8732,pag administradora condominial 8732,1403.25,DESPESA,MORADIA,CONDOMINIO,Administradora Condominial,CARTAO_CREDITO,1,1,APP,BA,Salvador,TRAIN,SINTETICO
TX000115422,USR001021,2025-07-02,2025-07,PGTO Folha de Pagamento,pgto folha de pagamento,6791.08,RECEITA,RENDA,SALARIO,Folha de Pagamento,CREDITO_CONTA,1,1,DEPOSITO,BA,Salvador,TRAIN,SINTETICO
TX000115993,USR001026,2025-07-02,2025-07,Supergasbras,supergasbras,83.93,DESPESA,MORADIA,GAS,Supergasbras,CARTAO_DEBITO,1,1,POS,MG,Juiz de Fora,TRAIN,SINTETICO
TX000116241,USR001028,2025-07-02,2025-07,PIX Carrefour 7380,pix carrefour 7380,326.86,DESPESA,ALIMENTACAO,SUPERMERCADO,Carrefour,BOLETO,1,0,ATM,RS,Porto Alegre,TRAIN,SINTETICO
TX000116360,USR001029,2025-07-02,2025-07,CASA DO PAO DE QUEIJO,casa do pao de queijo,144.8,DESPESA,ALIMENTACAO,CAFETERIA,Casa do Pao de Queijo,CARTAO_CREDITO,1,1,APP,BA,Feira de Santana,TRAIN,SINTETICO
TX000116803,USR001033,2025-07-02,2025-07,Conta*de*Energia,conta de energia,5102.63,DESPESA,MORADIA,ENERGIA,Conta de Energia,CARTAO_CREDITO,1,1,ATM,CE,Caucaia,TRAIN,SINTETICO
TX000117019,USR001035,2025-07-02,2025-07,Saneamento Municip 278,saneamento municip 278,659.1,DESPESA,MORADIA,AGUA,Saneamento Municipal,CARTAO_CREDITO,1,1,APP,PE,Recife,VALIDATION,SINTETICO
TX000117130,USR001036,2025-07-02,2025-07,Carrefou 439 SUPE,carrefou 439 supe,1212.17,DESPESA,ALIMENTACAO,SUPERMERCADO,Carrefour,CARTAO_DEBITO,1,0,DEBITO_AUTOMATICO,SP,Campinas,VALIDATION,SINTETICO
TX000117901,USR001043,2025-07-02,2025-07,Enel 916 ENER,enel 916 ener,231.66,DESPESA,MORADIA,ENERGIA,Enel,CARTAO_CREDITO,1,1,DEBITO_AUTOMATICO,SC,Joinville,TRAIN,SINTETICO
TX000118465,USR001048,2025-07-02,2025-07,FATURA-INTER,fatura inter,139.03,DESPESA,DIVIDAS,CARTAO,Fatura Inter,CARTAO_DEBITO,1,0,WEB,MG,Juiz de Fora,TRAIN,SINTETICO
TX000119353,USR001056,2025-07-02,2025-07,PGTO Credito Salario BR,pgto credito salario br,2455.75,RECEITA,RENDA,SALARIO,Credito Salario,CREDITO_CONTA,1,1,DEPOSITO,RS,Porto Alegre,VALIDATION,SINTETICO
TX000119553,USR001058,2025-07-02,2025-07,Imobiliaria Cent 126,imobiliaria cent 126,778.15,DESPESA,MORADIA,ALUGUEL,Imobiliaria Central,CARTAO_CREDITO,1,0,POS,SC,Joinville,TEST,SINTETICO
TX000119678,USR001059,2025-07-02,2025-07,Condominio Residencial,condominio residencial,423.69,DESPESA,MORADIA,CONDOMINIO,Condominio Residencial,DEBITO_AUTOMATICO,1,1,DEBITO_AUTOMATICO,SC,Joinville,TEST,SINTETICO
TX000120044,USR001062,2025-07-02,2025-07,PAG Fatura Nubank LTDA CART,pag fatura nubank ltda cart,1792.87,DESPESA,DIVIDAS,CARTAO,Fatura Nubank,DEBITO_AUTOMATICO,1,1,APP,BA,Feira de Santana,TRAIN,SINTETICO
TX000120160,USR001063,2025-07-02,2025-07,ANUIDADE,anuidade,311.18,DESPESA,OUTROS,TAXA,Anuidade,BOLETO,1,0,DEBITO_AUTOMATICO,BA,Vitoria da Conquista,TRAIN,SINTETICO
TX000120620,USR001067,2025-07-02,2025-07,COMPRA Metro,compra metro,549.4,DESPESA,TRANSPORTE,TRANSPORTE_PUBLICO,Metro,CARTAO_DEBITO,1,0,WEB,PR,Londrina,TRAIN,SINTETICO
TX000120621,USR001067,2025-07-02,2025-07,Faculdade,faculdade,679.43,DESPESA,EDUCACAO,MENSALIDADE,Faculdade,CARTAO_CREDITO,2,1,APP,PR,Londrina,TRAIN,SINTETICO
TX000120630,USR001067,2025-07-02,2025-07,PREVIDENCIA PRIVADA,previdencia privada,376.83,INVESTIMENTO,INVESTIMENTOS,PREVIDENCIA,Previdencia Privada,DEBITO_CONTA,1,1,APP,PR,Londrina,TRAIN,SINTETICO
TX000121082,USR001071,2025-07-02,2025-07,Escola Particul 229,escola particul 229,6.0,DESPESA,EDUCACAO,MENSALIDADE,Escola Particular,CARTAO_CREDITO,1,1,APP,RS,Pelotas,TRAIN,SINTETICO
TX000121302,USR001073,2025-07-02,2025-07,Conta de Energia,conta de energia,2631.11,DESPESA,MORADIA,ENERGIA,Conta de Energia,CARTAO_DEBITO,1,0,APP,CE,Juazeiro do Norte,TRAIN,SINTETICO
TX000121860,USR001078,2025-07-02,2025-07,PGTO Financiamento Veiculo,pgto financiamento veiculo,27.36,DESPESA,DIVIDAS,FINANCIAMENTO,Financiamento Veiculo,CARTAO_CREDITO,1,1,ATM,PE,Recife,TEST,SINTETICO
TX000122097,USR001080,2025-07-02,2025-07,Conta*de*Energia,conta de energia,159.75,DESPESA,MORADIA,ENERGIA,Conta de Energia,PIX,1,0,APP,SP,Sorocaba,TRAIN,SINTETICO
TX000122474,USR001083,2025-07-02,2025-07,Tesouro Dir 160,tesouro dir 160,402.57,INVESTIMENTO,INVESTIMENTOS,RENDA_FIXA,Tesouro Direto,DEBITO_CONTA,1,1,APP,PR,Curitiba,TRAIN,SINTETICO
TX000122572,USR001084,2025-07-02,2025-07,Administradora Condominial,administradora condominial,243.82,DESPESA,MORADIA,CONDOMINIO,Administradora Condominial,CARTAO_CREDITO,1,1,APP,CE,Caucaia,TRAIN,SINTETICO
TX000123157,USR001089,2025-07-02,2025-07,SABESP,sabesp,125.24,DESPESA,MORADIA,AGUA,Sabesp,CARTAO_CREDITO,1,0,POS,GO,Aparecida de Goiania,TRAIN,SINTETICO
TX000123610,USR001093,2025-07-02,2025-07,Cafe*do*Ponto,cafe do ponto,638.12,DESPESA,ALIMENTACAO,CAFETERIA,Cafe do Ponto,CARTAO_DEBITO,1,0,WEB,PE,Recife,TRAIN,SINTETICO
TX000124188,USR001098,2025-07-02,2025-07,Supermercado BH SUPE,supermercado bh supe,319.48,DESPESA,ALIMENTACAO,SUPERMERCADO,Supermercado BH,PIX,1,0,APP,RJ,Niteroi,TEST,SINTETICO
TX000124388,USR001100,2025-07-02,2025-07,Carrefour,carrefour,834.01,DESPESA,ALIMENTACAO,SUPERMERCADO,Carrefour,CARTAO_CREDITO,1,0,POS,CE,Fortaleza,TRAIN,SINTETICO
TX000124393,USR001100,2025-07-02,2025-07,Previdencia*Privada,previdencia privada,1087.54,INVESTIMENTO,INVESTIMENTOS,PREVIDENCIA,Previdencia Privada,DEBITO_CONTA,1,1,APP,CE,Fortaleza,TRAIN,SINTETICO
TX000124485,USR001101,2025-07-02,2025-07,Conta de Energia,conta de energia,445.23,DESPESA,MORADIA,ENERGIA,Conta de Energia,CARTAO_DEBITO,1,1,ATM,ES,Vitoria,TRAIN,SINTETICO
TX000124488,USR001101,2025-07-02,2025-07,PAG Burger King 4958,pag burger king 4958,692.22,DESPESA,ALIMENTACAO,RESTAURANTE,Burger King,CARTAO_CREDITO,1,0,DEBITO_AUTOMATICO,ES,Vitoria,TRAIN,SINTETICO
TX000124491,USR001101,2025-07-02,2025-07,OI FIBRA,oi fibra,258.21,DESPESA,SERVICOS,INTERNET,Oi Fibra,CARTAO_DEBITO,1,1,APP,ES,Vitoria,TRAIN,SINTETICO
TX000124598,USR001102,2025-07-02,2025-07,Escola*Particular,escola particular,262.53,DESPESA,EDUCACAO,MENSALIDADE,Escola Particular,CARTAO_CREDITO,1,1,ATM,RS,Caxias do Sul,TRAIN,SINTETICO
TX000124712,USR001103,2025-07-02,2025-07,FUNDO DE INVESTIMENTO,fundo de investimento,20.65,INVESTIMENTO,INVESTIMENTOS,FUNDO,Fundo de Investimento,DEBITO_CONTA,1,0,APP,ES,Serra,TRAIN,SINTETICO
TX000124936,USR001105,2025-07-02,2025-07,CREDITO-SALARIO,credito salario,8283.64,RECEITA,RENDA,SALARIO,Credito Salario,CREDITO_CONTA,1,1,DEPOSITO,SC,Florianopolis,TRAIN,SINTETICO
TX000125285,USR001108,2025-07-02,2025-07,Restituicao,restituicao,1224.35,RECEITA,RENDA,REEMBOLSO,Restituicao,PIX,1,0,APP,PR,Maringa,TRAIN,SINTETICO
TX000126189,USR001116,2025-07-02,2025-07,C4RREFOUR,c4rrefour,23.54,DESPESA,ALIMENTACAO,SUPERMERCADO,Carrefour,CARTAO_DEBITO,1,0,APP,MG,Juiz de Fora,VALIDATION,SINTETICO
TX000127067,USR001124,2025-07-02,2025-07,Azul*Seguros,azul seguros,747.06,DESPESA,SERVICOS,SEGURO,Azul Seguros,BOLETO,1,1,WEB,RJ,Niteroi,TRAIN,SINTETICO
TX000127072,USR001124,2025-07-02,2025-07,Aplicacao Fundo 1583 FUND,aplicacao fundo 1583 fund,852.07,INVESTIMENTO,INVESTIMENTOS,FUNDO,Aplicacao Fundo,DEBITO_CONTA,1,1,APP,RJ,Niteroi,TRAIN,SINTETICO
TX000127311,USR001126,2025-07-02,2025-07,Salario Empresa,salario empresa,7128.84,RECEITA,RENDA,SALARIO,Salario Empresa,CREDITO_CONTA,1,1,DEPOSITO,CE,Juazeiro do Norte,TRAIN,SINTETICO
TX000127647,USR001129,2025-07-02,2025-07,Clinica Vida,clinica vida,196.83,DESPESA,SAUDE,CONSULTA,Clinica Vida,CARTAO_CREDITO,1,0,DEBITO_AUTOMATICO,ES,Serra,TRAIN,SINTETICO
TX000127745,USR001130,2025-07-02,2025-07,Supergasbras,supergasbras,104.47,DESPESA,MORADIA,GAS,Supergasbras,CARTAO_CREDITO,1,1,APP,RJ,Rio de Janeiro,TRAIN,SINTETICO
TX000127861,USR001131,2025-07-02,2025-07,Administradora*Condominial,administradora condominial,417.22,DESPESA,MORADIA,CONDOMINIO,Administradora Condominial,CARTAO_DEBITO,1,1,ATM,GO,Aparecida de Goiania,TRAIN,SINTETICO
TX000127866,USR001131,2025-07-02,2025-07,Cemig,cemig,329.17,DESPESA,MORADIA,ENERGIA,Cemig,CARTAO_DEBITO,1,1,DEBITO_AUTOMATICO,GO,Aparecida de Goiania,TRAIN,SINTETICO
TX000127867,USR001131,2025-07-02,2025-07,CASA-DO-PAO-DE-QUEIJO,casa do pao de queijo,86.72,DESPESA,ALIMENTACAO,CAFETERIA,Casa do Pao de Queijo,CARTAO_DEBITO,1,0,APP,GO,Aparecida de Goiania,TRAIN,SINTETICO
TX000128754,USR001139,2025-07-02,2025-07,TIM 387,tim 387,303.0,DESPESA,SERVICOS,TELEFONIA,TIM,DINHEIRO,1,1,APP,DF,Brasilia,TEST,SINTETICO
TX000128883,USR001140,2025-07-02,2025-07,Bilhete Uni 324,bilhete uni 324,130.08,DESPESA,TRANSPORTE,TRANSPORTE_PUBLICO,Bilhete Unico,BOLETO,1,0,WEB,BA,Vitoria da Conquista,TRAIN,SINTETICO
TX000129571,USR001146,2025-07-02,2025-07,CAFETERIA-BRASIL,cafeteria brasil,826.94,DESPESA,ALIMENTACAO,CAFETERIA,Cafeteria Brasil,PIX,1,0,DEBITO_AUTOMATICO,RS,Pelotas,TRAIN,SINTETICO
TX000129680,USR001147,2025-07-02,2025-07,Folha*de*Pagamento,folha de pagamento,3097.28,RECEITA,RENDA,SALARIO,Folha de Pagamento,CREDITO_CONTA,1,1,DEPOSITO,BA,Feira de Santana,TRAIN,SINTETICO
TX000130243,USR001152,2025-07-02,2025-07,Salario Empresa,salario empresa,3365.59,RECEITA,RENDA,SALARIO,Salario Empresa,CREDITO_CONTA,1,1,DEPOSITO,DF,Brasilia,TRAIN,SINTETICO
TX000130360,USR001153,2025-07-02,2025-07,Fundo*de*Investimento,fundo de investimento,246.73,INVESTIMENTO,INVESTIMENTOS,FUNDO,Fundo de Investimento,DEBITO_CONTA,1,1,APP,ES,Serra,TRAIN,SINTETICO
TX000130573,USR001155,2025-07-02,2025-07,ADMINISTRADORA CONDOMINIAL,administradora condominial,267.28,DESPESA,MORADIA,CONDOMINIO,Administradora Condominial,DEBITO_AUTOMATICO,1,1,DEBITO_AUTOMATICO,DF,Brasilia,VALIDATION,SINTETICO
TX000130695,USR001156,2025-07-02,2025-07,Sympl 527,sympl 527,1489.11,DESPESA,LAZER,EVENTOS,Sympla,PIX,1,0,APP,SC,Florianopolis,VALIDATION,SINTETICO
TX000130807,USR001157,2025-07-02,2025-07,DEB Carrefour,deb carrefour,88.77,DESPESA,ALIMENTACAO,SUPERMERCADO,Carrefour,CARTAO_CREDITO,1,0,POS,RS,Pelotas,TEST,SINTETICO
TX000131029,USR001159,2025-07-02,2025-07,COMPRA Aplicacao Fundo,compra aplicacao fundo,253.51,INVESTIMENTO,INVESTIMENTOS,FUNDO,Aplicacao Fundo,DEBITO_CONTA,1,0,APP,PR,Londrina,TEST,SINTETICO
TX000131468,USR001163,2025-07-02,2025-07,Mercado*Sao*Jose,mercado sao jose,331.09,DESPESA,ALIMENTACAO,SUPERMERCADO,Mercado Sao Jose,CARTAO_CREDITO,1,0,DEBITO_AUTOMATICO,CE,Juazeiro do Norte,TRAIN,SINTETICO
TX000131694,USR001165,2025-07-02,2025-07,Azul Seguros 356,azul seguros 356,177.94,DESPESA,SERVICOS,SEGURO,Azul Seguros,CARTAO_CREDITO,1,1,ATM,DF,Brasilia,TRAIN,SINTETICO
TX000132028,USR001168,2025-07-02,2025-07,Casa do Pao de Quei 182,casa do pao de quei 182,93.02,DESPESA,ALIMENTACAO,CAFETERIA,Casa do Pao de Queijo,PIX,1,0,ATM,ES,Serra,TRAIN,SINTETICO
TX000132029,USR001168,2025-07-02,2025-07,Adobe,adobe,96.01,DESPESA,SERVICOS,ASSINATURA,Adobe,DINHEIRO,1,1,DEBITO_AUTOMATICO,ES,Serra,TRAIN,SINTETICO
TX000132139,USR001169,2025-07-02,2025-07,EDP,edp,182.6,DESPESA,MORADIA,ENERGIA,EDP,CARTAO_CREDITO,1,1,POS,SP,Sao Paulo,TRAIN,SINTETICO
TX000132390,USR001171,2025-07-02,2025-07,Tesouro Direto,tesouro direto,446.52,INVESTIMENTO,INVESTIMENTOS,RENDA_FIXA,Tesouro Direto,DEBITO_CONTA,1,0,APP,DF,Brasilia,TRAIN,SINTETICO
TX000132632,USR001173,2025-07-02,2025-07,FUNDO-DE-INVESTIMENTO,fundo de investimento,600.1,INVESTIMENTO,INVESTIMENTOS,FUNDO,Fundo de Investimento,DEBITO_CONTA,1,1,APP,PR,Maringa,TRAIN,SINTETICO
TX000132956,USR001176,2025-07-02,2025-07,Saneamento Municip 637,saneamento municip 637,20.5,DESPESA,MORADIA,AGUA,Saneamento Municipal,PIX,1,1,ATM,PE,Jaboatao,VALIDATION,SINTETICO
TX000133875,USR001184,2025-07-02,2025-07,TAXA DE SERVICO,taxa de servico,229.73,DESPESA,OUTROS,TAXA,Taxa de Servico,BOLETO,1,0,APP,RJ,Duque de Caxias,TRAIN,SINTETICO
TX000134230,USR001187,2025-07-02,2025-07,FATURA-INTER,fatura inter,911.25,DESPESA,DIVIDAS,CARTAO,Fatura Inter,PIX,1,1,DEBITO_AUTOMATICO,PR,Curitiba,TRAIN,SINTETICO
TX000134455,USR001189,2025-07-02,2025-07,DEB 4dministradora Condominial ES,deb 4dministradora condominial es,354.35,DESPESA,MORADIA,CONDOMINIO,Administradora Condominial,CARTAO_DEBITO,1,1,POS,CE,Fortaleza,TRAIN,SINTETICO
TX000134466,USR001189,2025-07-02,2025-07,Estorno Recebido ES,estorno recebido es,228.5,RECEITA,RENDA,REEMBOLSO,Estorno Recebido,PIX,1,0,APP,CE,Fortaleza,TRAIN,SINTETICO
TX000134573,USR001190,2025-07-02,2025-07,BURGER KING,burger king,513.5,DESPESA,ALIMENTACAO,RESTAURANTE,Burger King,CARTAO_CREDITO,1,0,ATM,PR,Londrina,TRAIN,SINTETICO
TX000134795,USR001192,2025-07-02,2025-07,PIX Aplicacao Fundo BR FUND,pix aplicacao fundo br fund,849.74,INVESTIMENTO,INVESTIMENTOS,FUNDO,Aplicacao Fundo,DEBITO_CONTA,1,1,APP,GO,Aparecida de Goiania,TRAIN,SINTETICO
TX000135010,USR001194,2025-07-02,2025-07,Porto Seguro 761,porto seguro 761,881.85,DESPESA,SERVICOS,SEGURO,Porto Seguro,CARTAO_DEBITO,1,1,WEB,SP,Santos,VALIDATION,SINTETICO
TX000135354,USR001197,2025-07-02,2025-07,LANC TIM SP,lanc tim sp,82.07,DESPESA,SERVICOS,TELEFONIA,TIM,CARTAO_DEBITO,1,1,DEBITO_AUTOMATICO,SP,Campinas,TEST,SINTETICO
TX000135361,USR001197,2025-07-02,2025-07,COMPRA LCI Investimento BR,compra lci investimento br,1687.19,INVESTIMENTO,INVESTIMENTOS,RENDA_FIXA,LCI Investimento,DEBITO_CONTA,1,1,APP,SP,Campinas,TEST,SINTETICO
TX000135463,USR001198,2025-07-02,2025-07,PAG Folha de Pagamento 4487,pag folha de pagamento 4487,6549.65,RECEITA,RENDA,SALARIO,Folha de Pagamento,CREDITO_CONTA,1,1,DEPOSITO,BA,Salvador,TEST,SINTETICO
TX000135802,USR001201,2025-07-02,2025-07,McDonalds REST,mcdonalds rest,341.5,DESPESA,ALIMENTACAO,RESTAURANTE,McDonalds,DEBITO_AUTOMATICO,1,0,APP,RJ,Duque de Caxias,TRAIN,SINTETICO
TX000135930,USR001202,2025-07-02,2025-07,ADMINISTRADORA CONDOMINIAL,administradora condominial,246.12,DESPESA,MORADIA,CONDOMINIO,Administradora Condominial,CARTAO_CREDITO,1,0,ATM,PE,Jaboatao,TRAIN,SINTETICO
TX000135932,USR001202,2025-07-02,2025-07,Dropbox,dropbox,565.84,DESPESA,SERVICOS,ASSINATURA,Dropbox,DEBITO_AUTOMATICO,1,1,WEB,PE,Jaboatao,TRAIN,SINTETICO
TX000136045,USR001203,2025-07-02,2025-07,PAG Amazon Prime 8807,pag amazon prime 8807,334.51,DESPESA,LAZER,STREAMING,Amazon Prime,CARTAO_DEBITO,1,1,WEB,PR,Maringa,TRAIN,SINTETICO
TX000136161,USR001204,2025-07-02,2025-07,Azul Seguros,azul seguros,119.3,DESPESA,SERVICOS,SEGURO,Azul Seguros,PIX,1,1,POS,DF,Brasilia,TRAIN,SINTETICO
TX000136380,USR001206,2025-07-02,2025-07,APLICACAO CDB,aplicacao cdb,320.84,INVESTIMENTO,INVESTIMENTOS,RENDA_FIXA,Aplicacao CDB,DEBITO_CONTA,1,0,APP,DF,Brasilia,TRAIN,SINTETICO
TX000136622,USR001208,2025-07-02,2025-07,Aplicacao Fundo FUND,aplicacao fundo fund,354.06,INVESTIMENTO,INVESTIMENTOS,FUNDO,Aplicacao Fundo,DEBITO_CONTA,1,1,APP,RS,Caxias do Sul,TRAIN,SINTETICO
TX000137158,USR001213,2025-07-02,2025-07,Oi 578,oi 578,1831.8,DESPESA,SERVICOS,TELEFONIA,Oi,CARTAO_CREDITO,1,1,DEBITO_AUTOMATICO,SC,Florianopolis,TRAIN,SINTETICO
TX000137702,USR001218,2025-07-02,2025-07,Cafe*do*Ponto,cafe do ponto,320.06,DESPESA,ALIMENTACAO,CAFETERIA,Cafe do Ponto,CARTAO_CREDITO,1,0,ATM,PR,Londrina,TEST,SINTETICO
TX000137925,USR001220,2025-07-02,2025-07,INGRESSO.COM EVEN,ingresso com even,1912.88,DESPESA,LAZER,EVENTOS,Ingresso.com,CARTAO_CREDITO,1,0,APP,MG,Belo Horizonte,TRAIN,SINTETICO
TX000138284,USR001223,2025-07-02,2025-07,Administradora Condominial,administradora condominial,31.95,DESPESA,MORADIA,CONDOMINIO,Administradora Condominial,CARTAO_CREDITO,1,1,ATM,SC,Blumenau,TRAIN,SINTETICO
TX000138288,USR001223,2025-07-02,2025-07,Zara 766,zara 766,408.59,DESPESA,COMPRAS,ROUPAS,Zara,PIX,4,0,DEBITO_AUTOMATICO,SC,Blumenau,TRAIN,SINTETICO
TX000139169,USR001231,2025-07-02,2025-07,AZUL SEGUROS,azul seguros,31.65,DESPESA,SERVICOS,SEGURO,Azul Seguros,CARTAO_CREDITO,1,1,POS,PR,Maringa,TRAIN,SINTETICO
TX000140656,USR001244,2025-07-02,2025-07,Metro TRAN,metro tran,422.04,DESPESA,TRANSPORTE,TRANSPORTE_PUBLICO,Metro,CARTAO_CREDITO,1,0,WEB,SP,Sao Paulo,TRAIN,SINTETICO
TX000140878,USR001246,2025-07-02,2025-07,Burger K 489,burger k 489,186.03,DESPESA,ALIMENTACAO,RESTAURANTE,Burger King,CARTAO_DEBITO,1,0,APP,MG,Belo Horizonte,TRAIN,SINTETICO
TX000141101,USR001248,2025-07-02,2025-07,LANC Estorno Recebido,lanc estorno recebido,1153.25,RECEITA,RENDA,REEMBOLSO,Estorno Recebido,PIX,1,0,APP,SC,Florianopolis,TRAIN,SINTETICO
TX000141470,USR001251,2025-07-02,2025-07,Enel,enel,31.33,DESPESA,MORADIA,ENERGIA,Enel,CARTAO_DEBITO,1,0,ATM,MG,Belo Horizonte,TRAIN,SINTETICO
TX000141473,USR001251,2025-07-02,2025-07,Amazon ELET,amazon elet,662.85,DESPESA,COMPRAS,ELETRONICOS,Amazon,CARTAO_DEBITO,1,0,ATM,MG,Belo Horizonte,TRAIN,SINTETICO
TX000141593,USR001252,2025-07-02,2025-07,Tokio*Marine,tokio marine,1411.7,DESPESA,SERVICOS,SEGURO,Tokio Marine,BOLETO,1,1,WEB,MG,Belo Horizonte,TRAIN,SINTETICO
TX000141726,USR001253,2025-07-02,2025-07,99*App,99 app,1978.61,DESPESA,TRANSPORTE,APLICATIVO,99 App,PIX,1,0,APP,ES,Cariacica,TRAIN,SINTETICO
TX000141993,USR001255,2025-07-02,2025-07,Folha*de*Pagamento,folha de pagamento,12789.28,RECEITA,RENDA,SALARIO,Folha de Pagamento,CREDITO_CONTA,1,1,DEPOSITO,PE,Olinda,VALIDATION,SINTETICO
TX000142339,USR001258,2025-07-02,2025-07,Clinica Vid 164,clinica vid 164,617.75,DESPESA,SAUDE,CONSULTA,Clinica Vida,BOLETO,1,0,APP,BA,Salvador,TEST,SINTETICO
TX000142768,USR001262,2025-07-02,2025-07,Supermercado*BH,supermercado bh,1670.14,DESPESA,ALIMENTACAO,SUPERMERCADO,Supermercado BH,CARTAO_CREDITO,1,0,ATM,PR,Londrina,TRAIN,SINTETICO
TX000143002,USR001264,2025-07-02,2025-07,ONIBUS MUNICIPAL,onibus municipal,237.9,DESPESA,TRANSPORTE,TRANSPORTE_PUBLICO,Onibus Municipal,PIX,1,0,APP,GO,Goiania,TRAIN,SINTETICO
TX000143102,USR001265,2025-07-02,2025-07,Carref 297,carref 297,15.82,DESPESA,ALIMENTACAO,SUPERMERCADO,Carrefour,DEBITO_AUTOMATICO,1,0,ATM,GO,Aparecida de Goiania,TRAIN,SINTETICO
TX000143109,USR001265,2025-07-02,2025-07,Projeto Autono 105,projeto autono 105,122.72,RECEITA,RENDA,FREELANCE,Projeto Autonomo,PIX,1,0,APP,GO,Aparecida de Goiania,TRAIN,SINTETICO
TX000143210,USR001266,2025-07-02,2025-07,TIM,tim,273.5,DESPESA,SERVICOS,TELEFONIA,TIM,CARTAO_DEBITO,1,1,WEB,BA,Vitoria da Conquista,TRAIN,SINTETICO
TX000144590,USR001278,2025-07-02,2025-07,Conta de Agua,conta de agua,855.62,DESPESA,MORADIA,AGUA,Conta de Agua,BOLETO,1,1,POS,RS,Pelotas,TEST,SINTETICO
TX000145031,USR001282,2025-07-02,2025-07,RESTAURANTE-SABOR-CASEIRO,restaurante sabor caseiro,670.6,DESPESA,ALIMENTACAO,RESTAURANTE,Restaurante Sabor Caseiro,PIX,1,0,POS,ES,Vila Velha,TRAIN,SINTETICO
TX000145279,USR001284,2025-07-02,2025-07,Locador*Residencial,locador residencial,172.13,DESPESA,MORADIA,ALUGUEL,Locador Residencial,CARTAO_DEBITO,1,1,ATM,PR,Curitiba,TRAIN,SINTETICO
TX000145604,USR001287,2025-07-02,2025-07,ADMINISTRADORA-CONDOMINIAL,administradora condominial,530.81,DESPESA,MORADIA,CONDOMINIO,Administradora Condominial,CARTAO_DEBITO,1,1,POS,RS,Caxias do Sul,TRAIN,SINTETICO
TX000145922,USR001290,2025-07-02,2025-07,Previdencia Privad 324,previdencia privad 324,284.45,INVESTIMENTO,INVESTIMENTOS,PREVIDENCIA,Previdencia Privada,DEBITO_CONTA,1,0,APP,SC,Joinville,TRAIN,SINTETICO
TX000146027,USR001291,2025-07-02,2025-07,Carrefour,carrefour,230.2,DESPESA,ALIMENTACAO,SUPERMERCADO,Carrefour,PIX,1,1,WEB,RJ,Duque de Caxias,TRAIN,SINTETICO
TX000146337,USR001294,2025-07-02,2025-07,LCI*Investimento,lci investimento,462.1,INVESTIMENTO,INVESTIMENTOS,RENDA_FIXA,LCI Investimento,DEBITO_CONTA,1,1,APP,BA,Feira de Santana,VALIDATION,SINTETICO
TX000146567,USR001296,2025-07-02,2025-07,COMPRA Imobiliaria Central,compra imobiliaria central,1958.81,DESPESA,MORADIA,ALUGUEL,Imobiliaria Central,CARTAO_DEBITO,1,1,APP,SC,Florianopolis,VALIDATION,SINTETICO
TX000147122,USR001301,2025-07-02,2025-07,Raia ES,raia es,1932.3,DESPESA,SAUDE,FARMACIA,Raia,PIX,1,0,APP,GO,Aparecida de Goiania,TRAIN,SINTETICO
TX000147342,USR001303,2025-07-02,2025-07,RESTITUICAO,restituicao,623.12,RECEITA,RENDA,REEMBOLSO,Restituicao,PIX,1,0,APP,RS,Porto Alegre,TRAIN,SINTETICO
TX000148009,USR001309,2025-07-02,2025-07,Previdencia Privada,previdencia privada,525.83,INVESTIMENTO,INVESTIMENTOS,PREVIDENCIA,Previdencia Privada,DEBITO_CONTA,1,1,APP,CE,Fortaleza,TRAIN,SINTETICO
TX000148117,USR001310,2025-07-02,2025-07,CLARO-INTERNET INTE,claro internet inte,171.06,DESPESA,SERVICOS,INTERNET,Claro Internet,CARTAO_CREDITO,1,0,ATM,ES,Serra,TRAIN,SINTETICO
TX000148447,USR001313,2025-07-02,2025-07,Cafe*do*Ponto,cafe do ponto,256.24,DESPESA,ALIMENTACAO,CAFETERIA,Cafe do Ponto,CARTAO_DEBITO,1,0,WEB,ES,Serra,TRAIN,SINTETICO
TX000148682,USR001315,2025-07-02,2025-07,Oi 939,oi 939,2551.72,DESPESA,SERVICOS,TELEFONIA,Oi,CARTAO_CREDITO,1,1,ATM,RJ,Duque de Caxias,VALIDATION,SINTETICO
TX000149138,USR001319,2025-07-02,2025-07,Tokio Marine 3216,tokio marine 3216,812.08,DESPESA,SERVICOS,SEGURO,Tokio Marine,DEBITO_AUTOMATICO,1,1,ATM,ES,Serra,TEST,SINTETICO
TX000149369,USR001321,2025-07-02,2025-07,Imobiliaria*Central,imobiliaria central,709.58,DESPESA,MORADIA,ALUGUEL,Imobiliaria Central,CARTAO_DEBITO,1,1,ATM,DF,Brasilia,TRAIN,SINTETICO
TX000149909,USR001326,2025-07-02,2025-07,Credito Salario,credito salario,5286.95,RECEITA,RENDA,SALARIO,Credito Salario,CREDITO_CONTA,1,1,DEPOSITO,CE,Juazeiro do Norte,TRAIN,SINTETICO
TX000150119,USR001328,2025-07-02,2025-07,PADARIA-CENTRAL,padaria central,8.3,DESPESA,ALIMENTACAO,RESTAURANTE,Padaria Central,CARTAO_DEBITO,1,0,WEB,MG,Belo Horizonte,TRAIN,SINTETICO
TX000150130,USR001328,2025-07-02,2025-07,EDP,edp,307.6,DESPESA,MORADIA,ENERGIA,EDP,BOLETO,1,1,APP,MG,Belo Horizonte,TRAIN,SINTETICO
TX000150343,USR001330,2025-07-02,2025-07,Microsoft 365,microsoft 365,393.9,DESPESA,SERVICOS,ASSINATURA,Microsoft 365,CARTAO_CREDITO,1,1,POS,SP,Sao Paulo,TRAIN,SINTETICO
TX000150583,USR001332,2025-07-02,2025-07,AZUL-SEGUROS,azul seguros,73.63,DESPESA,SERVICOS,SEGURO,Azul Seguros,CARTAO_DEBITO,1,1,WEB,SC,Joinville,TRAIN,SINTETICO
TX000150677,USR001333,2025-07-02,2025-07,Condominio Residencial,condominio residencial,517.66,DESPESA,MORADIA,CONDOMINIO,Condominio Residencial,CARTAO_DEBITO,1,1,POS,PE,Recife,TRAIN,SINTETICO
TX000150680,USR001333,2025-07-02,2025-07,Atacadao,atacadao,1119.41,DESPESA,ALIMENTACAO,SUPERMERCADO,Atacadao,CARTAO_CREDITO,1,0,ATM,PE,Recife,TRAIN,SINTETICO
TX000151054,USR001336,2025-07-02,2025-07,Credito Salario,credito salario,2417.4,RECEITA,RENDA,SALARIO,Credito Salario,CREDITO_CONTA,1,1,DEPOSITO,PR,Londrina,VALIDATION,SINTETICO
TX000151161,USR001337,2025-07-02,2025-07,Aplicacao Fund 650,aplicacao fund 650,567.24,INVESTIMENTO,INVESTIMENTOS,FUNDO,Aplicacao Fundo,DEBITO_CONTA,1,1,APP,SC,Blumenau,TEST,SINTETICO
TX000151392,USR001339,2025-07-02,2025-07,Claro*Movel,claro movel,906.61,DESPESA,SERVICOS,TELEFONIA,Claro Movel,BOLETO,1,1,WEB,GO,Goiania,TEST,SINTETICO
TX000151614,USR001341,2025-07-02,2025-07,Wizard,wizard,320.5,DESPESA,EDUCACAO,IDIOMAS,Wizard,DEBITO_AUTOMATICO,1,0,ATM,PE,Olinda,TRAIN,SINTETICO
TX000151731,USR001342,2025-07-02,2025-07,Tokio*Marine,tokio marine,74.49,DESPESA,SERVICOS,SEGURO,Tokio Marine,PIX,1,1,APP,PR,Maringa,TRAIN,SINTETICO
TX000151736,USR001342,2025-07-02,2025-07,PAG Aplicacao Fundo BR,pag aplicacao fundo br,284.17,INVESTIMENTO,INVESTIMENTOS,FUNDO,Aplicacao Fundo,DEBITO_CONTA,1,0,APP,PR,Maringa,TRAIN,SINTETICO
TX000152062,USR001345,2025-07-02,2025-07,Cafeteria*Brasil,cafeteria brasil,1280.47,DESPESA,ALIMENTACAO,CAFETERIA,Cafeteria Brasil,DEBITO_AUTOMATICO,1,0,APP,RJ,Niteroi,TRAIN,SINTETICO
TX000152068,USR001345,2025-07-02,2025-07,CREDITO SALARIO SALA,credito salario sala,7483.29,RECEITA,RENDA,SALARIO,Credito Salario,CREDITO_CONTA,1,1,DEPOSITO,RJ,Niteroi,TRAIN,SINTETICO
TX000152638,USR001350,2025-07-02,2025-07,Universidade,universidade,1215.07,DESPESA,EDUCACAO,MENSALIDADE,Universidade,CARTAO_DEBITO,12,1,WEB,SP,Sao Paulo,TRAIN,SINTETICO
TX000152879,USR001352,2025-07-02,2025-07,Credito*Salario,credito salario,2672.23,RECEITA,RENDA,SALARIO,Credito Salario,CREDITO_CONTA,1,1,DEPOSITO,RS,Pelotas,TRAIN,SINTETICO
TX000152994,USR001353,2025-07-02,2025-07,Vivo*Fibra,vivo fibra,709.55,DESPESA,SERVICOS,INTERNET,Vivo Fibra,CARTAO_CREDITO,1,1,WEB,SP,Santos,TRAIN,SINTETICO
TX000153220,USR001355,2025-07-02,2025-07,Azul*Seguros,azul seguros,179.3,DESPESA,SERVICOS,SEGURO,Azul Seguros,CARTAO_CREDITO,1,0,DEBITO_AUTOMATICO,PE,Recife,VALIDATION,SINTETICO
TX000153358,USR001356,2025-07-02,2025-07,Claro*Movel,claro movel,624.73,DESPESA,SERVICOS,TELEFONIA,Claro Movel,DEBITO_AUTOMATICO,1,1,POS,BA,Salvador,VALIDATION,SINTETICO
TX000154182,USR001363,2025-07-02,2025-07,STARBUCKS,starbucks,296.93,DESPESA,ALIMENTACAO,CAFETERIA,Starbucks,CARTAO_CREDITO,1,0,POS,SC,Joinville,TRAIN,SINTETICO
TX000154287,USR001364,2025-07-02,2025-07,Saneamento Municipal 550 AGUA,saneamento municipal 550 agua,97.51,DESPESA,MORADIA,AGUA,Saneamento Municipal,BOLETO,1,1,ATM,MG,Juiz de Fora,TRAIN,SINTETICO
TX000154610,USR001367,2025-07-02,2025-07,Ultragaz,ultragaz,823.37,DESPESA,MORADIA,GAS,Ultragaz,BOLETO,1,0,DEBITO_AUTOMATICO,ES,Vitoria,TRAIN,SINTETICO
TX000154614,USR001367,2025-07-02,2025-07,Parcela Financiament 15,parcela financiament 15,566.71,DESPESA,DIVIDAS,FINANCIAMENTO,Parcela Financiamento,DEBITO_AUTOMATICO,1,1,ATM,ES,Vitoria,TRAIN,SINTETICO
TX000154837,USR001369,2025-07-02,2025-07,LAB SAUDE,lab saude,76.84,DESPESA,SAUDE,EXAMES,Lab Saude,CARTAO_CREDITO,1,0,ATM,PR,Maringa,TRAIN,SINTETICO
TX000155297,USR001373,2025-07-02,2025-07,PAG Supergasbras 2019,pag supergasbras 2019,191.47,DESPESA,MORADIA,GAS,Supergasbras,PIX,1,0,DEBITO_AUTOMATICO,SC,Blumenau,TRAIN,SINTETICO
TX000155510,USR001375,2025-07-02,2025-07,CONTA-DE-ENERGIA,conta de energia,134.1,DESPESA,MORADIA,ENERGIA,Conta de Energia,DEBITO_AUTOMATICO,1,1,POS,RJ,Niteroi,VALIDATION,SINTETICO
TX000155516,USR001375,2025-07-02,2025-07,FOLH4-DE-PAGAMENTO,folh4 de pagamento,3400.16,RECEITA,RENDA,SALARIO,Folha de Pagamento,CREDITO_CONTA,1,1,DEPOSITO,RJ,Niteroi,VALIDATION,SINTETICO
TX000156178,USR001381,2025-07-02,2025-07,Imobiliaria Central,imobiliaria central,922.46,DESPESA,MORADIA,ALUGUEL,Imobiliaria Central,CARTAO_DEBITO,1,1,WEB,DF,Brasilia,TRAIN,SINTETICO
TX000156406,USR001383,2025-07-02,2025-07,NINTENDO,nintendo,137.53,DESPESA,LAZER,GAMES,Nintendo,CARTAO_DEBITO,1,0,POS,PE,Recife,TRAIN,SINTETICO
TX000156540,USR001384,2025-07-02,2025-07,CONTRIBUICAO,contribuicao,250.34,DESPESA,OUTROS,DOACAO,Contribuicao,PIX,1,0,POS,BA,Salvador,TRAIN,SINTETICO
TX000157069,USR001389,2025-07-02,2025-07,Cafe do Po 894,cafe do po 894,835.95,DESPESA,ALIMENTACAO,CAFETERIA,Cafe do Ponto,DEBITO_AUTOMATICO,1,0,ATM,DF,Brasilia,TRAIN,SINTETICO
TX000157516,USR001393,2025-07-02,2025-07,Fundo de Investime 682,fundo de investime 682,275.27,INVESTIMENTO,INVESTIMENTOS,FUNDO,Fundo de Investimento,DEBITO_CONTA,1,1,APP,SC,Florianopolis,TRAIN,SINTETICO
TX000158070,USR001398,2025-07-02,2025-07,CASA-DO-PAO-DE-QUEIJO,casa do pao de queijo,264.53,DESPESA,ALIMENTACAO,CAFETERIA,Casa do Pao de Queijo,CARTAO_DEBITO,1,0,WEB,GO,Goiania,TEST,SINTETICO
TX000158495,USR001402,2025-07-02,2025-07,Oi,oi,1181.8,DESPESA,SERVICOS,TELEFONIA,Oi,DEBITO_AUTOMATICO,1,1,DEBITO_AUTOMATICO,SP,Sorocaba,TRAIN,SINTETICO
TX000159190,USR001408,2025-07-02,2025-07,Drogas 534,drogas 534,83.79,DESPESA,SAUDE,FARMACIA,Drogasil,CARTAO_CREDITO,1,0,POS,PE,Jaboatao,TRAIN,SINTETICO
TX000159974,USR001415,2025-07-02,2025-07,Natura,natura,1582.34,DESPESA,COMPRAS,BELEZA,Natura,CARTAO_CREDITO,1,0,DEBITO_AUTOMATICO,SC,Blumenau,VALIDATION,SINTETICO
TX000160085,USR001416,2025-07-02,2025-07,TIM,tim,254.37,DESPESA,SERVICOS,TELEFONIA,TIM,CARTAO_CREDITO,1,1,APP,CE,Fortaleza,VALIDATION,SINTETICO
TX000160087,USR001416,2025-07-02,2025-07,FOLHA DE PAGAMENTO,folha de pagamento,2924.6,RECEITA,RENDA,SALARIO,Folha de Pagamento,CREDITO_CONTA,1,1,DEPOSITO,CE,Fortaleza,VALIDATION,SINTETICO
TX000160197,USR001417,2025-07-02,2025-07,Porto*Seguro,porto seguro,329.61,DESPESA,SERVICOS,SEGURO,Porto Seguro,CARTAO_DEBITO,1,1,ATM,SP,Sorocaba,TEST,SINTETICO
TX000160313,USR001418,2025-07-02,2025-07,PAO DE ACUCAR,pao de acucar,248.26,DESPESA,ALIMENTACAO,SUPERMERCADO,Pao de Acucar,CARTAO_CREDITO,1,0,DEBITO_AUTOMATICO,CE,Fortaleza,TEST,SINTETICO
TX000160839,USR001423,2025-07-02,2025-07,Imobiliaria Central,imobiliaria central,624.14,DESPESA,MORADIA,ALUGUEL,Imobiliaria Central,CARTAO_CREDITO,1,1,DEBITO_AUTOMATICO,PE,Recife,TRAIN,SINTETICO
TX000160848,USR001423,2025-07-02,2025-07,Vivo Mov 770,vivo mov 770,191.14,DESPESA,SERVICOS,TELEFONIA,Vivo Movel,CARTAO_CREDITO,1,1,DEBITO_AUTOMATICO,PE,Recife,TRAIN,SINTETICO
TX000161302,USR001427,2025-07-02,2025-07,PIX Oi,pix oi,1216.94,DESPESA,SERVICOS,TELEFONIA,Oi,CARTAO_CREDITO,1,1,WEB,DF,Brasilia,TRAIN,SINTETICO
TX000161409,USR001428,2025-07-02,2025-07,PAG Tokio Marine 6484,pag tokio marine 6484,311.97,DESPESA,SERVICOS,SEGURO,Tokio Marine,CARTAO_CREDITO,1,1,WEB,ES,Vila Velha,TRAIN,SINTETICO
TX000161851,USR001432,2025-07-02,2025-07,Natura,natura,2719.32,DESPESA,COMPRAS,BELEZA,Natura,DEBITO_AUTOMATICO,1,0,APP,SC,Florianopolis,TRAIN,SINTETICO
TX000162446,USR001437,2025-07-02,2025-07,PAG Mercado Sao Jose 7294,pag mercado sao jose 7294,2077.33,DESPESA,ALIMENTACAO,SUPERMERCADO,Mercado Sao Jose,CARTAO_DEBITO,1,0,APP,ES,Serra,TEST,SINTETICO
TX000162573,USR001438,2025-07-02,2025-07,Folha*de*Pagamento,folha de pagamento,3777.62,RECEITA,RENDA,SALARIO,Folha de Pagamento,CREDITO_CONTA,1,1,DEPOSITO,PE,Jaboatao,TEST,SINTETICO
TX000163238,USR001444,2025-07-02,2025-07,Claro Internet 426,claro internet 426,1038.68,DESPESA,SERVICOS,INTERNET,Claro Internet,CARTAO_CREDITO,1,0,DEBITO_AUTOMATICO,BA,Salvador,TRAIN,SINTETICO
TX000163241,USR001444,2025-07-02,2025-07,S4LARIO EMPRESA,s4lario empresa,3605.42,RECEITA,RENDA,SALARIO,Salario Empresa,CREDITO_CONTA,1,1,DEPOSITO,BA,Salvador,TRAIN,SINTETICO
TX000163982,USR001451,2025-07-02,2025-07,Saneamento*Municipal,saneamento municipal,239.81,DESPESA,MORADIA,AGUA,Saneamento Municipal,CARTAO_DEBITO,1,1,WEB,DF,Brasilia,TRAIN,SINTETICO
TX000164090,USR001452,2025-07-02,2025-07,Drogaria Sao Paulo MG,drogaria sao paulo mg,576.53,DESPESA,SAUDE,FARMACIA,Drogaria Sao Paulo,BOLETO,10,0,APP,GO,Goiania,TRAIN,SINTETICO
TX000164286,USR001454,2025-07-02,2025-07,STARBUCKS,starbucks,248.87,DESPESA,ALIMENTACAO,CAFETERIA,Starbucks,BOLETO,1,0,DEBITO_AUTOMATICO,RS,Pelotas,VALIDATION,SINTETICO
TX000164291,USR001454,2025-07-02,2025-07,Porto Segu 869,porto segu 869,356.8,DESPESA,SERVICOS,SEGURO,Porto Seguro,CARTAO_CREDITO,1,1,ATM,RS,Pelotas,VALIDATION,SINTETICO
TX000164538,USR001456,2025-07-02,2025-07,Folha de Pagamen 547 SALA,folha de pagamen 547 sala,4287.52,RECEITA,RENDA,SALARIO,Folha de Pagamento,CREDITO_CONTA,1,1,DEPOSITO,CE,Juazeiro do Norte,VALIDATION,SINTETICO
TX000164749,USR001458,2025-07-02,2025-07,CLARO MOVEL,claro movel,665.35,DESPESA,SERVICOS,TELEFONIA,Claro Movel,CARTAO_DEBITO,1,0,WEB,RS,Pelotas,TEST,SINTETICO
TX000166445,USR001473,2025-07-02,2025-07,S4LARIO-EMPRESA,s4lario empresa,8581.34,RECEITA,RENDA,SALARIO,Salario Empresa,CREDITO_CONTA,1,1,DEPOSITO,GO,Aparecida de Goiania,TRAIN,SINTETICO
TX000167306,USR001481,2025-07-02,2025-07,STARBUCKS,starbucks,301.59,DESPESA,ALIMENTACAO,CAFETERIA,Starbucks,DEBITO_AUTOMATICO,1,1,ATM,DF,Brasilia,TRAIN,SINTETICO
TX000167517,USR001483,2025-07-02,2025-07,SUPERMERC4DO BH,supermerc4do bh,515.85,DESPESA,ALIMENTACAO,SUPERMERCADO,Supermercado BH,CARTAO_DEBITO,1,0,WEB,PR,Curitiba,TRAIN,SINTETICO
TX000167632,USR001484,2025-07-02,2025-07,PAG Imobiliaria Central SP,pag imobiliaria central sp,2880.41,DESPESA,MORADIA,ALUGUEL,Imobiliaria Central,CARTAO_CREDITO,1,1,WEB,SP,Santos,TRAIN,SINTETICO
TX000169210,USR001498,2025-07-02,2025-07,Outback,outback,225.9,DESPESA,ALIMENTACAO,RESTAURANTE,Outback,CARTAO_CREDITO,1,0,APP,PE,Jaboatao,TEST,SINTETICO
TX000000229,USR000003,2025-07-03,2025-07,Atacadao,atacadao,679.59,DESPESA,ALIMENTACAO,SUPERMERCADO,Atacadao,PIX,1,0,POS,GO,Anapolis,TRAIN,SINTETICO
TX000000455,USR000005,2025-07-03,2025-07,LANC Claro Internet,lanc claro internet,368.16,DESPESA,SERVICOS,INTERNET,Claro Internet,CARTAO_CREDITO,1,1,DEBITO_AUTOMATICO,PR,Maringa,TRAIN,SINTETICO
TX000000569,USR000006,2025-07-03,2025-07,Porto*Seguro,porto seguro,1564.68,DESPESA,SERVICOS,SEGURO,Porto Seguro,CARTAO_CREDITO,1,1,DEBITO_AUTOMATICO,GO,Goiania,TRAIN,SINTETICO
TX000000673,USR000007,2025-07-03,2025-07,Administradora Condomini 195,administradora condomini 195,156.2,DESPESA,MORADIA,CONDOMINIO,Administradora Condominial,CARTAO_DEBITO,1,1,DEBITO_AUTOMATICO,CE,Fortaleza,TRAIN,SINTETICO
TX000001718,USR000016,2025-07-03,2025-07,DEB Saneamento Municipal SP,deb saneamento municipal sp,753.24,DESPESA,MORADIA,AGUA,Saneamento Municipal,CARTAO_CREDITO,1,0,APP,DF,Brasilia,VALIDATION,SINTETICO
TX000001937,USR000018,2025-07-03,2025-07,Fundo de Investimen 634,fundo de investimen 634,587.18,INVESTIMENTO,INVESTIMENTOS,FUNDO,Fundo de Investimento,DEBITO_CONTA,1,0,APP,GO,Anapolis,TEST,SINTETICO
TX000002282,USR000021,2025-07-03,2025-07,LANC Google One BA,lanc google one ba,118.11,DESPESA,SERVICOS,ASSINATURA,Google One,PIX,1,0,APP,ES,Vila Velha,TRAIN,SINTETICO
TX000004367,USR000039,2025-07-03,2025-07,OUTB4CK,outb4ck,132.1,DESPESA,ALIMENTACAO,RESTAURANTE,Outback,PIX,1,0,DEBITO_AUTOMATICO,SC,Joinville,TEST,SINTETICO
TX000004827,USR000043,2025-07-03,2025-07,OUTBACK,outback,373.78,DESPESA,ALIMENTACAO,RESTAURANTE,Outback,PIX,1,0,ATM,DF,Brasilia,TRAIN,SINTETICO
TX000005308,USR000047,2025-07-03,2025-07,Starbucks,starbucks,83.98,DESPESA,ALIMENTACAO,CAFETERIA,Starbucks,PIX,1,0,DEBITO_AUTOMATICO,ES,Vitoria,TRAIN,SINTETICO
TX000005424,USR000048,2025-07-03,2025-07,Oi,oi,556.45,DESPESA,SERVICOS,TELEFONIA,Oi,DEBITO_AUTOMATICO,1,0,ATM,SC,Blumenau,TRAIN,SINTETICO
TX000005651,USR000050,2025-07-03,2025-07,Enel 721,enel 721,5.99,DESPESA,MORADIA,ENERGIA,Enel,PIX,1,0,ATM,SP,Sorocaba,TRAIN,SINTETICO
TX000006215,USR000055,2025-07-03,2025-07,LANC Atacadao,lanc atacadao,714.61,DESPESA,ALIMENTACAO,SUPERMERCADO,Atacadao,CARTAO_DEBITO,1,0,DEBITO_AUTOMATICO,RS,Caxias do Sul,VALIDATION,SINTETICO
TX000006978,USR000062,2025-07-03,2025-07,CONDOMINIO RESIDENCIAL,condominio residencial,729.18,DESPESA,MORADIA,CONDOMINIO,Condominio Residencial,CARTAO_CREDITO,1,0,APP,SP,Sao Paulo,TRAIN,SINTETICO
TX000006985,USR000062,2025-07-03,2025-07,Folha de Pagamento,folha de pagamento,9157.37,RECEITA,RENDA,SALARIO,Folha de Pagamento,CREDITO_CONTA,1,1,DEPOSITO,SP,Sao Paulo,TRAIN,SINTETICO
TX000007974,USR000071,2025-07-03,2025-07,PAG Administradora Condominial LTDA COND,pag administradora condominial ltda cond,1010.46,DESPESA,MORADIA,CONDOMINIO,Administradora Condominial,CARTAO_CREDITO,1,1,WEB,SP,Sao Paulo,TRAIN,SINTETICO
TX000008195,USR000073,2025-07-03,2025-07,Porto*Seguro,porto seguro,309.69,DESPESA,SERVICOS,SEGURO,Porto Seguro,PIX,1,1,WEB,DF,Brasilia,TRAIN,SINTETICO
TX000008309,USR000074,2025-07-03,2025-07,Projeto*Autonomo,projeto autonomo,870.74,RECEITA,RENDA,FREELANCE,Projeto Autonomo,PIX,1,0,APP,ES,Vitoria,VALIDATION,SINTETICO
TX000008398,USR000075,2025-07-03,2025-07,Porto Segu 11,porto segu 11,1942.22,DESPESA,SERVICOS,SEGURO,Porto Seguro,BOLETO,1,1,ATM,CE,Caucaia,VALIDATION,SINTETICO
TX000008617,USR000077,2025-07-03,2025-07,Conta*de*Energia,conta de energia,130.61,DESPESA,MORADIA,ENERGIA,Conta de Energia,PIX,1,1,DEBITO_AUTOMATICO,GO,Anapolis,TEST,SINTETICO
TX000008618,USR000077,2025-07-03,2025-07,Pagamento*Fatura*Cartao,pagamento fatura cartao,1024.74,DESPESA,DIVIDAS,CARTAO,Pagamento Fatura Cartao,PIX,1,1,APP,GO,Anapolis,TEST,SINTETICO
TX000008742,USR000078,2025-07-03,2025-07,TIM,tim,69.26,DESPESA,SERVICOS,TELEFONIA,TIM,CARTAO_CREDITO,1,1,WEB,RS,Caxias do Sul,TEST,SINTETICO
