description,amount,date,type,payment_method,recurrent
Aluguel residencial,3703.32,2024-01-01,EXPENSE,PIX,true
Aplicativo de transporte,84.16,2024-01-01,EXPENSE,DEBIT_CARD,false
Doacao,180.24,2024-01-01,EXPENSE,BOLETO,false
Seguro do veiculo,130.65,2024-01-01,EXPENSE,CREDIT_CARD,true
Seguro do veiculo,278.59,2024-01-01,EXPENSE,BOLETO,true
Seguro do veiculo,209.14,2024-01-01,EXPENSE,PIX,true
Supermercado,444.88,2024-01-01,EXPENSE,PIX,false
Supermercado,50.56,2024-01-01,EXPENSE,BANK_TRANSFER,false
Aluguel recebido,2533.75,2024-01-01,INCOME,BANK_TRANSFER,true
Salario mensal,10341.43,2024-01-01,INCOME,PIX,true
Combustivel,311.48,2024-01-02,EXPENSE,PIX,false
Loja de roupas,66.07,2024-01-02,EXPENSE,BANK_TRANSFER,false
Padaria,19.51,2024-01-02,EXPENSE,BOLETO,false
Padaria,52.09,2024-01-02,EXPENSE,CASH,false
Pet shop,280.19,2024-01-02,EXPENSE,CREDIT_CARD,false
Seguro do veiculo,265.39,2024-01-02,EXPENSE,CASH,false
Streaming,77.85,2024-01-02,EXPENSE,CREDIT_CARD,true
Veterinario,550.55,2024-01-02,EXPENSE,PIX,false
Veterinario,850.85,2024-01-02,EXPENSE,BOLETO,false
Reembolso empresarial,488.94,2024-01-02,INCOME,PIX,false
Reembolso empresarial,84.32,2024-01-02,INCOME,BANK_TRANSFER,false
Restituicao de imposto,2568.28,2024-01-02,INCOME,PIX,false
Condominio,1233.19,2024-01-03,EXPENSE,BOLETO,true
Condominio,1272.84,2024-01-03,EXPENSE,CREDIT_CARD,true
Curso online,414.66,2024-01-03,EXPENSE,CREDIT_CARD,false
Doacao,139.32,2024-01-03,EXPENSE,BANK_TRANSFER,false
Estacionamento,52.55,2024-01-03,EXPENSE,PIX,false
Livraria,92.56,2024-01-03,EXPENSE,PIX,false
Passagem aerea,3618.37,2024-01-03,EXPENSE,BOLETO,false
Plano de celular,96.10,2024-01-03,EXPENSE,PIX,true
Streaming,79.94,2024-01-03,EXPENSE,DEBIT_CARD,true
Veterinario,578.50,2024-01-03,EXPENSE,BOLETO,false
Viagem e hospedagem,4105.41,2024-01-03,EXPENSE,CASH,false
Salario mensal,9083.39,2024-01-03,INCOME,PIX,true
Academia,74.89,2024-01-04,EXPENSE,CASH,true
Combustivel,89.10,2024-01-04,EXPENSE,CREDIT_CARD,false
Conta de agua,36.65,2024-01-04,EXPENSE,BOLETO,true
Conta de agua,103.41,2024-01-04,EXPENSE,BANK_TRANSFER,false
Estacionamento,67.11,2024-01-04,EXPENSE,DEBIT_CARD,false
Farmacia,54.46,2024-01-04,EXPENSE,DEBIT_CARD,false
Internet residencial,191.31,2024-01-04,EXPENSE,PIX,false
Passagem aerea,2414.35,2024-01-04,EXPENSE,CASH,false
Viagem e hospedagem,635.80,2024-01-04,EXPENSE,BOLETO,false
Aluguel recebido,1961.96,2024-01-04,INCOME,BANK_TRANSFER,true
Pagamento freelance,2180.27,2024-01-04,INCOME,BANK_TRANSFER,false
Rendimento de investimento,523.39,2024-01-04,INCOME,PIX,true
Salario mensal,4878.40,2024-01-04,INCOME,BANK_TRANSFER,true
Combustivel,361.71,2024-01-05,EXPENSE,BANK_TRANSFER,false
Conta de agua,197.07,2024-01-05,EXPENSE,CREDIT_CARD,true
Farmacia,255.67,2024-01-05,EXPENSE,BOLETO,false
Loja de roupas,169.89,2024-01-05,EXPENSE,PIX,false
Passagem aerea,3124.58,2024-01-05,EXPENSE,DEBIT_CARD,false
Plano de celular,63.24,2024-01-05,EXPENSE,DEBIT_CARD,true
Seguro do veiculo,367.95,2024-01-05,EXPENSE,CASH,true
Seguro do veiculo,431.42,2024-01-05,EXPENSE,CREDIT_CARD,true
Salario mensal,11953.85,2024-01-05,INCOME,BANK_TRANSFER,true
Transferencia recebida,764.52,2024-01-05,INCOME,PIX,false
Doacao,354.65,2024-01-06,EXPENSE,BOLETO,false
Estacionamento,59.53,2024-01-06,EXPENSE,CASH,false
Viagem e hospedagem,1555.06,2024-01-06,EXPENSE,BOLETO,false
Restituicao de imposto,1246.12,2024-01-06,INCOME,BANK_TRANSFER,false
Venda de produto,413.77,2024-01-06,INCOME,PIX,false
Conta de energia,245.93,2024-01-07,EXPENSE,BANK_TRANSFER,true
Curso online,219.75,2024-01-07,EXPENSE,BANK_TRANSFER,false
Delivery de comida,174.28,2024-01-07,EXPENSE,DEBIT_CARD,false
Eletronicos,1888.27,2024-01-07,EXPENSE,PIX,false
Impostos e taxas,2027.25,2024-01-07,EXPENSE,DEBIT_CARD,false
Livraria,182.12,2024-01-07,EXPENSE,BOLETO,false
Plano de celular,116.90,2024-01-07,EXPENSE,PIX,true
Restaurante,183.29,2024-01-07,EXPENSE,DEBIT_CARD,false
Veterinario,418.69,2024-01-07,EXPENSE,BOLETO,false
Veterinario,321.45,2024-01-07,EXPENSE,DEBIT_CARD,false
Viagem e hospedagem,2912.35,2024-01-07,EXPENSE,CREDIT_CARD,false
Condominio,569.48,2024-01-08,EXPENSE,DEBIT_CARD,true
Conta de agua,39.50,2024-01-08,EXPENSE,BOLETO,true
Curso online,243.44,2024-01-08,EXPENSE,PIX,false
Eletronicos,2179.77,2024-01-08,EXPENSE,CREDIT_CARD,false
Estacionamento,69.48,2024-01-08,EXPENSE,BANK_TRANSFER,false
Farmacia,260.13,2024-01-08,EXPENSE,DEBIT_CARD,false
Manutencao do veiculo,811.57,2024-01-08,EXPENSE,DEBIT_CARD,false
Manutencao do veiculo,289.52,2024-01-08,EXPENSE,BOLETO,false
Pet shop,141.41,2024-01-08,EXPENSE,CASH,false
Pet shop,226.29,2024-01-08,EXPENSE,DEBIT_CARD,false
Aplicativo de transporte,18.29,2024-01-09,EXPENSE,DEBIT_CARD,false
Curso online,657.62,2024-01-09,EXPENSE,BOLETO,false
Doacao,359.44,2024-01-09,EXPENSE,CREDIT_CARD,false
Estacionamento,25.88,2024-01-09,EXPENSE,DEBIT_CARD,false
Impostos e taxas,523.05,2024-01-09,EXPENSE,CREDIT_CARD,false
Passagem aerea,1504.57,2024-01-09,EXPENSE,PIX,false
Passagem aerea,1645.83,2024-01-09,EXPENSE,CREDIT_CARD,false
Plano de celular,74.68,2024-01-09,EXPENSE,BOLETO,true
Plano de saude,939.24,2024-01-09,EXPENSE,CREDIT_CARD,true
Seguro do veiculo,127.54,2024-01-09,EXPENSE,PIX,true
Viagem e hospedagem,3666.52,2024-01-09,EXPENSE,CASH,false
Pagamento freelance,2738.08,2024-01-09,INCOME,PIX,false
Combustivel,207.61,2024-01-10,EXPENSE,PIX,false
Combustivel,356.31,2024-01-10,EXPENSE,DEBIT_CARD,false
Doacao,444.72,2024-01-10,EXPENSE,CASH,false
Farmacia,100.00,2024-01-10,EXPENSE,CASH,false
Loja de roupas,143.53,2024-01-10,EXPENSE,CREDIT_CARD,false
Plano de celular,96.24,2024-01-10,EXPENSE,PIX,true
Veterinario,203.90,2024-01-10,EXPENSE,CASH,false
Aluguel recebido,2829.13,2024-01-10,INCOME,PIX,true
Aluguel residencial,2657.03,2024-01-11,EXPENSE,PIX,true
Aplicativo de transporte,81.46,2024-01-11,EXPENSE,DEBIT_CARD,false
Condominio,792.04,2024-01-11,EXPENSE,PIX,true
Conta de agua,171.28,2024-01-11,EXPENSE,BANK_TRANSFER,true
Conta de energia,596.13,2024-01-11,EXPENSE,DEBIT_CARD,true
Doacao,471.96,2024-01-11,EXPENSE,CREDIT_CARD,false
Doacao,393.00,2024-01-11,EXPENSE,CASH,false
Farmacia,23.44,2024-01-11,EXPENSE,DEBIT_CARD,false
Impostos e taxas,1684.00,2024-01-11,EXPENSE,BOLETO,false
Livraria,180.84,2024-01-11,EXPENSE,CREDIT_CARD,false
Manutencao do veiculo,691.19,2024-01-11,EXPENSE,CASH,false
Plano de saude,988.41,2024-01-11,EXPENSE,DEBIT_CARD,true
Restaurante,65.41,2024-01-11,EXPENSE,PIX,false
Seguro do veiculo,252.90,2024-01-11,EXPENSE,BOLETO,true
Streaming,35.18,2024-01-11,EXPENSE,BOLETO,true
Transferencia recebida,1756.54,2024-01-11,INCOME,BANK_TRANSFER,false
Cinema e lazer,194.93,2024-01-12,EXPENSE,CREDIT_CARD,false
Combustivel,230.14,2024-01-12,EXPENSE,BANK_TRANSFER,false
Condominio,1277.56,2024-01-12,EXPENSE,CASH,true
Passagem aerea,919.21,2024-01-12,EXPENSE,BOLETO,false
Supermercado,47.64,2024-01-12,EXPENSE,CREDIT_CARD,false
Dividendos,68.01,2024-01-12,INCOME,BANK_TRANSFER,true
Dividendos,374.32,2024-01-12,INCOME,BANK_TRANSFER,true
Restituicao de imposto,288.16,2024-01-12,INCOME,BANK_TRANSFER,false
Transferencia recebida,1505.41,2024-01-12,INCOME,PIX,false
Academia,183.80,2024-01-13,EXPENSE,CREDIT_CARD,true
Aplicativo de transporte,62.01,2024-01-13,EXPENSE,CREDIT_CARD,false
Cinema e lazer,198.05,2024-01-13,EXPENSE,DEBIT_CARD,false
Conta de agua,43.52,2024-01-13,EXPENSE,PIX,false
Conta de agua,37.94,2024-01-13,EXPENSE,BOLETO,true
Delivery de comida,53.61,2024-01-13,EXPENSE,DEBIT_CARD,false
Internet residencial,195.78,2024-01-13,EXPENSE,CREDIT_CARD,true
Internet residencial,134.25,2024-01-13,EXPENSE,PIX,true
Pet shop,222.44,2024-01-13,EXPENSE,DEBIT_CARD,false
Plano de celular,99.56,2024-01-13,EXPENSE,CASH,true
Restaurante,42.57,2024-01-13,EXPENSE,PIX,false
Seguro do veiculo,213.92,2024-01-13,EXPENSE,DEBIT_CARD,true
Streaming,21.03,2024-01-13,EXPENSE,PIX,true
Veterinario,584.21,2024-01-13,EXPENSE,BANK_TRANSFER,false
Aluguel recebido,1138.54,2024-01-13,INCOME,BANK_TRANSFER,true
Reembolso empresarial,628.25,2024-01-13,INCOME,PIX,false
Academia,197.93,2024-01-14,EXPENSE,CASH,true
Cinema e lazer,195.33,2024-01-14,EXPENSE,CREDIT_CARD,false
Condominio,901.69,2024-01-14,EXPENSE,BOLETO,false
Eletronicos,4366.06,2024-01-14,EXPENSE,PIX,false
Estacionamento,8.20,2024-01-14,EXPENSE,CREDIT_CARD,false
Farmacia,350.93,2024-01-14,EXPENSE,DEBIT_CARD,false
Restaurante,182.95,2024-01-14,EXPENSE,PIX,false
Seguro do veiculo,535.86,2024-01-14,EXPENSE,CREDIT_CARD,true
Salario mensal,11147.16,2024-01-14,INCOME,BANK_TRANSFER,true
Aplicativo de transporte,86.95,2024-01-15,EXPENSE,CREDIT_CARD,false
Combustivel,81.45,2024-01-15,EXPENSE,DEBIT_CARD,false
Eletronicos,4845.40,2024-01-15,EXPENSE,CASH,false
Eletronicos,94.31,2024-01-15,EXPENSE,CREDIT_CARD,false
Impostos e taxas,513.97,2024-01-15,EXPENSE,BANK_TRANSFER,false
Livraria,100.25,2024-01-15,EXPENSE,BOLETO,false
Padaria,58.54,2024-01-15,EXPENSE,CREDIT_CARD,false
Padaria,33.08,2024-01-15,EXPENSE,PIX,false
Padaria,55.36,2024-01-15,EXPENSE,CASH,false
Plano de saude,1240.94,2024-01-15,EXPENSE,BANK_TRANSFER,true
Restituicao de imposto,845.24,2024-01-15,INCOME,BANK_TRANSFER,false
Venda de produto,980.43,2024-01-15,INCOME,BANK_TRANSFER,false
Venda de produto,1717.50,2024-01-15,INCOME,PIX,false
Cinema e lazer,89.42,2024-01-16,EXPENSE,BOLETO,false
Cinema e lazer,195.21,2024-01-16,EXPENSE,BOLETO,false
Combustivel,278.37,2024-01-16,EXPENSE,DEBIT_CARD,false
Conta de agua,127.16,2024-01-16,EXPENSE,BOLETO,false
Conta de agua,163.59,2024-01-16,EXPENSE,BOLETO,true
Curso online,169.10,2024-01-16,EXPENSE,CASH,false
Delivery de comida,137.12,2024-01-16,EXPENSE,BANK_TRANSFER,false
Estacionamento,49.06,2024-01-16,EXPENSE,PIX,false
Estacionamento,8.61,2024-01-16,EXPENSE,DEBIT_CARD,false
Farmacia,133.50,2024-01-16,EXPENSE,CASH,false
Internet residencial,125.05,2024-01-16,EXPENSE,CASH,true
Livraria,111.79,2024-01-16,EXPENSE,PIX,false
Livraria,223.96,2024-01-16,EXPENSE,PIX,false
Passagem aerea,2556.09,2024-01-16,EXPENSE,BOLETO,false
Pet shop,264.14,2024-01-16,EXPENSE,DEBIT_CARD,false
Streaming,71.29,2024-01-16,EXPENSE,CASH,true
Veterinario,280.08,2024-01-16,EXPENSE,BANK_TRANSFER,false
Academia,109.97,2024-01-17,EXPENSE,BANK_TRANSFER,true
Aplicativo de transporte,36.38,2024-01-17,EXPENSE,PIX,false
Cinema e lazer,188.10,2024-01-17,EXPENSE,BOLETO,false
Combustivel,277.38,2024-01-17,EXPENSE,PIX,false
Combustivel,227.79,2024-01-17,EXPENSE,BOLETO,false
Condominio,963.51,2024-01-17,EXPENSE,CREDIT_CARD,true
Livraria,169.85,2024-01-17,EXPENSE,BANK_TRANSFER,false
Seguro do veiculo,199.40,2024-01-17,EXPENSE,CASH,true
Streaming,60.49,2024-01-17,EXPENSE,CASH,true
Supermercado,57.47,2024-01-17,EXPENSE,DEBIT_CARD,false
Reembolso empresarial,163.62,2024-01-17,INCOME,BANK_TRANSFER,false
Cinema e lazer,170.21,2024-01-18,EXPENSE,CREDIT_CARD,false
Cinema e lazer,174.80,2024-01-18,EXPENSE,CREDIT_CARD,false
Combustivel,106.05,2024-01-18,EXPENSE,CREDIT_CARD,false
Curso online,736.88,2024-01-18,EXPENSE,PIX,false
Curso online,613.76,2024-01-18,EXPENSE,CREDIT_CARD,false
Delivery de comida,104.57,2024-01-18,EXPENSE,DEBIT_CARD,false
Livraria,49.70,2024-01-18,EXPENSE,BANK_TRANSFER,false
Salario mensal,6557.51,2024-01-18,INCOME,PIX,true
Academia,147.26,2024-01-19,EXPENSE,CASH,true
Aplicativo de transporte,92.15,2024-01-19,EXPENSE,CREDIT_CARD,false
Combustivel,97.57,2024-01-19,EXPENSE,BOLETO,false
Pet shop,226.49,2024-01-19,EXPENSE,PIX,false
Plano de saude,260.50,2024-01-19,EXPENSE,DEBIT_CARD,true
Veterinario,178.45,2024-01-19,EXPENSE,BANK_TRANSFER,false
Reembolso empresarial,647.77,2024-01-19,INCOME,BANK_TRANSFER,false
Academia,187.50,2024-01-20,EXPENSE,CREDIT_CARD,true
Condominio,1059.44,2024-01-20,EXPENSE,PIX,true
Condominio,519.40,2024-01-20,EXPENSE,DEBIT_CARD,true
Curso online,287.90,2024-01-20,EXPENSE,BOLETO,false
Estacionamento,8.52,2024-01-20,EXPENSE,CREDIT_CARD,false
Farmacia,286.17,2024-01-20,EXPENSE,CASH,false
Internet residencial,205.41,2024-01-20,EXPENSE,BANK_TRANSFER,true
Livraria,45.82,2024-01-20,EXPENSE,BOLETO,false
Loja de roupas,120.37,2024-01-20,EXPENSE,CASH,false
Manutencao do veiculo,781.25,2024-01-20,EXPENSE,CASH,false
Padaria,71.12,2024-01-20,EXPENSE,CREDIT_CARD,false
Passagem aerea,2506.10,2024-01-20,EXPENSE,BANK_TRANSFER,false
Plano de celular,65.12,2024-01-20,EXPENSE,DEBIT_CARD,true
Plano de saude,1278.55,2024-01-20,EXPENSE,CREDIT_CARD,true
Plano de saude,836.74,2024-01-20,EXPENSE,BOLETO,true
Viagem e hospedagem,1258.01,2024-01-20,EXPENSE,BOLETO,false
Restituicao de imposto,674.64,2024-01-20,INCOME,PIX,false
Restituicao de imposto,1150.95,2024-01-20,INCOME,BANK_TRANSFER,false
Salario mensal,9667.89,2024-01-20,INCOME,BANK_TRANSFER,true
Venda de produto,1071.70,2024-01-20,INCOME,BANK_TRANSFER,false
Academia,186.54,2024-01-21,EXPENSE,BOLETO,true
Academia,91.07,2024-01-21,EXPENSE,BANK_TRANSFER,true
Conta de agua,206.29,2024-01-21,EXPENSE,CREDIT_CARD,false
Loja de roupas,192.71,2024-01-21,EXPENSE,DEBIT_CARD,false
Manutencao do veiculo,752.12,2024-01-21,EXPENSE,BOLETO,false
Manutencao do veiculo,2286.08,2024-01-21,EXPENSE,CASH,false
Restaurante,179.23,2024-01-21,EXPENSE,DEBIT_CARD,false
Seguro do veiculo,160.94,2024-01-21,EXPENSE,DEBIT_CARD,false
Cinema e lazer,224.56,2024-01-22,EXPENSE,PIX,false
Cinema e lazer,52.10,2024-01-22,EXPENSE,BOLETO,false
Doacao,38.00,2024-01-22,EXPENSE,PIX,false
Doacao,324.55,2024-01-22,EXPENSE,CASH,false
Manutencao do veiculo,1538.10,2024-01-22,EXPENSE,CREDIT_CARD,false
Veterinario,724.85,2024-01-22,EXPENSE,CASH,false
Pagamento freelance,1443.40,2024-01-22,INCOME,PIX,false
Doacao,90.65,2024-01-23,EXPENSE,PIX,false
Impostos e taxas,1955.43,2024-01-23,EXPENSE,BOLETO,false
Seguro do veiculo,313.20,2024-01-23,EXPENSE,DEBIT_CARD,false
Seguro do veiculo,166.32,2024-01-23,EXPENSE,CASH,false
Supermercado,562.63,2024-01-23,EXPENSE,PIX,false
Veterinario,104.93,2024-01-23,EXPENSE,CASH,false
Aluguel recebido,3237.89,2024-01-23,INCOME,BANK_TRANSFER,true
Transferencia recebida,1108.78,2024-01-23,INCOME,PIX,false
Academia,234.87,2024-01-24,EXPENSE,BANK_TRANSFER,true
Combustivel,106.20,2024-01-24,EXPENSE,DEBIT_CARD,false
Combustivel,333.04,2024-01-24,EXPENSE,BANK_TRANSFER,false
Conta de agua,184.62,2024-01-24,EXPENSE,BANK_TRANSFER,true
Conta de energia,486.42,2024-01-24,EXPENSE,CASH,true
Doacao,400.29,2024-01-24,EXPENSE,PIX,false
Loja de roupas,774.39,2024-01-24,EXPENSE,BOLETO,false
Manutencao do veiculo,934.18,2024-01-24,EXPENSE,BOLETO,false
Supermercado,424.15,2024-01-24,EXPENSE,CASH,false
Dividendos,164.49,2024-01-24,INCOME,PIX,true
Pagamento freelance,4307.27,2024-01-24,INCOME,BANK_TRANSFER,false
Pagamento freelance,1684.87,2024-01-24,INCOME,BANK_TRANSFER,false
Restituicao de imposto,518.97,2024-01-24,INCOME,PIX,false
Salario mensal,4039.04,2024-01-24,INCOME,PIX,true
Transferencia recebida,1198.12,2024-01-24,INCOME,BANK_TRANSFER,false
Transferencia recebida,526.63,2024-01-24,INCOME,BANK_TRANSFER,false
Venda de produto,84.00,2024-01-24,INCOME,BANK_TRANSFER,false
Aluguel residencial,2842.21,2024-01-25,EXPENSE,BANK_TRANSFER,false
Conta de agua,239.28,2024-01-25,EXPENSE,CREDIT_CARD,true
Delivery de comida,107.48,2024-01-25,EXPENSE,BOLETO,false
Eletronicos,4789.58,2024-01-25,EXPENSE,BANK_TRANSFER,false
Internet residencial,94.75,2024-01-25,EXPENSE,DEBIT_CARD,true
Livraria,55.85,2024-01-25,EXPENSE,BANK_TRANSFER,false
Pet shop,78.23,2024-01-25,EXPENSE,CASH,false
Restaurante,36.23,2024-01-25,EXPENSE,BANK_TRANSFER,false
Streaming,56.11,2024-01-25,EXPENSE,CREDIT_CARD,true
Dividendos,505.99,2024-01-25,INCOME,BANK_TRANSFER,true
Dividendos,123.31,2024-01-25,INCOME,PIX,true
Reembolso empresarial,341.32,2024-01-25,INCOME,BANK_TRANSFER,false
Combustivel,281.75,2024-01-26,EXPENSE,DEBIT_CARD,false
Delivery de comida,114.30,2024-01-26,EXPENSE,PIX,false
Doacao,70.63,2024-01-26,EXPENSE,PIX,false
Manutencao do veiculo,1580.10,2024-01-26,EXPENSE,DEBIT_CARD,false
Restaurante,82.64,2024-01-26,EXPENSE,CASH,false
Restaurante,222.31,2024-01-26,EXPENSE,BANK_TRANSFER,false
Viagem e hospedagem,2779.65,2024-01-26,EXPENSE,CREDIT_CARD,false
Academia,63.48,2024-01-27,EXPENSE,BANK_TRANSFER,true
Aplicativo de transporte,51.39,2024-01-27,EXPENSE,DEBIT_CARD,false
Aplicativo de transporte,47.75,2024-01-27,EXPENSE,PIX,false
Aplicativo de transporte,31.42,2024-01-27,EXPENSE,CASH,false
Estacionamento,9.93,2024-01-27,EXPENSE,DEBIT_CARD,false
Plano de celular,94.55,2024-01-27,EXPENSE,CASH,true
Veterinario,432.52,2024-01-27,EXPENSE,PIX,false
Transferencia recebida,1845.23,2024-01-27,INCOME,BANK_TRANSFER,false
Venda de produto,1008.32,2024-01-27,INCOME,BANK_TRANSFER,false
Academia,149.40,2024-01-28,EXPENSE,CREDIT_CARD,false
Conta de energia,220.40,2024-01-28,EXPENSE,CASH,true
Eletronicos,4329.71,2024-01-28,EXPENSE,BANK_TRANSFER,false
Impostos e taxas,1252.00,2024-01-28,EXPENSE,CREDIT_CARD,false
Livraria,272.11,2024-01-28,EXPENSE,PIX,false
Livraria,44.28,2024-01-28,EXPENSE,BOLETO,false
Passagem aerea,2373.22,2024-01-28,EXPENSE,BOLETO,false
Plano de saude,827.93,2024-01-28,EXPENSE,BANK_TRANSFER,true
Veterinario,439.42,2024-01-28,EXPENSE,CREDIT_CARD,false
Reembolso empresarial,127.23,2024-01-28,INCOME,PIX,false
Transferencia recebida,1420.87,2024-01-28,INCOME,PIX,false
Transferencia recebida,648.47,2024-01-28,INCOME,BANK_TRANSFER,false
Transferencia recebida,589.24,2024-01-28,INCOME,PIX,false
Aluguel residencial,2908.49,2024-01-29,EXPENSE,CASH,true
Curso online,332.77,2024-01-29,EXPENSE,CREDIT_CARD,false
Curso online,58.67,2024-01-29,EXPENSE,BANK_TRANSFER,false
Estacionamento,13.42,2024-01-29,EXPENSE,CREDIT_CARD,false
Internet residencial,176.67,2024-01-29,EXPENSE,CREDIT_CARD,true
Manutencao do veiculo,530.21,2024-01-29,EXPENSE,BANK_TRANSFER,false
Manutencao do veiculo,1458.97,2024-01-29,EXPENSE,BOLETO,false
Manutencao do veiculo,2092.12,2024-01-29,EXPENSE,CREDIT_CARD,false
Padaria,58.55,2024-01-29,EXPENSE,PIX,false
Pet shop,418.35,2024-01-29,EXPENSE,DEBIT_CARD,false
Plano de saude,831.85,2024-01-29,EXPENSE,CASH,true
Streaming,36.10,2024-01-29,EXPENSE,CASH,true
Aluguel recebido,1311.51,2024-01-29,INCOME,PIX,true
Venda de produto,1791.91,2024-01-29,INCOME,PIX,false
Academia,267.39,2024-01-30,EXPENSE,CREDIT_CARD,true
Aplicativo de transporte,25.95,2024-01-30,EXPENSE,CASH,false
Aplicativo de transporte,74.18,2024-01-30,EXPENSE,BOLETO,false
Condominio,438.09,2024-01-30,EXPENSE,CASH,true
Conta de energia,488.10,2024-01-30,EXPENSE,CREDIT_CARD,true
Conta de energia,366.95,2024-01-30,EXPENSE,DEBIT_CARD,true
Eletronicos,4729.35,2024-01-30,EXPENSE,PIX,false
Livraria,48.72,2024-01-30,EXPENSE,BOLETO,false
Manutencao do veiculo,955.96,2024-01-30,EXPENSE,BOLETO,false
Padaria,10.14,2024-01-30,EXPENSE,CASH,false
Padaria,20.07,2024-01-30,EXPENSE,DEBIT_CARD,false
Seguro do veiculo,512.08,2024-01-30,EXPENSE,BOLETO,true
Seguro do veiculo,202.81,2024-01-30,EXPENSE,CREDIT_CARD,true
Streaming,69.00,2024-01-30,EXPENSE,DEBIT_CARD,false
Veterinario,446.19,2024-01-30,EXPENSE,BANK_TRANSFER,false
Viagem e hospedagem,2538.77,2024-01-30,EXPENSE,BANK_TRANSFER,false
Salario mensal,6730.69,2024-01-30,INCOME,BANK_TRANSFER,true
Academia,206.35,2024-01-31,EXPENSE,CREDIT_CARD,true
Academia,113.99,2024-01-31,EXPENSE,BOLETO,true
Conta de energia,582.32,2024-01-31,EXPENSE,CASH,true
Curso online,651.01,2024-01-31,EXPENSE,CREDIT_CARD,false
Curso online,146.71,2024-01-31,EXPENSE,BOLETO,false
Estacionamento,30.97,2024-01-31,EXPENSE,PIX,false
Estacionamento,38.45,2024-01-31,EXPENSE,CREDIT_CARD,false
Passagem aerea,1624.90,2024-01-31,EXPENSE,CREDIT_CARD,false
Passagem aerea,1412.85,2024-01-31,EXPENSE,PIX,false
Plano de celular,167.29,2024-01-31,EXPENSE,BANK_TRANSFER,true
Plano de celular,78.27,2024-01-31,EXPENSE,BOLETO,true
Restaurante,199.26,2024-01-31,EXPENSE,BANK_TRANSFER,false
Transferencia recebida,467.30,2024-01-31,INCOME,BANK_TRANSFER,false
Transferencia recebida,788.45,2024-01-31,INCOME,BANK_TRANSFER,false
Cinema e lazer,115.32,2024-02-01,EXPENSE,DEBIT_CARD,false
Combustivel,412.38,2024-02-01,EXPENSE,CREDIT_CARD,false
Condominio,873.43,2024-02-01,EXPENSE,CREDIT_CARD,true
Conta de agua,99.09,2024-02-01,EXPENSE,CREDIT_CARD,true
Conta de agua,125.31,2024-02-01,EXPENSE,CASH,true
Conta de energia,123.56,2024-02-01,EXPENSE,PIX,false
Delivery de comida,36.53,2024-02-01,EXPENSE,CREDIT_CARD,false
Estacionamento,52.91,2024-02-01,EXPENSE,DEBIT_CARD,false
Loja de roupas,269.38,2024-02-01,EXPENSE,CREDIT_CARD,false
Loja de roupas,271.65,2024-02-01,EXPENSE,DEBIT_CARD,false
Padaria,64.56,2024-02-01,EXPENSE,PIX,false
Plano de celular,131.49,2024-02-01,EXPENSE,BANK_TRANSFER,true
Veterinario,818.28,2024-02-01,EXPENSE,PIX,false
Veterinario,297.88,2024-02-01,EXPENSE,BOLETO,false
Aluguel recebido,1431.83,2024-02-01,INCOME,PIX,false
Combustivel,130.52,2024-02-02,EXPENSE,PIX,false
Estacionamento,17.50,2024-02-02,EXPENSE,CREDIT_CARD,false
Impostos e taxas,870.57,2024-02-02,EXPENSE,DEBIT_CARD,false
Impostos e taxas,2035.57,2024-02-02,EXPENSE,BOLETO,false
Internet residencial,93.10,2024-02-02,EXPENSE,CREDIT_CARD,true
Aluguel recebido,3175.03,2024-02-02,INCOME,BANK_TRANSFER,false
Bonus profissional,2000.56,2024-02-02,INCOME,PIX,false
Transferencia recebida,827.72,2024-02-02,INCOME,BANK_TRANSFER,false
Aluguel residencial,2203.59,2024-02-03,EXPENSE,CASH,true
Combustivel,313.94,2024-02-03,EXPENSE,CREDIT_CARD,false
Condominio,1147.50,2024-02-03,EXPENSE,CASH,false
Condominio,619.19,2024-02-03,EXPENSE,CREDIT_CARD,true
Delivery de comida,36.88,2024-02-03,EXPENSE,CREDIT_CARD,false
Doacao,456.86,2024-02-03,EXPENSE,PIX,false
Impostos e taxas,2156.62,2024-02-03,EXPENSE,PIX,false
Internet residencial,181.95,2024-02-03,EXPENSE,BOLETO,true
Passagem aerea,570.46,2024-02-03,EXPENSE,CREDIT_CARD,false
Restaurante,280.84,2024-02-03,EXPENSE,DEBIT_CARD,false
Restaurante,197.99,2024-02-03,EXPENSE,BOLETO,false
Seguro do veiculo,298.38,2024-02-03,EXPENSE,BOLETO,true
Streaming,34.53,2024-02-03,EXPENSE,PIX,true
Supermercado,272.06,2024-02-03,EXPENSE,CREDIT_CARD,false
Supermercado,102.24,2024-02-03,EXPENSE,BANK_TRANSFER,false
Veterinario,589.84,2024-02-03,EXPENSE,BANK_TRANSFER,false
Veterinario,904.96,2024-02-03,EXPENSE,BANK_TRANSFER,false
Aluguel recebido,1069.11,2024-02-03,INCOME,PIX,true
Pagamento freelance,1152.41,2024-02-03,INCOME,PIX,false
Transferencia recebida,1315.97,2024-02-03,INCOME,BANK_TRANSFER,false
Doacao,348.57,2024-02-04,EXPENSE,CASH,false
Farmacia,192.92,2024-02-04,EXPENSE,BOLETO,false
Impostos e taxas,1503.44,2024-02-04,EXPENSE,CASH,false
Impostos e taxas,1997.03,2024-02-04,EXPENSE,BANK_TRANSFER,false
Internet residencial,182.65,2024-02-04,EXPENSE,BANK_TRANSFER,true
Manutencao do veiculo,677.01,2024-02-04,EXPENSE,BANK_TRANSFER,false
Passagem aerea,2836.73,2024-02-04,EXPENSE,BOLETO,false
Bonus profissional,1193.70,2024-02-04,INCOME,BANK_TRANSFER,false
Pagamento freelance,1749.39,2024-02-04,INCOME,BANK_TRANSFER,false
Aplicativo de transporte,35.83,2024-02-05,EXPENSE,CREDIT_CARD,false
Doacao,317.47,2024-02-05,EXPENSE,DEBIT_CARD,false
Estacionamento,71.95,2024-02-05,EXPENSE,PIX,false
Internet residencial,156.99,2024-02-05,EXPENSE,CASH,false
Manutencao do veiculo,2349.83,2024-02-05,EXPENSE,DEBIT_CARD,false
Manutencao do veiculo,557.17,2024-02-05,EXPENSE,CREDIT_CARD,false
Padaria,59.14,2024-02-05,EXPENSE,BOLETO,false
Pet shop,341.61,2024-02-05,EXPENSE,PIX,false
Aluguel recebido,2373.69,2024-02-05,INCOME,BANK_TRANSFER,true
Cinema e lazer,31.34,2024-02-06,EXPENSE,BANK_TRANSFER,false
Estacionamento,46.43,2024-02-06,EXPENSE,PIX,false
Impostos e taxas,1986.99,2024-02-06,EXPENSE,CREDIT_CARD,false
Internet residencial,113.26,2024-02-06,EXPENSE,PIX,true
Plano de celular,77.99,2024-02-06,EXPENSE,BOLETO,true
Veterinario,847.81,2024-02-06,EXPENSE,BOLETO,false
Aluguel recebido,1300.21,2024-02-06,INCOME,BANK_TRANSFER,true
Aluguel residencial,1985.82,2024-02-07,EXPENSE,CREDIT_CARD,true
Aplicativo de transporte,31.43,2024-02-07,EXPENSE,PIX,false
Conta de energia,226.18,2024-02-07,EXPENSE,PIX,true
Curso online,625.23,2024-02-07,EXPENSE,CREDIT_CARD,false
Loja de roupas,643.19,2024-02-07,EXPENSE,DEBIT_CARD,false
Manutencao do veiculo,198.29,2024-02-07,EXPENSE,PIX,false
Padaria,31.75,2024-02-07,EXPENSE,PIX,false
Supermercado,738.37,2024-02-07,EXPENSE,CASH,false
Supermercado,82.80,2024-02-07,EXPENSE,CREDIT_CARD,false
Estacionamento,44.48,2024-02-08,EXPENSE,PIX,false
Plano de celular,122.11,2024-02-08,EXPENSE,DEBIT_CARD,true
Viagem e hospedagem,4139.85,2024-02-08,EXPENSE,BANK_TRANSFER,false
Restituicao de imposto,774.27,2024-02-08,INCOME,PIX,false
Restituicao de imposto,946.80,2024-02-08,INCOME,PIX,false
Venda de produto,1531.93,2024-02-08,INCOME,PIX,false
Academia,220.11,2024-02-09,EXPENSE,BANK_TRANSFER,false
Aplicativo de transporte,49.37,2024-02-09,EXPENSE,DEBIT_CARD,false
Doacao,110.71,2024-02-09,EXPENSE,DEBIT_CARD,false
Impostos e taxas,475.47,2024-02-09,EXPENSE,CREDIT_CARD,false
Internet residencial,202.98,2024-02-09,EXPENSE,CASH,true
Manutencao do veiculo,2095.20,2024-02-09,EXPENSE,CREDIT_CARD,false
Plano de saude,1062.63,2024-02-09,EXPENSE,BOLETO,true
Streaming,74.67,2024-02-09,EXPENSE,DEBIT_CARD,true
Streaming,42.66,2024-02-09,EXPENSE,BOLETO,true
Streaming,24.93,2024-02-09,EXPENSE,CASH,true
Reembolso empresarial,505.59,2024-02-09,INCOME,PIX,false
Venda de produto,1302.55,2024-02-09,INCOME,BANK_TRANSFER,false
Aplicativo de transporte,34.39,2024-02-10,EXPENSE,BANK_TRANSFER,false
Delivery de comida,83.41,2024-02-10,EXPENSE,CASH,false
Eletronicos,3651.37,2024-02-10,EXPENSE,CREDIT_CARD,false
Eletronicos,4508.06,2024-02-10,EXPENSE,CREDIT_CARD,false
Livraria,249.90,2024-02-10,EXPENSE,DEBIT_CARD,false
Pet shop,223.65,2024-02-10,EXPENSE,PIX,false
Restaurante,228.47,2024-02-10,EXPENSE,CREDIT_CARD,false
Seguro do veiculo,228.30,2024-02-10,EXPENSE,BOLETO,true
Aluguel recebido,1936.69,2024-02-10,INCOME,PIX,true
Aluguel recebido,2675.06,2024-02-10,INCOME,BANK_TRANSFER,true
Pagamento freelance,1668.52,2024-02-10,INCOME,PIX,false
Rendimento de investimento,478.52,2024-02-10,INCOME,BANK_TRANSFER,true
Transferencia recebida,840.33,2024-02-10,INCOME,BANK_TRANSFER,false
Curso online,433.59,2024-02-11,EXPENSE,BANK_TRANSFER,false
Delivery de comida,156.42,2024-02-11,EXPENSE,CREDIT_CARD,false
Eletronicos,292.24,2024-02-11,EXPENSE,DEBIT_CARD,false
Eletronicos,125.44,2024-02-11,EXPENSE,CASH,false
Farmacia,154.50,2024-02-11,EXPENSE,BOLETO,false
Farmacia,38.69,2024-02-11,EXPENSE,BOLETO,false
Streaming,51.70,2024-02-11,EXPENSE,BANK_TRANSFER,true
Veterinario,345.79,2024-02-11,EXPENSE,BOLETO,false
Veterinario,108.51,2024-02-11,EXPENSE,DEBIT_CARD,false
Viagem e hospedagem,1792.90,2024-02-11,EXPENSE,CASH,false
Aluguel recebido,2605.11,2024-02-11,INCOME,BANK_TRANSFER,true
Reembolso empresarial,86.42,2024-02-11,INCOME,BANK_TRANSFER,false
Transferencia recebida,1342.37,2024-02-11,INCOME,PIX,false
Cinema e lazer,210.01,2024-02-12,EXPENSE,BANK_TRANSFER,false
Cinema e lazer,49.98,2024-02-12,EXPENSE,PIX,false
Conta de agua,237.16,2024-02-12,EXPENSE,CASH,true
Delivery de comida,159.08,2024-02-12,EXPENSE,PIX,false
Livraria,235.62,2024-02-12,EXPENSE,PIX,false
Loja de roupas,612.26,2024-02-12,EXPENSE,BOLETO,false
Loja de roupas,433.74,2024-02-12,EXPENSE,BOLETO,false
Restaurante,273.80,2024-02-12,EXPENSE,CREDIT_CARD,false
Supermercado,177.34,2024-02-12,EXPENSE,PIX,false
Condominio,1194.42,2024-02-13,EXPENSE,CASH,true
Doacao,240.53,2024-02-13,EXPENSE,CREDIT_CARD,false
Internet residencial,207.74,2024-02-13,EXPENSE,BOLETO,true
Passagem aerea,786.62,2024-02-13,EXPENSE,DEBIT_CARD,false
Streaming,58.68,2024-02-13,EXPENSE,BANK_TRANSFER,true
Academia,80.06,2024-02-14,EXPENSE,CASH,false
Academia,241.48,2024-02-14,EXPENSE,CREDIT_CARD,true
Cinema e lazer,224.19,2024-02-14,EXPENSE,BANK_TRANSFER,false
Combustivel,306.62,2024-02-14,EXPENSE,PIX,false
Condominio,771.46,2024-02-14,EXPENSE,CREDIT_CARD,true
Conta de energia,357.21,2024-02-14,EXPENSE,DEBIT_CARD,true
Curso online,61.62,2024-02-14,EXPENSE,PIX,false
Farmacia,236.76,2024-02-14,EXPENSE,CREDIT_CARD,false
Impostos e taxas,1324.68,2024-02-14,EXPENSE,PIX,false
Padaria,37.45,2024-02-14,EXPENSE,CASH,false
Pet shop,41.57,2024-02-14,EXPENSE,BANK_TRANSFER,false
Plano de celular,96.97,2024-02-14,EXPENSE,CASH,true
Restaurante,47.20,2024-02-14,EXPENSE,DEBIT_CARD,false
Restaurante,65.00,2024-02-14,EXPENSE,PIX,false
Veterinario,408.74,2024-02-14,EXPENSE,CASH,false
Academia,163.16,2024-02-15,EXPENSE,PIX,true
Academia,262.79,2024-02-15,EXPENSE,BANK_TRANSFER,true
Aluguel residencial,3310.84,2024-02-15,EXPENSE,CREDIT_CARD,true
Aplicativo de transporte,11.74,2024-02-15,EXPENSE,BANK_TRANSFER,false
Doacao,440.04,2024-02-15,EXPENSE,PIX,false
Doacao,494.86,2024-02-15,EXPENSE,BOLETO,false
Doacao,200.59,2024-02-15,EXPENSE,DEBIT_CARD,false
Impostos e taxas,754.47,2024-02-15,EXPENSE,CREDIT_CARD,false
Livraria,191.73,2024-02-15,EXPENSE,DEBIT_CARD,false
Padaria,81.21,2024-02-15,EXPENSE,BANK_TRANSFER,false
Pet shop,367.37,2024-02-15,EXPENSE,DEBIT_CARD,false
Pet shop,283.26,2024-02-15,EXPENSE,DEBIT_CARD,false
Plano de celular,170.55,2024-02-15,EXPENSE,CREDIT_CARD,true
Dividendos,706.39,2024-02-15,INCOME,PIX,true
Reembolso empresarial,456.75,2024-02-15,INCOME,PIX,false
Salario mensal,5297.12,2024-02-15,INCOME,BANK_TRANSFER,true
Academia,249.43,2024-02-16,EXPENSE,BOLETO,true
Academia,83.73,2024-02-16,EXPENSE,BANK_TRANSFER,false
Aluguel residencial,3696.76,2024-02-16,EXPENSE,BOLETO,true
Cinema e lazer,195.65,2024-02-16,EXPENSE,PIX,false
Curso online,206.81,2024-02-16,EXPENSE,CASH,false
Doacao,82.56,2024-02-16,EXPENSE,BOLETO,false
Internet residencial,92.21,2024-02-16,EXPENSE,CREDIT_CARD,true
Loja de roupas,844.23,2024-02-16,EXPENSE,PIX,false
Loja de roupas,659.51,2024-02-16,EXPENSE,BANK_TRANSFER,false
Streaming,76.05,2024-02-16,EXPENSE,CASH,true
Viagem e hospedagem,2914.72,2024-02-16,EXPENSE,DEBIT_CARD,false
Viagem e hospedagem,718.59,2024-02-16,EXPENSE,PIX,false
Aluguel recebido,2296.86,2024-02-16,INCOME,PIX,true
Reembolso empresarial,444.28,2024-02-16,INCOME,BANK_TRANSFER,false
Rendimento de investimento,86.85,2024-02-16,INCOME,BANK_TRANSFER,true
Salario mensal,6571.81,2024-02-16,INCOME,BANK_TRANSFER,true
Venda de produto,1270.20,2024-02-16,INCOME,PIX,false
Venda de produto,1768.06,2024-02-16,INCOME,BANK_TRANSFER,false
Aplicativo de transporte,93.28,2024-02-17,EXPENSE,PIX,false
Conta de energia,404.50,2024-02-17,EXPENSE,BOLETO,true
Doacao,306.81,2024-02-17,EXPENSE,CASH,false
Farmacia,82.61,2024-02-17,EXPENSE,CREDIT_CARD,false
Livraria,97.66,2024-02-17,EXPENSE,BANK_TRANSFER,false
Passagem aerea,2441.97,2024-02-17,EXPENSE,PIX,false
Pet shop,379.79,2024-02-17,EXPENSE,DEBIT_CARD,false
Veterinario,498.13,2024-02-17,EXPENSE,BOLETO,false
Viagem e hospedagem,2013.46,2024-02-17,EXPENSE,PIX,false
Academia,204.10,2024-02-18,EXPENSE,CASH,true
Cinema e lazer,95.35,2024-02-18,EXPENSE,PIX,false
Conta de energia,103.48,2024-02-18,EXPENSE,DEBIT_CARD,false
Curso online,533.76,2024-02-18,EXPENSE,BOLETO,false
Delivery de comida,38.22,2024-02-18,EXPENSE,CASH,false
Estacionamento,71.10,2024-02-18,EXPENSE,PIX,false
Internet residencial,98.62,2024-02-18,EXPENSE,DEBIT_CARD,true
Loja de roupas,752.14,2024-02-18,EXPENSE,PIX,false
Pet shop,404.38,2024-02-18,EXPENSE,DEBIT_CARD,false
Plano de celular,143.78,2024-02-18,EXPENSE,BOLETO,true
Plano de saude,787.61,2024-02-18,EXPENSE,CREDIT_CARD,false
Supermercado,803.19,2024-02-18,EXPENSE,CREDIT_CARD,false
Veterinario,479.90,2024-02-18,EXPENSE,PIX,false
Aluguel recebido,3040.69,2024-02-18,INCOME,BANK_TRANSFER,true
Dividendos,332.39,2024-02-18,INCOME,PIX,false
Pagamento freelance,713.57,2024-02-18,INCOME,PIX,false
Restituicao de imposto,1281.82,2024-02-18,INCOME,BANK_TRANSFER,false
Condominio,498.45,2024-02-19,EXPENSE,CREDIT_CARD,true
Conta de agua,43.91,2024-02-19,EXPENSE,DEBIT_CARD,true
Farmacia,367.85,2024-02-19,EXPENSE,BOLETO,false
Padaria,33.24,2024-02-19,EXPENSE,PIX,false
Padaria,22.15,2024-02-19,EXPENSE,CASH,false
Seguro do veiculo,478.32,2024-02-19,EXPENSE,BANK_TRANSFER,true
Streaming,43.85,2024-02-19,EXPENSE,CREDIT_CARD,false
Venda de produto,107.22,2024-02-19,INCOME,PIX,false
Venda de produto,372.72,2024-02-19,INCOME,PIX,false
Academia,164.66,2024-02-20,EXPENSE,CASH,true
Pet shop,78.98,2024-02-20,EXPENSE,BOLETO,false
Plano de celular,73.43,2024-02-20,EXPENSE,CREDIT_CARD,true
Restaurante,54.89,2024-02-20,EXPENSE,BOLETO,false
Viagem e hospedagem,1568.54,2024-02-20,EXPENSE,BOLETO,false
Bonus profissional,360.15,2024-02-20,INCOME,PIX,false
Rendimento de investimento,341.66,2024-02-20,INCOME,PIX,true
Condominio,1124.62,2024-02-21,EXPENSE,CREDIT_CARD,true
Conta de energia,493.30,2024-02-21,EXPENSE,BOLETO,true
Internet residencial,86.26,2024-02-21,EXPENSE,DEBIT_CARD,false
Loja de roupas,181.68,2024-02-21,EXPENSE,BOLETO,false
Padaria,32.20,2024-02-21,EXPENSE,DEBIT_CARD,false
Plano de celular,122.24,2024-02-21,EXPENSE,BOLETO,true
Seguro do veiculo,519.33,2024-02-21,EXPENSE,CREDIT_CARD,true
Veterinario,296.18,2024-02-21,EXPENSE,CASH,false
Viagem e hospedagem,1616.99,2024-02-21,EXPENSE,BANK_TRANSFER,false
Rendimento de investimento,486.30,2024-02-21,INCOME,BANK_TRANSFER,true
Transferencia recebida,26.34,2024-02-21,INCOME,PIX,false
Aluguel residencial,3534.43,2024-02-22,EXPENSE,BOLETO,true
Aluguel residencial,1856.27,2024-02-22,EXPENSE,DEBIT_CARD,true
Aplicativo de transporte,42.92,2024-02-22,EXPENSE,DEBIT_CARD,false
Combustivel,122.95,2024-02-22,EXPENSE,BANK_TRANSFER,false
Condominio,615.37,2024-02-22,EXPENSE,PIX,false
Conta de agua,166.61,2024-02-22,EXPENSE,CASH,false
Conta de energia,269.37,2024-02-22,EXPENSE,CREDIT_CARD,true
Doacao,471.69,2024-02-22,EXPENSE,PIX,false
Internet residencial,113.63,2024-02-22,EXPENSE,DEBIT_CARD,true
Internet residencial,190.54,2024-02-22,EXPENSE,BANK_TRANSFER,true
Pet shop,335.69,2024-02-22,EXPENSE,CREDIT_CARD,false
Streaming,77.99,2024-02-22,EXPENSE,CREDIT_CARD,true
Supermercado,459.02,2024-02-22,EXPENSE,BANK_TRANSFER,false
Viagem e hospedagem,3169.17,2024-02-22,EXPENSE,BOLETO,false
Rendimento de investimento,52.87,2024-02-22,INCOME,BANK_TRANSFER,false
Aplicativo de transporte,68.89,2024-02-23,EXPENSE,CREDIT_CARD,false
Condominio,616.14,2024-02-23,EXPENSE,BANK_TRANSFER,true
Conta de agua,241.55,2024-02-23,EXPENSE,BOLETO,true
Conta de energia,410.62,2024-02-23,EXPENSE,BOLETO,true
Eletronicos,3351.46,2024-02-23,EXPENSE,CREDIT_CARD,false
Estacionamento,38.17,2024-02-23,EXPENSE,CASH,false
Farmacia,96.23,2024-02-23,EXPENSE,BOLETO,false
Internet residencial,211.96,2024-02-23,EXPENSE,BOLETO,true
Manutencao do veiculo,951.63,2024-02-23,EXPENSE,CASH,false
Plano de celular,147.56,2024-02-23,EXPENSE,CASH,true
Streaming,36.21,2024-02-23,EXPENSE,CASH,true
Veterinario,940.17,2024-02-23,EXPENSE,DEBIT_CARD,false
Veterinario,160.11,2024-02-23,EXPENSE,DEBIT_CARD,false
Viagem e hospedagem,3732.57,2024-02-23,EXPENSE,CASH,false
Salario mensal,6618.89,2024-02-23,INCOME,PIX,true
Eletronicos,3803.52,2024-02-24,EXPENSE,BOLETO,false
Manutencao do veiculo,1033.63,2024-02-24,EXPENSE,BOLETO,false
Passagem aerea,1284.31,2024-02-24,EXPENSE,CREDIT_CARD,false
Plano de celular,43.74,2024-02-24,EXPENSE,DEBIT_CARD,true
Restaurante,215.09,2024-02-24,EXPENSE,DEBIT_CARD,false
Veterinario,427.03,2024-02-24,EXPENSE,BOLETO,false
Veterinario,861.79,2024-02-24,EXPENSE,BANK_TRANSFER,false
Combustivel,198.55,2024-02-25,EXPENSE,PIX,false
Delivery de comida,78.94,2024-02-25,EXPENSE,BANK_TRANSFER,false
Livraria,120.11,2024-02-25,EXPENSE,DEBIT_CARD,false
Plano de saude,293.29,2024-02-25,EXPENSE,BOLETO,false
Plano de saude,841.37,2024-02-25,EXPENSE,CASH,true
Restaurante,161.70,2024-02-25,EXPENSE,CASH,false
Restaurante,142.33,2024-02-25,EXPENSE,CREDIT_CARD,false
Restaurante,308.78,2024-02-25,EXPENSE,DEBIT_CARD,false
Seguro do veiculo,352.65,2024-02-25,EXPENSE,PIX,true
Veterinario,389.46,2024-02-25,EXPENSE,DEBIT_CARD,false
Transferencia recebida,189.93,2024-02-25,INCOME,BANK_TRANSFER,false
Combustivel,94.86,2024-02-26,EXPENSE,PIX,false
Condominio,314.24,2024-02-26,EXPENSE,BOLETO,true
Conta de agua,252.28,2024-02-26,EXPENSE,PIX,true
Conta de energia,398.66,2024-02-26,EXPENSE,DEBIT_CARD,true
Delivery de comida,92.74,2024-02-26,EXPENSE,CASH,false
Delivery de comida,38.26,2024-02-26,EXPENSE,PIX,false
Doacao,94.65,2024-02-26,EXPENSE,CASH,false
Farmacia,194.62,2024-02-26,EXPENSE,CASH,false
Loja de roupas,358.21,2024-02-26,EXPENSE,BOLETO,false
Manutencao do veiculo,969.90,2024-02-26,EXPENSE,DEBIT_CARD,false
Manutencao do veiculo,571.45,2024-02-26,EXPENSE,PIX,false
Passagem aerea,3446.73,2024-02-26,EXPENSE,CREDIT_CARD,false
Pet shop,189.80,2024-02-26,EXPENSE,BOLETO,false
Restaurante,102.46,2024-02-26,EXPENSE,BANK_TRANSFER,false
Supermercado,799.37,2024-02-26,EXPENSE,BANK_TRANSFER,false
Bonus profissional,616.48,2024-02-26,INCOME,PIX,false
Academia,97.75,2024-02-27,EXPENSE,PIX,true
Aluguel residencial,3840.41,2024-02-27,EXPENSE,CASH,true
Cinema e lazer,96.43,2024-02-27,EXPENSE,BOLETO,false
Condominio,988.86,2024-02-27,EXPENSE,PIX,true
Curso online,741.99,2024-02-27,EXPENSE,DEBIT_CARD,false
Internet residencial,136.60,2024-02-27,EXPENSE,CASH,true
Passagem aerea,1234.74,2024-02-27,EXPENSE,CASH,false
Restaurante,53.78,2024-02-27,EXPENSE,PIX,false
Seguro do veiculo,410.75,2024-02-27,EXPENSE,CASH,true
Seguro do veiculo,210.20,2024-02-27,EXPENSE,BOLETO,true
Streaming,25.15,2024-02-27,EXPENSE,CASH,true
Supermercado,315.08,2024-02-27,EXPENSE,DEBIT_CARD,false
Supermercado,441.14,2024-02-27,EXPENSE,CREDIT_CARD,false
Viagem e hospedagem,1609.34,2024-02-27,EXPENSE,BANK_TRANSFER,false
Aluguel recebido,3405.69,2024-02-27,INCOME,BANK_TRANSFER,true
Venda de produto,386.54,2024-02-27,INCOME,BANK_TRANSFER,false
Venda de produto,457.74,2024-02-27,INCOME,PIX,false
Estacionamento,57.43,2024-02-28,EXPENSE,DEBIT_CARD,false
Impostos e taxas,810.18,2024-02-28,EXPENSE,BOLETO,false
Impostos e taxas,687.14,2024-02-28,EXPENSE,PIX,false
Loja de roupas,760.41,2024-02-28,EXPENSE,CREDIT_CARD,false
Pet shop,231.52,2024-02-28,EXPENSE,BANK_TRANSFER,false
Streaming,85.35,2024-02-28,EXPENSE,BANK_TRANSFER,true
Viagem e hospedagem,4264.26,2024-02-28,EXPENSE,CASH,false
Transferencia recebida,213.85,2024-02-28,INCOME,BANK_TRANSFER,false
Venda de produto,1723.74,2024-02-28,INCOME,PIX,false
Academia,149.84,2024-02-29,EXPENSE,CREDIT_CARD,true
Aplicativo de transporte,89.19,2024-02-29,EXPENSE,CASH,false
Delivery de comida,22.82,2024-02-29,EXPENSE,BANK_TRANSFER,false
Farmacia,347.87,2024-02-29,EXPENSE,BANK_TRANSFER,false
Loja de roupas,652.54,2024-02-29,EXPENSE,CREDIT_CARD,false
Loja de roupas,528.86,2024-02-29,EXPENSE,CREDIT_CARD,false
Pet shop,416.44,2024-02-29,EXPENSE,CASH,false
Plano de saude,1039.50,2024-02-29,EXPENSE,BANK_TRANSFER,true
Restaurante,56.14,2024-02-29,EXPENSE,BANK_TRANSFER,false
Viagem e hospedagem,1424.23,2024-02-29,EXPENSE,BOLETO,false
Restituicao de imposto,2082.19,2024-02-29,INCOME,BANK_TRANSFER,false
Academia,116.36,2024-03-01,EXPENSE,CASH,true
Aluguel residencial,2047.15,2024-03-01,EXPENSE,CREDIT_CARD,true
Combustivel,415.13,2024-03-01,EXPENSE,BOLETO,false
Conta de energia,168.87,2024-03-01,EXPENSE,BANK_TRANSFER,true
Doacao,231.09,2024-03-01,EXPENSE,DEBIT_CARD,false
Padaria,51.50,2024-03-01,EXPENSE,CASH,false
Pet shop,125.45,2024-03-01,EXPENSE,DEBIT_CARD,false
Seguro do veiculo,373.62,2024-03-01,EXPENSE,CASH,true
Bonus profissional,3815.90,2024-03-01,INCOME,PIX,false
Academia,217.11,2024-03-02,EXPENSE,DEBIT_CARD,true
Combustivel,205.22,2024-03-02,EXPENSE,CREDIT_CARD,false
Conta de energia,366.77,2024-03-02,EXPENSE,PIX,true
Doacao,303.52,2024-03-02,EXPENSE,BANK_TRANSFER,false
Doacao,485.20,2024-03-02,EXPENSE,BOLETO,false
Eletronicos,3670.85,2024-03-02,EXPENSE,DEBIT_CARD,false
Farmacia,342.23,2024-03-02,EXPENSE,BANK_TRANSFER,false
Loja de roupas,524.06,2024-03-02,EXPENSE,PIX,false
Loja de roupas,152.35,2024-03-02,EXPENSE,BOLETO,false
Passagem aerea,2163.32,2024-03-02,EXPENSE,BOLETO,false
Pet shop,416.28,2024-03-02,EXPENSE,BOLETO,false
Plano de celular,179.31,2024-03-02,EXPENSE,BOLETO,true
Plano de saude,444.64,2024-03-02,EXPENSE,PIX,true
Supermercado,573.00,2024-03-02,EXPENSE,BANK_TRANSFER,false
Aluguel recebido,2632.10,2024-03-02,INCOME,BANK_TRANSFER,true
Dividendos,183.53,2024-03-02,INCOME,BANK_TRANSFER,true
Dividendos,690.66,2024-03-02,INCOME,BANK_TRANSFER,true
Transferencia recebida,2018.42,2024-03-02,INCOME,PIX,false
Academia,144.15,2024-03-03,EXPENSE,BANK_TRANSFER,false
Condominio,757.75,2024-03-03,EXPENSE,PIX,true
Impostos e taxas,1444.76,2024-03-03,EXPENSE,DEBIT_CARD,false
Loja de roupas,520.40,2024-03-03,EXPENSE,BANK_TRANSFER,false
Pet shop,299.27,2024-03-03,EXPENSE,PIX,false
Plano de celular,53.53,2024-03-03,EXPENSE,CASH,false
Supermercado,541.60,2024-03-03,EXPENSE,BANK_TRANSFER,false
Doacao,193.48,2024-03-04,EXPENSE,CREDIT_CARD,false
Estacionamento,70.87,2024-03-04,EXPENSE,CREDIT_CARD,false
Estacionamento,63.51,2024-03-04,EXPENSE,BANK_TRANSFER,false
Impostos e taxas,347.94,2024-03-04,EXPENSE,DEBIT_CARD,false
Internet residencial,86.65,2024-03-04,EXPENSE,BOLETO,true
Loja de roupas,167.48,2024-03-04,EXPENSE,CREDIT_CARD,false
Pet shop,64.26,2024-03-04,EXPENSE,BOLETO,false
Plano de saude,1217.63,2024-03-04,EXPENSE,DEBIT_CARD,false
Supermercado,821.20,2024-03-04,EXPENSE,BOLETO,false
Reembolso empresarial,589.28,2024-03-04,INCOME,BANK_TRANSFER,false
Condominio,1147.26,2024-03-05,EXPENSE,CREDIT_CARD,true
Conta de energia,430.22,2024-03-05,EXPENSE,PIX,true
Veterinario,865.58,2024-03-05,EXPENSE,CASH,false
Veterinario,558.82,2024-03-05,EXPENSE,CASH,false
Veterinario,206.96,2024-03-05,EXPENSE,CASH,false
Viagem e hospedagem,1489.74,2024-03-05,EXPENSE,CREDIT_CARD,false
Reembolso empresarial,740.75,2024-03-05,INCOME,BANK_TRANSFER,false
Aluguel residencial,1529.81,2024-03-06,EXPENSE,PIX,true
Aluguel residencial,1740.74,2024-03-06,EXPENSE,CREDIT_CARD,true
Cinema e lazer,184.17,2024-03-06,EXPENSE,PIX,false
Curso online,724.94,2024-03-06,EXPENSE,DEBIT_CARD,false
Curso online,323.07,2024-03-06,EXPENSE,CASH,false
Plano de saude,944.83,2024-03-06,EXPENSE,PIX,true
Supermercado,233.37,2024-03-06,EXPENSE,CREDIT_CARD,false
Supermercado,640.73,2024-03-06,EXPENSE,BANK_TRANSFER,false
Veterinario,622.60,2024-03-06,EXPENSE,CREDIT_CARD,false
Salario mensal,9072.12,2024-03-06,INCOME,PIX,true
Transferencia recebida,827.68,2024-03-06,INCOME,PIX,false
Academia,180.24,2024-03-07,EXPENSE,BANK_TRANSFER,true
Aluguel residencial,3519.78,2024-03-07,EXPENSE,CASH,true
Conta de agua,215.56,2024-03-07,EXPENSE,BOLETO,true
Impostos e taxas,1508.26,2024-03-07,EXPENSE,CASH,false
Impostos e taxas,1566.68,2024-03-07,EXPENSE,BOLETO,false
Loja de roupas,543.95,2024-03-07,EXPENSE,DEBIT_CARD,false
Manutencao do veiculo,244.33,2024-03-07,EXPENSE,BANK_TRANSFER,false
Passagem aerea,1287.59,2024-03-07,EXPENSE,DEBIT_CARD,false
Plano de saude,1495.09,2024-03-07,EXPENSE,PIX,true
Bonus profissional,4758.53,2024-03-07,INCOME,BANK_TRANSFER,false
Pagamento freelance,2674.95,2024-03-07,INCOME,PIX,false
Salario mensal,11652.48,2024-03-07,INCOME,PIX,true
Academia,253.28,2024-03-08,EXPENSE,DEBIT_CARD,true
Academia,234.01,2024-03-08,EXPENSE,DEBIT_CARD,false
Academia,124.19,2024-03-08,EXPENSE,BOLETO,true
Aluguel residencial,1229.70,2024-03-08,EXPENSE,CASH,true
Cinema e lazer,164.56,2024-03-08,EXPENSE,PIX,false
Cinema e lazer,236.74,2024-03-08,EXPENSE,PIX,false
Condominio,1147.64,2024-03-08,EXPENSE,BOLETO,true
Doacao,248.57,2024-03-08,EXPENSE,PIX,false
Estacionamento,21.05,2024-03-08,EXPENSE,PIX,false
Internet residencial,166.40,2024-03-08,EXPENSE,CASH,true
Livraria,133.49,2024-03-08,EXPENSE,CREDIT_CARD,false
Padaria,67.11,2024-03-08,EXPENSE,PIX,false
Pet shop,183.65,2024-03-08,EXPENSE,CASH,false
Plano de saude,363.54,2024-03-08,EXPENSE,PIX,true
Seguro do veiculo,506.18,2024-03-08,EXPENSE,CREDIT_CARD,true
Restituicao de imposto,1218.58,2024-03-08,INCOME,PIX,false
Aluguel residencial,3266.27,2024-03-09,EXPENSE,CASH,true
Aplicativo de transporte,20.24,2024-03-09,EXPENSE,CASH,false
Doacao,91.39,2024-03-09,EXPENSE,CREDIT_CARD,false
Eletronicos,2564.08,2024-03-09,EXPENSE,DEBIT_CARD,false
Internet residencial,214.70,2024-03-09,EXPENSE,DEBIT_CARD,true
Passagem aerea,3636.69,2024-03-09,EXPENSE,PIX,false
Plano de celular,132.23,2024-03-09,EXPENSE,CREDIT_CARD,true
Plano de saude,536.94,2024-03-09,EXPENSE,CASH,true
Supermercado,77.70,2024-03-09,EXPENSE,DEBIT_CARD,false
Restituicao de imposto,2724.53,2024-03-09,INCOME,BANK_TRANSFER,false
Aplicativo de transporte,90.01,2024-03-10,EXPENSE,CREDIT_CARD,false
Conta de agua,242.20,2024-03-10,EXPENSE,CREDIT_CARD,false
Curso online,686.44,2024-03-10,EXPENSE,CASH,false
Internet residencial,182.06,2024-03-10,EXPENSE,BOLETO,true
Passagem aerea,1301.71,2024-03-10,EXPENSE,CREDIT_CARD,false
Pet shop,80.73,2024-03-10,EXPENSE,PIX,false
Restaurante,319.93,2024-03-10,EXPENSE,BANK_TRANSFER,false
Seguro do veiculo,523.65,2024-03-10,EXPENSE,DEBIT_CARD,true
Streaming,46.27,2024-03-10,EXPENSE,DEBIT_CARD,true
Streaming,49.36,2024-03-10,EXPENSE,PIX,true
Supermercado,719.53,2024-03-10,EXPENSE,BANK_TRANSFER,false
Salario mensal,8355.30,2024-03-10,INCOME,PIX,false
Transferencia recebida,597.74,2024-03-10,INCOME,PIX,false
Academia,251.13,2024-03-11,EXPENSE,CREDIT_CARD,true
Aluguel residencial,2243.35,2024-03-11,EXPENSE,BOLETO,true
Aplicativo de transporte,11.81,2024-03-11,EXPENSE,CASH,false
Aplicativo de transporte,51.22,2024-03-11,EXPENSE,BANK_TRANSFER,false
Cinema e lazer,76.52,2024-03-11,EXPENSE,PIX,false
Cinema e lazer,95.86,2024-03-11,EXPENSE,BANK_TRANSFER,false
Condominio,1177.21,2024-03-11,EXPENSE,CREDIT_CARD,false
Conta de energia,258.93,2024-03-11,EXPENSE,PIX,true
Curso online,163.76,2024-03-11,EXPENSE,PIX,false
Eletronicos,107.51,2024-03-11,EXPENSE,DEBIT_CARD,false
Farmacia,157.59,2024-03-11,EXPENSE,DEBIT_CARD,false
Impostos e taxas,645.05,2024-03-11,EXPENSE,BOLETO,false
Internet residencial,127.51,2024-03-11,EXPENSE,BOLETO,false
Livraria,171.73,2024-03-11,EXPENSE,CREDIT_CARD,false
Loja de roupas,495.97,2024-03-11,EXPENSE,BOLETO,false
Loja de roupas,808.67,2024-03-11,EXPENSE,CREDIT_CARD,false
Loja de roupas,603.71,2024-03-11,EXPENSE,CREDIT_CARD,false
Manutencao do veiculo,1732.97,2024-03-11,EXPENSE,BOLETO,false
Supermercado,166.59,2024-03-11,EXPENSE,DEBIT_CARD,false
Supermercado,772.68,2024-03-11,EXPENSE,BOLETO,false
Bonus profissional,2303.91,2024-03-11,INCOME,BANK_TRANSFER,false
Restituicao de imposto,1873.37,2024-03-11,INCOME,PIX,false
Venda de produto,401.06,2024-03-11,INCOME,BANK_TRANSFER,false
Doacao,264.29,2024-03-12,EXPENSE,BANK_TRANSFER,false
Impostos e taxas,785.04,2024-03-12,EXPENSE,CASH,false
Padaria,57.90,2024-03-12,EXPENSE,CREDIT_CARD,false
Passagem aerea,1695.75,2024-03-12,EXPENSE,CASH,false
Pet shop,32.76,2024-03-12,EXPENSE,PIX,false
Pet shop,65.34,2024-03-12,EXPENSE,CREDIT_CARD,false
Plano de celular,145.09,2024-03-12,EXPENSE,CASH,true
Seguro do veiculo,519.89,2024-03-12,EXPENSE,DEBIT_CARD,true
Pagamento freelance,386.79,2024-03-12,INCOME,BANK_TRANSFER,false
Restituicao de imposto,1861.96,2024-03-12,INCOME,BANK_TRANSFER,false
Salario mensal,3821.80,2024-03-12,INCOME,BANK_TRANSFER,true
Conta de agua,91.08,2024-03-13,EXPENSE,PIX,true
Curso online,398.09,2024-03-13,EXPENSE,BANK_TRANSFER,false
Doacao,32.25,2024-03-13,EXPENSE,CASH,false
Loja de roupas,631.99,2024-03-13,EXPENSE,DEBIT_CARD,false
Padaria,80.09,2024-03-13,EXPENSE,PIX,false
Pet shop,123.12,2024-03-13,EXPENSE,PIX,false
Plano de celular,177.47,2024-03-13,EXPENSE,BANK_TRANSFER,true
Plano de saude,874.75,2024-03-13,EXPENSE,BANK_TRANSFER,true
Aluguel recebido,2774.15,2024-03-13,INCOME,BANK_TRANSFER,true
Dividendos,29.47,2024-03-13,INCOME,BANK_TRANSFER,true
Academia,153.72,2024-03-14,EXPENSE,BANK_TRANSFER,true
Conta de energia,435.51,2024-03-14,EXPENSE,CASH,true
Loja de roupas,385.46,2024-03-14,EXPENSE,DEBIT_CARD,false
Seguro do veiculo,272.13,2024-03-14,EXPENSE,DEBIT_CARD,true
Dividendos,592.74,2024-03-14,INCOME,PIX,true
Combustivel,158.85,2024-03-15,EXPENSE,CREDIT_CARD,false
Eletronicos,870.40,2024-03-15,EXPENSE,DEBIT_CARD,false
Estacionamento,64.21,2024-03-15,EXPENSE,CREDIT_CARD,false
Estacionamento,71.00,2024-03-15,EXPENSE,CASH,false
Loja de roupas,896.32,2024-03-15,EXPENSE,DEBIT_CARD,false
Plano de celular,131.32,2024-03-15,EXPENSE,DEBIT_CARD,false
Bonus profissional,2260.53,2024-03-15,INCOME,BANK_TRANSFER,false
Combustivel,323.44,2024-03-16,EXPENSE,DEBIT_CARD,false
Combustivel,179.32,2024-03-16,EXPENSE,BOLETO,false
Conta de energia,337.55,2024-03-16,EXPENSE,CREDIT_CARD,true
Delivery de comida,101.51,2024-03-16,EXPENSE,BANK_TRANSFER,false
Eletronicos,1090.88,2024-03-16,EXPENSE,BOLETO,false
Manutencao do veiculo,2090.39,2024-03-16,EXPENSE,CREDIT_CARD,false
Padaria,45.19,2024-03-16,EXPENSE,BOLETO,false
Passagem aerea,2280.42,2024-03-16,EXPENSE,CREDIT_CARD,false
Seguro do veiculo,354.68,2024-03-16,EXPENSE,BANK_TRANSFER,false
Viagem e hospedagem,913.46,2024-03-16,EXPENSE,DEBIT_CARD,false
Viagem e hospedagem,3325.84,2024-03-16,EXPENSE,CREDIT_CARD,false
Eletronicos,3614.26,2024-03-17,EXPENSE,DEBIT_CARD,false
Estacionamento,68.11,2024-03-17,EXPENSE,BANK_TRANSFER,false
Passagem aerea,3644.35,2024-03-17,EXPENSE,DEBIT_CARD,false
Plano de saude,846.07,2024-03-17,EXPENSE,BOLETO,true
Seguro do veiculo,466.04,2024-03-17,EXPENSE,DEBIT_CARD,true
Supermercado,710.78,2024-03-17,EXPENSE,BOLETO,false
Bonus profissional,2549.14,2024-03-17,INCOME,BANK_TRANSFER,false
Rendimento de investimento,570.37,2024-03-17,INCOME,BANK_TRANSFER,false
Academia,116.66,2024-03-18,EXPENSE,CASH,true
Cinema e lazer,39.58,2024-03-18,EXPENSE,BOLETO,false
Farmacia,336.16,2024-03-18,EXPENSE,DEBIT_CARD,false
Internet residencial,83.56,2024-03-18,EXPENSE,CASH,true
Passagem aerea,3480.10,2024-03-18,EXPENSE,PIX,false
Plano de celular,129.01,2024-03-18,EXPENSE,BANK_TRANSFER,true
Restaurante,139.75,2024-03-18,EXPENSE,BOLETO,false
Veterinario,220.38,2024-03-18,EXPENSE,BANK_TRANSFER,false
Viagem e hospedagem,691.78,2024-03-18,EXPENSE,PIX,false
Pagamento freelance,1531.96,2024-03-18,INCOME,PIX,false
Cinema e lazer,143.09,2024-03-19,EXPENSE,PIX,false
Condominio,462.39,2024-03-19,EXPENSE,BOLETO,true
Farmacia,215.49,2024-03-19,EXPENSE,DEBIT_CARD,false
Impostos e taxas,170.06,2024-03-19,EXPENSE,BANK_TRANSFER,false
Impostos e taxas,1705.84,2024-03-19,EXPENSE,DEBIT_CARD,false
Internet residencial,135.05,2024-03-19,EXPENSE,DEBIT_CARD,true
Passagem aerea,439.42,2024-03-19,EXPENSE,BANK_TRANSFER,false
Plano de saude,294.67,2024-03-19,EXPENSE,BOLETO,true
Seguro do veiculo,549.01,2024-03-19,EXPENSE,BANK_TRANSFER,true
Streaming,86.72,2024-03-19,EXPENSE,PIX,true
Supermercado,626.02,2024-03-19,EXPENSE,BOLETO,false
Aluguel recebido,1867.91,2024-03-19,INCOME,BANK_TRANSFER,true
Restituicao de imposto,2242.41,2024-03-19,INCOME,BANK_TRANSFER,false
Aluguel residencial,3766.02,2024-03-20,EXPENSE,CREDIT_CARD,true
Aplicativo de transporte,67.80,2024-03-20,EXPENSE,BANK_TRANSFER,false
Cinema e lazer,68.64,2024-03-20,EXPENSE,PIX,false
Cinema e lazer,126.55,2024-03-20,EXPENSE,CASH,false
Combustivel,242.28,2024-03-20,EXPENSE,BANK_TRANSFER,false
Condominio,525.11,2024-03-20,EXPENSE,PIX,false
Condominio,509.22,2024-03-20,EXPENSE,BANK_TRANSFER,false
Condominio,1182.41,2024-03-20,EXPENSE,BOLETO,true
Conta de energia,474.73,2024-03-20,EXPENSE,BOLETO,true
Doacao,407.18,2024-03-20,EXPENSE,CASH,false
Estacionamento,11.62,2024-03-20,EXPENSE,CREDIT_CARD,false
Loja de roupas,836.94,2024-03-20,EXPENSE,CASH,false
Plano de celular,59.85,2024-03-20,EXPENSE,BOLETO,true
Plano de celular,100.03,2024-03-20,EXPENSE,BOLETO,true
Viagem e hospedagem,2791.92,2024-03-20,EXPENSE,BOLETO,false
Dividendos,65.31,2024-03-20,INCOME,BANK_TRANSFER,true
Venda de produto,1627.38,2024-03-20,INCOME,BANK_TRANSFER,false
Venda de produto,1343.46,2024-03-20,INCOME,PIX,false
Aplicativo de transporte,62.75,2024-03-21,EXPENSE,CREDIT_CARD,false
Cinema e lazer,216.54,2024-03-21,EXPENSE,PIX,false
Combustivel,98.92,2024-03-21,EXPENSE,DEBIT_CARD,false
Condominio,1048.15,2024-03-21,EXPENSE,CASH,true
Delivery de comida,147.77,2024-03-21,EXPENSE,BANK_TRANSFER,false
Farmacia,140.43,2024-03-21,EXPENSE,CASH,false
Impostos e taxas,306.09,2024-03-21,EXPENSE,CREDIT_CARD,false
Internet residencial,146.29,2024-03-21,EXPENSE,CREDIT_CARD,true
Loja de roupas,282.99,2024-03-21,EXPENSE,BOLETO,false
Plano de celular,48.51,2024-03-21,EXPENSE,DEBIT_CARD,true
Restaurante,313.79,2024-03-21,EXPENSE,PIX,false
Veterinario,899.79,2024-03-21,EXPENSE,BANK_TRANSFER,false
Veterinario,694.04,2024-03-21,EXPENSE,DEBIT_CARD,false
Rendimento de investimento,467.11,2024-03-21,INCOME,BANK_TRANSFER,true
Restituicao de imposto,2159.90,2024-03-21,INCOME,PIX,false
Conta de energia,388.70,2024-03-22,EXPENSE,BANK_TRANSFER,true
Impostos e taxas,1063.67,2024-03-22,EXPENSE,BOLETO,false
Internet residencial,134.93,2024-03-22,EXPENSE,PIX,true
Loja de roupas,275.34,2024-03-22,EXPENSE,DEBIT_CARD,false
Plano de celular,68.62,2024-03-22,EXPENSE,DEBIT_CARD,true
Dividendos,446.04,2024-03-22,INCOME,PIX,true
Pagamento freelance,463.90,2024-03-22,INCOME,PIX,false
Aplicativo de transporte,84.75,2024-03-23,EXPENSE,PIX,false
Conta de agua,156.98,2024-03-23,EXPENSE,CREDIT_CARD,true
Doacao,40.95,2024-03-23,EXPENSE,CREDIT_CARD,false
Livraria,142.38,2024-03-23,EXPENSE,PIX,false
Loja de roupas,214.38,2024-03-23,EXPENSE,CASH,false
Padaria,59.44,2024-03-23,EXPENSE,CASH,false
Pet shop,408.29,2024-03-23,EXPENSE,BOLETO,false
Aplicativo de transporte,36.47,2024-03-24,EXPENSE,CASH,false
Combustivel,72.40,2024-03-24,EXPENSE,CASH,false
Doacao,57.13,2024-03-24,EXPENSE,BANK_TRANSFER,false
Eletronicos,2437.76,2024-03-24,EXPENSE,BANK_TRANSFER,false
Padaria,26.67,2024-03-24,EXPENSE,PIX,false
Restaurante,309.48,2024-03-24,EXPENSE,CASH,false
Restituicao de imposto,1075.47,2024-03-24,INCOME,PIX,false
Condominio,337.71,2024-03-25,EXPENSE,BOLETO,true
Condominio,733.46,2024-03-25,EXPENSE,CREDIT_CARD,true
Eletronicos,1166.33,2024-03-25,EXPENSE,CREDIT_CARD,false
Internet residencial,205.31,2024-03-25,EXPENSE,DEBIT_CARD,false
Padaria,62.56,2024-03-25,EXPENSE,BANK_TRANSFER,false
Pet shop,100.19,2024-03-25,EXPENSE,DEBIT_CARD,false
Plano de saude,1134.89,2024-03-25,EXPENSE,DEBIT_CARD,true
Plano de saude,572.54,2024-03-25,EXPENSE,DEBIT_CARD,true
Restaurante,296.98,2024-03-25,EXPENSE,CASH,false
Seguro do veiculo,272.24,2024-03-25,EXPENSE,PIX,true
Veterinario,889.26,2024-03-25,EXPENSE,CREDIT_CARD,false
Bonus profissional,2508.59,2024-03-25,INCOME,BANK_TRANSFER,false
Pagamento freelance,2963.34,2024-03-25,INCOME,PIX,false
Restituicao de imposto,2501.15,2024-03-25,INCOME,BANK_TRANSFER,false
Transferencia recebida,169.59,2024-03-25,INCOME,BANK_TRANSFER,false
Academia,200.72,2024-03-26,EXPENSE,CREDIT_CARD,true
Aplicativo de transporte,10.96,2024-03-26,EXPENSE,BANK_TRANSFER,false
Cinema e lazer,114.75,2024-03-26,EXPENSE,BANK_TRANSFER,false
Condominio,507.09,2024-03-26,EXPENSE,BANK_TRANSFER,true
Conta de energia,345.59,2024-03-26,EXPENSE,BOLETO,true
Delivery de comida,140.03,2024-03-26,EXPENSE,BOLETO,false
Delivery de comida,89.80,2024-03-26,EXPENSE,CREDIT_CARD,false
Doacao,116.51,2024-03-26,EXPENSE,CREDIT_CARD,false
Estacionamento,69.11,2024-03-26,EXPENSE,BANK_TRANSFER,false
Farmacia,217.12,2024-03-26,EXPENSE,DEBIT_CARD,false
Loja de roupas,641.31,2024-03-26,EXPENSE,PIX,false
Padaria,11.25,2024-03-26,EXPENSE,PIX,false
Padaria,71.26,2024-03-26,EXPENSE,DEBIT_CARD,false
Restaurante,142.67,2024-03-26,EXPENSE,CREDIT_CARD,false
Streaming,63.02,2024-03-26,EXPENSE,BOLETO,true
Supermercado,829.05,2024-03-26,EXPENSE,CREDIT_CARD,false
Aluguel recebido,1687.03,2024-03-26,INCOME,PIX,false
Academia,80.77,2024-03-27,EXPENSE,CREDIT_CARD,true
Aplicativo de transporte,76.09,2024-03-27,EXPENSE,BOLETO,false
Conta de energia,306.54,2024-03-27,EXPENSE,CREDIT_CARD,true
Conta de energia,530.09,2024-03-27,EXPENSE,CREDIT_CARD,true
Eletronicos,4858.40,2024-03-27,EXPENSE,PIX,false
Estacionamento,70.60,2024-03-27,EXPENSE,CASH,false
Manutencao do veiculo,1770.76,2024-03-27,EXPENSE,CREDIT_CARD,false
Dividendos,484.82,2024-03-27,INCOME,PIX,false
Rendimento de investimento,528.02,2024-03-27,INCOME,BANK_TRANSFER,true
Academia,178.92,2024-03-28,EXPENSE,BANK_TRANSFER,true
Cinema e lazer,20.26,2024-03-28,EXPENSE,DEBIT_CARD,false
Condominio,887.49,2024-03-28,EXPENSE,CASH,false
Farmacia,29.41,2024-03-28,EXPENSE,PIX,false
Livraria,38.73,2024-03-28,EXPENSE,PIX,false
Loja de roupas,75.20,2024-03-28,EXPENSE,CASH,false
Manutencao do veiculo,1100.00,2024-03-28,EXPENSE,BOLETO,false
Conta de agua,240.86,2024-03-29,EXPENSE,DEBIT_CARD,true
Delivery de comida,134.57,2024-03-29,EXPENSE,CREDIT_CARD,false
Impostos e taxas,1893.74,2024-03-29,EXPENSE,CASH,false
Passagem aerea,2509.73,2024-03-29,EXPENSE,PIX,false
Pet shop,317.71,2024-03-29,EXPENSE,CREDIT_CARD,false
Supermercado,394.81,2024-03-29,EXPENSE,BANK_TRANSFER,false
Rendimento de investimento,107.15,2024-03-29,INCOME,BANK_TRANSFER,false
Rendimento de investimento,515.98,2024-03-29,INCOME,BANK_TRANSFER,true
Academia,129.04,2024-03-30,EXPENSE,CASH,true
Impostos e taxas,567.00,2024-03-30,EXPENSE,DEBIT_CARD,false
Livraria,199.63,2024-03-30,EXPENSE,PIX,false
Manutencao do veiculo,1196.22,2024-03-30,EXPENSE,PIX,false
Restaurante,276.36,2024-03-30,EXPENSE,CASH,false
Streaming,74.55,2024-03-30,EXPENSE,PIX,true
Veterinario,787.40,2024-03-30,EXPENSE,CASH,false
Restituicao de imposto,399.83,2024-03-30,INCOME,BANK_TRANSFER,false
Aluguel residencial,3636.39,2024-03-31,EXPENSE,CREDIT_CARD,false
Aluguel residencial,2847.03,2024-03-31,EXPENSE,BOLETO,true
Farmacia,64.97,2024-03-31,EXPENSE,BOLETO,false
Livraria,227.46,2024-03-31,EXPENSE,BOLETO,false
Loja de roupas,455.55,2024-03-31,EXPENSE,CREDIT_CARD,false
Manutencao do veiculo,1574.42,2024-03-31,EXPENSE,BANK_TRANSFER,false
Plano de celular,168.30,2024-03-31,EXPENSE,BOLETO,true
Streaming,75.57,2024-03-31,EXPENSE,DEBIT_CARD,false
Supermercado,578.16,2024-03-31,EXPENSE,BANK_TRANSFER,false
Bonus profissional,926.36,2024-03-31,INCOME,PIX,false
Pagamento freelance,4129.48,2024-03-31,INCOME,BANK_TRANSFER,false
Academia,93.23,2024-04-01,EXPENSE,BOLETO,true
Aplicativo de transporte,40.30,2024-04-01,EXPENSE,PIX,false
Conta de agua,176.24,2024-04-01,EXPENSE,CASH,true
Impostos e taxas,863.45,2024-04-01,EXPENSE,BOLETO,false
Livraria,170.09,2024-04-01,EXPENSE,BANK_TRANSFER,false
Pet shop,362.87,2024-04-01,EXPENSE,PIX,false
Seguro do veiculo,437.15,2024-04-01,EXPENSE,DEBIT_CARD,true
Streaming,64.63,2024-04-01,EXPENSE,BOLETO,true
Streaming,65.08,2024-04-01,EXPENSE,PIX,false
Supermercado,694.73,2024-04-01,EXPENSE,CASH,false
Veterinario,881.56,2024-04-01,EXPENSE,BOLETO,false
Reembolso empresarial,504.56,2024-04-01,INCOME,PIX,false
Academia,147.69,2024-04-02,EXPENSE,DEBIT_CARD,true
Academia,246.84,2024-04-02,EXPENSE,CASH,true
Aplicativo de transporte,15.12,2024-04-02,EXPENSE,DEBIT_CARD,false
Combustivel,409.00,2024-04-02,EXPENSE,PIX,false
Condominio,530.54,2024-04-02,EXPENSE,PIX,true
Condominio,798.78,2024-04-02,EXPENSE,CASH,true
Internet residencial,120.06,2024-04-02,EXPENSE,DEBIT_CARD,false
Padaria,55.74,2024-04-02,EXPENSE,BANK_TRANSFER,false
Restaurante,38.65,2024-04-02,EXPENSE,BOLETO,false
Veterinario,918.10,2024-04-02,EXPENSE,CREDIT_CARD,false
Bonus profissional,3943.74,2024-04-02,INCOME,BANK_TRANSFER,false
Dividendos,296.26,2024-04-02,INCOME,PIX,true
Venda de produto,440.53,2024-04-02,INCOME,PIX,false
Academia,122.22,2024-04-03,EXPENSE,BOLETO,true
Cinema e lazer,108.18,2024-04-03,EXPENSE,DEBIT_CARD,false
Cinema e lazer,215.89,2024-04-03,EXPENSE,CASH,false
Cinema e lazer,203.53,2024-04-03,EXPENSE,BANK_TRANSFER,false
Conta de agua,91.78,2024-04-03,EXPENSE,BANK_TRANSFER,true
Doacao,34.61,2024-04-03,EXPENSE,CREDIT_CARD,false
Internet residencial,133.78,2024-04-03,EXPENSE,BANK_TRANSFER,true
Livraria,224.80,2024-04-03,EXPENSE,BANK_TRANSFER,false
Padaria,55.06,2024-04-03,EXPENSE,BOLETO,false
Streaming,81.24,2024-04-03,EXPENSE,BANK_TRANSFER,true
Viagem e hospedagem,1132.70,2024-04-03,EXPENSE,CREDIT_CARD,false
Cinema e lazer,55.41,2024-04-04,EXPENSE,DEBIT_CARD,false
Conta de agua,189.87,2024-04-04,EXPENSE,BOLETO,true
Conta de energia,393.41,2024-04-04,EXPENSE,CASH,true
Curso online,317.45,2024-04-04,EXPENSE,BOLETO,false
Impostos e taxas,762.28,2024-04-04,EXPENSE,CASH,false
Pet shop,215.63,2024-04-04,EXPENSE,CREDIT_CARD,false
Pet shop,75.40,2024-04-04,EXPENSE,PIX,false
Plano de saude,910.65,2024-04-04,EXPENSE,BOLETO,true
Supermercado,584.59,2024-04-04,EXPENSE,BOLETO,false
Viagem e hospedagem,1651.45,2024-04-04,EXPENSE,BOLETO,false
Reembolso empresarial,670.89,2024-04-04,INCOME,BANK_TRANSFER,false
Rendimento de investimento,19.52,2024-04-04,INCOME,PIX,true
Aluguel residencial,2274.75,2024-04-05,EXPENSE,CREDIT_CARD,true
Cinema e lazer,187.35,2024-04-05,EXPENSE,BANK_TRANSFER,false
Cinema e lazer,172.20,2024-04-05,EXPENSE,PIX,false
Combustivel,307.74,2024-04-05,EXPENSE,BANK_TRANSFER,false
Conta de energia,611.17,2024-04-05,EXPENSE,DEBIT_CARD,true
Farmacia,41.62,2024-04-05,EXPENSE,BOLETO,false
Padaria,67.21,2024-04-05,EXPENSE,CREDIT_CARD,false
Pet shop,165.39,2024-04-05,EXPENSE,PIX,false
Bonus profissional,2496.07,2024-04-05,INCOME,BANK_TRANSFER,false
Rendimento de investimento,162.02,2024-04-05,INCOME,PIX,false
Aluguel residencial,3992.15,2024-04-06,EXPENSE,BOLETO,true
Curso online,716.43,2024-04-06,EXPENSE,BOLETO,false
Doacao,49.93,2024-04-06,EXPENSE,DEBIT_CARD,false
Estacionamento,47.96,2024-04-06,EXPENSE,BOLETO,false
Impostos e taxas,1938.60,2024-04-06,EXPENSE,PIX,false
Internet residencial,187.04,2024-04-06,EXPENSE,CASH,true
Manutencao do veiculo,1836.82,2024-04-06,EXPENSE,DEBIT_CARD,false
Plano de saude,1176.93,2024-04-06,EXPENSE,BANK_TRANSFER,true
Delivery de comida,31.67,2024-04-07,EXPENSE,BOLETO,false
Delivery de comida,32.05,2024-04-07,EXPENSE,CASH,false
Estacionamento,59.15,2024-04-07,EXPENSE,DEBIT_CARD,false
Impostos e taxas,1997.26,2024-04-07,EXPENSE,CASH,false
Loja de roupas,683.18,2024-04-07,EXPENSE,BOLETO,false
Plano de celular,146.75,2024-04-07,EXPENSE,PIX,true
Seguro do veiculo,497.74,2024-04-07,EXPENSE,BANK_TRANSFER,true
Streaming,53.11,2024-04-07,EXPENSE,BANK_TRANSFER,true
Veterinario,594.98,2024-04-07,EXPENSE,BANK_TRANSFER,false
Bonus profissional,3397.13,2024-04-07,INCOME,PIX,false
Doacao,210.76,2024-04-08,EXPENSE,CASH,false
Eletronicos,1666.65,2024-04-08,EXPENSE,BOLETO,false
Loja de roupas,167.62,2024-04-08,EXPENSE,CREDIT_CARD,false
Loja de roupas,438.03,2024-04-08,EXPENSE,CREDIT_CARD,false
Padaria,80.24,2024-04-08,EXPENSE,PIX,false
Seguro do veiculo,154.21,2024-04-08,EXPENSE,CREDIT_CARD,true
Streaming,39.49,2024-04-08,EXPENSE,DEBIT_CARD,true
Veterinario,781.53,2024-04-08,EXPENSE,BOLETO,false
Restituicao de imposto,2653.15,2024-04-08,INCOME,BANK_TRANSFER,false
Academia,274.94,2024-04-09,EXPENSE,DEBIT_CARD,true
Academia,206.08,2024-04-09,EXPENSE,CASH,false
Aluguel residencial,1108.22,2024-04-09,EXPENSE,CASH,true
Aplicativo de transporte,85.46,2024-04-09,EXPENSE,PIX,false
Condominio,1027.99,2024-04-09,EXPENSE,PIX,true
Conta de energia,187.82,2024-04-09,EXPENSE,DEBIT_CARD,true
Eletronicos,4896.75,2024-04-09,EXPENSE,PIX,false
Farmacia,234.37,2024-04-09,EXPENSE,DEBIT_CARD,false
Loja de roupas,392.87,2024-04-09,EXPENSE,BOLETO,false
Dividendos,504.78,2024-04-09,INCOME,BANK_TRANSFER,true
Academia,180.51,2024-04-10,EXPENSE,BANK_TRANSFER,false
Combustivel,185.29,2024-04-10,EXPENSE,BANK_TRANSFER,false
Condominio,647.28,2024-04-10,EXPENSE,CASH,true
Delivery de comida,152.78,2024-04-10,EXPENSE,CREDIT_CARD,false
Doacao,304.67,2024-04-10,EXPENSE,CASH,false
Eletronicos,1064.02,2024-04-10,EXPENSE,BANK_TRANSFER,false
Eletronicos,490.79,2024-04-10,EXPENSE,PIX,false
Estacionamento,10.18,2024-04-10,EXPENSE,DEBIT_CARD,false
Farmacia,345.63,2024-04-10,EXPENSE,PIX,false
Viagem e hospedagem,4313.06,2024-04-10,EXPENSE,DEBIT_CARD,false
Aplicativo de transporte,79.13,2024-04-11,EXPENSE,PIX,false
Cinema e lazer,89.64,2024-04-11,EXPENSE,CASH,false
Condominio,847.36,2024-04-11,EXPENSE,BANK_TRANSFER,true
Condominio,775.79,2024-04-11,EXPENSE,CREDIT_CARD,true
Doacao,79.93,2024-04-11,EXPENSE,CREDIT_CARD,false
Eletronicos,910.25,2024-04-11,EXPENSE,CREDIT_CARD,false
Eletronicos,2635.22,2024-04-11,EXPENSE,DEBIT_CARD,false
Internet residencial,151.83,2024-04-11,EXPENSE,BOLETO,false
Livraria,94.19,2024-04-11,EXPENSE,BANK_TRANSFER,false
Padaria,55.47,2024-04-11,EXPENSE,DEBIT_CARD,false
Plano de celular,88.72,2024-04-11,EXPENSE,PIX,false
Supermercado,245.78,2024-04-11,EXPENSE,CREDIT_CARD,false
Veterinario,756.95,2024-04-11,EXPENSE,PIX,false
Viagem e hospedagem,3529.85,2024-04-11,EXPENSE,PIX,false
Aluguel residencial,3303.07,2024-04-12,EXPENSE,BOLETO,true
Curso online,722.13,2024-04-12,EXPENSE,BOLETO,false
Internet residencial,194.39,2024-04-12,EXPENSE,CASH,true
Loja de roupas,880.28,2024-04-12,EXPENSE,BOLETO,false
Manutencao do veiculo,1161.24,2024-04-12,EXPENSE,CREDIT_CARD,false
Padaria,42.35,2024-04-12,EXPENSE,DEBIT_CARD,false
Plano de celular,71.37,2024-04-12,EXPENSE,DEBIT_CARD,true
Plano de celular,97.34,2024-04-12,EXPENSE,BANK_TRANSFER,true
Streaming,74.12,2024-04-12,EXPENSE,DEBIT_CARD,true
Supermercado,753.83,2024-04-12,EXPENSE,CASH,false
Bonus profissional,2601.04,2024-04-12,INCOME,PIX,false
Conta de agua,175.02,2024-04-13,EXPENSE,CREDIT_CARD,false
Farmacia,164.37,2024-04-13,EXPENSE,CASH,false
Farmacia,352.13,2024-04-13,EXPENSE,BANK_TRANSFER,false
Plano de saude,751.35,2024-04-13,EXPENSE,CASH,true
Plano de saude,294.32,2024-04-13,EXPENSE,BANK_TRANSFER,true
Supermercado,522.48,2024-04-13,EXPENSE,CREDIT_CARD,false
Aluguel recebido,3125.16,2024-04-13,INCOME,PIX,false
Aplicativo de transporte,73.22,2024-04-14,EXPENSE,DEBIT_CARD,false
Cinema e lazer,105.23,2024-04-14,EXPENSE,PIX,false
Conta de energia,558.92,2024-04-14,EXPENSE,BANK_TRANSFER,false
Eletronicos,4473.14,2024-04-14,EXPENSE,DEBIT_CARD,false
Plano de celular,134.79,2024-04-14,EXPENSE,DEBIT_CARD,true
Plano de saude,762.98,2024-04-14,EXPENSE,PIX,false
Streaming,58.91,2024-04-14,EXPENSE,BOLETO,true
Pagamento freelance,4444.36,2024-04-14,INCOME,PIX,false
Curso online,642.65,2024-04-15,EXPENSE,CASH,false
Doacao,79.37,2024-04-15,EXPENSE,CASH,false
Pet shop,148.67,2024-04-15,EXPENSE,CREDIT_CARD,false
Pet shop,285.21,2024-04-15,EXPENSE,DEBIT_CARD,false
Restaurante,73.23,2024-04-15,EXPENSE,DEBIT_CARD,false
Supermercado,465.21,2024-04-15,EXPENSE,BOLETO,false
Veterinario,154.51,2024-04-15,EXPENSE,BOLETO,false
Venda de produto,308.65,2024-04-15,INCOME,BANK_TRANSFER,false
Aluguel residencial,1202.85,2024-04-16,EXPENSE,CASH,true
Aplicativo de transporte,75.65,2024-04-16,EXPENSE,CREDIT_CARD,false
Conta de energia,597.12,2024-04-16,EXPENSE,PIX,true
Conta de energia,479.38,2024-04-16,EXPENSE,CREDIT_CARD,true
Curso online,531.54,2024-04-16,EXPENSE,BANK_TRANSFER,false
Doacao,455.76,2024-04-16,EXPENSE,CREDIT_CARD,false
Eletronicos,2535.34,2024-04-16,EXPENSE,CASH,false
Impostos e taxas,144.68,2024-04-16,EXPENSE,PIX,false
Livraria,233.39,2024-04-16,EXPENSE,DEBIT_CARD,false
Livraria,153.80,2024-04-16,EXPENSE,PIX,false
Restaurante,229.68,2024-04-16,EXPENSE,BANK_TRANSFER,false
Restaurante,178.04,2024-04-16,EXPENSE,CASH,false
Seguro do veiculo,441.88,2024-04-16,EXPENSE,PIX,true
Streaming,62.05,2024-04-16,EXPENSE,BANK_TRANSFER,true
Supermercado,62.98,2024-04-16,EXPENSE,CREDIT_CARD,false
Veterinario,158.46,2024-04-16,EXPENSE,PIX,false
Dividendos,167.90,2024-04-16,INCOME,BANK_TRANSFER,true
Dividendos,505.18,2024-04-16,INCOME,PIX,true
Reembolso empresarial,787.36,2024-04-16,INCOME,PIX,false
Transferencia recebida,1773.06,2024-04-16,INCOME,PIX,false
Conta de agua,251.18,2024-04-17,EXPENSE,BANK_TRANSFER,true
Padaria,45.95,2024-04-17,EXPENSE,BOLETO,false
Streaming,69.50,2024-04-17,EXPENSE,BOLETO,true
Streaming,75.88,2024-04-17,EXPENSE,BANK_TRANSFER,true
Streaming,61.51,2024-04-17,EXPENSE,CREDIT_CARD,true
Supermercado,623.01,2024-04-17,EXPENSE,BOLETO,false
Academia,157.20,2024-04-18,EXPENSE,CREDIT_CARD,true
Conta de agua,44.94,2024-04-18,EXPENSE,BOLETO,true
Delivery de comida,117.97,2024-04-18,EXPENSE,BOLETO,false
Loja de roupas,708.04,2024-04-18,EXPENSE,BANK_TRANSFER,false
Loja de roupas,694.07,2024-04-18,EXPENSE,BOLETO,false
Pet shop,348.10,2024-04-18,EXPENSE,PIX,false
Supermercado,224.01,2024-04-18,EXPENSE,BANK_TRANSFER,false
Supermercado,143.07,2024-04-18,EXPENSE,BOLETO,false
Viagem e hospedagem,3490.89,2024-04-18,EXPENSE,PIX,false
Pagamento freelance,2288.19,2024-04-18,INCOME,PIX,false
Delivery de comida,139.79,2024-04-19,EXPENSE,CREDIT_CARD,false
Eletronicos,583.59,2024-04-19,EXPENSE,CREDIT_CARD,false
Farmacia,257.52,2024-04-19,EXPENSE,CASH,false
Loja de roupas,180.19,2024-04-19,EXPENSE,BOLETO,false
Padaria,26.52,2024-04-19,EXPENSE,BANK_TRANSFER,false
Restaurante,135.12,2024-04-19,EXPENSE,BANK_TRANSFER,false
Rendimento de investimento,189.46,2024-04-19,INCOME,BANK_TRANSFER,true
Academia,207.59,2024-04-20,EXPENSE,CASH,true
Aluguel residencial,2157.77,2024-04-20,EXPENSE,CREDIT_CARD,true
Cinema e lazer,65.55,2024-04-20,EXPENSE,BANK_TRANSFER,false
Combustivel,147.45,2024-04-20,EXPENSE,CREDIT_CARD,false
Condominio,1182.90,2024-04-20,EXPENSE,CASH,false
Conta de energia,341.05,2024-04-20,EXPENSE,BANK_TRANSFER,true
Conta de energia,422.57,2024-04-20,EXPENSE,CREDIT_CARD,true
Doacao,439.22,2024-04-20,EXPENSE,DEBIT_CARD,false
Doacao,330.68,2024-04-20,EXPENSE,DEBIT_CARD,false
Eletronicos,3954.50,2024-04-20,EXPENSE,BANK_TRANSFER,false
Livraria,84.99,2024-04-20,EXPENSE,CREDIT_CARD,false
Livraria,138.56,2024-04-20,EXPENSE,BOLETO,false
Plano de saude,496.52,2024-04-20,EXPENSE,CASH,true
Viagem e hospedagem,768.84,2024-04-20,EXPENSE,PIX,false
Viagem e hospedagem,3431.36,2024-04-20,EXPENSE,PIX,false
Salario mensal,5066.97,2024-04-20,INCOME,PIX,true
Salario mensal,5164.98,2024-04-20,INCOME,PIX,true
Combustivel,131.13,2024-04-21,EXPENSE,DEBIT_CARD,false
Condominio,913.96,2024-04-21,EXPENSE,CREDIT_CARD,true
Impostos e taxas,1036.44,2024-04-21,EXPENSE,PIX,false
Manutencao do veiculo,952.42,2024-04-21,EXPENSE,CASH,false
Plano de saude,238.97,2024-04-21,EXPENSE,CASH,true
Restaurante,247.79,2024-04-21,EXPENSE,PIX,false
Restaurante,194.75,2024-04-21,EXPENSE,CREDIT_CARD,false
Aluguel residencial,3338.16,2024-04-22,EXPENSE,BANK_TRANSFER,false
Condominio,1286.39,2024-04-22,EXPENSE,BANK_TRANSFER,true
Delivery de comida,40.15,2024-04-22,EXPENSE,CREDIT_CARD,false
Eletronicos,3606.96,2024-04-22,EXPENSE,CREDIT_CARD,false
Estacionamento,30.96,2024-04-22,EXPENSE,DEBIT_CARD,false
Estacionamento,58.96,2024-04-22,EXPENSE,BANK_TRANSFER,false
Livraria,277.04,2024-04-22,EXPENSE,BOLETO,false
Manutencao do veiculo,1526.52,2024-04-22,EXPENSE,PIX,false
Restaurante,64.20,2024-04-22,EXPENSE,DEBIT_CARD,false
Streaming,43.51,2024-04-22,EXPENSE,BANK_TRANSFER,true
Viagem e hospedagem,2792.44,2024-04-22,EXPENSE,DEBIT_CARD,false
Viagem e hospedagem,397.84,2024-04-22,EXPENSE,PIX,false
Bonus profissional,4001.84,2024-04-22,INCOME,BANK_TRANSFER,false
Doacao,195.24,2024-04-23,EXPENSE,DEBIT_CARD,false
Eletronicos,805.89,2024-04-23,EXPENSE,BANK_TRANSFER,false
Estacionamento,59.30,2024-04-23,EXPENSE,DEBIT_CARD,false
Internet residencial,103.25,2024-04-23,EXPENSE,PIX,true
Loja de roupas,617.18,2024-04-23,EXPENSE,BANK_TRANSFER,false
Pet shop,360.26,2024-04-23,EXPENSE,BOLETO,false
Seguro do veiculo,320.06,2024-04-23,EXPENSE,BOLETO,true
Supermercado,303.80,2024-04-23,EXPENSE,CREDIT_CARD,false
Supermercado,81.08,2024-04-23,EXPENSE,CASH,false
Veterinario,358.08,2024-04-23,EXPENSE,PIX,false
Viagem e hospedagem,1693.15,2024-04-23,EXPENSE,PIX,false
Viagem e hospedagem,1607.71,2024-04-23,EXPENSE,DEBIT_CARD,false
Bonus profissional,3334.27,2024-04-23,INCOME,PIX,false
Reembolso empresarial,522.69,2024-04-23,INCOME,BANK_TRANSFER,false
Cinema e lazer,105.11,2024-04-24,EXPENSE,CASH,false
Condominio,1027.43,2024-04-24,EXPENSE,DEBIT_CARD,true
Delivery de comida,144.39,2024-04-24,EXPENSE,PIX,false
Farmacia,359.36,2024-04-24,EXPENSE,CASH,false
Livraria,236.20,2024-04-24,EXPENSE,DEBIT_CARD,false
Restaurante,143.43,2024-04-24,EXPENSE,CASH,false
Streaming,82.55,2024-04-24,EXPENSE,CREDIT_CARD,true
Reembolso empresarial,410.43,2024-04-24,INCOME,PIX,false
Aplicativo de transporte,32.89,2024-04-25,EXPENSE,CREDIT_CARD,false
Aplicativo de transporte,24.30,2024-04-25,EXPENSE,CASH,false
Combustivel,244.43,2024-04-25,EXPENSE,BOLETO,false
Condominio,1136.31,2024-04-25,EXPENSE,PIX,true
Conta de energia,190.83,2024-04-25,EXPENSE,PIX,false
Doacao,492.09,2024-04-25,EXPENSE,BOLETO,false
Passagem aerea,3165.04,2024-04-25,EXPENSE,CASH,false
Plano de saude,343.92,2024-04-25,EXPENSE,DEBIT_CARD,true
Seguro do veiculo,318.19,2024-04-25,EXPENSE,BANK_TRANSFER,false
Seguro do veiculo,307.62,2024-04-25,EXPENSE,BOLETO,false
Dividendos,287.23,2024-04-25,INCOME,BANK_TRANSFER,true
Salario mensal,7201.97,2024-04-25,INCOME,BANK_TRANSFER,true
Condominio,364.57,2024-04-26,EXPENSE,CREDIT_CARD,true
Condominio,1174.38,2024-04-26,EXPENSE,CREDIT_CARD,true
Condominio,266.02,2024-04-26,EXPENSE,BANK_TRANSFER,false
Conta de energia,614.87,2024-04-26,EXPENSE,CASH,true
Farmacia,282.45,2024-04-26,EXPENSE,BANK_TRANSFER,false
Farmacia,152.94,2024-04-26,EXPENSE,DEBIT_CARD,false
Loja de roupas,167.10,2024-04-26,EXPENSE,PIX,false
Manutencao do veiculo,1960.82,2024-04-26,EXPENSE,BOLETO,false
Padaria,8.96,2024-04-26,EXPENSE,PIX,false
Plano de celular,36.71,2024-04-26,EXPENSE,CASH,true
Dividendos,668.01,2024-04-26,INCOME,BANK_TRANSFER,true
Salario mensal,11784.29,2024-04-26,INCOME,PIX,true
Aluguel residencial,1630.70,2024-04-27,EXPENSE,BOLETO,true
Doacao,279.77,2024-04-27,EXPENSE,BANK_TRANSFER,false
Estacionamento,69.09,2024-04-27,EXPENSE,PIX,false
Farmacia,341.20,2024-04-27,EXPENSE,CASH,false
Internet residencial,209.16,2024-04-27,EXPENSE,BANK_TRANSFER,true
Livraria,85.30,2024-04-27,EXPENSE,CREDIT_CARD,false
Livraria,119.66,2024-04-27,EXPENSE,BOLETO,false
Padaria,25.49,2024-04-27,EXPENSE,CREDIT_CARD,false
Plano de saude,850.80,2024-04-27,EXPENSE,BOLETO,true
Plano de saude,316.41,2024-04-27,EXPENSE,PIX,true
Seguro do veiculo,108.48,2024-04-27,EXPENSE,CREDIT_CARD,true
Supermercado,219.23,2024-04-27,EXPENSE,PIX,false
Viagem e hospedagem,4088.58,2024-04-27,EXPENSE,CASH,false
Academia,116.47,2024-04-28,EXPENSE,CASH,true
Cinema e lazer,230.64,2024-04-28,EXPENSE,PIX,false
Internet residencial,138.09,2024-04-28,EXPENSE,DEBIT_CARD,true
Manutencao do veiculo,1794.96,2024-04-28,EXPENSE,CASH,false
Padaria,46.38,2024-04-28,EXPENSE,DEBIT_CARD,false
Passagem aerea,3548.21,2024-04-28,EXPENSE,CREDIT_CARD,false
Plano de saude,405.35,2024-04-28,EXPENSE,PIX,true
Plano de saude,955.30,2024-04-28,EXPENSE,CREDIT_CARD,true
Restituicao de imposto,2009.57,2024-04-28,INCOME,PIX,false
Aplicativo de transporte,59.02,2024-04-29,EXPENSE,CREDIT_CARD,false
Aplicativo de transporte,59.92,2024-04-29,EXPENSE,BOLETO,false
Cinema e lazer,37.77,2024-04-29,EXPENSE,DEBIT_CARD,false
Conta de energia,648.54,2024-04-29,EXPENSE,BANK_TRANSFER,true
Delivery de comida,43.13,2024-04-29,EXPENSE,BOLETO,false
Livraria,159.35,2024-04-29,EXPENSE,CREDIT_CARD,false
Manutencao do veiculo,1736.27,2024-04-29,EXPENSE,BANK_TRANSFER,false
Padaria,25.26,2024-04-29,EXPENSE,PIX,false
Passagem aerea,1294.74,2024-04-29,EXPENSE,BOLETO,false
Restaurante,137.60,2024-04-29,EXPENSE,BOLETO,false
Supermercado,729.48,2024-04-29,EXPENSE,BOLETO,false
Bonus profissional,4242.34,2024-04-29,INCOME,PIX,false
Venda de produto,1422.46,2024-04-29,INCOME,PIX,false
Aplicativo de transporte,18.60,2024-04-30,EXPENSE,CASH,false
Condominio,830.66,2024-04-30,EXPENSE,PIX,true
Farmacia,124.53,2024-04-30,EXPENSE,PIX,false
Internet residencial,101.22,2024-04-30,EXPENSE,BOLETO,true
Condominio,283.79,2024-05-01,EXPENSE,BANK_TRANSFER,true
Conta de energia,136.82,2024-05-01,EXPENSE,DEBIT_CARD,true
Estacionamento,68.39,2024-05-01,EXPENSE,PIX,false
Farmacia,33.68,2024-05-01,EXPENSE,PIX,false
Internet residencial,87.91,2024-05-01,EXPENSE,CASH,true
Pet shop,373.80,2024-05-01,EXPENSE,CREDIT_CARD,false
Seguro do veiculo,508.10,2024-05-01,EXPENSE,BANK_TRANSFER,false
Supermercado,91.38,2024-05-01,EXPENSE,CASH,false
Veterinario,680.96,2024-05-01,EXPENSE,CASH,false
Veterinario,343.63,2024-05-01,EXPENSE,BANK_TRANSFER,false
Venda de produto,1630.48,2024-05-01,INCOME,BANK_TRANSFER,false
Aplicativo de transporte,20.66,2024-05-02,EXPENSE,CASH,false
Combustivel,369.47,2024-05-02,EXPENSE,PIX,false
Condominio,725.52,2024-05-02,EXPENSE,BOLETO,true
Doacao,172.13,2024-05-02,EXPENSE,BOLETO,false
Eletronicos,901.21,2024-05-02,EXPENSE,PIX,false
Livraria,245.18,2024-05-02,EXPENSE,CREDIT_CARD,false
Manutencao do veiculo,367.41,2024-05-02,EXPENSE,BOLETO,false
Streaming,88.32,2024-05-02,EXPENSE,DEBIT_CARD,true
Academia,143.09,2024-05-03,EXPENSE,PIX,true
Cinema e lazer,91.27,2024-05-03,EXPENSE,BANK_TRANSFER,false
Cinema e lazer,50.36,2024-05-03,EXPENSE,CASH,false
Cinema e lazer,122.20,2024-05-03,EXPENSE,BOLETO,false
Conta de energia,218.19,2024-05-03,EXPENSE,BANK_TRANSFER,false
Curso online,595.02,2024-05-03,EXPENSE,BOLETO,false
Loja de roupas,563.20,2024-05-03,EXPENSE,BOLETO,false
Passagem aerea,3034.35,2024-05-03,EXPENSE,BANK_TRANSFER,false
Passagem aerea,3002.18,2024-05-03,EXPENSE,CASH,false
Seguro do veiculo,171.99,2024-05-03,EXPENSE,CASH,true
Rendimento de investimento,122.87,2024-05-03,INCOME,BANK_TRANSFER,true
Transferencia recebida,987.76,2024-05-03,INCOME,BANK_TRANSFER,false
Aluguel residencial,2706.27,2024-05-04,EXPENSE,BOLETO,true
Aplicativo de transporte,56.29,2024-05-04,EXPENSE,CREDIT_CARD,false
Curso online,379.10,2024-05-04,EXPENSE,BANK_TRANSFER,false
Internet residencial,90.02,2024-05-04,EXPENSE,DEBIT_CARD,true
Streaming,52.38,2024-05-04,EXPENSE,DEBIT_CARD,true
Viagem e hospedagem,3218.54,2024-05-04,EXPENSE,CREDIT_CARD,false
Rendimento de investimento,494.81,2024-05-04,INCOME,BANK_TRANSFER,false
Aluguel residencial,1996.34,2024-05-05,EXPENSE,PIX,true
Aplicativo de transporte,56.12,2024-05-05,EXPENSE,PIX,false
Combustivel,295.11,2024-05-05,EXPENSE,DEBIT_CARD,false
Delivery de comida,179.32,2024-05-05,EXPENSE,DEBIT_CARD,false
Veterinario,873.28,2024-05-05,EXPENSE,DEBIT_CARD,false
Viagem e hospedagem,508.39,2024-05-05,EXPENSE,BOLETO,false
Viagem e hospedagem,2649.69,2024-05-05,EXPENSE,BOLETO,false
Bonus profissional,1087.62,2024-05-05,INCOME,PIX,false
Salario mensal,4194.90,2024-05-05,INCOME,PIX,true
Transferencia recebida,242.03,2024-05-05,INCOME,BANK_TRANSFER,false
Academia,102.24,2024-05-06,EXPENSE,DEBIT_CARD,true
Aluguel residencial,2480.16,2024-05-06,EXPENSE,DEBIT_CARD,false
Combustivel,140.41,2024-05-06,EXPENSE,PIX,false
Conta de energia,142.64,2024-05-06,EXPENSE,DEBIT_CARD,true
Curso online,672.14,2024-05-06,EXPENSE,PIX,false
Delivery de comida,85.89,2024-05-06,EXPENSE,CASH,false
Eletronicos,4428.94,2024-05-06,EXPENSE,DEBIT_CARD,false
Impostos e taxas,391.37,2024-05-06,EXPENSE,DEBIT_CARD,false
Manutencao do veiculo,419.52,2024-05-06,EXPENSE,CREDIT_CARD,false
Padaria,39.71,2024-05-06,EXPENSE,PIX,false
Streaming,36.96,2024-05-06,EXPENSE,CREDIT_CARD,true
Streaming,43.44,2024-05-06,EXPENSE,CASH,true
Veterinario,762.46,2024-05-06,EXPENSE,BANK_TRANSFER,false
Viagem e hospedagem,4489.95,2024-05-06,EXPENSE,CREDIT_CARD,false
Cinema e lazer,166.82,2024-05-07,EXPENSE,BOLETO,false
Cinema e lazer,59.42,2024-05-07,EXPENSE,CREDIT_CARD,false
Combustivel,301.63,2024-05-07,EXPENSE,BOLETO,false
Condominio,491.34,2024-05-07,EXPENSE,CASH,true
Estacionamento,66.19,2024-05-07,EXPENSE,CASH,false
Impostos e taxas,1751.69,2024-05-07,EXPENSE,DEBIT_CARD,false
Internet residencial,181.32,2024-05-07,EXPENSE,DEBIT_CARD,true
Padaria,65.70,2024-05-07,EXPENSE,BOLETO,false
Pet shop,304.98,2024-05-07,EXPENSE,BANK_TRANSFER,false
Seguro do veiculo,518.25,2024-05-07,EXPENSE,BOLETO,true
Seguro do veiculo,404.96,2024-05-07,EXPENSE,PIX,true
Streaming,60.36,2024-05-07,EXPENSE,PIX,true
Streaming,64.28,2024-05-07,EXPENSE,CREDIT_CARD,true
Conta de energia,317.33,2024-05-08,EXPENSE,PIX,true
Impostos e taxas,1891.87,2024-05-08,EXPENSE,CREDIT_CARD,false
Internet residencial,137.81,2024-05-08,EXPENSE,BOLETO,false
Manutencao do veiculo,2014.15,2024-05-08,EXPENSE,BOLETO,false
Passagem aerea,3635.27,2024-05-08,EXPENSE,DEBIT_CARD,false
Plano de celular,151.60,2024-05-08,EXPENSE,BANK_TRANSFER,true
Restaurante,307.74,2024-05-08,EXPENSE,CASH,false
Seguro do veiculo,457.57,2024-05-08,EXPENSE,PIX,true
Supermercado,426.03,2024-05-08,EXPENSE,CREDIT_CARD,false
Restituicao de imposto,1385.76,2024-05-08,INCOME,PIX,false
Salario mensal,4403.40,2024-05-08,INCOME,PIX,true
Academia,261.63,2024-05-09,EXPENSE,DEBIT_CARD,true
Cinema e lazer,141.88,2024-05-09,EXPENSE,BANK_TRANSFER,false
Conta de energia,403.41,2024-05-09,EXPENSE,BANK_TRANSFER,true
Curso online,358.09,2024-05-09,EXPENSE,CASH,false
Passagem aerea,3263.75,2024-05-09,EXPENSE,CREDIT_CARD,false
Restaurante,97.31,2024-05-09,EXPENSE,BOLETO,false
Salario mensal,8112.42,2024-05-09,INCOME,BANK_TRANSFER,true
Salario mensal,4582.54,2024-05-09,INCOME,PIX,false
Livraria,263.06,2024-05-10,EXPENSE,CASH,false
Padaria,37.68,2024-05-10,EXPENSE,PIX,false
Pet shop,185.93,2024-05-10,EXPENSE,PIX,false
Plano de saude,407.95,2024-05-10,EXPENSE,CASH,true
Streaming,75.83,2024-05-10,EXPENSE,BANK_TRANSFER,true
Veterinario,606.28,2024-05-10,EXPENSE,DEBIT_CARD,false
Pagamento freelance,2068.22,2024-05-10,INCOME,BANK_TRANSFER,false
Academia,145.50,2024-05-11,EXPENSE,DEBIT_CARD,true
Condominio,1143.74,2024-05-11,EXPENSE,PIX,true
Conta de agua,149.15,2024-05-11,EXPENSE,CASH,false
Doacao,395.97,2024-05-11,EXPENSE,BOLETO,false
Impostos e taxas,166.58,2024-05-11,EXPENSE,CREDIT_CARD,false
Impostos e taxas,1253.05,2024-05-11,EXPENSE,PIX,false
Padaria,17.99,2024-05-11,EXPENSE,BOLETO,false
Pet shop,322.50,2024-05-11,EXPENSE,CASH,false
Plano de saude,1195.46,2024-05-11,EXPENSE,PIX,true
Restaurante,250.47,2024-05-11,EXPENSE,BANK_TRANSFER,false
Seguro do veiculo,501.22,2024-05-11,EXPENSE,CREDIT_CARD,false
Viagem e hospedagem,720.84,2024-05-11,EXPENSE,DEBIT_CARD,false
Restituicao de imposto,1434.54,2024-05-11,INCOME,PIX,false
Salario mensal,6322.10,2024-05-11,INCOME,BANK_TRANSFER,true
Transferencia recebida,840.35,2024-05-11,INCOME,PIX,false
Academia,138.61,2024-05-12,EXPENSE,CREDIT_CARD,true
Aluguel residencial,3710.36,2024-05-12,EXPENSE,PIX,true
Aluguel residencial,3038.23,2024-05-12,EXPENSE,BANK_TRANSFER,true
Condominio,1149.77,2024-05-12,EXPENSE,CREDIT_CARD,true
Conta de energia,449.31,2024-05-12,EXPENSE,PIX,true
Estacionamento,17.96,2024-05-12,EXPENSE,CREDIT_CARD,false
Farmacia,35.07,2024-05-12,EXPENSE,CREDIT_CARD,false
Livraria,153.22,2024-05-12,EXPENSE,BOLETO,false
Loja de roupas,127.62,2024-05-12,EXPENSE,CASH,false
Plano de celular,140.02,2024-05-12,EXPENSE,PIX,false
Plano de celular,48.29,2024-05-12,EXPENSE,DEBIT_CARD,true
Plano de celular,45.28,2024-05-12,EXPENSE,DEBIT_CARD,true
Plano de saude,600.17,2024-05-12,EXPENSE,DEBIT_CARD,true
Restaurante,25.25,2024-05-12,EXPENSE,BOLETO,false
Viagem e hospedagem,2104.79,2024-05-12,EXPENSE,BANK_TRANSFER,false
Restituicao de imposto,399.41,2024-05-12,INCOME,BANK_TRANSFER,false
Eletronicos,491.32,2024-05-13,EXPENSE,CREDIT_CARD,false
Estacionamento,45.93,2024-05-13,EXPENSE,BANK_TRANSFER,false
Loja de roupas,355.91,2024-05-13,EXPENSE,BOLETO,false
Padaria,37.14,2024-05-13,EXPENSE,BANK_TRANSFER,false
Pet shop,320.09,2024-05-13,EXPENSE,CASH,false
Viagem e hospedagem,3016.98,2024-05-13,EXPENSE,BOLETO,false
Salario mensal,7527.04,2024-05-13,INCOME,BANK_TRANSFER,true
Salario mensal,5110.65,2024-05-13,INCOME,BANK_TRANSFER,true
Conta de energia,96.43,2024-05-14,EXPENSE,CREDIT_CARD,false
Farmacia,42.32,2024-05-14,EXPENSE,DEBIT_CARD,false
Internet residencial,110.09,2024-05-14,EXPENSE,PIX,false
Passagem aerea,2627.43,2024-05-14,EXPENSE,BANK_TRANSFER,false
Streaming,61.79,2024-05-14,EXPENSE,BOLETO,true
Pagamento freelance,757.65,2024-05-14,INCOME,PIX,false
Academia,130.75,2024-05-15,EXPENSE,CASH,true
Academia,150.02,2024-05-15,EXPENSE,PIX,true
Aluguel residencial,2678.90,2024-05-15,EXPENSE,CREDIT_CARD,true
Cinema e lazer,88.71,2024-05-15,EXPENSE,BOLETO,false
Condominio,675.96,2024-05-15,EXPENSE,PIX,true
Conta de energia,536.79,2024-05-15,EXPENSE,BANK_TRANSFER,true
Curso online,167.23,2024-05-15,EXPENSE,CASH,false
Farmacia,320.45,2024-05-15,EXPENSE,BANK_TRANSFER,false
Pet shop,287.96,2024-05-15,EXPENSE,CASH,false
Streaming,38.11,2024-05-15,EXPENSE,BANK_TRANSFER,true
Aluguel recebido,1767.26,2024-05-15,INCOME,BANK_TRANSFER,true
Venda de produto,1087.78,2024-05-15,INCOME,PIX,false
Venda de produto,231.92,2024-05-15,INCOME,PIX,false
Academia,261.12,2024-05-16,EXPENSE,DEBIT_CARD,true
Aluguel residencial,3730.70,2024-05-16,EXPENSE,BOLETO,false
Aplicativo de transporte,79.50,2024-05-16,EXPENSE,BANK_TRANSFER,false
Cinema e lazer,159.85,2024-05-16,EXPENSE,BANK_TRANSFER,false
Combustivel,209.11,2024-05-16,EXPENSE,BOLETO,false
Curso online,432.90,2024-05-16,EXPENSE,BANK_TRANSFER,false
Pet shop,34.20,2024-05-16,EXPENSE,PIX,false
Plano de celular,51.83,2024-05-16,EXPENSE,BANK_TRANSFER,true
Plano de celular,131.92,2024-05-16,EXPENSE,BOLETO,true
Aluguel recebido,1808.19,2024-05-16,INCOME,PIX,true
Bonus profissional,439.91,2024-05-16,INCOME,BANK_TRANSFER,false
Dividendos,700.99,2024-05-16,INCOME,BANK_TRANSFER,true
Aluguel residencial,3041.34,2024-05-17,EXPENSE,BANK_TRANSFER,false
Cinema e lazer,211.29,2024-05-17,EXPENSE,DEBIT_CARD,false
Cinema e lazer,63.26,2024-05-17,EXPENSE,PIX,false
Condominio,456.16,2024-05-17,EXPENSE,DEBIT_CARD,true
Delivery de comida,36.05,2024-05-17,EXPENSE,CASH,false
Delivery de comida,140.92,2024-05-17,EXPENSE,PIX,false
Livraria,155.74,2024-05-17,EXPENSE,DEBIT_CARD,false
Livraria,265.34,2024-05-17,EXPENSE,BANK_TRANSFER,false
Plano de saude,1086.82,2024-05-17,EXPENSE,BANK_TRANSFER,true
Restaurante,192.24,2024-05-17,EXPENSE,CASH,false
Seguro do veiculo,289.78,2024-05-17,EXPENSE,BANK_TRANSFER,true
Salario mensal,4982.10,2024-05-17,INCOME,BANK_TRANSFER,true
Combustivel,278.59,2024-05-18,EXPENSE,PIX,false
Internet residencial,218.72,2024-05-18,EXPENSE,DEBIT_CARD,true
Livraria,112.91,2024-05-18,EXPENSE,CASH,false
Viagem e hospedagem,1848.45,2024-05-18,EXPENSE,CREDIT_CARD,false
Bonus profissional,4042.50,2024-05-18,INCOME,BANK_TRANSFER,false
Dividendos,301.33,2024-05-18,INCOME,PIX,true
Rendimento de investimento,326.80,2024-05-18,INCOME,PIX,false
Aluguel residencial,3752.47,2024-05-19,EXPENSE,BANK_TRANSFER,true
Delivery de comida,126.44,2024-05-19,EXPENSE,CASH,false
Delivery de comida,98.60,2024-05-19,EXPENSE,CASH,false
Doacao,227.57,2024-05-19,EXPENSE,BOLETO,false
Farmacia,218.03,2024-05-19,EXPENSE,BANK_TRANSFER,false
Impostos e taxas,131.90,2024-05-19,EXPENSE,CREDIT_CARD,false
Loja de roupas,491.65,2024-05-19,EXPENSE,PIX,false
Manutencao do veiculo,2078.76,2024-05-19,EXPENSE,DEBIT_CARD,false
Passagem aerea,3739.44,2024-05-19,EXPENSE,CREDIT_CARD,false
Passagem aerea,1609.53,2024-05-19,EXPENSE,BOLETO,false
Restaurante,50.14,2024-05-19,EXPENSE,BANK_TRANSFER,false
Restaurante,149.59,2024-05-19,EXPENSE,CREDIT_CARD,false
Salario mensal,7243.85,2024-05-19,INCOME,BANK_TRANSFER,true
Academia,61.15,2024-05-20,EXPENSE,BANK_TRANSFER,true
Academia,70.42,2024-05-20,EXPENSE,BOLETO,true
Aluguel residencial,3315.42,2024-05-20,EXPENSE,DEBIT_CARD,false
Aluguel residencial,3499.52,2024-05-20,EXPENSE,BANK_TRANSFER,true
Aluguel residencial,3688.94,2024-05-20,EXPENSE,CREDIT_CARD,true
Aluguel residencial,4173.94,2024-05-20,EXPENSE,PIX,true
Curso online,622.03,2024-05-20,EXPENSE,PIX,false
Livraria,33.80,2024-05-20,EXPENSE,BOLETO,false
Livraria,127.96,2024-05-20,EXPENSE,PIX,false
Livraria,129.40,2024-05-20,EXPENSE,CASH,false
Loja de roupas,62.36,2024-05-20,EXPENSE,PIX,false
Pet shop,313.07,2024-05-20,EXPENSE,BOLETO,false
Aluguel recebido,1327.06,2024-05-20,INCOME,BANK_TRANSFER,true
Pagamento freelance,1223.88,2024-05-20,INCOME,PIX,false
Combustivel,154.63,2024-05-21,EXPENSE,DEBIT_CARD,false
Conta de agua,158.65,2024-05-21,EXPENSE,BANK_TRANSFER,true
Internet residencial,102.83,2024-05-21,EXPENSE,CASH,true
Plano de saude,1277.85,2024-05-21,EXPENSE,CASH,true
Streaming,57.34,2024-05-21,EXPENSE,BANK_TRANSFER,true
Pagamento freelance,3281.79,2024-05-21,INCOME,PIX,false
Restituicao de imposto,1577.38,2024-05-21,INCOME,PIX,false
Transferencia recebida,1016.71,2024-05-21,INCOME,BANK_TRANSFER,false
Aluguel residencial,2592.53,2024-05-22,EXPENSE,CREDIT_CARD,true
Conta de agua,98.02,2024-05-22,EXPENSE,DEBIT_CARD,true
Eletronicos,4729.67,2024-05-22,EXPENSE,PIX,false
Supermercado,103.31,2024-05-22,EXPENSE,BANK_TRANSFER,false
Veterinario,729.11,2024-05-22,EXPENSE,DEBIT_CARD,false
Rendimento de investimento,240.34,2024-05-22,INCOME,PIX,true
Aluguel residencial,2002.27,2024-05-23,EXPENSE,DEBIT_CARD,true
Cinema e lazer,180.76,2024-05-23,EXPENSE,PIX,false
Combustivel,321.78,2024-05-23,EXPENSE,CASH,false
Conta de agua,172.96,2024-05-23,EXPENSE,BOLETO,false
Loja de roupas,183.55,2024-05-23,EXPENSE,DEBIT_CARD,false
Manutencao do veiculo,1575.71,2024-05-23,EXPENSE,PIX,false
Seguro do veiculo,442.02,2024-05-23,EXPENSE,PIX,false
Salario mensal,4154.38,2024-05-23,INCOME,BANK_TRANSFER,true
Academia,87.95,2024-05-24,EXPENSE,BANK_TRANSFER,true
Cinema e lazer,211.73,2024-05-24,EXPENSE,CASH,false
Cinema e lazer,143.35,2024-05-24,EXPENSE,BANK_TRANSFER,false
Combustivel,70.34,2024-05-24,EXPENSE,BANK_TRANSFER,false
Condominio,1266.85,2024-05-24,EXPENSE,CREDIT_CARD,true
Curso online,357.87,2024-05-24,EXPENSE,PIX,false
Eletronicos,2666.92,2024-05-24,EXPENSE,BANK_TRANSFER,false
Livraria,172.78,2024-05-24,EXPENSE,BOLETO,false
Plano de saude,605.51,2024-05-24,EXPENSE,PIX,true
Restaurante,203.18,2024-05-24,EXPENSE,BANK_TRANSFER,false
Streaming,68.54,2024-05-24,EXPENSE,BOLETO,false
Pagamento freelance,3706.98,2024-05-24,INCOME,BANK_TRANSFER,false
Pagamento freelance,2124.15,2024-05-24,INCOME,PIX,false
Pagamento freelance,1810.79,2024-05-24,INCOME,BANK_TRANSFER,false
Aluguel residencial,2014.37,2024-05-25,EXPENSE,CASH,true
Conta de energia,346.69,2024-05-25,EXPENSE,PIX,true
Curso online,282.49,2024-05-25,EXPENSE,PIX,false
Delivery de comida,43.09,2024-05-25,EXPENSE,DEBIT_CARD,false
Estacionamento,21.35,2024-05-25,EXPENSE,BANK_TRANSFER,false
Loja de roupas,408.19,2024-05-25,EXPENSE,CASH,false
Padaria,79.27,2024-05-25,EXPENSE,BANK_TRANSFER,false
Plano de celular,52.06,2024-05-25,EXPENSE,BANK_TRANSFER,true
Aluguel recebido,1726.58,2024-05-25,INCOME,PIX,true
Dividendos,558.12,2024-05-25,INCOME,PIX,true
Dividendos,431.52,2024-05-25,INCOME,BANK_TRANSFER,true
Aluguel residencial,2203.20,2024-05-26,EXPENSE,CASH,true
Aplicativo de transporte,79.41,2024-05-26,EXPENSE,CREDIT_CARD,false
Combustivel,114.57,2024-05-26,EXPENSE,PIX,false
Condominio,1086.57,2024-05-26,EXPENSE,CREDIT_CARD,true
Condominio,1053.89,2024-05-26,EXPENSE,BANK_TRANSFER,true
Curso online,266.00,2024-05-26,EXPENSE,BANK_TRANSFER,false
Internet residencial,149.66,2024-05-26,EXPENSE,CREDIT_CARD,true
Plano de saude,836.09,2024-05-26,EXPENSE,BOLETO,false
Plano de saude,1384.65,2024-05-26,EXPENSE,CREDIT_CARD,true
Dividendos,313.46,2024-05-26,INCOME,PIX,true
Salario mensal,11523.52,2024-05-26,INCOME,PIX,true
Transferencia recebida,2182.66,2024-05-26,INCOME,PIX,false
Transferencia recebida,782.65,2024-05-26,INCOME,PIX,false
Aluguel residencial,3096.61,2024-05-27,EXPENSE,DEBIT_CARD,false
Condominio,1275.56,2024-05-27,EXPENSE,PIX,true
Conta de energia,191.18,2024-05-27,EXPENSE,CASH,true
Doacao,492.07,2024-05-27,EXPENSE,DEBIT_CARD,false
Pet shop,65.05,2024-05-27,EXPENSE,DEBIT_CARD,false
Viagem e hospedagem,1665.68,2024-05-27,EXPENSE,CREDIT_CARD,false
Cinema e lazer,96.29,2024-05-28,EXPENSE,CREDIT_CARD,false
Condominio,1072.24,2024-05-28,EXPENSE,BANK_TRANSFER,true
Conta de energia,554.03,2024-05-28,EXPENSE,DEBIT_CARD,true
Eletronicos,2809.41,2024-05-28,EXPENSE,DEBIT_CARD,false
Estacionamento,53.65,2024-05-28,EXPENSE,PIX,false
Livraria,201.50,2024-05-28,EXPENSE,CASH,false
Livraria,32.03,2024-05-28,EXPENSE,CREDIT_CARD,false
Livraria,134.78,2024-05-28,EXPENSE,CREDIT_CARD,false
Plano de saude,371.15,2024-05-28,EXPENSE,CASH,true
Restaurante,315.20,2024-05-28,EXPENSE,BOLETO,false
Aluguel residencial,2299.12,2024-05-29,EXPENSE,CREDIT_CARD,true
Combustivel,137.44,2024-05-29,EXPENSE,PIX,false
Delivery de comida,134.11,2024-05-29,EXPENSE,BOLETO,false
Impostos e taxas,810.56,2024-05-29,EXPENSE,BANK_TRANSFER,false
Internet residencial,124.40,2024-05-29,EXPENSE,CREDIT_CARD,true
Padaria,52.87,2024-05-29,EXPENSE,DEBIT_CARD,false
Padaria,13.84,2024-05-29,EXPENSE,CREDIT_CARD,false
Pet shop,183.50,2024-05-29,EXPENSE,CREDIT_CARD,false
Plano de saude,456.80,2024-05-29,EXPENSE,BANK_TRANSFER,true
Streaming,62.98,2024-05-29,EXPENSE,DEBIT_CARD,true
Streaming,52.82,2024-05-29,EXPENSE,BOLETO,true
Supermercado,752.50,2024-05-29,EXPENSE,CREDIT_CARD,false
Supermercado,407.09,2024-05-29,EXPENSE,PIX,false
Venda de produto,1767.07,2024-05-29,INCOME,PIX,false
Combustivel,311.43,2024-05-30,EXPENSE,PIX,false
Conta de energia,279.61,2024-05-30,EXPENSE,CREDIT_CARD,true
Curso online,701.78,2024-05-30,EXPENSE,BOLETO,false
Internet residencial,128.51,2024-05-30,EXPENSE,CREDIT_CARD,true
Livraria,119.02,2024-05-30,EXPENSE,BANK_TRANSFER,false
Manutencao do veiculo,1475.50,2024-05-30,EXPENSE,BANK_TRANSFER,false
Padaria,16.36,2024-05-30,EXPENSE,CASH,false
Passagem aerea,3455.44,2024-05-30,EXPENSE,PIX,false
Restaurante,132.47,2024-05-30,EXPENSE,CASH,false
Seguro do veiculo,164.29,2024-05-30,EXPENSE,CREDIT_CARD,true
Seguro do veiculo,236.86,2024-05-30,EXPENSE,BOLETO,true
Veterinario,682.85,2024-05-30,EXPENSE,CREDIT_CARD,false
Viagem e hospedagem,1321.58,2024-05-30,EXPENSE,DEBIT_CARD,false
Aluguel residencial,1463.61,2024-05-31,EXPENSE,CASH,false
Passagem aerea,1910.43,2024-05-31,EXPENSE,PIX,false
Plano de celular,84.01,2024-05-31,EXPENSE,PIX,true
Seguro do veiculo,342.91,2024-05-31,EXPENSE,CREDIT_CARD,true
Bonus profissional,4782.80,2024-05-31,INCOME,PIX,false
Pagamento freelance,1828.17,2024-05-31,INCOME,PIX,false
Reembolso empresarial,200.25,2024-05-31,INCOME,PIX,false
Livraria,25.29,2024-06-01,EXPENSE,BANK_TRANSFER,false
Loja de roupas,596.50,2024-06-01,EXPENSE,BANK_TRANSFER,false
Pet shop,131.61,2024-06-01,EXPENSE,DEBIT_CARD,false
Plano de saude,1022.89,2024-06-01,EXPENSE,CREDIT_CARD,true
Viagem e hospedagem,4253.51,2024-06-01,EXPENSE,CREDIT_CARD,false
Aluguel residencial,3228.67,2024-06-02,EXPENSE,BOLETO,false
Aplicativo de transporte,65.10,2024-06-02,EXPENSE,DEBIT_CARD,false
Cinema e lazer,103.31,2024-06-02,EXPENSE,BANK_TRANSFER,false
Conta de agua,56.25,2024-06-02,EXPENSE,DEBIT_CARD,true
Delivery de comida,137.68,2024-06-02,EXPENSE,CREDIT_CARD,false
Eletronicos,4121.17,2024-06-02,EXPENSE,DEBIT_CARD,false
Manutencao do veiculo,455.08,2024-06-02,EXPENSE,BANK_TRANSFER,false
Plano de saude,1079.92,2024-06-02,EXPENSE,CREDIT_CARD,true
Restaurante,126.21,2024-06-02,EXPENSE,PIX,false
Delivery de comida,83.00,2024-06-03,EXPENSE,PIX,false
Doacao,195.81,2024-06-03,EXPENSE,BANK_TRANSFER,false
Farmacia,50.39,2024-06-03,EXPENSE,BANK_TRANSFER,false
Impostos e taxas,1930.57,2024-06-03,EXPENSE,CASH,false
Livraria,213.74,2024-06-03,EXPENSE,CASH,false
Aluguel residencial,3015.39,2024-06-04,EXPENSE,CASH,true
Aluguel residencial,1009.94,2024-06-04,EXPENSE,BANK_TRANSFER,false
Conta de energia,170.36,2024-06-04,EXPENSE,BOLETO,true
Curso online,486.25,2024-06-04,EXPENSE,CREDIT_CARD,false
Delivery de comida,161.28,2024-06-04,EXPENSE,DEBIT_CARD,false
Delivery de comida,116.48,2024-06-04,EXPENSE,CREDIT_CARD,false
Doacao,77.43,2024-06-04,EXPENSE,BOLETO,false
Doacao,258.51,2024-06-04,EXPENSE,PIX,false
Loja de roupas,347.30,2024-06-04,EXPENSE,PIX,false
Pet shop,160.82,2024-06-04,EXPENSE,CASH,false
Seguro do veiculo,466.22,2024-06-04,EXPENSE,DEBIT_CARD,false
Seguro do veiculo,178.54,2024-06-04,EXPENSE,CREDIT_CARD,true
Streaming,73.25,2024-06-04,EXPENSE,PIX,true
Supermercado,310.27,2024-06-04,EXPENSE,CREDIT_CARD,false
Aluguel recebido,2038.22,2024-06-04,INCOME,PIX,true
Bonus profissional,1124.31,2024-06-04,INCOME,BANK_TRANSFER,false
Rendimento de investimento,576.07,2024-06-04,INCOME,BANK_TRANSFER,false
Salario mensal,8576.64,2024-06-04,INCOME,BANK_TRANSFER,true
Academia,114.13,2024-06-05,EXPENSE,CREDIT_CARD,true
Aluguel residencial,2501.40,2024-06-05,EXPENSE,CASH,false
Aluguel residencial,1031.24,2024-06-05,EXPENSE,CREDIT_CARD,true
Aplicativo de transporte,66.08,2024-06-05,EXPENSE,BANK_TRANSFER,false
Aplicativo de transporte,85.91,2024-06-05,EXPENSE,DEBIT_CARD,false
Cinema e lazer,196.81,2024-06-05,EXPENSE,DEBIT_CARD,false
Conta de energia,184.22,2024-06-05,EXPENSE,DEBIT_CARD,true
Conta de energia,375.72,2024-06-05,EXPENSE,BOLETO,true
Curso online,484.16,2024-06-05,EXPENSE,PIX,false
Doacao,489.33,2024-06-05,EXPENSE,DEBIT_CARD,false
Doacao,443.35,2024-06-05,EXPENSE,CASH,false
Eletronicos,704.50,2024-06-05,EXPENSE,BANK_TRANSFER,false
Estacionamento,73.06,2024-06-05,EXPENSE,BOLETO,false
Estacionamento,53.80,2024-06-05,EXPENSE,PIX,false
Estacionamento,15.09,2024-06-05,EXPENSE,DEBIT_CARD,false
Impostos e taxas,1734.27,2024-06-05,EXPENSE,CREDIT_CARD,false
Padaria,47.87,2024-06-05,EXPENSE,BOLETO,false
Plano de celular,84.97,2024-06-05,EXPENSE,BANK_TRANSFER,true
Restaurante,26.51,2024-06-05,EXPENSE,BANK_TRANSFER,false
Seguro do veiculo,521.84,2024-06-05,EXPENSE,CREDIT_CARD,false
Viagem e hospedagem,1837.99,2024-06-05,EXPENSE,CASH,false
Pagamento freelance,2840.81,2024-06-05,INCOME,PIX,false
Reembolso empresarial,298.83,2024-06-05,INCOME,BANK_TRANSFER,false
Aplicativo de transporte,69.11,2024-06-06,EXPENSE,PIX,false
Condominio,613.43,2024-06-06,EXPENSE,CASH,true
Eletronicos,334.24,2024-06-06,EXPENSE,CASH,false
Impostos e taxas,2186.91,2024-06-06,EXPENSE,CASH,false
Livraria,239.40,2024-06-06,EXPENSE,CREDIT_CARD,false
Plano de saude,1219.82,2024-06-06,EXPENSE,CREDIT_CARD,false
Streaming,32.85,2024-06-06,EXPENSE,PIX,false
Veterinario,215.00,2024-06-06,EXPENSE,PIX,false
Viagem e hospedagem,1539.59,2024-06-06,EXPENSE,BANK_TRANSFER,false
Condominio,350.70,2024-06-07,EXPENSE,PIX,true
Conta de agua,182.31,2024-06-07,EXPENSE,BOLETO,true
Conta de energia,592.29,2024-06-07,EXPENSE,CREDIT_CARD,true
Curso online,380.55,2024-06-07,EXPENSE,CASH,false
Internet residencial,183.18,2024-06-07,EXPENSE,PIX,true
Manutencao do veiculo,1605.66,2024-06-07,EXPENSE,BOLETO,false
Passagem aerea,1710.22,2024-06-07,EXPENSE,CASH,false
Supermercado,505.90,2024-06-07,EXPENSE,DEBIT_CARD,false
Salario mensal,11860.06,2024-06-07,INCOME,PIX,true
Aplicativo de transporte,85.34,2024-06-08,EXPENSE,CREDIT_CARD,false
Farmacia,243.08,2024-06-08,EXPENSE,BOLETO,false
Farmacia,192.28,2024-06-08,EXPENSE,DEBIT_CARD,false
Internet residencial,118.58,2024-06-08,EXPENSE,DEBIT_CARD,true
Internet residencial,73.75,2024-06-08,EXPENSE,CASH,true
Livraria,52.38,2024-06-08,EXPENSE,BANK_TRANSFER,false
Plano de celular,158.17,2024-06-08,EXPENSE,BANK_TRANSFER,true
Plano de saude,228.00,2024-06-08,EXPENSE,CREDIT_CARD,true
Streaming,34.62,2024-06-08,EXPENSE,CREDIT_CARD,true
Aluguel recebido,2558.88,2024-06-08,INCOME,BANK_TRANSFER,true
Aluguel recebido,1401.69,2024-06-08,INCOME,BANK_TRANSFER,true
Transferencia recebida,644.37,2024-06-08,INCOME,PIX,false
Venda de produto,370.73,2024-06-08,INCOME,BANK_TRANSFER,false
Cinema e lazer,38.73,2024-06-09,EXPENSE,CASH,false
Condominio,630.15,2024-06-09,EXPENSE,CREDIT_CARD,true
Farmacia,120.81,2024-06-09,EXPENSE,CASH,false
Padaria,74.50,2024-06-09,EXPENSE,CASH,false
Venda de produto,1564.53,2024-06-09,INCOME,BANK_TRANSFER,false
Venda de produto,1787.65,2024-06-09,INCOME,BANK_TRANSFER,false
Aplicativo de transporte,60.14,2024-06-10,EXPENSE,CREDIT_CARD,false
Aplicativo de transporte,26.31,2024-06-10,EXPENSE,CREDIT_CARD,false
Condominio,597.39,2024-06-10,EXPENSE,CASH,true
Farmacia,111.46,2024-06-10,EXPENSE,CASH,false
Loja de roupas,774.14,2024-06-10,EXPENSE,DEBIT_CARD,false
Manutencao do veiculo,1378.97,2024-06-10,EXPENSE,DEBIT_CARD,false
Pet shop,362.29,2024-06-10,EXPENSE,PIX,false
Seguro do veiculo,174.74,2024-06-10,EXPENSE,CREDIT_CARD,true
Seguro do veiculo,463.85,2024-06-10,EXPENSE,CASH,true
Supermercado,70.90,2024-06-10,EXPENSE,PIX,false
Venda de produto,1705.66,2024-06-10,INCOME,BANK_TRANSFER,false
Condominio,670.73,2024-06-11,EXPENSE,CREDIT_CARD,true
Conta de agua,111.18,2024-06-11,EXPENSE,CREDIT_CARD,true
Doacao,478.22,2024-06-11,EXPENSE,DEBIT_CARD,false
Eletronicos,2317.78,2024-06-11,EXPENSE,DEBIT_CARD,false
Plano de saude,256.59,2024-06-11,EXPENSE,CREDIT_CARD,true
Salario mensal,5701.86,2024-06-11,INCOME,PIX,true
Cinema e lazer,130.32,2024-06-12,EXPENSE,CASH,false
Conta de agua,102.67,2024-06-12,EXPENSE,CREDIT_CARD,false
Farmacia,125.33,2024-06-12,EXPENSE,BOLETO,false
Internet residencial,154.37,2024-06-12,EXPENSE,BOLETO,true
Livraria,93.81,2024-06-12,EXPENSE,DEBIT_CARD,false
Manutencao do veiculo,928.07,2024-06-12,EXPENSE,BOLETO,false
Plano de celular,174.79,2024-06-12,EXPENSE,BOLETO,true
Plano de celular,52.61,2024-06-12,EXPENSE,BOLETO,true
Restaurante,250.86,2024-06-12,EXPENSE,CREDIT_CARD,false
Streaming,41.88,2024-06-12,EXPENSE,BANK_TRANSFER,false
Salario mensal,3443.44,2024-06-12,INCOME,PIX,true
Conta de energia,407.06,2024-06-13,EXPENSE,CASH,false
Conta de energia,577.97,2024-06-13,EXPENSE,PIX,true
Curso online,305.68,2024-06-13,EXPENSE,PIX,false
Delivery de comida,108.01,2024-06-13,EXPENSE,DEBIT_CARD,false
Delivery de comida,184.61,2024-06-13,EXPENSE,CASH,false
Doacao,329.91,2024-06-13,EXPENSE,CREDIT_CARD,false
Loja de roupas,569.76,2024-06-13,EXPENSE,BANK_TRANSFER,false
Padaria,58.17,2024-06-13,EXPENSE,DEBIT_CARD,false
Pet shop,184.50,2024-06-13,EXPENSE,CREDIT_CARD,false
Plano de celular,64.79,2024-06-13,EXPENSE,CREDIT_CARD,false
Restaurante,31.94,2024-06-13,EXPENSE,CREDIT_CARD,false
Pagamento freelance,4210.63,2024-06-13,INCOME,PIX,false
Restituicao de imposto,1454.50,2024-06-13,INCOME,BANK_TRANSFER,false
Salario mensal,3154.61,2024-06-13,INCOME,PIX,true
Salario mensal,6318.07,2024-06-13,INCOME,PIX,true
Venda de produto,1399.86,2024-06-13,INCOME,PIX,false
Eletronicos,2582.42,2024-06-14,EXPENSE,BANK_TRANSFER,false
Eletronicos,2142.26,2024-06-14,EXPENSE,BANK_TRANSFER,false
Eletronicos,2481.84,2024-06-14,EXPENSE,CREDIT_CARD,false
Farmacia,371.18,2024-06-14,EXPENSE,CREDIT_CARD,false
Manutencao do veiculo,1670.42,2024-06-14,EXPENSE,CASH,false
Streaming,44.78,2024-06-14,EXPENSE,PIX,true
Veterinario,631.09,2024-06-14,EXPENSE,BOLETO,false
Venda de produto,599.67,2024-06-14,INCOME,BANK_TRANSFER,false
Aplicativo de transporte,12.92,2024-06-15,EXPENSE,CREDIT_CARD,false
Aplicativo de transporte,32.48,2024-06-15,EXPENSE,BANK_TRANSFER,false
Combustivel,81.20,2024-06-15,EXPENSE,DEBIT_CARD,false
Eletronicos,4778.03,2024-06-15,EXPENSE,DEBIT_CARD,false
Estacionamento,11.28,2024-06-15,EXPENSE,CASH,false
Farmacia,123.43,2024-06-15,EXPENSE,CASH,false
Padaria,61.51,2024-06-15,EXPENSE,CREDIT_CARD,false
Restaurante,45.77,2024-06-15,EXPENSE,PIX,false
Veterinario,123.52,2024-06-15,EXPENSE,CASH,false
Aluguel recebido,1030.42,2024-06-15,INCOME,PIX,false
Rendimento de investimento,573.78,2024-06-15,INCOME,BANK_TRANSFER,true
Cinema e lazer,140.33,2024-06-16,EXPENSE,BANK_TRANSFER,false
Combustivel,286.04,2024-06-16,EXPENSE,DEBIT_CARD,false
Combustivel,407.74,2024-06-16,EXPENSE,PIX,false
Condominio,270.11,2024-06-16,EXPENSE,CASH,true
Conta de energia,386.33,2024-06-16,EXPENSE,CASH,true
Delivery de comida,51.04,2024-06-16,EXPENSE,BANK_TRANSFER,false
Eletronicos,4924.23,2024-06-16,EXPENSE,CREDIT_CARD,false
Eletronicos,4214.87,2024-06-16,EXPENSE,CREDIT_CARD,false
Livraria,100.09,2024-06-16,EXPENSE,DEBIT_CARD,false
Loja de roupas,749.11,2024-06-16,EXPENSE,PIX,false
Plano de saude,1477.97,2024-06-16,EXPENSE,CASH,false
Plano de saude,664.90,2024-06-16,EXPENSE,CREDIT_CARD,true
Veterinario,546.09,2024-06-16,EXPENSE,CASH,false
Internet residencial,173.21,2024-06-17,EXPENSE,BANK_TRANSFER,true
Livraria,68.64,2024-06-17,EXPENSE,CREDIT_CARD,false
Manutencao do veiculo,1386.09,2024-06-17,EXPENSE,BANK_TRANSFER,false
Manutencao do veiculo,681.37,2024-06-17,EXPENSE,CASH,false
Manutencao do veiculo,405.58,2024-06-17,EXPENSE,CREDIT_CARD,false
Padaria,65.60,2024-06-17,EXPENSE,BANK_TRANSFER,false
Pet shop,361.69,2024-06-17,EXPENSE,DEBIT_CARD,false
Plano de celular,47.71,2024-06-17,EXPENSE,PIX,true
Streaming,66.01,2024-06-17,EXPENSE,DEBIT_CARD,true
Streaming,80.74,2024-06-17,EXPENSE,CASH,true
Livraria,89.39,2024-06-18,EXPENSE,CASH,false
Passagem aerea,1806.18,2024-06-18,EXPENSE,BOLETO,false
Passagem aerea,417.84,2024-06-18,EXPENSE,BANK_TRANSFER,false
Plano de celular,62.84,2024-06-18,EXPENSE,CREDIT_CARD,true
Restaurante,36.68,2024-06-18,EXPENSE,BANK_TRANSFER,false
Seguro do veiculo,260.93,2024-06-18,EXPENSE,CREDIT_CARD,true
Streaming,44.59,2024-06-18,EXPENSE,BANK_TRANSFER,true
Academia,187.85,2024-06-19,EXPENSE,DEBIT_CARD,true
Academia,278.15,2024-06-19,EXPENSE,CREDIT_CARD,true
Aplicativo de transporte,90.69,2024-06-19,EXPENSE,PIX,false
Combustivel,331.38,2024-06-19,EXPENSE,CASH,false
Conta de agua,105.56,2024-06-19,EXPENSE,CREDIT_CARD,true
Loja de roupas,449.90,2024-06-19,EXPENSE,CREDIT_CARD,false
Plano de saude,1273.04,2024-06-19,EXPENSE,BOLETO,true
Seguro do veiculo,457.51,2024-06-19,EXPENSE,DEBIT_CARD,true
Seguro do veiculo,324.66,2024-06-19,EXPENSE,DEBIT_CARD,true
Seguro do veiculo,120.98,2024-06-19,EXPENSE,BANK_TRANSFER,true
Supermercado,511.44,2024-06-19,EXPENSE,BANK_TRANSFER,false
Transferencia recebida,1469.87,2024-06-19,INCOME,BANK_TRANSFER,false
Academia,95.82,2024-06-20,EXPENSE,BOLETO,true
Aluguel residencial,3873.87,2024-06-20,EXPENSE,DEBIT_CARD,true
Curso online,241.10,2024-06-20,EXPENSE,DEBIT_CARD,false
Eletronicos,3012.10,2024-06-20,EXPENSE,BANK_TRANSFER,false
Impostos e taxas,437.43,2024-06-20,EXPENSE,CASH,false
Livraria,188.63,2024-06-20,EXPENSE,DEBIT_CARD,false
Livraria,45.53,2024-06-20,EXPENSE,PIX,false
Loja de roupas,293.65,2024-06-20,EXPENSE,CASH,false
Loja de roupas,582.76,2024-06-20,EXPENSE,BOLETO,false
Padaria,80.36,2024-06-20,EXPENSE,CREDIT_CARD,false
Seguro do veiculo,491.75,2024-06-20,EXPENSE,BOLETO,true
Aluguel recebido,3021.05,2024-06-20,INCOME,PIX,true
Pagamento freelance,827.38,2024-06-20,INCOME,BANK_TRANSFER,false
Cinema e lazer,30.00,2024-06-21,EXPENSE,CASH,false
Padaria,11.18,2024-06-21,EXPENSE,BANK_TRANSFER,false
Restaurante,262.08,2024-06-21,EXPENSE,CREDIT_CARD,false
Restaurante,196.36,2024-06-21,EXPENSE,DEBIT_CARD,false
Dividendos,365.32,2024-06-21,INCOME,PIX,false
Pagamento freelance,3442.08,2024-06-21,INCOME,PIX,false
Pagamento freelance,1589.99,2024-06-21,INCOME,BANK_TRANSFER,false
Venda de produto,1177.58,2024-06-21,INCOME,BANK_TRANSFER,false
Aluguel residencial,2863.20,2024-06-22,EXPENSE,DEBIT_CARD,false
Aplicativo de transporte,43.21,2024-06-22,EXPENSE,DEBIT_CARD,false
Cinema e lazer,43.49,2024-06-22,EXPENSE,BOLETO,false
Condominio,1081.60,2024-06-22,EXPENSE,PIX,false
Conta de energia,94.56,2024-06-22,EXPENSE,DEBIT_CARD,false
Estacionamento,24.96,2024-06-22,EXPENSE,BANK_TRANSFER,false
Impostos e taxas,1075.56,2024-06-22,EXPENSE,PIX,false
Internet residencial,186.27,2024-06-22,EXPENSE,CREDIT_CARD,true
Internet residencial,151.21,2024-06-22,EXPENSE,CREDIT_CARD,true
Loja de roupas,316.23,2024-06-22,EXPENSE,DEBIT_CARD,false
Plano de saude,640.95,2024-06-22,EXPENSE,BOLETO,true
Dividendos,17.77,2024-06-22,INCOME,BANK_TRANSFER,true
Pagamento freelance,648.99,2024-06-22,INCOME,BANK_TRANSFER,false
Restituicao de imposto,535.61,2024-06-22,INCOME,BANK_TRANSFER,false
Academia,146.96,2024-06-23,EXPENSE,BANK_TRANSFER,true
Aluguel residencial,3713.45,2024-06-23,EXPENSE,BANK_TRANSFER,true
Conta de energia,412.01,2024-06-23,EXPENSE,BANK_TRANSFER,false
Curso online,437.08,2024-06-23,EXPENSE,DEBIT_CARD,false
Eletronicos,2703.00,2024-06-23,EXPENSE,BOLETO,false
Eletronicos,4950.34,2024-06-23,EXPENSE,DEBIT_CARD,false
Pet shop,305.24,2024-06-23,EXPENSE,PIX,false
Pet shop,242.85,2024-06-23,EXPENSE,BANK_TRANSFER,false
Venda de produto,560.25,2024-06-23,INCOME,BANK_TRANSFER,false
Cinema e lazer,210.78,2024-06-24,EXPENSE,CASH,false
Combustivel,134.95,2024-06-24,EXPENSE,CASH,false
Condominio,877.08,2024-06-24,EXPENSE,CREDIT_CARD,true
Conta de agua,57.42,2024-06-24,EXPENSE,BOLETO,true
Doacao,413.65,2024-06-24,EXPENSE,CREDIT_CARD,false
Farmacia,171.13,2024-06-24,EXPENSE,BOLETO,false
Farmacia,75.02,2024-06-24,EXPENSE,DEBIT_CARD,false
Livraria,215.00,2024-06-24,EXPENSE,DEBIT_CARD,false
Plano de celular,162.12,2024-06-24,EXPENSE,BOLETO,true
Veterinario,752.55,2024-06-24,EXPENSE,DEBIT_CARD,false
Dividendos,341.66,2024-06-24,INCOME,BANK_TRANSFER,false
Restituicao de imposto,1503.85,2024-06-24,INCOME,PIX,false
Venda de produto,1268.15,2024-06-24,INCOME,BANK_TRANSFER,false
Academia,188.57,2024-06-25,EXPENSE,CREDIT_CARD,true
Aluguel residencial,2945.86,2024-06-25,EXPENSE,BOLETO,true
Cinema e lazer,30.02,2024-06-25,EXPENSE,DEBIT_CARD,false
Cinema e lazer,207.93,2024-06-25,EXPENSE,CREDIT_CARD,false
Condominio,516.22,2024-06-25,EXPENSE,PIX,true
Conta de agua,174.25,2024-06-25,EXPENSE,CREDIT_CARD,true
Conta de energia,427.08,2024-06-25,EXPENSE,DEBIT_CARD,false
Curso online,303.36,2024-06-25,EXPENSE,DEBIT_CARD,false
Curso online,193.80,2024-06-25,EXPENSE,BANK_TRANSFER,false
Curso online,664.06,2024-06-25,EXPENSE,CREDIT_CARD,false
Delivery de comida,67.36,2024-06-25,EXPENSE,BANK_TRANSFER,false
Estacionamento,50.28,2024-06-25,EXPENSE,BANK_TRANSFER,false
Estacionamento,25.36,2024-06-25,EXPENSE,CASH,false
Padaria,65.47,2024-06-25,EXPENSE,DEBIT_CARD,false
Plano de saude,1064.19,2024-06-25,EXPENSE,BOLETO,false
Seguro do veiculo,272.75,2024-06-25,EXPENSE,CREDIT_CARD,true
Veterinario,739.88,2024-06-25,EXPENSE,PIX,false
Restituicao de imposto,901.15,2024-06-25,INCOME,BANK_TRANSFER,false
Salario mensal,11709.43,2024-06-25,INCOME,PIX,false
Conta de energia,87.42,2024-06-26,EXPENSE,CASH,true
Eletronicos,2481.59,2024-06-26,EXPENSE,BOLETO,false
Pet shop,94.01,2024-06-26,EXPENSE,BOLETO,false
Plano de saude,1382.33,2024-06-26,EXPENSE,CREDIT_CARD,true
Streaming,35.53,2024-06-26,EXPENSE,BANK_TRANSFER,true
Veterinario,551.07,2024-06-26,EXPENSE,CREDIT_CARD,false
Veterinario,655.38,2024-06-26,EXPENSE,BOLETO,false
Aluguel recebido,1391.82,2024-06-26,INCOME,BANK_TRANSFER,true
Restituicao de imposto,2187.05,2024-06-26,INCOME,BANK_TRANSFER,false
Salario mensal,4099.16,2024-06-26,INCOME,PIX,true
Aluguel residencial,1463.82,2024-06-27,EXPENSE,BOLETO,true
Aplicativo de transporte,91.07,2024-06-27,EXPENSE,BOLETO,false
Cinema e lazer,222.65,2024-06-27,EXPENSE,CREDIT_CARD,false
Curso online,150.95,2024-06-27,EXPENSE,CREDIT_CARD,false
Estacionamento,61.30,2024-06-27,EXPENSE,BOLETO,false
Farmacia,176.92,2024-06-27,EXPENSE,CASH,false
Farmacia,96.49,2024-06-27,EXPENSE,CREDIT_CARD,false
Livraria,239.19,2024-06-27,EXPENSE,PIX,false
Plano de celular,145.13,2024-06-27,EXPENSE,BANK_TRANSFER,true
Streaming,39.81,2024-06-27,EXPENSE,BOLETO,true
Supermercado,634.76,2024-06-27,EXPENSE,CASH,false
Rendimento de investimento,216.91,2024-06-27,INCOME,PIX,true
Venda de produto,362.19,2024-06-27,INCOME,PIX,false
Academia,161.54,2024-06-28,EXPENSE,BOLETO,true
Cinema e lazer,215.94,2024-06-28,EXPENSE,BOLETO,false
Cinema e lazer,74.66,2024-06-28,EXPENSE,PIX,false
Conta de agua,66.51,2024-06-28,EXPENSE,BOLETO,true
Conta de energia,314.47,2024-06-28,EXPENSE,CREDIT_CARD,true
Conta de energia,232.31,2024-06-28,EXPENSE,CASH,false
Curso online,591.50,2024-06-28,EXPENSE,BOLETO,false
Delivery de comida,184.18,2024-06-28,EXPENSE,CREDIT_CARD,false
Farmacia,176.34,2024-06-28,EXPENSE,BOLETO,false
Impostos e taxas,1276.74,2024-06-28,EXPENSE,BANK_TRANSFER,false
Internet residencial,90.69,2024-06-28,EXPENSE,BANK_TRANSFER,true
Padaria,18.92,2024-06-28,EXPENSE,DEBIT_CARD,false
Pet shop,221.20,2024-06-28,EXPENSE,PIX,false
Plano de celular,111.71,2024-06-28,EXPENSE,DEBIT_CARD,true
Veterinario,612.27,2024-06-28,EXPENSE,CASH,false
Salario mensal,7747.16,2024-06-28,INCOME,BANK_TRANSFER,false
Venda de produto,729.91,2024-06-28,INCOME,PIX,false
Cinema e lazer,115.60,2024-06-29,EXPENSE,CREDIT_CARD,false
Conta de agua,120.01,2024-06-29,EXPENSE,CREDIT_CARD,true
Conta de agua,106.44,2024-06-29,EXPENSE,CASH,true
Conta de energia,535.38,2024-06-29,EXPENSE,DEBIT_CARD,true
Doacao,245.44,2024-06-29,EXPENSE,PIX,false
Estacionamento,25.31,2024-06-29,EXPENSE,CREDIT_CARD,false
Farmacia,280.52,2024-06-29,EXPENSE,CASH,false
Farmacia,81.88,2024-06-29,EXPENSE,DEBIT_CARD,false
Livraria,147.96,2024-06-29,EXPENSE,BANK_TRANSFER,false
Livraria,248.28,2024-06-29,EXPENSE,BANK_TRANSFER,false
Passagem aerea,2555.99,2024-06-29,EXPENSE,CASH,false
Passagem aerea,920.77,2024-06-29,EXPENSE,BOLETO,false
Pet shop,321.92,2024-06-29,EXPENSE,BANK_TRANSFER,false
Plano de celular,111.83,2024-06-29,EXPENSE,DEBIT_CARD,true
Streaming,76.87,2024-06-29,EXPENSE,CASH,true
Supermercado,631.64,2024-06-29,EXPENSE,DEBIT_CARD,false
Viagem e hospedagem,1798.76,2024-06-29,EXPENSE,CASH,false
Dividendos,497.08,2024-06-29,INCOME,BANK_TRANSFER,true
Aluguel residencial,1125.47,2024-06-30,EXPENSE,DEBIT_CARD,true
Cinema e lazer,32.47,2024-06-30,EXPENSE,BANK_TRANSFER,false
Doacao,407.29,2024-06-30,EXPENSE,BOLETO,false
Estacionamento,74.70,2024-06-30,EXPENSE,PIX,false
Internet residencial,100.54,2024-06-30,EXPENSE,BANK_TRANSFER,true
Livraria,78.98,2024-06-30,EXPENSE,CREDIT_CARD,false
Plano de saude,838.60,2024-06-30,EXPENSE,CASH,true
Restaurante,72.27,2024-06-30,EXPENSE,CREDIT_CARD,false
Condominio,1102.66,2024-07-01,EXPENSE,PIX,true
Conta de energia,197.17,2024-07-01,EXPENSE,PIX,true
Delivery de comida,39.08,2024-07-01,EXPENSE,DEBIT_CARD,false
Doacao,461.80,2024-07-01,EXPENSE,BANK_TRANSFER,false
Eletronicos,1345.86,2024-07-01,EXPENSE,DEBIT_CARD,false
Padaria,69.66,2024-07-01,EXPENSE,CREDIT_CARD,false
Plano de celular,174.00,2024-07-01,EXPENSE,BANK_TRANSFER,true
Restaurante,253.79,2024-07-01,EXPENSE,CREDIT_CARD,false
Aluguel recebido,1147.93,2024-07-01,INCOME,BANK_TRANSFER,true
Pagamento freelance,1590.02,2024-07-01,INCOME,BANK_TRANSFER,false
Transferencia recebida,1297.65,2024-07-01,INCOME,BANK_TRANSFER,false
Academia,162.26,2024-07-02,EXPENSE,BOLETO,true
Aluguel residencial,3511.56,2024-07-02,EXPENSE,DEBIT_CARD,true
Condominio,1011.38,2024-07-02,EXPENSE,BOLETO,true
Conta de energia,460.32,2024-07-02,EXPENSE,CASH,true
Restaurante,237.73,2024-07-02,EXPENSE,CASH,false
Restaurante,291.82,2024-07-02,EXPENSE,DEBIT_CARD,false
Seguro do veiculo,457.35,2024-07-02,EXPENSE,PIX,false
Supermercado,571.06,2024-07-02,EXPENSE,PIX,false
Condominio,1068.88,2024-07-03,EXPENSE,BOLETO,true
Conta de agua,52.96,2024-07-03,EXPENSE,DEBIT_CARD,true
Impostos e taxas,841.28,2024-07-03,EXPENSE,PIX,false
Internet residencial,123.49,2024-07-03,EXPENSE,BOLETO,true
Livraria,80.80,2024-07-03,EXPENSE,PIX,false
Manutencao do veiculo,1298.45,2024-07-03,EXPENSE,BANK_TRANSFER,false
Padaria,35.29,2024-07-03,EXPENSE,DEBIT_CARD,false
Restaurante,117.49,2024-07-03,EXPENSE,PIX,false
Restaurante,135.18,2024-07-03,EXPENSE,CASH,false
Pagamento freelance,936.77,2024-07-03,INCOME,BANK_TRANSFER,false
Aplicativo de transporte,23.72,2024-07-04,EXPENSE,DEBIT_CARD,false
Aplicativo de transporte,84.69,2024-07-04,EXPENSE,DEBIT_CARD,false
Conta de energia,443.42,2024-07-04,EXPENSE,BOLETO,true
Conta de energia,135.51,2024-07-04,EXPENSE,CASH,true
Conta de energia,609.81,2024-07-04,EXPENSE,BANK_TRANSFER,true
Estacionamento,61.99,2024-07-04,EXPENSE,CASH,false
Impostos e taxas,1850.54,2024-07-04,EXPENSE,DEBIT_CARD,false
Internet residencial,117.08,2024-07-04,EXPENSE,DEBIT_CARD,true
Livraria,128.09,2024-07-04,EXPENSE,BOLETO,false
Padaria,46.66,2024-07-04,EXPENSE,BANK_TRANSFER,false
Pet shop,299.57,2024-07-04,EXPENSE,BOLETO,false
Restaurante,308.21,2024-07-04,EXPENSE,BANK_TRANSFER,false
Seguro do veiculo,233.98,2024-07-04,EXPENSE,DEBIT_CARD,true
Bonus profissional,1171.79,2024-07-04,INCOME,PIX,false
Pagamento freelance,2687.67,2024-07-04,INCOME,PIX,false
Reembolso empresarial,386.42,2024-07-04,INCOME,PIX,false
Curso online,153.56,2024-07-05,EXPENSE,PIX,false
Delivery de comida,132.03,2024-07-05,EXPENSE,DEBIT_CARD,false
Impostos e taxas,299.43,2024-07-05,EXPENSE,BOLETO,false
Manutencao do veiculo,812.10,2024-07-05,EXPENSE,CASH,false
Manutencao do veiculo,2097.24,2024-07-05,EXPENSE,CREDIT_CARD,false
Plano de celular,157.84,2024-07-05,EXPENSE,BANK_TRANSFER,true
Plano de celular,120.18,2024-07-05,EXPENSE,CREDIT_CARD,true
Plano de saude,1446.73,2024-07-05,EXPENSE,BOLETO,true
Plano de saude,1042.43,2024-07-05,EXPENSE,CREDIT_CARD,true
Streaming,49.63,2024-07-05,EXPENSE,BANK_TRANSFER,true
Dividendos,708.29,2024-07-05,INCOME,BANK_TRANSFER,true
Aplicativo de transporte,36.41,2024-07-06,EXPENSE,BANK_TRANSFER,false
Combustivel,131.15,2024-07-06,EXPENSE,BOLETO,false
Curso online,241.13,2024-07-06,EXPENSE,CREDIT_CARD,false
Seguro do veiculo,171.66,2024-07-06,EXPENSE,DEBIT_CARD,false
Veterinario,531.40,2024-07-06,EXPENSE,BANK_TRANSFER,false
Dividendos,183.82,2024-07-06,INCOME,BANK_TRANSFER,true
Eletronicos,4231.59,2024-07-07,EXPENSE,BOLETO,false
Internet residencial,140.62,2024-07-07,EXPENSE,DEBIT_CARD,true
Supermercado,530.26,2024-07-07,EXPENSE,BOLETO,false
Dividendos,704.10,2024-07-07,INCOME,BANK_TRANSFER,false
Curso online,528.08,2024-07-08,EXPENSE,DEBIT_CARD,false
Delivery de comida,83.81,2024-07-08,EXPENSE,PIX,false
Delivery de comida,23.39,2024-07-08,EXPENSE,CREDIT_CARD,false
Impostos e taxas,365.68,2024-07-08,EXPENSE,BANK_TRANSFER,false
Impostos e taxas,244.03,2024-07-08,EXPENSE,DEBIT_CARD,false
Supermercado,604.50,2024-07-08,EXPENSE,DEBIT_CARD,false
Academia,101.23,2024-07-09,EXPENSE,CASH,false
Academia,225.70,2024-07-09,EXPENSE,DEBIT_CARD,true
Cinema e lazer,73.85,2024-07-09,EXPENSE,DEBIT_CARD,false
Cinema e lazer,170.99,2024-07-09,EXPENSE,PIX,false
Conta de agua,151.05,2024-07-09,EXPENSE,CREDIT_CARD,true
Conta de energia,514.72,2024-07-09,EXPENSE,PIX,true
Conta de energia,523.83,2024-07-09,EXPENSE,PIX,true
Eletronicos,3723.95,2024-07-09,EXPENSE,PIX,false
Estacionamento,55.89,2024-07-09,EXPENSE,DEBIT_CARD,false
Manutencao do veiculo,708.71,2024-07-09,EXPENSE,CASH,false
Passagem aerea,1422.94,2024-07-09,EXPENSE,PIX,false
Plano de celular,155.60,2024-07-09,EXPENSE,DEBIT_CARD,true
Aluguel residencial,3246.37,2024-07-10,EXPENSE,PIX,true
Aluguel residencial,1186.26,2024-07-10,EXPENSE,CREDIT_CARD,true
Estacionamento,59.67,2024-07-10,EXPENSE,DEBIT_CARD,false
Passagem aerea,3621.28,2024-07-10,EXPENSE,BOLETO,false
Seguro do veiculo,487.12,2024-07-10,EXPENSE,CASH,true
Streaming,27.64,2024-07-10,EXPENSE,CASH,true
Dividendos,142.86,2024-07-10,INCOME,PIX,true
Pagamento freelance,4264.95,2024-07-10,INCOME,PIX,false
Transferencia recebida,751.75,2024-07-10,INCOME,PIX,false
Aplicativo de transporte,18.04,2024-07-11,EXPENSE,PIX,false
Aplicativo de transporte,18.61,2024-07-11,EXPENSE,BOLETO,false
Delivery de comida,127.67,2024-07-11,EXPENSE,PIX,false
Internet residencial,186.92,2024-07-11,EXPENSE,CASH,true
Internet residencial,197.72,2024-07-11,EXPENSE,PIX,true
Restaurante,36.14,2024-07-11,EXPENSE,CASH,false
Supermercado,71.49,2024-07-11,EXPENSE,PIX,false
Viagem e hospedagem,2195.61,2024-07-11,EXPENSE,PIX,false
Venda de produto,875.68,2024-07-11,INCOME,BANK_TRANSFER,false
Conta de energia,447.68,2024-07-12,EXPENSE,DEBIT_CARD,true
Curso online,560.00,2024-07-12,EXPENSE,CREDIT_CARD,false
Delivery de comida,61.28,2024-07-12,EXPENSE,BANK_TRANSFER,false
Estacionamento,21.89,2024-07-12,EXPENSE,PIX,false
Farmacia,324.39,2024-07-12,EXPENSE,DEBIT_CARD,false
Impostos e taxas,2097.38,2024-07-12,EXPENSE,PIX,false
Internet residencial,193.50,2024-07-12,EXPENSE,PIX,true
Loja de roupas,760.57,2024-07-12,EXPENSE,BOLETO,false
Loja de roupas,262.00,2024-07-12,EXPENSE,BOLETO,false
Restaurante,196.98,2024-07-12,EXPENSE,CREDIT_CARD,false
Viagem e hospedagem,3646.18,2024-07-12,EXPENSE,DEBIT_CARD,false
Dividendos,592.10,2024-07-12,INCOME,BANK_TRANSFER,false
Dividendos,256.09,2024-07-12,INCOME,PIX,false
Restituicao de imposto,2542.30,2024-07-12,INCOME,PIX,false
Aluguel residencial,2947.84,2024-07-13,EXPENSE,PIX,true
Aplicativo de transporte,63.63,2024-07-13,EXPENSE,BANK_TRANSFER,false
Cinema e lazer,94.71,2024-07-13,EXPENSE,DEBIT_CARD,false
Conta de agua,61.69,2024-07-13,EXPENSE,BANK_TRANSFER,false
Curso online,529.31,2024-07-13,EXPENSE,BOLETO,false
Estacionamento,73.88,2024-07-13,EXPENSE,CREDIT_CARD,false
Internet residencial,183.82,2024-07-13,EXPENSE,BANK_TRANSFER,true
Padaria,21.30,2024-07-13,EXPENSE,BOLETO,false
Plano de celular,65.54,2024-07-13,EXPENSE,DEBIT_CARD,true
Plano de celular,55.35,2024-07-13,EXPENSE,CASH,true
Seguro do veiculo,159.08,2024-07-13,EXPENSE,PIX,true
Streaming,32.84,2024-07-13,EXPENSE,CASH,true
Supermercado,542.27,2024-07-13,EXPENSE,BANK_TRANSFER,false
Supermercado,158.86,2024-07-13,EXPENSE,BOLETO,false
Aluguel residencial,3348.87,2024-07-14,EXPENSE,DEBIT_CARD,false
Conta de agua,182.34,2024-07-14,EXPENSE,DEBIT_CARD,true
Curso online,497.14,2024-07-14,EXPENSE,BOLETO,false
Delivery de comida,87.41,2024-07-14,EXPENSE,BOLETO,false
Estacionamento,37.44,2024-07-14,EXPENSE,CASH,false
Livraria,265.75,2024-07-14,EXPENSE,BANK_TRANSFER,false
Pet shop,378.13,2024-07-14,EXPENSE,DEBIT_CARD,false
Viagem e hospedagem,2231.78,2024-07-14,EXPENSE,CREDIT_CARD,false
Transferencia recebida,1465.73,2024-07-14,INCOME,PIX,false
Delivery de comida,142.08,2024-07-15,EXPENSE,BANK_TRANSFER,false
Doacao,29.56,2024-07-15,EXPENSE,BANK_TRANSFER,false
Eletronicos,2206.33,2024-07-15,EXPENSE,PIX,false
Eletronicos,725.81,2024-07-15,EXPENSE,DEBIT_CARD,false
Eletronicos,2196.09,2024-07-15,EXPENSE,DEBIT_CARD,false
Estacionamento,19.61,2024-07-15,EXPENSE,BOLETO,false
Plano de celular,107.76,2024-07-15,EXPENSE,PIX,false
Seguro do veiculo,437.68,2024-07-15,EXPENSE,CREDIT_CARD,true
Supermercado,172.70,2024-07-15,EXPENSE,BOLETO,false
Supermercado,567.70,2024-07-15,EXPENSE,BOLETO,false
Cinema e lazer,193.87,2024-07-16,EXPENSE,CREDIT_CARD,false
Conta de agua,97.50,2024-07-16,EXPENSE,CASH,true
Delivery de comida,64.95,2024-07-16,EXPENSE,PIX,false
Estacionamento,54.85,2024-07-16,EXPENSE,DEBIT_CARD,false
Passagem aerea,3306.71,2024-07-16,EXPENSE,BOLETO,false
Passagem aerea,3435.83,2024-07-16,EXPENSE,BANK_TRANSFER,false
Restaurante,240.10,2024-07-16,EXPENSE,BOLETO,false
Supermercado,443.93,2024-07-16,EXPENSE,DEBIT_CARD,false
Pagamento freelance,1556.17,2024-07-16,INCOME,BANK_TRANSFER,false
Academia,108.43,2024-07-17,EXPENSE,PIX,false
Academia,245.53,2024-07-17,EXPENSE,CREDIT_CARD,true
Academia,216.07,2024-07-17,EXPENSE,DEBIT_CARD,true
Cinema e lazer,145.60,2024-07-17,EXPENSE,PIX,false
Curso online,560.35,2024-07-17,EXPENSE,BOLETO,false
Impostos e taxas,529.08,2024-07-17,EXPENSE,CASH,false
Impostos e taxas,1514.45,2024-07-17,EXPENSE,CASH,false
Loja de roupas,485.48,2024-07-17,EXPENSE,PIX,false
Loja de roupas,160.43,2024-07-17,EXPENSE,CASH,false
Passagem aerea,2832.65,2024-07-17,EXPENSE,PIX,false
Plano de saude,1132.48,2024-07-17,EXPENSE,CREDIT_CARD,true
Dividendos,338.28,2024-07-17,INCOME,PIX,true
Reembolso empresarial,865.22,2024-07-17,INCOME,PIX,false
Combustivel,374.06,2024-07-18,EXPENSE,BANK_TRANSFER,false
Delivery de comida,147.32,2024-07-18,EXPENSE,PIX,false
Doacao,272.69,2024-07-18,EXPENSE,BANK_TRANSFER,false
Doacao,446.48,2024-07-18,EXPENSE,DEBIT_CARD,false
Internet residencial,93.44,2024-07-18,EXPENSE,BANK_TRANSFER,true
Padaria,30.84,2024-07-18,EXPENSE,CASH,false
Pet shop,100.61,2024-07-18,EXPENSE,CREDIT_CARD,false
Supermercado,322.58,2024-07-18,EXPENSE,BANK_TRANSFER,false
Veterinario,261.87,2024-07-18,EXPENSE,CASH,false
Viagem e hospedagem,2636.08,2024-07-18,EXPENSE,CASH,false
Reembolso empresarial,332.24,2024-07-18,INCOME,BANK_TRANSFER,false
Academia,219.81,2024-07-19,EXPENSE,CASH,true
Cinema e lazer,49.50,2024-07-19,EXPENSE,DEBIT_CARD,false
Conta de energia,600.14,2024-07-19,EXPENSE,CREDIT_CARD,true
Eletronicos,438.68,2024-07-19,EXPENSE,PIX,false
Eletronicos,3164.88,2024-07-19,EXPENSE,PIX,false
Estacionamento,34.43,2024-07-19,EXPENSE,PIX,false
Livraria,202.37,2024-07-19,EXPENSE,PIX,false
Livraria,263.33,2024-07-19,EXPENSE,DEBIT_CARD,false
Loja de roupas,750.05,2024-07-19,EXPENSE,CREDIT_CARD,false
Passagem aerea,2387.41,2024-07-19,EXPENSE,CREDIT_CARD,false
Veterinario,631.51,2024-07-19,EXPENSE,BOLETO,false
Salario mensal,10169.12,2024-07-19,INCOME,BANK_TRANSFER,true
Doacao,412.99,2024-07-20,EXPENSE,PIX,false
Estacionamento,18.04,2024-07-20,EXPENSE,PIX,false
Internet residencial,171.56,2024-07-20,EXPENSE,BOLETO,true
Internet residencial,190.09,2024-07-20,EXPENSE,CASH,false
Loja de roupas,439.11,2024-07-20,EXPENSE,CREDIT_CARD,false
Pet shop,212.88,2024-07-20,EXPENSE,CASH,false
Condominio,739.66,2024-07-21,EXPENSE,BOLETO,false
Doacao,414.24,2024-07-21,EXPENSE,BOLETO,false
Farmacia,159.74,2024-07-21,EXPENSE,PIX,false
Manutencao do veiculo,2352.63,2024-07-21,EXPENSE,DEBIT_CARD,false
Passagem aerea,2797.01,2024-07-21,EXPENSE,CASH,false
Passagem aerea,2148.91,2024-07-21,EXPENSE,BANK_TRANSFER,false
Plano de celular,37.65,2024-07-21,EXPENSE,DEBIT_CARD,true
Seguro do veiculo,443.17,2024-07-21,EXPENSE,DEBIT_CARD,true
Seguro do veiculo,528.55,2024-07-21,EXPENSE,CREDIT_CARD,true
Viagem e hospedagem,1769.24,2024-07-21,EXPENSE,CREDIT_CARD,false
Rendimento de investimento,268.59,2024-07-21,INCOME,PIX,false
Academia,148.25,2024-07-22,EXPENSE,BANK_TRANSFER,true
Aluguel residencial,1191.42,2024-07-22,EXPENSE,PIX,true
Curso online,162.75,2024-07-22,EXPENSE,BOLETO,false
Impostos e taxas,779.72,2024-07-22,EXPENSE,PIX,false
Impostos e taxas,178.80,2024-07-22,EXPENSE,BOLETO,false
Pet shop,66.17,2024-07-22,EXPENSE,BANK_TRANSFER,false
Streaming,31.31,2024-07-22,EXPENSE,BOLETO,true
Bonus profissional,4035.83,2024-07-22,INCOME,PIX,false
Academia,102.24,2024-07-23,EXPENSE,CREDIT_CARD,true
Aluguel residencial,2496.10,2024-07-23,EXPENSE,BANK_TRANSFER,true
Combustivel,413.19,2024-07-23,EXPENSE,PIX,false
Eletronicos,3078.01,2024-07-23,EXPENSE,PIX,false
Restaurante,319.97,2024-07-23,EXPENSE,BANK_TRANSFER,false
Academia,73.64,2024-07-24,EXPENSE,BOLETO,true
Aplicativo de transporte,13.31,2024-07-24,EXPENSE,CASH,false
Combustivel,301.80,2024-07-24,EXPENSE,BOLETO,false
Combustivel,135.35,2024-07-24,EXPENSE,CREDIT_CARD,false
Doacao,333.36,2024-07-24,EXPENSE,BOLETO,false
Eletronicos,4869.43,2024-07-24,EXPENSE,PIX,false
Loja de roupas,564.58,2024-07-24,EXPENSE,CASH,false
Passagem aerea,475.51,2024-07-24,EXPENSE,BOLETO,false
Passagem aerea,1009.68,2024-07-24,EXPENSE,PIX,false
Plano de celular,121.02,2024-07-24,EXPENSE,DEBIT_CARD,false
Plano de saude,870.44,2024-07-24,EXPENSE,CREDIT_CARD,true
Restaurante,147.14,2024-07-24,EXPENSE,CREDIT_CARD,false
Supermercado,720.98,2024-07-24,EXPENSE,BANK_TRANSFER,false
Bonus profissional,3303.44,2024-07-24,INCOME,BANK_TRANSFER,false
Restituicao de imposto,536.23,2024-07-24,INCOME,BANK_TRANSFER,false
Delivery de comida,127.24,2024-07-25,EXPENSE,CASH,false
Farmacia,228.02,2024-07-25,EXPENSE,BOLETO,false
Internet residencial,163.01,2024-07-25,EXPENSE,CASH,true
Livraria,195.22,2024-07-25,EXPENSE,CASH,false
Livraria,38.32,2024-07-25,EXPENSE,BANK_TRANSFER,false
Loja de roupas,391.53,2024-07-25,EXPENSE,CREDIT_CARD,false
Padaria,75.41,2024-07-25,EXPENSE,CASH,false
Restaurante,130.14,2024-07-25,EXPENSE,BANK_TRANSFER,false
Streaming,25.85,2024-07-25,EXPENSE,BOLETO,false
Veterinario,650.11,2024-07-25,EXPENSE,PIX,false
Veterinario,456.43,2024-07-25,EXPENSE,DEBIT_CARD,false
Academia,161.58,2024-07-26,EXPENSE,CREDIT_CARD,true
Farmacia,26.67,2024-07-26,EXPENSE,BANK_TRANSFER,false
Manutencao do veiculo,907.56,2024-07-26,EXPENSE,BANK_TRANSFER,false
Passagem aerea,3106.36,2024-07-26,EXPENSE,PIX,false
Seguro do veiculo,391.72,2024-07-26,EXPENSE,DEBIT_CARD,true
Veterinario,436.89,2024-07-26,EXPENSE,BANK_TRANSFER,false
Restituicao de imposto,427.42,2024-07-26,INCOME,PIX,false
Combustivel,253.27,2024-07-27,EXPENSE,BOLETO,false
Delivery de comida,55.67,2024-07-27,EXPENSE,PIX,false
Delivery de comida,64.95,2024-07-27,EXPENSE,BOLETO,false
Doacao,115.08,2024-07-27,EXPENSE,BANK_TRANSFER,false
Estacionamento,10.48,2024-07-27,EXPENSE,CASH,false
Livraria,148.53,2024-07-27,EXPENSE,CASH,false
Padaria,16.87,2024-07-27,EXPENSE,BOLETO,false
Passagem aerea,1217.31,2024-07-27,EXPENSE,CREDIT_CARD,false
Plano de celular,117.63,2024-07-27,EXPENSE,DEBIT_CARD,false
Streaming,70.93,2024-07-27,EXPENSE,BANK_TRANSFER,true
Reembolso empresarial,329.05,2024-07-27,INCOME,BANK_TRANSFER,false
Venda de produto,1083.94,2024-07-27,INCOME,BANK_TRANSFER,false
Venda de produto,1389.92,2024-07-27,INCOME,BANK_TRANSFER,false
Academia,93.19,2024-07-28,EXPENSE,CASH,true
Aluguel residencial,2555.83,2024-07-28,EXPENSE,PIX,true
Aplicativo de transporte,49.44,2024-07-28,EXPENSE,CASH,false
Combustivel,227.88,2024-07-28,EXPENSE,CASH,false
Curso online,375.24,2024-07-28,EXPENSE,DEBIT_CARD,false
Internet residencial,182.54,2024-07-28,EXPENSE,BANK_TRANSFER,true
Livraria,132.26,2024-07-28,EXPENSE,CASH,false
Manutencao do veiculo,1618.89,2024-07-28,EXPENSE,BANK_TRANSFER,false
Plano de celular,44.95,2024-07-28,EXPENSE,CASH,true
Bonus profissional,2373.21,2024-07-28,INCOME,PIX,false
Restituicao de imposto,1318.08,2024-07-28,INCOME,PIX,false
Academia,76.32,2024-07-29,EXPENSE,BANK_TRANSFER,true
Curso online,451.62,2024-07-29,EXPENSE,PIX,false
Impostos e taxas,1120.81,2024-07-29,EXPENSE,BOLETO,false
Manutencao do veiculo,922.44,2024-07-29,EXPENSE,CREDIT_CARD,false
Padaria,21.32,2024-07-29,EXPENSE,BOLETO,false
Seguro do veiculo,489.66,2024-07-29,EXPENSE,PIX,true
Seguro do veiculo,102.69,2024-07-29,EXPENSE,BOLETO,true
Aluguel residencial,2800.30,2024-07-30,EXPENSE,DEBIT_CARD,true
Aplicativo de transporte,46.46,2024-07-30,EXPENSE,PIX,false
Condominio,506.48,2024-07-30,EXPENSE,CREDIT_CARD,true
Conta de energia,585.46,2024-07-30,EXPENSE,BANK_TRANSFER,false
Delivery de comida,55.21,2024-07-30,EXPENSE,CREDIT_CARD,false
Eletronicos,4372.74,2024-07-30,EXPENSE,DEBIT_CARD,false
Estacionamento,44.53,2024-07-30,EXPENSE,CASH,false
Impostos e taxas,1900.34,2024-07-30,EXPENSE,CREDIT_CARD,false
Loja de roupas,250.19,2024-07-30,EXPENSE,CASH,false
Plano de celular,95.36,2024-07-30,EXPENSE,DEBIT_CARD,true
Restaurante,277.20,2024-07-30,EXPENSE,CREDIT_CARD,false
Seguro do veiculo,521.73,2024-07-30,EXPENSE,PIX,true
Aluguel recebido,1767.71,2024-07-30,INCOME,BANK_TRANSFER,true
Rendimento de investimento,380.75,2024-07-30,INCOME,PIX,false
Aluguel residencial,1269.79,2024-07-31,EXPENSE,CREDIT_CARD,true
Cinema e lazer,215.14,2024-07-31,EXPENSE,CREDIT_CARD,false
Conta de agua,246.12,2024-07-31,EXPENSE,CREDIT_CARD,true
Conta de agua,84.65,2024-07-31,EXPENSE,CASH,true
Conta de energia,501.38,2024-07-31,EXPENSE,PIX,true
Doacao,214.00,2024-07-31,EXPENSE,DEBIT_CARD,false
Impostos e taxas,1223.75,2024-07-31,EXPENSE,PIX,false
Loja de roupas,381.97,2024-07-31,EXPENSE,DEBIT_CARD,false
Loja de roupas,681.29,2024-07-31,EXPENSE,PIX,false
Manutencao do veiculo,1981.17,2024-07-31,EXPENSE,CREDIT_CARD,false
Pet shop,131.44,2024-07-31,EXPENSE,CASH,false
Plano de saude,439.87,2024-07-31,EXPENSE,BOLETO,true
Combustivel,274.49,2024-08-01,EXPENSE,PIX,false
Estacionamento,57.14,2024-08-01,EXPENSE,CASH,false
Impostos e taxas,204.17,2024-08-01,EXPENSE,BANK_TRANSFER,false
Internet residencial,72.04,2024-08-01,EXPENSE,CREDIT_CARD,true
Loja de roupas,668.99,2024-08-01,EXPENSE,BANK_TRANSFER,false
Pet shop,178.73,2024-08-01,EXPENSE,PIX,false
Plano de celular,103.28,2024-08-01,EXPENSE,CREDIT_CARD,true
Plano de celular,88.95,2024-08-01,EXPENSE,BANK_TRANSFER,true
Plano de celular,47.32,2024-08-01,EXPENSE,BOLETO,true
Restaurante,209.27,2024-08-01,EXPENSE,BOLETO,false
Restaurante,189.19,2024-08-01,EXPENSE,PIX,false
Aluguel recebido,959.34,2024-08-01,INCOME,BANK_TRANSFER,true
Salario mensal,6860.15,2024-08-01,INCOME,PIX,true
Academia,261.20,2024-08-02,EXPENSE,BOLETO,true
Aluguel residencial,4053.55,2024-08-02,EXPENSE,BOLETO,true
Estacionamento,23.94,2024-08-02,EXPENSE,BOLETO,false
Plano de celular,65.67,2024-08-02,EXPENSE,BOLETO,false
Plano de celular,109.94,2024-08-02,EXPENSE,BANK_TRANSFER,true
Streaming,40.28,2024-08-02,EXPENSE,BANK_TRANSFER,true
Veterinario,733.14,2024-08-02,EXPENSE,CASH,false
Viagem e hospedagem,2109.37,2024-08-02,EXPENSE,CASH,false
Rendimento de investimento,141.95,2024-08-02,INCOME,PIX,true
Combustivel,196.31,2024-08-03,EXPENSE,DEBIT_CARD,false
Conta de agua,254.11,2024-08-03,EXPENSE,BOLETO,true
Curso online,656.48,2024-08-03,EXPENSE,BANK_TRANSFER,false
Curso online,717.23,2024-08-03,EXPENSE,DEBIT_CARD,false
Delivery de comida,84.71,2024-08-03,EXPENSE,CREDIT_CARD,false
Estacionamento,43.53,2024-08-03,EXPENSE,DEBIT_CARD,false
Impostos e taxas,2055.98,2024-08-03,EXPENSE,CREDIT_CARD,false
Internet residencial,82.74,2024-08-03,EXPENSE,BANK_TRANSFER,false
Livraria,202.41,2024-08-03,EXPENSE,CASH,false
Passagem aerea,411.44,2024-08-03,EXPENSE,BOLETO,false
Plano de celular,127.25,2024-08-03,EXPENSE,CREDIT_CARD,true
Plano de celular,117.15,2024-08-03,EXPENSE,PIX,false
Streaming,22.99,2024-08-03,EXPENSE,DEBIT_CARD,true
Bonus profissional,3696.03,2024-08-03,INCOME,PIX,false
Doacao,246.54,2024-08-04,EXPENSE,BANK_TRANSFER,false
Manutencao do veiculo,1233.89,2024-08-04,EXPENSE,DEBIT_CARD,false
Passagem aerea,1067.02,2024-08-04,EXPENSE,CREDIT_CARD,false
Plano de saude,1233.57,2024-08-04,EXPENSE,PIX,true
Restaurante,181.58,2024-08-04,EXPENSE,PIX,false
Streaming,43.11,2024-08-04,EXPENSE,DEBIT_CARD,true
Viagem e hospedagem,4188.53,2024-08-04,EXPENSE,CASH,false
Aluguel recebido,3141.36,2024-08-04,INCOME,BANK_TRANSFER,true
Aluguel recebido,3479.52,2024-08-04,INCOME,BANK_TRANSFER,false
Dividendos,591.70,2024-08-04,INCOME,BANK_TRANSFER,true
Pagamento freelance,3443.36,2024-08-04,INCOME,PIX,false
Aplicativo de transporte,61.15,2024-08-05,EXPENSE,BOLETO,false
Combustivel,123.41,2024-08-05,EXPENSE,BANK_TRANSFER,false
Combustivel,140.74,2024-08-05,EXPENSE,BANK_TRANSFER,false
Condominio,1260.04,2024-08-05,EXPENSE,CASH,false
Eletronicos,644.23,2024-08-05,EXPENSE,PIX,false
Eletronicos,2639.55,2024-08-05,EXPENSE,CASH,false
Eletronicos,4180.70,2024-08-05,EXPENSE,CASH,false
Estacionamento,50.53,2024-08-05,EXPENSE,CREDIT_CARD,false
Internet residencial,126.24,2024-08-05,EXPENSE,BOLETO,false
Livraria,248.29,2024-08-05,EXPENSE,BOLETO,false
Padaria,40.31,2024-08-05,EXPENSE,PIX,false
Restaurante,292.37,2024-08-05,EXPENSE,CREDIT_CARD,false
Pagamento freelance,390.22,2024-08-05,INCOME,BANK_TRANSFER,false
Restituicao de imposto,2348.08,2024-08-05,INCOME,BANK_TRANSFER,false
Transferencia recebida,1466.81,2024-08-05,INCOME,PIX,false
Venda de produto,1437.98,2024-08-05,INCOME,PIX,false
Venda de produto,1404.50,2024-08-05,INCOME,BANK_TRANSFER,false
Aplicativo de transporte,12.61,2024-08-06,EXPENSE,CASH,false
Aplicativo de transporte,32.19,2024-08-06,EXPENSE,CASH,false
Conta de energia,612.72,2024-08-06,EXPENSE,BANK_TRANSFER,true
Eletronicos,4622.17,2024-08-06,EXPENSE,BOLETO,false
Padaria,48.31,2024-08-06,EXPENSE,CASH,false
Plano de celular,84.65,2024-08-06,EXPENSE,CASH,true
Veterinario,563.42,2024-08-06,EXPENSE,CREDIT_CARD,false
Viagem e hospedagem,1107.80,2024-08-06,EXPENSE,BANK_TRANSFER,false
Salario mensal,8915.43,2024-08-06,INCOME,BANK_TRANSFER,true
Academia,130.36,2024-08-07,EXPENSE,PIX,true
Aplicativo de transporte,49.69,2024-08-07,EXPENSE,BOLETO,false
Conta de agua,218.04,2024-08-07,EXPENSE,CASH,false
Curso online,354.91,2024-08-07,EXPENSE,CASH,false
Delivery de comida,134.59,2024-08-07,EXPENSE,DEBIT_CARD,false
Estacionamento,71.50,2024-08-07,EXPENSE,CREDIT_CARD,false
Impostos e taxas,785.67,2024-08-07,EXPENSE,BANK_TRANSFER,false
Livraria,120.48,2024-08-07,EXPENSE,BANK_TRANSFER,false
Livraria,154.77,2024-08-07,EXPENSE,BOLETO,false
Plano de celular,179.45,2024-08-07,EXPENSE,PIX,true
Restaurante,308.93,2024-08-07,EXPENSE,BOLETO,false
Seguro do veiculo,463.02,2024-08-07,EXPENSE,BOLETO,true
Streaming,29.60,2024-08-07,EXPENSE,BOLETO,false
Supermercado,122.51,2024-08-07,EXPENSE,BANK_TRANSFER,false
Condominio,796.72,2024-08-08,EXPENSE,CREDIT_CARD,true
Condominio,313.88,2024-08-08,EXPENSE,DEBIT_CARD,true
Conta de agua,207.52,2024-08-08,EXPENSE,BOLETO,true
Conta de energia,317.95,2024-08-08,EXPENSE,CASH,true
Doacao,196.62,2024-08-08,EXPENSE,BANK_TRANSFER,false
Farmacia,96.74,2024-08-08,EXPENSE,PIX,false
Internet residencial,193.67,2024-08-08,EXPENSE,CASH,true
Livraria,37.78,2024-08-08,EXPENSE,BOLETO,false
Manutencao do veiculo,2346.76,2024-08-08,EXPENSE,DEBIT_CARD,false
Padaria,45.28,2024-08-08,EXPENSE,BOLETO,false
Passagem aerea,1407.61,2024-08-08,EXPENSE,PIX,false
Plano de celular,117.32,2024-08-08,EXPENSE,BANK_TRANSFER,true
Restaurante,286.71,2024-08-08,EXPENSE,BOLETO,false
Supermercado,47.50,2024-08-08,EXPENSE,CREDIT_CARD,false
Supermercado,324.43,2024-08-08,EXPENSE,BANK_TRANSFER,false
Bonus profissional,1089.83,2024-08-08,INCOME,PIX,false
Aplicativo de transporte,55.56,2024-08-09,EXPENSE,PIX,false
Conta de energia,193.29,2024-08-09,EXPENSE,CASH,true
Curso online,448.71,2024-08-09,EXPENSE,BANK_TRANSFER,false
Curso online,137.50,2024-08-09,EXPENSE,BANK_TRANSFER,false
Impostos e taxas,486.46,2024-08-09,EXPENSE,PIX,false
Livraria,57.44,2024-08-09,EXPENSE,CREDIT_CARD,false
Livraria,31.05,2024-08-09,EXPENSE,DEBIT_CARD,false
Padaria,17.96,2024-08-09,EXPENSE,CASH,false
Passagem aerea,2805.59,2024-08-09,EXPENSE,CASH,false
Pet shop,407.28,2024-08-09,EXPENSE,CREDIT_CARD,false
Plano de celular,74.63,2024-08-09,EXPENSE,BANK_TRANSFER,true
Restaurante,62.14,2024-08-09,EXPENSE,DEBIT_CARD,false
Veterinario,910.03,2024-08-09,EXPENSE,CREDIT_CARD,false
Viagem e hospedagem,1976.96,2024-08-09,EXPENSE,PIX,false
Dividendos,148.89,2024-08-09,INCOME,PIX,true
Rendimento de investimento,114.97,2024-08-09,INCOME,BANK_TRANSFER,true
Cinema e lazer,140.35,2024-08-10,EXPENSE,CREDIT_CARD,false
Condominio,727.82,2024-08-10,EXPENSE,BANK_TRANSFER,true
Conta de agua,100.56,2024-08-10,EXPENSE,DEBIT_CARD,true
Delivery de comida,53.03,2024-08-10,EXPENSE,CREDIT_CARD,false
Delivery de comida,159.41,2024-08-10,EXPENSE,BANK_TRANSFER,false
Farmacia,274.52,2024-08-10,EXPENSE,BANK_TRANSFER,false
Farmacia,241.86,2024-08-10,EXPENSE,PIX,false
Impostos e taxas,338.33,2024-08-10,EXPENSE,DEBIT_CARD,false
Loja de roupas,144.91,2024-08-10,EXPENSE,CREDIT_CARD,false
Plano de saude,1260.72,2024-08-10,EXPENSE,CASH,true
Restaurante,47.39,2024-08-10,EXPENSE,CASH,false
Seguro do veiculo,160.81,2024-08-10,EXPENSE,CREDIT_CARD,true
Viagem e hospedagem,1942.67,2024-08-10,EXPENSE,DEBIT_CARD,false
Aluguel recebido,3148.92,2024-08-10,INCOME,PIX,true
Venda de produto,888.78,2024-08-10,INCOME,PIX,false
Aluguel residencial,2380.37,2024-08-11,EXPENSE,BOLETO,true
Aluguel residencial,2572.92,2024-08-11,EXPENSE,CREDIT_CARD,true
Delivery de comida,110.86,2024-08-11,EXPENSE,BANK_TRANSFER,false
Delivery de comida,54.14,2024-08-11,EXPENSE,BANK_TRANSFER,false
Internet residencial,152.08,2024-08-11,EXPENSE,CASH,true
Livraria,152.87,2024-08-11,EXPENSE,PIX,false
Streaming,26.15,2024-08-11,EXPENSE,DEBIT_CARD,true
Aplicativo de transporte,23.45,2024-08-12,EXPENSE,CREDIT_CARD,false
Combustivel,85.30,2024-08-12,EXPENSE,BANK_TRANSFER,false
Combustivel,404.76,2024-08-12,EXPENSE,DEBIT_CARD,false
Curso online,475.14,2024-08-12,EXPENSE,BOLETO,false
Impostos e taxas,144.16,2024-08-12,EXPENSE,PIX,false
Impostos e taxas,2189.29,2024-08-12,EXPENSE,BANK_TRANSFER,false
Internet residencial,163.63,2024-08-12,EXPENSE,BOLETO,true
Manutencao do veiculo,2207.26,2024-08-12,EXPENSE,DEBIT_CARD,false
Padaria,12.55,2024-08-12,EXPENSE,BOLETO,false
Plano de celular,59.01,2024-08-12,EXPENSE,BOLETO,false
Plano de celular,122.91,2024-08-12,EXPENSE,DEBIT_CARD,true
Plano de saude,796.82,2024-08-12,EXPENSE,DEBIT_CARD,true
Plano de saude,536.05,2024-08-12,EXPENSE,DEBIT_CARD,true
Viagem e hospedagem,4253.36,2024-08-12,EXPENSE,BANK_TRANSFER,false
Bonus profissional,3294.21,2024-08-12,INCOME,PIX,false
Venda de produto,949.74,2024-08-12,INCOME,BANK_TRANSFER,false
Academia,256.20,2024-08-13,EXPENSE,BANK_TRANSFER,true
Aplicativo de transporte,32.63,2024-08-13,EXPENSE,BANK_TRANSFER,false
Cinema e lazer,47.54,2024-08-13,EXPENSE,CASH,false
Condominio,600.12,2024-08-13,EXPENSE,DEBIT_CARD,false
Pet shop,187.50,2024-08-13,EXPENSE,PIX,false
Pet shop,51.55,2024-08-13,EXPENSE,DEBIT_CARD,false
Streaming,20.20,2024-08-13,EXPENSE,BOLETO,true
Supermercado,574.18,2024-08-13,EXPENSE,BANK_TRANSFER,false
Supermercado,282.65,2024-08-13,EXPENSE,PIX,false
Viagem e hospedagem,4490.91,2024-08-13,EXPENSE,PIX,false
Pagamento freelance,4300.41,2024-08-13,INCOME,BANK_TRANSFER,false
Pagamento freelance,1506.60,2024-08-13,INCOME,BANK_TRANSFER,false
Transferencia recebida,386.42,2024-08-13,INCOME,PIX,false
Aluguel residencial,3663.36,2024-08-14,EXPENSE,CREDIT_CARD,true
Combustivel,279.67,2024-08-14,EXPENSE,DEBIT_CARD,false
Loja de roupas,599.17,2024-08-14,EXPENSE,PIX,false
Manutencao do veiculo,688.45,2024-08-14,EXPENSE,CREDIT_CARD,false
Padaria,60.15,2024-08-14,EXPENSE,CASH,false
Passagem aerea,923.09,2024-08-14,EXPENSE,DEBIT_CARD,false
Plano de celular,112.07,2024-08-14,EXPENSE,CASH,true
Plano de celular,87.60,2024-08-14,EXPENSE,CREDIT_CARD,false
Supermercado,648.94,2024-08-14,EXPENSE,DEBIT_CARD,false
Aluguel residencial,2717.97,2024-08-15,EXPENSE,CASH,true
Conta de agua,150.96,2024-08-15,EXPENSE,PIX,true
Conta de energia,410.39,2024-08-15,EXPENSE,DEBIT_CARD,true
Estacionamento,57.38,2024-08-15,EXPENSE,PIX,false
Farmacia,163.14,2024-08-15,EXPENSE,CREDIT_CARD,false
Farmacia,348.65,2024-08-15,EXPENSE,BANK_TRANSFER,false
Plano de saude,311.17,2024-08-15,EXPENSE,CREDIT_CARD,true
Plano de saude,494.73,2024-08-15,EXPENSE,DEBIT_CARD,true
Restaurante,233.11,2024-08-15,EXPENSE,BOLETO,false
Restaurante,66.19,2024-08-15,EXPENSE,BANK_TRANSFER,false
Streaming,86.84,2024-08-15,EXPENSE,PIX,false
Streaming,81.93,2024-08-15,EXPENSE,DEBIT_CARD,false
Supermercado,534.34,2024-08-15,EXPENSE,DEBIT_CARD,false
Viagem e hospedagem,4282.35,2024-08-15,EXPENSE,DEBIT_CARD,false
Venda de produto,164.45,2024-08-15,INCOME,PIX,false
Aluguel residencial,1668.61,2024-08-16,EXPENSE,DEBIT_CARD,true
Cinema e lazer,176.63,2024-08-16,EXPENSE,PIX,false
Conta de energia,441.62,2024-08-16,EXPENSE,CREDIT_CARD,true
Curso online,432.71,2024-08-16,EXPENSE,DEBIT_CARD,false
Delivery de comida,85.50,2024-08-16,EXPENSE,BANK_TRANSFER,false
Eletronicos,445.30,2024-08-16,EXPENSE,BANK_TRANSFER,false
Eletronicos,480.63,2024-08-16,EXPENSE,BOLETO,false
Farmacia,282.23,2024-08-16,EXPENSE,DEBIT_CARD,false
Impostos e taxas,580.76,2024-08-16,EXPENSE,BANK_TRANSFER,false
Livraria,151.98,2024-08-16,EXPENSE,CREDIT_CARD,false
Passagem aerea,2340.77,2024-08-16,EXPENSE,CASH,false
Plano de celular,83.11,2024-08-16,EXPENSE,BANK_TRANSFER,true
Plano de saude,231.30,2024-08-16,EXPENSE,DEBIT_CARD,true
Restaurante,247.00,2024-08-16,EXPENSE,PIX,false
Streaming,81.77,2024-08-16,EXPENSE,PIX,true
Viagem e hospedagem,2609.79,2024-08-16,EXPENSE,BANK_TRANSFER,false
Transferencia recebida,978.81,2024-08-16,INCOME,BANK_TRANSFER,false
Aplicativo de transporte,79.19,2024-08-17,EXPENSE,BOLETO,false
Eletronicos,3405.95,2024-08-17,EXPENSE,BOLETO,false
Farmacia,336.59,2024-08-17,EXPENSE,DEBIT_CARD,false
Livraria,64.79,2024-08-17,EXPENSE,CREDIT_CARD,false
Passagem aerea,3754.72,2024-08-17,EXPENSE,PIX,false
Restaurante,149.21,2024-08-17,EXPENSE,CASH,false
Aluguel recebido,1098.27,2024-08-17,INCOME,PIX,true
Transferencia recebida,1346.15,2024-08-17,INCOME,PIX,false
Aplicativo de transporte,9.00,2024-08-18,EXPENSE,BANK_TRANSFER,false
Condominio,709.17,2024-08-18,EXPENSE,DEBIT_CARD,false
Delivery de comida,128.29,2024-08-18,EXPENSE,CREDIT_CARD,false
Doacao,378.20,2024-08-18,EXPENSE,CASH,false
Plano de celular,74.06,2024-08-18,EXPENSE,DEBIT_CARD,false
Supermercado,341.71,2024-08-18,EXPENSE,DEBIT_CARD,false
Supermercado,113.59,2024-08-18,EXPENSE,CASH,false
Viagem e hospedagem,2328.00,2024-08-18,EXPENSE,PIX,false
Dividendos,650.17,2024-08-18,INCOME,PIX,true
Aluguel residencial,4176.96,2024-08-19,EXPENSE,BOLETO,true
Condominio,632.94,2024-08-19,EXPENSE,CREDIT_CARD,false
Doacao,106.12,2024-08-19,EXPENSE,DEBIT_CARD,false
Doacao,415.08,2024-08-19,EXPENSE,DEBIT_CARD,false
Eletronicos,1514.35,2024-08-19,EXPENSE,DEBIT_CARD,false
Farmacia,244.66,2024-08-19,EXPENSE,CASH,false
Loja de roupas,610.74,2024-08-19,EXPENSE,BANK_TRANSFER,false
Seguro do veiculo,441.15,2024-08-19,EXPENSE,DEBIT_CARD,true
Viagem e hospedagem,1489.20,2024-08-19,EXPENSE,CASH,false
Academia,185.92,2024-08-20,EXPENSE,CASH,true
Cinema e lazer,120.45,2024-08-20,EXPENSE,PIX,false
Conta de agua,221.87,2024-08-20,EXPENSE,BOLETO,false
Curso online,389.41,2024-08-20,EXPENSE,PIX,false
Doacao,464.49,2024-08-20,EXPENSE,CASH,false
Loja de roupas,707.82,2024-08-20,EXPENSE,BOLETO,false
Padaria,23.50,2024-08-20,EXPENSE,CASH,false
Pet shop,203.93,2024-08-20,EXPENSE,BOLETO,false
Plano de celular,160.42,2024-08-20,EXPENSE,CREDIT_CARD,false
Plano de celular,56.63,2024-08-20,EXPENSE,PIX,true
Plano de saude,503.31,2024-08-20,EXPENSE,BANK_TRANSFER,true
Seguro do veiculo,292.16,2024-08-20,EXPENSE,PIX,false
Pagamento freelance,2125.39,2024-08-20,INCOME,BANK_TRANSFER,false
Rendimento de investimento,535.50,2024-08-20,INCOME,PIX,true
Academia,130.80,2024-08-21,EXPENSE,BOLETO,true
Aplicativo de transporte,75.75,2024-08-21,EXPENSE,DEBIT_CARD,false
Cinema e lazer,143.29,2024-08-21,EXPENSE,CREDIT_CARD,false
Conta de agua,220.44,2024-08-21,EXPENSE,BOLETO,true
Delivery de comida,180.65,2024-08-21,EXPENSE,CREDIT_CARD,false
Delivery de comida,114.79,2024-08-21,EXPENSE,BOLETO,false
Eletronicos,2313.19,2024-08-21,EXPENSE,DEBIT_CARD,false
Impostos e taxas,1393.85,2024-08-21,EXPENSE,CASH,false
Plano de saude,227.58,2024-08-21,EXPENSE,CASH,true
Veterinario,669.59,2024-08-21,EXPENSE,CASH,false
Pagamento freelance,3922.20,2024-08-21,INCOME,PIX,false
Rendimento de investimento,115.28,2024-08-21,INCOME,PIX,true
Academia,64.43,2024-08-22,EXPENSE,CREDIT_CARD,true
Delivery de comida,178.93,2024-08-22,EXPENSE,BOLETO,false
Delivery de comida,75.18,2024-08-22,EXPENSE,DEBIT_CARD,false
Estacionamento,32.67,2024-08-22,EXPENSE,BOLETO,false
Internet residencial,101.51,2024-08-22,EXPENSE,CREDIT_CARD,true
Livraria,193.04,2024-08-22,EXPENSE,CREDIT_CARD,false
Passagem aerea,645.75,2024-08-22,EXPENSE,BOLETO,false
Veterinario,148.63,2024-08-22,EXPENSE,PIX,false
Viagem e hospedagem,1359.09,2024-08-22,EXPENSE,BOLETO,false
Bonus profissional,1081.71,2024-08-22,INCOME,BANK_TRANSFER,false
Aluguel residencial,3837.30,2024-08-23,EXPENSE,BANK_TRANSFER,true
Combustivel,299.88,2024-08-23,EXPENSE,BOLETO,false
Farmacia,106.42,2024-08-23,EXPENSE,CASH,false
Livraria,190.67,2024-08-23,EXPENSE,CASH,false
Loja de roupas,158.06,2024-08-23,EXPENSE,CREDIT_CARD,false
Pet shop,28.54,2024-08-23,EXPENSE,CREDIT_CARD,false
Plano de celular,159.22,2024-08-23,EXPENSE,BOLETO,true
Seguro do veiculo,243.60,2024-08-23,EXPENSE,PIX,true
Combustivel,158.00,2024-08-24,EXPENSE,BANK_TRANSFER,false
Delivery de comida,126.77,2024-08-24,EXPENSE,CREDIT_CARD,false
Eletronicos,753.06,2024-08-24,EXPENSE,CREDIT_CARD,false
Dividendos,527.59,2024-08-24,INCOME,PIX,true
Reembolso empresarial,683.06,2024-08-24,INCOME,BANK_TRANSFER,false
Academia,224.36,2024-08-25,EXPENSE,BOLETO,false
Academia,63.34,2024-08-25,EXPENSE,CREDIT_CARD,true
Cinema e lazer,191.95,2024-08-25,EXPENSE,CASH,false
Conta de agua,100.79,2024-08-25,EXPENSE,CASH,false
Delivery de comida,73.30,2024-08-25,EXPENSE,CREDIT_CARD,false
Delivery de comida,160.84,2024-08-25,EXPENSE,CREDIT_CARD,false
Eletronicos,3655.27,2024-08-25,EXPENSE,BANK_TRANSFER,false
Farmacia,55.11,2024-08-25,EXPENSE,BANK_TRANSFER,false
Internet residencial,153.55,2024-08-25,EXPENSE,CASH,false
Loja de roupas,284.14,2024-08-25,EXPENSE,CREDIT_CARD,false
Padaria,84.56,2024-08-25,EXPENSE,BOLETO,false
Passagem aerea,521.44,2024-08-25,EXPENSE,BANK_TRANSFER,false
Passagem aerea,753.52,2024-08-25,EXPENSE,BOLETO,false
Streaming,61.62,2024-08-25,EXPENSE,DEBIT_CARD,true
Rendimento de investimento,209.40,2024-08-25,INCOME,BANK_TRANSFER,true
Salario mensal,7033.67,2024-08-25,INCOME,BANK_TRANSFER,false
Aluguel residencial,986.04,2024-08-26,EXPENSE,PIX,true
Cinema e lazer,122.35,2024-08-26,EXPENSE,CREDIT_CARD,false
Conta de agua,68.79,2024-08-26,EXPENSE,CREDIT_CARD,true
Conta de agua,195.81,2024-08-26,EXPENSE,BANK_TRANSFER,true
Estacionamento,71.84,2024-08-26,EXPENSE,BANK_TRANSFER,false
Livraria,205.24,2024-08-26,EXPENSE,PIX,false
Plano de celular,78.54,2024-08-26,EXPENSE,BANK_TRANSFER,true
Plano de saude,1070.76,2024-08-26,EXPENSE,DEBIT_CARD,false
Restaurante,71.98,2024-08-26,EXPENSE,CASH,false
Bonus profissional,4262.04,2024-08-26,INCOME,BANK_TRANSFER,false
Bonus profissional,2330.88,2024-08-26,INCOME,PIX,false
Bonus profissional,4033.14,2024-08-26,INCOME,BANK_TRANSFER,false
Conta de agua,178.12,2024-08-27,EXPENSE,CASH,true
Eletronicos,1613.41,2024-08-27,EXPENSE,PIX,false
Internet residencial,154.85,2024-08-27,EXPENSE,BOLETO,false
Internet residencial,206.13,2024-08-27,EXPENSE,DEBIT_CARD,true
Livraria,232.90,2024-08-27,EXPENSE,BOLETO,false
Passagem aerea,2949.03,2024-08-27,EXPENSE,CASH,false
Supermercado,122.53,2024-08-27,EXPENSE,BANK_TRANSFER,false
Veterinario,604.86,2024-08-27,EXPENSE,BOLETO,false
Aluguel recebido,1031.10,2024-08-27,INCOME,PIX,true
Restituicao de imposto,2109.44,2024-08-27,INCOME,PIX,false
Aplicativo de transporte,76.45,2024-08-28,EXPENSE,BANK_TRANSFER,false
Cinema e lazer,149.29,2024-08-28,EXPENSE,DEBIT_CARD,false
Conta de energia,352.23,2024-08-28,EXPENSE,CASH,true
Curso online,244.92,2024-08-28,EXPENSE,CASH,false
Estacionamento,47.39,2024-08-28,EXPENSE,CREDIT_CARD,false
Impostos e taxas,1473.98,2024-08-28,EXPENSE,BOLETO,false
Internet residencial,92.69,2024-08-28,EXPENSE,CASH,true
Livraria,30.31,2024-08-28,EXPENSE,CREDIT_CARD,false
Loja de roupas,259.96,2024-08-28,EXPENSE,CASH,false
Pet shop,399.24,2024-08-28,EXPENSE,CREDIT_CARD,false
Plano de celular,141.27,2024-08-28,EXPENSE,BANK_TRANSFER,true
Seguro do veiculo,470.53,2024-08-28,EXPENSE,CASH,true
Seguro do veiculo,525.36,2024-08-28,EXPENSE,CASH,true
Aluguel recebido,1770.53,2024-08-28,INCOME,PIX,true
Cinema e lazer,79.77,2024-08-29,EXPENSE,BOLETO,false
Conta de energia,178.22,2024-08-29,EXPENSE,DEBIT_CARD,true
Estacionamento,36.56,2024-08-29,EXPENSE,PIX,false
Livraria,113.85,2024-08-29,EXPENSE,DEBIT_CARD,false
Manutencao do veiculo,2213.39,2024-08-29,EXPENSE,CASH,false
Passagem aerea,1809.29,2024-08-29,EXPENSE,BANK_TRANSFER,false
Passagem aerea,1852.98,2024-08-29,EXPENSE,DEBIT_CARD,false
Aluguel residencial,3305.33,2024-08-30,EXPENSE,PIX,true
Condominio,1244.34,2024-08-30,EXPENSE,BOLETO,true
Conta de agua,214.96,2024-08-30,EXPENSE,CASH,true
Conta de agua,74.59,2024-08-30,EXPENSE,CASH,true
Conta de energia,371.93,2024-08-30,EXPENSE,DEBIT_CARD,true
Curso online,621.58,2024-08-30,EXPENSE,BANK_TRANSFER,false
Livraria,109.63,2024-08-30,EXPENSE,BANK_TRANSFER,false
Passagem aerea,2215.04,2024-08-30,EXPENSE,DEBIT_CARD,false
Streaming,65.12,2024-08-30,EXPENSE,CASH,true
Viagem e hospedagem,2923.46,2024-08-30,EXPENSE,BOLETO,false
Aluguel recebido,1203.84,2024-08-30,INCOME,BANK_TRANSFER,true
Dividendos,689.31,2024-08-30,INCOME,BANK_TRANSFER,false
Restituicao de imposto,1606.98,2024-08-30,INCOME,BANK_TRANSFER,false
Delivery de comida,104.67,2024-08-31,EXPENSE,DEBIT_CARD,false
Impostos e taxas,1558.71,2024-08-31,EXPENSE,CREDIT_CARD,false
Manutencao do veiculo,1419.20,2024-08-31,EXPENSE,CREDIT_CARD,false
Passagem aerea,2210.05,2024-08-31,EXPENSE,DEBIT_CARD,false
Plano de celular,90.74,2024-08-31,EXPENSE,CASH,true
Plano de saude,682.54,2024-08-31,EXPENSE,DEBIT_CARD,true
Plano de saude,1441.56,2024-08-31,EXPENSE,BOLETO,true
Rendimento de investimento,591.56,2024-08-31,INCOME,PIX,false
Salario mensal,4776.05,2024-08-31,INCOME,BANK_TRANSFER,true
Salario mensal,2823.43,2024-08-31,INCOME,BANK_TRANSFER,true
Conta de agua,142.55,2024-09-01,EXPENSE,BOLETO,false
Delivery de comida,65.77,2024-09-01,EXPENSE,BOLETO,false
Farmacia,157.96,2024-09-01,EXPENSE,BOLETO,false
Farmacia,369.93,2024-09-01,EXPENSE,CASH,false
Impostos e taxas,531.08,2024-09-01,EXPENSE,PIX,false
Manutencao do veiculo,624.61,2024-09-01,EXPENSE,PIX,false
Passagem aerea,2711.60,2024-09-01,EXPENSE,CASH,false
Pet shop,119.49,2024-09-01,EXPENSE,CREDIT_CARD,false
Plano de celular,93.69,2024-09-01,EXPENSE,DEBIT_CARD,true
Plano de saude,1270.52,2024-09-01,EXPENSE,DEBIT_CARD,false
Veterinario,388.76,2024-09-01,EXPENSE,BOLETO,false
Veterinario,869.58,2024-09-01,EXPENSE,CREDIT_CARD,false
Academia,131.43,2024-09-02,EXPENSE,PIX,true
Condominio,1105.52,2024-09-02,EXPENSE,PIX,false
Delivery de comida,86.92,2024-09-02,EXPENSE,BOLETO,false
Delivery de comida,35.62,2024-09-02,EXPENSE,CASH,false
Estacionamento,8.07,2024-09-02,EXPENSE,BOLETO,false
Internet residencial,205.24,2024-09-02,EXPENSE,PIX,false
Internet residencial,73.45,2024-09-02,EXPENSE,CASH,false
Plano de celular,130.49,2024-09-02,EXPENSE,CASH,false
Plano de celular,84.28,2024-09-02,EXPENSE,DEBIT_CARD,true
Restaurante,82.52,2024-09-02,EXPENSE,BANK_TRANSFER,false
Seguro do veiculo,211.18,2024-09-02,EXPENSE,BANK_TRANSFER,true
Supermercado,502.72,2024-09-02,EXPENSE,CASH,false
Bonus profissional,573.81,2024-09-02,INCOME,BANK_TRANSFER,false
Pagamento freelance,2643.54,2024-09-02,INCOME,BANK_TRANSFER,false
Reembolso empresarial,747.59,2024-09-02,INCOME,BANK_TRANSFER,false
Salario mensal,5063.76,2024-09-02,INCOME,PIX,true
Academia,271.01,2024-09-03,EXPENSE,BANK_TRANSFER,true
Cinema e lazer,128.27,2024-09-03,EXPENSE,PIX,false
Combustivel,132.78,2024-09-03,EXPENSE,CASH,false
Condominio,978.74,2024-09-03,EXPENSE,CREDIT_CARD,true
Curso online,684.34,2024-09-03,EXPENSE,PIX,false
Estacionamento,24.57,2024-09-03,EXPENSE,CASH,false
Farmacia,357.36,2024-09-03,EXPENSE,PIX,false
Internet residencial,118.72,2024-09-03,EXPENSE,BANK_TRANSFER,true
Internet residencial,197.35,2024-09-03,EXPENSE,BANK_TRANSFER,true
Loja de roupas,190.23,2024-09-03,EXPENSE,CASH,false
Manutencao do veiculo,2268.60,2024-09-03,EXPENSE,DEBIT_CARD,false
Padaria,20.24,2024-09-03,EXPENSE,PIX,false
Pet shop,189.12,2024-09-03,EXPENSE,DEBIT_CARD,false
Streaming,82.47,2024-09-03,EXPENSE,DEBIT_CARD,true
Bonus profissional,3703.98,2024-09-03,INCOME,BANK_TRANSFER,false
Rendimento de investimento,388.92,2024-09-03,INCOME,BANK_TRANSFER,true
Rendimento de investimento,251.10,2024-09-03,INCOME,BANK_TRANSFER,true
Combustivel,199.22,2024-09-04,EXPENSE,PIX,false
Curso online,123.23,2024-09-04,EXPENSE,CREDIT_CARD,false
Doacao,223.81,2024-09-04,EXPENSE,CASH,false
Eletronicos,2540.95,2024-09-04,EXPENSE,BOLETO,false
Estacionamento,47.55,2024-09-04,EXPENSE,PIX,false
Internet residencial,175.18,2024-09-04,EXPENSE,BOLETO,false
Livraria,193.84,2024-09-04,EXPENSE,BOLETO,false
Passagem aerea,2130.97,2024-09-04,EXPENSE,CASH,false
Plano de celular,112.95,2024-09-04,EXPENSE,PIX,true
Restaurante,158.76,2024-09-04,EXPENSE,DEBIT_CARD,false
Supermercado,574.22,2024-09-04,EXPENSE,CREDIT_CARD,false
Viagem e hospedagem,2778.56,2024-09-04,EXPENSE,CREDIT_CARD,false
Dividendos,90.55,2024-09-04,INCOME,PIX,true
Venda de produto,130.55,2024-09-04,INCOME,BANK_TRANSFER,false
Academia,201.36,2024-09-05,EXPENSE,BOLETO,true
Conta de agua,41.53,2024-09-05,EXPENSE,BOLETO,true
Farmacia,364.89,2024-09-05,EXPENSE,PIX,false
Manutencao do veiculo,781.36,2024-09-05,EXPENSE,BOLETO,false
Passagem aerea,3454.71,2024-09-05,EXPENSE,BANK_TRANSFER,false
Plano de celular,50.39,2024-09-05,EXPENSE,CASH,true
Restaurante,294.58,2024-09-05,EXPENSE,CREDIT_CARD,false
Streaming,25.84,2024-09-05,EXPENSE,CREDIT_CARD,true
Aluguel recebido,1654.97,2024-09-05,INCOME,BANK_TRANSFER,true
Academia,160.60,2024-09-06,EXPENSE,BOLETO,true
Aluguel residencial,2905.07,2024-09-06,EXPENSE,BOLETO,false
Doacao,316.36,2024-09-06,EXPENSE,BOLETO,false
Eletronicos,279.72,2024-09-06,EXPENSE,DEBIT_CARD,false
Estacionamento,72.49,2024-09-06,EXPENSE,DEBIT_CARD,false
Farmacia,149.39,2024-09-06,EXPENSE,BANK_TRANSFER,false
Internet residencial,87.33,2024-09-06,EXPENSE,BOLETO,true
Loja de roupas,836.60,2024-09-06,EXPENSE,BANK_TRANSFER,false
Passagem aerea,2082.31,2024-09-06,EXPENSE,BOLETO,false
Veterinario,704.02,2024-09-06,EXPENSE,PIX,false
Academia,196.14,2024-09-07,EXPENSE,CREDIT_CARD,true
Condominio,548.12,2024-09-07,EXPENSE,PIX,true
Estacionamento,65.04,2024-09-07,EXPENSE,PIX,false
Livraria,98.11,2024-09-07,EXPENSE,CASH,false
Padaria,36.38,2024-09-07,EXPENSE,DEBIT_CARD,false
Restaurante,82.61,2024-09-07,EXPENSE,CREDIT_CARD,false
Restaurante,85.75,2024-09-07,EXPENSE,CREDIT_CARD,false
Seguro do veiculo,339.41,2024-09-07,EXPENSE,BOLETO,true
Seguro do veiculo,333.83,2024-09-07,EXPENSE,PIX,true
Viagem e hospedagem,1263.48,2024-09-07,EXPENSE,PIX,false
Doacao,37.34,2024-09-08,EXPENSE,PIX,false
Eletronicos,3040.79,2024-09-08,EXPENSE,BOLETO,false
Internet residencial,150.06,2024-09-08,EXPENSE,BOLETO,true
Livraria,117.34,2024-09-08,EXPENSE,CASH,false
Loja de roupas,78.22,2024-09-08,EXPENSE,BANK_TRANSFER,false
Plano de celular,42.56,2024-09-08,EXPENSE,CREDIT_CARD,true
Restaurante,44.33,2024-09-08,EXPENSE,DEBIT_CARD,false
Supermercado,448.95,2024-09-08,EXPENSE,CREDIT_CARD,false
Bonus profissional,1481.91,2024-09-08,INCOME,PIX,false
Pagamento freelance,3769.71,2024-09-08,INCOME,PIX,false
Reembolso empresarial,542.54,2024-09-08,INCOME,PIX,false
Academia,103.02,2024-09-09,EXPENSE,BANK_TRANSFER,true
Aluguel residencial,2296.32,2024-09-09,EXPENSE,CREDIT_CARD,false
Curso online,35.13,2024-09-09,EXPENSE,BOLETO,false
Doacao,138.81,2024-09-09,EXPENSE,DEBIT_CARD,false
Loja de roupas,311.19,2024-09-09,EXPENSE,DEBIT_CARD,false
Manutencao do veiculo,1791.45,2024-09-09,EXPENSE,BOLETO,false
Streaming,29.73,2024-09-09,EXPENSE,BOLETO,true
Reembolso empresarial,651.64,2024-09-09,INCOME,BANK_TRANSFER,false
Salario mensal,5540.70,2024-09-09,INCOME,BANK_TRANSFER,true
Salario mensal,3110.18,2024-09-09,INCOME,BANK_TRANSFER,true
Cinema e lazer,210.44,2024-09-10,EXPENSE,BOLETO,false
Delivery de comida,62.76,2024-09-10,EXPENSE,DEBIT_CARD,false
Doacao,473.30,2024-09-10,EXPENSE,CASH,false
Loja de roupas,230.99,2024-09-10,EXPENSE,DEBIT_CARD,false
Manutencao do veiculo,365.60,2024-09-10,EXPENSE,PIX,false
Pet shop,401.02,2024-09-10,EXPENSE,PIX,false
Plano de saude,414.26,2024-09-10,EXPENSE,PIX,true
Restaurante,269.06,2024-09-10,EXPENSE,CREDIT_CARD,false
Seguro do veiculo,292.75,2024-09-10,EXPENSE,CASH,true
Supermercado,278.08,2024-09-10,EXPENSE,DEBIT_CARD,false
Academia,104.48,2024-09-11,EXPENSE,BANK_TRANSFER,false
Aplicativo de transporte,53.58,2024-09-11,EXPENSE,DEBIT_CARD,false
Conta de agua,50.90,2024-09-11,EXPENSE,DEBIT_CARD,false
Conta de energia,375.83,2024-09-11,EXPENSE,BOLETO,true
Estacionamento,25.63,2024-09-11,EXPENSE,CREDIT_CARD,false
Farmacia,32.92,2024-09-11,EXPENSE,CASH,false
Impostos e taxas,1845.92,2024-09-11,EXPENSE,BOLETO,false
Internet residencial,201.78,2024-09-11,EXPENSE,CREDIT_CARD,true
Manutencao do veiculo,1533.30,2024-09-11,EXPENSE,CREDIT_CARD,false
Plano de celular,107.60,2024-09-11,EXPENSE,PIX,true
Venda de produto,90.40,2024-09-11,INCOME,PIX,false
Academia,118.12,2024-09-12,EXPENSE,PIX,false
Aplicativo de transporte,20.21,2024-09-12,EXPENSE,BANK_TRANSFER,false
Combustivel,122.01,2024-09-12,EXPENSE,BANK_TRANSFER,false
Doacao,382.23,2024-09-12,EXPENSE,PIX,false
Doacao,28.77,2024-09-12,EXPENSE,CASH,false
Impostos e taxas,2012.18,2024-09-12,EXPENSE,BOLETO,false
Manutencao do veiculo,631.92,2024-09-12,EXPENSE,DEBIT_CARD,false
Streaming,49.43,2024-09-12,EXPENSE,CREDIT_CARD,true
Streaming,77.94,2024-09-12,EXPENSE,CASH,false
Cinema e lazer,173.19,2024-09-13,EXPENSE,CASH,false
Condominio,1098.38,2024-09-13,EXPENSE,BOLETO,true
Impostos e taxas,39.11,2024-09-13,EXPENSE,BOLETO,false
Streaming,25.37,2024-09-13,EXPENSE,DEBIT_CARD,true
Supermercado,264.12,2024-09-13,EXPENSE,BANK_TRANSFER,false
Veterinario,126.71,2024-09-13,EXPENSE,DEBIT_CARD,false
Restituicao de imposto,1597.35,2024-09-13,INCOME,PIX,false
Academia,264.96,2024-09-14,EXPENSE,PIX,true
Condominio,1137.19,2024-09-14,EXPENSE,PIX,true
Delivery de comida,159.65,2024-09-14,EXPENSE,PIX,false
Delivery de comida,49.09,2024-09-14,EXPENSE,CREDIT_CARD,false
Farmacia,175.46,2024-09-14,EXPENSE,CASH,false
Manutencao do veiculo,1855.66,2024-09-14,EXPENSE,CASH,false
Passagem aerea,2837.25,2024-09-14,EXPENSE,CREDIT_CARD,false
Plano de celular,176.91,2024-09-14,EXPENSE,CREDIT_CARD,true
Plano de celular,43.91,2024-09-14,EXPENSE,CREDIT_CARD,false
Plano de celular,94.68,2024-09-14,EXPENSE,DEBIT_CARD,true
Plano de celular,87.26,2024-09-14,EXPENSE,CASH,true
Seguro do veiculo,198.90,2024-09-14,EXPENSE,PIX,true
Supermercado,289.90,2024-09-14,EXPENSE,CREDIT_CARD,false
Bonus profissional,3907.67,2024-09-14,INCOME,PIX,false
Dividendos,585.40,2024-09-14,INCOME,PIX,true
Reembolso empresarial,499.05,2024-09-14,INCOME,BANK_TRANSFER,false
Academia,219.94,2024-09-15,EXPENSE,BOLETO,true
Combustivel,163.26,2024-09-15,EXPENSE,CASH,false
Condominio,355.67,2024-09-15,EXPENSE,BANK_TRANSFER,true
Delivery de comida,121.55,2024-09-15,EXPENSE,BOLETO,false
Internet residencial,131.39,2024-09-15,EXPENSE,CASH,true
Livraria,97.54,2024-09-15,EXPENSE,PIX,false
Padaria,83.10,2024-09-15,EXPENSE,CREDIT_CARD,false
Padaria,84.87,2024-09-15,EXPENSE,BANK_TRANSFER,false
Restaurante,85.72,2024-09-15,EXPENSE,BOLETO,false
Aluguel recebido,1808.84,2024-09-15,INCOME,PIX,false
Pagamento freelance,3673.52,2024-09-15,INCOME,PIX,false
Aluguel residencial,4194.39,2024-09-16,EXPENSE,PIX,true
Combustivel,75.43,2024-09-16,EXPENSE,DEBIT_CARD,false
Conta de energia,97.00,2024-09-16,EXPENSE,DEBIT_CARD,true
Eletronicos,4357.24,2024-09-16,EXPENSE,CASH,false
Pet shop,312.59,2024-09-16,EXPENSE,BANK_TRANSFER,false
Restaurante,221.28,2024-09-16,EXPENSE,PIX,false
Restaurante,214.57,2024-09-16,EXPENSE,BOLETO,false
Seguro do veiculo,453.25,2024-09-16,EXPENSE,CASH,true
Streaming,67.93,2024-09-16,EXPENSE,BANK_TRANSFER,true
Viagem e hospedagem,2407.90,2024-09-16,EXPENSE,DEBIT_CARD,false
Viagem e hospedagem,2591.96,2024-09-16,EXPENSE,CREDIT_CARD,false
Salario mensal,7400.07,2024-09-16,INCOME,BANK_TRANSFER,true
Academia,123.06,2024-09-17,EXPENSE,DEBIT_CARD,true
Cinema e lazer,44.46,2024-09-17,EXPENSE,BANK_TRANSFER,false
Combustivel,271.68,2024-09-17,EXPENSE,DEBIT_CARD,false
Curso online,499.31,2024-09-17,EXPENSE,BANK_TRANSFER,false
Doacao,449.71,2024-09-17,EXPENSE,CREDIT_CARD,false
Impostos e taxas,1607.80,2024-09-17,EXPENSE,BOLETO,false
Loja de roupas,182.96,2024-09-17,EXPENSE,CASH,false
Passagem aerea,1540.15,2024-09-17,EXPENSE,BANK_TRANSFER,false
Pet shop,410.58,2024-09-17,EXPENSE,CREDIT_CARD,false
Pet shop,336.57,2024-09-17,EXPENSE,DEBIT_CARD,false
Seguro do veiculo,205.08,2024-09-17,EXPENSE,CREDIT_CARD,true
Supermercado,266.51,2024-09-17,EXPENSE,DEBIT_CARD,false
Viagem e hospedagem,3901.19,2024-09-17,EXPENSE,DEBIT_CARD,false
Reembolso empresarial,888.81,2024-09-17,INCOME,BANK_TRANSFER,false
Academia,159.31,2024-09-18,EXPENSE,DEBIT_CARD,false
Aluguel residencial,2860.17,2024-09-18,EXPENSE,CREDIT_CARD,true
Aplicativo de transporte,91.81,2024-09-18,EXPENSE,BOLETO,false
Aplicativo de transporte,45.14,2024-09-18,EXPENSE,BOLETO,false
Cinema e lazer,96.54,2024-09-18,EXPENSE,CASH,false
Conta de agua,259.06,2024-09-18,EXPENSE,PIX,true
Conta de energia,102.45,2024-09-18,EXPENSE,BOLETO,true
Conta de energia,292.73,2024-09-18,EXPENSE,BOLETO,true
Farmacia,19.24,2024-09-18,EXPENSE,DEBIT_CARD,false
Loja de roupas,433.37,2024-09-18,EXPENSE,BANK_TRANSFER,false
Padaria,70.04,2024-09-18,EXPENSE,DEBIT_CARD,false
Passagem aerea,1883.28,2024-09-18,EXPENSE,BANK_TRANSFER,false
Plano de celular,92.36,2024-09-18,EXPENSE,CASH,true
Supermercado,398.16,2024-09-18,EXPENSE,CREDIT_CARD,false
Veterinario,435.41,2024-09-18,EXPENSE,CREDIT_CARD,false
Curso online,336.77,2024-09-19,EXPENSE,DEBIT_CARD,false
Doacao,203.79,2024-09-19,EXPENSE,DEBIT_CARD,false
Eletronicos,4161.50,2024-09-19,EXPENSE,BOLETO,false
Eletronicos,778.10,2024-09-19,EXPENSE,BOLETO,false
Eletronicos,1300.04,2024-09-19,EXPENSE,BANK_TRANSFER,false
Impostos e taxas,406.77,2024-09-19,EXPENSE,PIX,false
Padaria,69.13,2024-09-19,EXPENSE,CREDIT_CARD,false
Passagem aerea,3502.44,2024-09-19,EXPENSE,BANK_TRANSFER,false
Plano de saude,778.95,2024-09-19,EXPENSE,BOLETO,false
Restaurante,243.84,2024-09-19,EXPENSE,DEBIT_CARD,false
Streaming,36.52,2024-09-19,EXPENSE,PIX,true
Viagem e hospedagem,590.26,2024-09-19,EXPENSE,CREDIT_CARD,false
Dividendos,317.57,2024-09-19,INCOME,BANK_TRANSFER,true
Reembolso empresarial,718.32,2024-09-19,INCOME,BANK_TRANSFER,false
Aplicativo de transporte,9.44,2024-09-20,EXPENSE,CREDIT_CARD,false
Cinema e lazer,143.42,2024-09-20,EXPENSE,BOLETO,false
Conta de energia,383.06,2024-09-20,EXPENSE,CASH,true
Estacionamento,73.81,2024-09-20,EXPENSE,CASH,false
Farmacia,249.44,2024-09-20,EXPENSE,BOLETO,false
Internet residencial,96.20,2024-09-20,EXPENSE,BANK_TRANSFER,true
Passagem aerea,1599.99,2024-09-20,EXPENSE,CREDIT_CARD,false
Academia,207.06,2024-09-21,EXPENSE,CASH,true
Condominio,1214.44,2024-09-21,EXPENSE,PIX,true
Condominio,930.13,2024-09-21,EXPENSE,CREDIT_CARD,true
Condominio,785.19,2024-09-21,EXPENSE,BANK_TRANSFER,true
Delivery de comida,54.02,2024-09-21,EXPENSE,DEBIT_CARD,false
Doacao,406.15,2024-09-21,EXPENSE,CASH,false
Eletronicos,3684.68,2024-09-21,EXPENSE,BANK_TRANSFER,false
Farmacia,161.14,2024-09-21,EXPENSE,BOLETO,false
Impostos e taxas,1196.81,2024-09-21,EXPENSE,BOLETO,false
Livraria,95.88,2024-09-21,EXPENSE,PIX,false
Loja de roupas,720.02,2024-09-21,EXPENSE,PIX,false
Loja de roupas,353.19,2024-09-21,EXPENSE,PIX,false
Passagem aerea,3763.45,2024-09-21,EXPENSE,BOLETO,false
Pet shop,97.75,2024-09-21,EXPENSE,PIX,false
Plano de celular,78.05,2024-09-21,EXPENSE,CREDIT_CARD,true
Viagem e hospedagem,3385.23,2024-09-21,EXPENSE,BANK_TRANSFER,false
Reembolso empresarial,162.51,2024-09-21,INCOME,PIX,false
Academia,124.83,2024-09-22,EXPENSE,BANK_TRANSFER,true
Aplicativo de transporte,61.11,2024-09-22,EXPENSE,CREDIT_CARD,false
Combustivel,145.46,2024-09-22,EXPENSE,BANK_TRANSFER,false
Condominio,552.00,2024-09-22,EXPENSE,CREDIT_CARD,true
Delivery de comida,119.41,2024-09-22,EXPENSE,BOLETO,false
Estacionamento,29.66,2024-09-22,EXPENSE,PIX,false
Farmacia,245.87,2024-09-22,EXPENSE,PIX,false
Impostos e taxas,476.07,2024-09-22,EXPENSE,BOLETO,false
Livraria,210.83,2024-09-22,EXPENSE,BOLETO,false
Loja de roupas,162.12,2024-09-22,EXPENSE,BOLETO,false
Restituicao de imposto,1243.20,2024-09-22,INCOME,BANK_TRANSFER,false
Aplicativo de transporte,28.06,2024-09-23,EXPENSE,PIX,false
Delivery de comida,171.25,2024-09-23,EXPENSE,PIX,false
Doacao,212.47,2024-09-23,EXPENSE,CREDIT_CARD,false
Loja de roupas,110.62,2024-09-23,EXPENSE,CASH,false
Padaria,15.44,2024-09-23,EXPENSE,CASH,false
Passagem aerea,671.92,2024-09-23,EXPENSE,CREDIT_CARD,false
Passagem aerea,3575.31,2024-09-23,EXPENSE,BANK_TRANSFER,false
Restaurante,264.76,2024-09-23,EXPENSE,CASH,false
Veterinario,107.36,2024-09-23,EXPENSE,PIX,false
Pagamento freelance,3624.95,2024-09-23,INCOME,BANK_TRANSFER,false
Venda de produto,346.69,2024-09-23,INCOME,BANK_TRANSFER,false
Conta de energia,93.93,2024-09-24,EXPENSE,BOLETO,true
Eletronicos,1784.89,2024-09-24,EXPENSE,CASH,false
Impostos e taxas,128.37,2024-09-24,EXPENSE,BANK_TRANSFER,false
Padaria,44.03,2024-09-24,EXPENSE,PIX,false
Restaurante,178.66,2024-09-24,EXPENSE,CASH,false
Supermercado,365.39,2024-09-24,EXPENSE,BOLETO,false
Reembolso empresarial,96.38,2024-09-24,INCOME,PIX,false
Reembolso empresarial,624.68,2024-09-24,INCOME,PIX,false
Aluguel residencial,2298.45,2024-09-25,EXPENSE,DEBIT_CARD,true
Combustivel,409.30,2024-09-25,EXPENSE,BOLETO,false
Combustivel,237.85,2024-09-25,EXPENSE,DEBIT_CARD,false
Combustivel,315.06,2024-09-25,EXPENSE,BANK_TRANSFER,false
Delivery de comida,183.73,2024-09-25,EXPENSE,DEBIT_CARD,false
Eletronicos,4964.42,2024-09-25,EXPENSE,BOLETO,false
Passagem aerea,2634.32,2024-09-25,EXPENSE,CREDIT_CARD,false
Streaming,19.38,2024-09-25,EXPENSE,PIX,true
Venda de produto,371.14,2024-09-25,INCOME,BANK_TRANSFER,false
Combustivel,225.25,2024-09-26,EXPENSE,CREDIT_CARD,false
Conta de energia,175.30,2024-09-26,EXPENSE,CREDIT_CARD,true
Curso online,445.54,2024-09-26,EXPENSE,CREDIT_CARD,false
Doacao,330.46,2024-09-26,EXPENSE,DEBIT_CARD,false
Doacao,282.78,2024-09-26,EXPENSE,DEBIT_CARD,false
Passagem aerea,1794.20,2024-09-26,EXPENSE,CASH,false
Passagem aerea,1691.08,2024-09-26,EXPENSE,BANK_TRANSFER,false
Plano de celular,62.16,2024-09-26,EXPENSE,DEBIT_CARD,true
Streaming,27.53,2024-09-26,EXPENSE,BANK_TRANSFER,true
Streaming,19.93,2024-09-26,EXPENSE,BANK_TRANSFER,true
Aluguel residencial,3367.29,2024-09-27,EXPENSE,CREDIT_CARD,true
Combustivel,129.12,2024-09-27,EXPENSE,DEBIT_CARD,false
Combustivel,284.23,2024-09-27,EXPENSE,BANK_TRANSFER,false
Delivery de comida,177.21,2024-09-27,EXPENSE,DEBIT_CARD,false
Impostos e taxas,1097.21,2024-09-27,EXPENSE,PIX,false
Livraria,112.80,2024-09-27,EXPENSE,PIX,false
Manutencao do veiculo,1495.37,2024-09-27,EXPENSE,CREDIT_CARD,false
Aplicativo de transporte,54.42,2024-09-28,EXPENSE,DEBIT_CARD,false
Cinema e lazer,103.92,2024-09-28,EXPENSE,DEBIT_CARD,false
Combustivel,127.58,2024-09-28,EXPENSE,DEBIT_CARD,false
Eletronicos,446.21,2024-09-28,EXPENSE,BANK_TRANSFER,false
Eletronicos,1053.36,2024-09-28,EXPENSE,CREDIT_CARD,false
Estacionamento,62.18,2024-09-28,EXPENSE,BOLETO,false
Restaurante,249.60,2024-09-28,EXPENSE,DEBIT_CARD,false
Streaming,72.02,2024-09-28,EXPENSE,CASH,true
Aluguel residencial,2652.86,2024-09-29,EXPENSE,CASH,true
Combustivel,210.31,2024-09-29,EXPENSE,PIX,false
Curso online,506.14,2024-09-29,EXPENSE,PIX,false
Eletronicos,182.37,2024-09-29,EXPENSE,BOLETO,false
Estacionamento,32.62,2024-09-29,EXPENSE,DEBIT_CARD,false
Farmacia,42.22,2024-09-29,EXPENSE,PIX,false
Farmacia,312.99,2024-09-29,EXPENSE,BOLETO,false
Padaria,76.71,2024-09-29,EXPENSE,BANK_TRANSFER,false
Padaria,45.13,2024-09-29,EXPENSE,DEBIT_CARD,false
Streaming,23.59,2024-09-29,EXPENSE,PIX,true
Rendimento de investimento,382.97,2024-09-29,INCOME,PIX,false
Academia,205.78,2024-09-30,EXPENSE,BOLETO,true
Aplicativo de transporte,85.53,2024-09-30,EXPENSE,CREDIT_CARD,false
Curso online,140.42,2024-09-30,EXPENSE,PIX,false
Eletronicos,3995.15,2024-09-30,EXPENSE,CREDIT_CARD,false
Estacionamento,11.75,2024-09-30,EXPENSE,DEBIT_CARD,false
Impostos e taxas,1785.12,2024-09-30,EXPENSE,BOLETO,false
Livraria,195.27,2024-09-30,EXPENSE,DEBIT_CARD,false
Restaurante,97.78,2024-09-30,EXPENSE,PIX,false
Dividendos,708.10,2024-09-30,INCOME,PIX,true
Dividendos,418.19,2024-09-30,INCOME,BANK_TRANSFER,true
Aplicativo de transporte,80.52,2024-10-01,EXPENSE,BOLETO,false
Cinema e lazer,83.59,2024-10-01,EXPENSE,CREDIT_CARD,false
Conta de agua,170.80,2024-10-01,EXPENSE,CASH,true
Eletronicos,4708.71,2024-10-01,EXPENSE,BANK_TRANSFER,false
Estacionamento,33.88,2024-10-01,EXPENSE,BANK_TRANSFER,false
Farmacia,158.74,2024-10-01,EXPENSE,BOLETO,false
Internet residencial,89.92,2024-10-01,EXPENSE,CASH,true
Internet residencial,80.01,2024-10-01,EXPENSE,CASH,true
Livraria,42.01,2024-10-01,EXPENSE,BANK_TRANSFER,false
Livraria,231.55,2024-10-01,EXPENSE,DEBIT_CARD,false
Loja de roupas,841.19,2024-10-01,EXPENSE,BANK_TRANSFER,false
Pet shop,360.05,2024-10-01,EXPENSE,CREDIT_CARD,false
Plano de celular,108.71,2024-10-01,EXPENSE,BOLETO,true
Restaurante,124.14,2024-10-01,EXPENSE,CASH,false
Aplicativo de transporte,88.14,2024-10-02,EXPENSE,CREDIT_CARD,false
Combustivel,222.97,2024-10-02,EXPENSE,BOLETO,false
Condominio,995.79,2024-10-02,EXPENSE,DEBIT_CARD,true
Conta de agua,201.14,2024-10-02,EXPENSE,CASH,true
Conta de energia,457.02,2024-10-02,EXPENSE,CREDIT_CARD,true
Impostos e taxas,799.66,2024-10-02,EXPENSE,BOLETO,false
Manutencao do veiculo,2072.03,2024-10-02,EXPENSE,PIX,false
Padaria,41.42,2024-10-02,EXPENSE,BOLETO,false
Passagem aerea,2005.91,2024-10-02,EXPENSE,CASH,false
Plano de saude,1120.54,2024-10-02,EXPENSE,CASH,true
Viagem e hospedagem,3119.97,2024-10-02,EXPENSE,PIX,false
Restituicao de imposto,2532.11,2024-10-02,INCOME,BANK_TRANSFER,false
Salario mensal,8402.89,2024-10-02,INCOME,BANK_TRANSFER,true
Aluguel residencial,1260.13,2024-10-03,EXPENSE,DEBIT_CARD,true
Aluguel residencial,1816.23,2024-10-03,EXPENSE,CASH,true
Conta de energia,301.56,2024-10-03,EXPENSE,CASH,true
Doacao,480.38,2024-10-03,EXPENSE,BOLETO,false
Farmacia,36.11,2024-10-03,EXPENSE,PIX,false
Impostos e taxas,1961.57,2024-10-03,EXPENSE,CASH,false
Loja de roupas,202.19,2024-10-03,EXPENSE,BANK_TRANSFER,false
Padaria,12.14,2024-10-03,EXPENSE,BANK_TRANSFER,false
Academia,68.73,2024-10-04,EXPENSE,BOLETO,true
Doacao,303.40,2024-10-04,EXPENSE,DEBIT_CARD,false
Internet residencial,108.23,2024-10-04,EXPENSE,BANK_TRANSFER,true
Passagem aerea,3575.28,2024-10-04,EXPENSE,CREDIT_CARD,false
Plano de celular,92.46,2024-10-04,EXPENSE,BANK_TRANSFER,true
Seguro do veiculo,492.96,2024-10-04,EXPENSE,CASH,true
Dividendos,306.28,2024-10-04,INCOME,BANK_TRANSFER,true
Pagamento freelance,3542.68,2024-10-04,INCOME,PIX,false
Restituicao de imposto,1669.21,2024-10-04,INCOME,PIX,false
Aluguel residencial,3422.78,2024-10-05,EXPENSE,BANK_TRANSFER,false
Aplicativo de transporte,79.57,2024-10-05,EXPENSE,CREDIT_CARD,false
Cinema e lazer,99.28,2024-10-05,EXPENSE,CREDIT_CARD,false
Conta de energia,569.09,2024-10-05,EXPENSE,PIX,false
Doacao,359.35,2024-10-05,EXPENSE,BANK_TRANSFER,false
Doacao,284.86,2024-10-05,EXPENSE,BOLETO,false
Livraria,174.10,2024-10-05,EXPENSE,BOLETO,false
Loja de roupas,120.17,2024-10-05,EXPENSE,BANK_TRANSFER,false
Plano de saude,1027.09,2024-10-05,EXPENSE,DEBIT_CARD,true
Restaurante,206.45,2024-10-05,EXPENSE,BANK_TRANSFER,false
Veterinario,700.97,2024-10-05,EXPENSE,PIX,false
Veterinario,540.83,2024-10-05,EXPENSE,PIX,false
Viagem e hospedagem,4150.88,2024-10-05,EXPENSE,BOLETO,false
Conta de agua,160.19,2024-10-06,EXPENSE,PIX,false
Delivery de comida,180.50,2024-10-06,EXPENSE,CASH,false
Manutencao do veiculo,1510.23,2024-10-06,EXPENSE,PIX,false
Seguro do veiculo,185.26,2024-10-06,EXPENSE,PIX,true
Supermercado,639.79,2024-10-06,EXPENSE,CASH,false
Veterinario,317.97,2024-10-06,EXPENSE,CREDIT_CARD,false
Pagamento freelance,1249.26,2024-10-06,INCOME,PIX,false
Academia,201.09,2024-10-07,EXPENSE,PIX,true
Aplicativo de transporte,14.81,2024-10-07,EXPENSE,BOLETO,false
Combustivel,387.90,2024-10-07,EXPENSE,CASH,false
Conta de agua,69.44,2024-10-07,EXPENSE,CASH,true
Farmacia,373.59,2024-10-07,EXPENSE,DEBIT_CARD,false
Impostos e taxas,945.44,2024-10-07,EXPENSE,DEBIT_CARD,false
Padaria,52.09,2024-10-07,EXPENSE,PIX,false
Pagamento freelance,3472.74,2024-10-07,INCOME,BANK_TRANSFER,false
Venda de produto,1415.15,2024-10-07,INCOME,BANK_TRANSFER,false
Aluguel residencial,1476.19,2024-10-08,EXPENSE,PIX,true
Conta de energia,422.76,2024-10-08,EXPENSE,CASH,true
Delivery de comida,65.35,2024-10-08,EXPENSE,CASH,false
Doacao,163.33,2024-10-08,EXPENSE,DEBIT_CARD,false
Livraria,70.16,2024-10-08,EXPENSE,BOLETO,false
Padaria,32.32,2024-10-08,EXPENSE,BANK_TRANSFER,false
Padaria,38.53,2024-10-08,EXPENSE,CREDIT_CARD,false
Restaurante,308.91,2024-10-08,EXPENSE,BANK_TRANSFER,false
Veterinario,174.93,2024-10-08,EXPENSE,BANK_TRANSFER,false
Salario mensal,3915.74,2024-10-08,INCOME,BANK_TRANSFER,true
Transferencia recebida,326.00,2024-10-08,INCOME,BANK_TRANSFER,false
Combustivel,415.73,2024-10-09,EXPENSE,BANK_TRANSFER,false
Condominio,645.07,2024-10-09,EXPENSE,CREDIT_CARD,true
Doacao,200.98,2024-10-09,EXPENSE,PIX,false
Internet residencial,84.89,2024-10-09,EXPENSE,DEBIT_CARD,false
Seguro do veiculo,431.49,2024-10-09,EXPENSE,DEBIT_CARD,true
Streaming,27.90,2024-10-09,EXPENSE,DEBIT_CARD,true
Supermercado,719.44,2024-10-09,EXPENSE,CREDIT_CARD,false
Viagem e hospedagem,1691.48,2024-10-09,EXPENSE,DEBIT_CARD,false
Reembolso empresarial,674.34,2024-10-09,INCOME,BANK_TRANSFER,false
Academia,86.94,2024-10-10,EXPENSE,PIX,true
Academia,135.60,2024-10-10,EXPENSE,DEBIT_CARD,true
Aplicativo de transporte,84.22,2024-10-10,EXPENSE,CREDIT_CARD,false
Condominio,266.26,2024-10-10,EXPENSE,PIX,true
Conta de agua,145.69,2024-10-10,EXPENSE,DEBIT_CARD,true
Doacao,263.26,2024-10-10,EXPENSE,PIX,false
Impostos e taxas,534.44,2024-10-10,EXPENSE,DEBIT_CARD,false
Loja de roupas,488.09,2024-10-10,EXPENSE,BANK_TRANSFER,false
Padaria,78.56,2024-10-10,EXPENSE,CASH,false
Passagem aerea,1797.63,2024-10-10,EXPENSE,CASH,false
Plano de saude,1317.68,2024-10-10,EXPENSE,BOLETO,true
Veterinario,580.43,2024-10-10,EXPENSE,DEBIT_CARD,false
Veterinario,513.40,2024-10-10,EXPENSE,CASH,false
Rendimento de investimento,596.01,2024-10-10,INCOME,BANK_TRANSFER,true
Venda de produto,525.42,2024-10-10,INCOME,BANK_TRANSFER,false
Condominio,798.54,2024-10-11,EXPENSE,CREDIT_CARD,true
Conta de energia,621.51,2024-10-11,EXPENSE,DEBIT_CARD,false
Eletronicos,1451.55,2024-10-11,EXPENSE,PIX,false
Farmacia,80.38,2024-10-11,EXPENSE,DEBIT_CARD,false
Livraria,244.32,2024-10-11,EXPENSE,DEBIT_CARD,false
Plano de celular,70.03,2024-10-11,EXPENSE,DEBIT_CARD,false
Plano de celular,77.16,2024-10-11,EXPENSE,CASH,true
Supermercado,240.40,2024-10-11,EXPENSE,DEBIT_CARD,false
Restituicao de imposto,2680.11,2024-10-11,INCOME,PIX,false
Salario mensal,8714.09,2024-10-11,INCOME,BANK_TRANSFER,true
Aluguel residencial,3566.97,2024-10-12,EXPENSE,BANK_TRANSFER,false
Cinema e lazer,165.49,2024-10-12,EXPENSE,DEBIT_CARD,false
Cinema e lazer,98.22,2024-10-12,EXPENSE,CREDIT_CARD,false
Cinema e lazer,67.21,2024-10-12,EXPENSE,CREDIT_CARD,false
Condominio,608.87,2024-10-12,EXPENSE,CASH,true
Eletronicos,3179.88,2024-10-12,EXPENSE,CASH,false
Manutencao do veiculo,1484.52,2024-10-12,EXPENSE,DEBIT_CARD,false
Padaria,34.01,2024-10-12,EXPENSE,PIX,false
Pet shop,37.17,2024-10-12,EXPENSE,BANK_TRANSFER,false
Pet shop,194.24,2024-10-12,EXPENSE,CREDIT_CARD,false
Plano de saude,957.95,2024-10-12,EXPENSE,CASH,true
Restaurante,174.15,2024-10-12,EXPENSE,BOLETO,false
Aluguel recebido,913.60,2024-10-12,INCOME,BANK_TRANSFER,true
Dividendos,450.38,2024-10-12,INCOME,PIX,false
Aluguel residencial,3701.80,2024-10-13,EXPENSE,BOLETO,true
Combustivel,105.82,2024-10-13,EXPENSE,DEBIT_CARD,false
Condominio,539.46,2024-10-13,EXPENSE,BANK_TRANSFER,true
Internet residencial,192.21,2024-10-13,EXPENSE,BANK_TRANSFER,true
Livraria,97.00,2024-10-13,EXPENSE,BANK_TRANSFER,false
Manutencao do veiculo,553.14,2024-10-13,EXPENSE,BOLETO,false
Passagem aerea,351.81,2024-10-13,EXPENSE,BANK_TRANSFER,false
Passagem aerea,1983.33,2024-10-13,EXPENSE,BOLETO,false
Pet shop,32.93,2024-10-13,EXPENSE,PIX,false
Plano de celular,48.63,2024-10-13,EXPENSE,CASH,true
Restaurante,121.00,2024-10-13,EXPENSE,DEBIT_CARD,false
Seguro do veiculo,189.09,2024-10-13,EXPENSE,BOLETO,false
Streaming,68.02,2024-10-13,EXPENSE,BANK_TRANSFER,false
Viagem e hospedagem,449.24,2024-10-13,EXPENSE,CREDIT_CARD,false
Pagamento freelance,871.32,2024-10-13,INCOME,BANK_TRANSFER,false
Aluguel residencial,987.97,2024-10-14,EXPENSE,BOLETO,true
Combustivel,124.72,2024-10-14,EXPENSE,CREDIT_CARD,false
Curso online,747.56,2024-10-14,EXPENSE,PIX,false
Curso online,372.06,2024-10-14,EXPENSE,BOLETO,false
Internet residencial,207.79,2024-10-14,EXPENSE,BANK_TRANSFER,true
Plano de celular,126.38,2024-10-14,EXPENSE,BANK_TRANSFER,true
Supermercado,365.78,2024-10-14,EXPENSE,CASH,false
Reembolso empresarial,693.86,2024-10-14,INCOME,BANK_TRANSFER,false
Aluguel residencial,3423.56,2024-10-15,EXPENSE,CASH,true
Conta de energia,136.58,2024-10-15,EXPENSE,CASH,true
Internet residencial,98.92,2024-10-15,EXPENSE,CREDIT_CARD,true
Manutencao do veiculo,2276.74,2024-10-15,EXPENSE,CREDIT_CARD,false
Padaria,44.30,2024-10-15,EXPENSE,BANK_TRANSFER,false
Viagem e hospedagem,3722.06,2024-10-15,EXPENSE,DEBIT_CARD,false
Dividendos,248.56,2024-10-15,INCOME,BANK_TRANSFER,true
Venda de produto,66.38,2024-10-15,INCOME,BANK_TRANSFER,false
Combustivel,113.86,2024-10-16,EXPENSE,CASH,false
Condominio,753.99,2024-10-16,EXPENSE,BOLETO,true
Conta de agua,70.49,2024-10-16,EXPENSE,DEBIT_CARD,true
Curso online,40.68,2024-10-16,EXPENSE,DEBIT_CARD,false
Eletronicos,383.12,2024-10-16,EXPENSE,DEBIT_CARD,false
Farmacia,109.04,2024-10-16,EXPENSE,BOLETO,false
Manutencao do veiculo,219.71,2024-10-16,EXPENSE,PIX,false
Manutencao do veiculo,337.31,2024-10-16,EXPENSE,BANK_TRANSFER,false
Seguro do veiculo,523.42,2024-10-16,EXPENSE,DEBIT_CARD,false
Supermercado,52.12,2024-10-16,EXPENSE,CASH,false
Supermercado,339.67,2024-10-16,EXPENSE,CASH,false
Salario mensal,5497.67,2024-10-16,INCOME,PIX,true
Venda de produto,1336.12,2024-10-16,INCOME,BANK_TRANSFER,false
Academia,183.80,2024-10-17,EXPENSE,CREDIT_CARD,true
Aluguel residencial,1422.48,2024-10-17,EXPENSE,DEBIT_CARD,true
Aplicativo de transporte,29.25,2024-10-17,EXPENSE,CREDIT_CARD,false
Combustivel,389.05,2024-10-17,EXPENSE,BOLETO,false
Estacionamento,35.62,2024-10-17,EXPENSE,CREDIT_CARD,false
Impostos e taxas,1310.29,2024-10-17,EXPENSE,CREDIT_CARD,false
Plano de saude,1247.99,2024-10-17,EXPENSE,PIX,true
Seguro do veiculo,121.58,2024-10-17,EXPENSE,CREDIT_CARD,true
Aplicativo de transporte,64.86,2024-10-18,EXPENSE,PIX,false
Combustivel,298.60,2024-10-18,EXPENSE,PIX,false
Doacao,489.11,2024-10-18,EXPENSE,CREDIT_CARD,false
Eletronicos,4181.94,2024-10-18,EXPENSE,BOLETO,false
Eletronicos,3129.25,2024-10-18,EXPENSE,CASH,false
Livraria,278.77,2024-10-18,EXPENSE,CASH,false
Loja de roupas,152.59,2024-10-18,EXPENSE,BOLETO,false
Pet shop,366.97,2024-10-18,EXPENSE,BANK_TRANSFER,false
Seguro do veiculo,254.17,2024-10-18,EXPENSE,BANK_TRANSFER,false
Supermercado,649.40,2024-10-18,EXPENSE,PIX,false
Veterinario,939.56,2024-10-18,EXPENSE,BOLETO,false
Restituicao de imposto,1301.96,2024-10-18,INCOME,BANK_TRANSFER,false
Transferencia recebida,515.33,2024-10-18,INCOME,PIX,false
Combustivel,127.58,2024-10-19,EXPENSE,BANK_TRANSFER,false
Combustivel,340.43,2024-10-19,EXPENSE,DEBIT_CARD,false
Condominio,299.63,2024-10-19,EXPENSE,CREDIT_CARD,true
Padaria,11.46,2024-10-19,EXPENSE,DEBIT_CARD,false
Plano de celular,170.45,2024-10-19,EXPENSE,CREDIT_CARD,true
Academia,226.99,2024-10-20,EXPENSE,BANK_TRANSFER,true
Cinema e lazer,57.72,2024-10-20,EXPENSE,DEBIT_CARD,false
Condominio,1188.58,2024-10-20,EXPENSE,BANK_TRANSFER,false
Curso online,578.67,2024-10-20,EXPENSE,CASH,false
Farmacia,176.73,2024-10-20,EXPENSE,CASH,false
Pet shop,217.31,2024-10-20,EXPENSE,DEBIT_CARD,false
Plano de celular,92.31,2024-10-20,EXPENSE,CREDIT_CARD,true
Venda de produto,1642.14,2024-10-20,INCOME,BANK_TRANSFER,false
Cinema e lazer,46.12,2024-10-21,EXPENSE,BOLETO,false
Conta de energia,627.73,2024-10-21,EXPENSE,PIX,true
Delivery de comida,167.12,2024-10-21,EXPENSE,BANK_TRANSFER,false
Delivery de comida,102.10,2024-10-21,EXPENSE,BOLETO,false
Internet residencial,178.46,2024-10-21,EXPENSE,CASH,false
Dividendos,260.01,2024-10-21,INCOME,BANK_TRANSFER,false
Reembolso empresarial,352.33,2024-10-21,INCOME,BANK_TRANSFER,false
Conta de agua,94.86,2024-10-22,EXPENSE,CREDIT_CARD,true
Estacionamento,64.24,2024-10-22,EXPENSE,CASH,false
Manutencao do veiculo,1744.47,2024-10-22,EXPENSE,BOLETO,false
Padaria,79.00,2024-10-22,EXPENSE,CREDIT_CARD,false
Pet shop,289.98,2024-10-22,EXPENSE,BOLETO,false
Rendimento de investimento,243.75,2024-10-22,INCOME,PIX,true
Cinema e lazer,195.30,2024-10-23,EXPENSE,DEBIT_CARD,false
Combustivel,208.36,2024-10-23,EXPENSE,CASH,false
Eletronicos,1703.69,2024-10-23,EXPENSE,CASH,false
Farmacia,331.53,2024-10-23,EXPENSE,BOLETO,false
Internet residencial,134.70,2024-10-23,EXPENSE,BANK_TRANSFER,true
Internet residencial,124.12,2024-10-23,EXPENSE,PIX,true
Livraria,132.13,2024-10-23,EXPENSE,CREDIT_CARD,false
Manutencao do veiculo,223.10,2024-10-23,EXPENSE,CASH,false
Padaria,70.14,2024-10-23,EXPENSE,BANK_TRANSFER,false
Plano de celular,172.68,2024-10-23,EXPENSE,CASH,false
Streaming,24.01,2024-10-23,EXPENSE,DEBIT_CARD,true
Streaming,20.52,2024-10-23,EXPENSE,DEBIT_CARD,true
Supermercado,479.96,2024-10-23,EXPENSE,BOLETO,false
Pagamento freelance,3129.68,2024-10-23,INCOME,BANK_TRANSFER,false
Cinema e lazer,38.04,2024-10-24,EXPENSE,PIX,false
Curso online,644.10,2024-10-24,EXPENSE,BANK_TRANSFER,false
Estacionamento,34.49,2024-10-24,EXPENSE,DEBIT_CARD,false
Loja de roupas,542.13,2024-10-24,EXPENSE,CREDIT_CARD,false
Padaria,83.91,2024-10-24,EXPENSE,DEBIT_CARD,false
Passagem aerea,1522.20,2024-10-24,EXPENSE,CASH,false
Pet shop,48.83,2024-10-24,EXPENSE,BANK_TRANSFER,false
Plano de celular,84.66,2024-10-24,EXPENSE,PIX,false
Seguro do veiculo,177.09,2024-10-24,EXPENSE,BOLETO,true
Dividendos,164.94,2024-10-24,INCOME,BANK_TRANSFER,true
Salario mensal,10732.46,2024-10-24,INCOME,PIX,true
Cinema e lazer,57.09,2024-10-25,EXPENSE,CREDIT_CARD,false
Condominio,258.21,2024-10-25,EXPENSE,CASH,true
Doacao,54.08,2024-10-25,EXPENSE,BOLETO,false
Supermercado,50.75,2024-10-25,EXPENSE,CREDIT_CARD,false
Supermercado,765.18,2024-10-25,EXPENSE,BANK_TRANSFER,false
Restituicao de imposto,694.24,2024-10-25,INCOME,PIX,false
Venda de produto,227.23,2024-10-25,INCOME,BANK_TRANSFER,false
Aluguel residencial,1054.93,2024-10-26,EXPENSE,BOLETO,true
Combustivel,277.14,2024-10-26,EXPENSE,CASH,false
Combustivel,291.26,2024-10-26,EXPENSE,BOLETO,false
Impostos e taxas,103.26,2024-10-26,EXPENSE,DEBIT_CARD,false
Livraria,30.91,2024-10-26,EXPENSE,BANK_TRANSFER,false
Padaria,42.38,2024-10-26,EXPENSE,DEBIT_CARD,false
Passagem aerea,357.68,2024-10-26,EXPENSE,PIX,false
Seguro do veiculo,248.49,2024-10-26,EXPENSE,BOLETO,true
Aluguel recebido,1071.39,2024-10-26,INCOME,PIX,true
Aluguel residencial,2862.33,2024-10-27,EXPENSE,BOLETO,true
Aplicativo de transporte,32.15,2024-10-27,EXPENSE,CREDIT_CARD,false
Combustivel,301.81,2024-10-27,EXPENSE,CASH,false
Condominio,740.40,2024-10-27,EXPENSE,DEBIT_CARD,true
Conta de agua,105.95,2024-10-27,EXPENSE,DEBIT_CARD,true
Eletronicos,4950.34,2024-10-27,EXPENSE,BANK_TRANSFER,false
Internet residencial,85.56,2024-10-27,EXPENSE,BOLETO,true
Livraria,28.24,2024-10-27,EXPENSE,CREDIT_CARD,false
Loja de roupas,177.49,2024-10-27,EXPENSE,CASH,false
Loja de roupas,206.08,2024-10-27,EXPENSE,CREDIT_CARD,false
Pet shop,106.79,2024-10-27,EXPENSE,CASH,false
Viagem e hospedagem,3918.36,2024-10-27,EXPENSE,DEBIT_CARD,false
Reembolso empresarial,411.31,2024-10-27,INCOME,PIX,false
Reembolso empresarial,393.11,2024-10-27,INCOME,BANK_TRANSFER,false
Aplicativo de transporte,11.11,2024-10-28,EXPENSE,CREDIT_CARD,false
Aplicativo de transporte,81.78,2024-10-28,EXPENSE,PIX,false
Curso online,730.31,2024-10-28,EXPENSE,CREDIT_CARD,false
Doacao,146.23,2024-10-28,EXPENSE,DEBIT_CARD,false
Farmacia,18.42,2024-10-28,EXPENSE,PIX,false
Internet residencial,105.82,2024-10-28,EXPENSE,BOLETO,true
Loja de roupas,846.42,2024-10-28,EXPENSE,CREDIT_CARD,false
Manutencao do veiculo,1698.21,2024-10-28,EXPENSE,CASH,false
Passagem aerea,1813.66,2024-10-28,EXPENSE,CASH,false
Pet shop,60.76,2024-10-28,EXPENSE,DEBIT_CARD,false
Dividendos,362.58,2024-10-28,INCOME,BANK_TRANSFER,false
Combustivel,136.24,2024-10-29,EXPENSE,PIX,false
Combustivel,372.58,2024-10-29,EXPENSE,CREDIT_CARD,false
Conta de energia,595.39,2024-10-29,EXPENSE,BANK_TRANSFER,true
Delivery de comida,61.21,2024-10-29,EXPENSE,DEBIT_CARD,false
Estacionamento,62.12,2024-10-29,EXPENSE,DEBIT_CARD,false
Farmacia,59.05,2024-10-29,EXPENSE,DEBIT_CARD,false
Passagem aerea,1131.20,2024-10-29,EXPENSE,PIX,false
Streaming,63.39,2024-10-29,EXPENSE,BANK_TRANSFER,true
Streaming,65.52,2024-10-29,EXPENSE,CASH,true
Bonus profissional,2839.41,2024-10-29,INCOME,BANK_TRANSFER,false
Rendimento de investimento,370.09,2024-10-29,INCOME,BANK_TRANSFER,true
Aluguel residencial,1393.81,2024-10-30,EXPENSE,DEBIT_CARD,true
Aluguel residencial,1351.81,2024-10-30,EXPENSE,BOLETO,true
Doacao,394.65,2024-10-30,EXPENSE,BANK_TRANSFER,false
Estacionamento,64.76,2024-10-30,EXPENSE,CREDIT_CARD,false
Loja de roupas,561.71,2024-10-30,EXPENSE,PIX,false
Passagem aerea,1544.93,2024-10-30,EXPENSE,DEBIT_CARD,false
Passagem aerea,3021.42,2024-10-30,EXPENSE,CREDIT_CARD,false
Plano de celular,62.30,2024-10-30,EXPENSE,DEBIT_CARD,true
Streaming,44.31,2024-10-30,EXPENSE,BANK_TRANSFER,true
Viagem e hospedagem,2034.53,2024-10-30,EXPENSE,CASH,false
Rendimento de investimento,52.53,2024-10-30,INCOME,BANK_TRANSFER,true
Salario mensal,10857.25,2024-10-30,INCOME,BANK_TRANSFER,true
Aplicativo de transporte,34.42,2024-10-31,EXPENSE,CREDIT_CARD,false
Aplicativo de transporte,12.97,2024-10-31,EXPENSE,BANK_TRANSFER,false
Aplicativo de transporte,13.06,2024-10-31,EXPENSE,PIX,false
Cinema e lazer,89.42,2024-10-31,EXPENSE,BOLETO,false
Condominio,1176.76,2024-10-31,EXPENSE,BOLETO,true
Eletronicos,1508.69,2024-10-31,EXPENSE,BOLETO,false
Manutencao do veiculo,124.72,2024-10-31,EXPENSE,BOLETO,false
Restaurante,256.52,2024-10-31,EXPENSE,CREDIT_CARD,false
Seguro do veiculo,233.94,2024-10-31,EXPENSE,BOLETO,true
Supermercado,471.02,2024-10-31,EXPENSE,BOLETO,false
Viagem e hospedagem,2444.41,2024-10-31,EXPENSE,BANK_TRANSFER,false
Aplicativo de transporte,63.21,2024-11-01,EXPENSE,CREDIT_CARD,false
Condominio,385.47,2024-11-01,EXPENSE,CREDIT_CARD,true
Conta de agua,122.76,2024-11-01,EXPENSE,BANK_TRANSFER,true
Conta de energia,140.13,2024-11-01,EXPENSE,PIX,true
Delivery de comida,109.88,2024-11-01,EXPENSE,PIX,false
Doacao,196.79,2024-11-01,EXPENSE,BOLETO,false
Doacao,335.74,2024-11-01,EXPENSE,BOLETO,false
Eletronicos,945.48,2024-11-01,EXPENSE,PIX,false
Eletronicos,2012.14,2024-11-01,EXPENSE,CREDIT_CARD,false
Plano de celular,88.37,2024-11-01,EXPENSE,PIX,true
Plano de saude,428.88,2024-11-01,EXPENSE,BANK_TRANSFER,false
Aluguel residencial,2169.39,2024-11-02,EXPENSE,BANK_TRANSFER,true
Conta de agua,79.18,2024-11-02,EXPENSE,BOLETO,true
Delivery de comida,139.50,2024-11-02,EXPENSE,BOLETO,false
Loja de roupas,860.79,2024-11-02,EXPENSE,BANK_TRANSFER,false
Plano de celular,155.26,2024-11-02,EXPENSE,PIX,true
Streaming,46.96,2024-11-02,EXPENSE,BANK_TRANSFER,false
Streaming,23.36,2024-11-02,EXPENSE,BANK_TRANSFER,true
Supermercado,236.58,2024-11-02,EXPENSE,CASH,false
Academia,168.67,2024-11-03,EXPENSE,PIX,true
Aluguel residencial,2187.25,2024-11-03,EXPENSE,BANK_TRANSFER,true
Aplicativo de transporte,90.39,2024-11-03,EXPENSE,BOLETO,false
Combustivel,122.64,2024-11-03,EXPENSE,DEBIT_CARD,false
Curso online,59.32,2024-11-03,EXPENSE,BANK_TRANSFER,false
Eletronicos,2757.66,2024-11-03,EXPENSE,PIX,false
Plano de celular,128.75,2024-11-03,EXPENSE,CASH,true
Plano de saude,765.34,2024-11-03,EXPENSE,CASH,true
Viagem e hospedagem,2530.12,2024-11-03,EXPENSE,DEBIT_CARD,false
Rendimento de investimento,481.42,2024-11-03,INCOME,PIX,true
Academia,143.06,2024-11-04,EXPENSE,CASH,true
Condominio,386.78,2024-11-04,EXPENSE,CASH,true
Conta de energia,382.45,2024-11-04,EXPENSE,CREDIT_CARD,true
Delivery de comida,96.10,2024-11-04,EXPENSE,DEBIT_CARD,false
Livraria,165.49,2024-11-04,EXPENSE,CASH,false
Loja de roupas,617.73,2024-11-04,EXPENSE,PIX,false
Manutencao do veiculo,1557.19,2024-11-04,EXPENSE,DEBIT_CARD,false
Supermercado,562.20,2024-11-04,EXPENSE,PIX,false
Supermercado,311.02,2024-11-04,EXPENSE,DEBIT_CARD,false
Pagamento freelance,2476.08,2024-11-04,INCOME,BANK_TRANSFER,false
Conta de energia,484.98,2024-11-05,EXPENSE,PIX,true
Curso online,389.39,2024-11-05,EXPENSE,PIX,false
Padaria,20.35,2024-11-05,EXPENSE,BOLETO,false
Plano de celular,158.94,2024-11-05,EXPENSE,DEBIT_CARD,true
Plano de celular,116.77,2024-11-05,EXPENSE,DEBIT_CARD,true
Restaurante,276.12,2024-11-05,EXPENSE,DEBIT_CARD,false
Dividendos,49.71,2024-11-05,INCOME,PIX,true
Reembolso empresarial,866.76,2024-11-05,INCOME,PIX,false
Rendimento de investimento,197.55,2024-11-05,INCOME,BANK_TRANSFER,true
Conta de agua,186.70,2024-11-06,EXPENSE,CASH,true
Conta de energia,611.20,2024-11-06,EXPENSE,DEBIT_CARD,false
Farmacia,181.92,2024-11-06,EXPENSE,CASH,false
Plano de saude,686.76,2024-11-06,EXPENSE,PIX,false
Plano de saude,733.61,2024-11-06,EXPENSE,DEBIT_CARD,true
Plano de saude,1242.71,2024-11-06,EXPENSE,BANK_TRANSFER,true
Seguro do veiculo,202.29,2024-11-06,EXPENSE,CREDIT_CARD,true
Streaming,42.56,2024-11-06,EXPENSE,CASH,true
Viagem e hospedagem,3323.63,2024-11-06,EXPENSE,CASH,false
Restituicao de imposto,2317.72,2024-11-06,INCOME,PIX,false
Aluguel residencial,2683.81,2024-11-07,EXPENSE,DEBIT_CARD,true
Aplicativo de transporte,57.38,2024-11-07,EXPENSE,BOLETO,false
Condominio,535.98,2024-11-07,EXPENSE,PIX,true
Doacao,98.92,2024-11-07,EXPENSE,BANK_TRANSFER,false
Doacao,49.22,2024-11-07,EXPENSE,DEBIT_CARD,false
Estacionamento,20.09,2024-11-07,EXPENSE,DEBIT_CARD,false
Loja de roupas,239.40,2024-11-07,EXPENSE,DEBIT_CARD,false
Plano de saude,198.16,2024-11-07,EXPENSE,DEBIT_CARD,true
Seguro do veiculo,138.53,2024-11-07,EXPENSE,CREDIT_CARD,false
Seguro do veiculo,320.07,2024-11-07,EXPENSE,DEBIT_CARD,true
Streaming,22.96,2024-11-07,EXPENSE,BOLETO,true
Veterinario,494.46,2024-11-07,EXPENSE,CASH,false
Dividendos,128.65,2024-11-07,INCOME,PIX,true
Venda de produto,856.08,2024-11-07,INCOME,PIX,false
Aplicativo de transporte,18.79,2024-11-08,EXPENSE,DEBIT_CARD,false
Impostos e taxas,118.29,2024-11-08,EXPENSE,DEBIT_CARD,false
Impostos e taxas,1304.91,2024-11-08,EXPENSE,CASH,false
Loja de roupas,377.79,2024-11-08,EXPENSE,CASH,false
Loja de roupas,805.21,2024-11-08,EXPENSE,PIX,false
Passagem aerea,2360.73,2024-11-08,EXPENSE,BANK_TRANSFER,false
Plano de saude,1062.57,2024-11-08,EXPENSE,CASH,true
Streaming,88.61,2024-11-08,EXPENSE,BANK_TRANSFER,true
Reembolso empresarial,166.31,2024-11-08,INCOME,PIX,false
Salario mensal,7016.88,2024-11-08,INCOME,PIX,false
Aluguel residencial,2874.43,2024-11-09,EXPENSE,CASH,true
Conta de agua,134.75,2024-11-09,EXPENSE,BANK_TRANSFER,true
Conta de energia,91.60,2024-11-09,EXPENSE,CREDIT_CARD,false
Curso online,705.10,2024-11-09,EXPENSE,BOLETO,false
Doacao,79.05,2024-11-09,EXPENSE,BANK_TRANSFER,false
Estacionamento,22.36,2024-11-09,EXPENSE,BANK_TRANSFER,false
Streaming,49.42,2024-11-09,EXPENSE,BOLETO,true
Dividendos,745.97,2024-11-09,INCOME,BANK_TRANSFER,true
Restituicao de imposto,463.66,2024-11-09,INCOME,BANK_TRANSFER,false
Salario mensal,5477.38,2024-11-09,INCOME,BANK_TRANSFER,true
Academia,249.23,2024-11-10,EXPENSE,PIX,true
Curso online,480.83,2024-11-10,EXPENSE,CREDIT_CARD,false
Plano de saude,620.28,2024-11-10,EXPENSE,CREDIT_CARD,true
Seguro do veiculo,430.74,2024-11-10,EXPENSE,BOLETO,true
Supermercado,551.21,2024-11-10,EXPENSE,DEBIT_CARD,false
Pagamento freelance,398.15,2024-11-10,INCOME,PIX,false
Cinema e lazer,66.35,2024-11-11,EXPENSE,BANK_TRANSFER,false
Combustivel,168.79,2024-11-11,EXPENSE,BANK_TRANSFER,false
Manutencao do veiculo,1613.22,2024-11-11,EXPENSE,BANK_TRANSFER,false
Passagem aerea,867.01,2024-11-11,EXPENSE,BANK_TRANSFER,false
Pet shop,103.38,2024-11-11,EXPENSE,CREDIT_CARD,false
Streaming,60.18,2024-11-11,EXPENSE,BOLETO,true
Pagamento freelance,2473.81,2024-11-11,INCOME,BANK_TRANSFER,false
Reembolso empresarial,456.98,2024-11-11,INCOME,PIX,false
Venda de produto,1578.26,2024-11-11,INCOME,BANK_TRANSFER,false
Academia,170.61,2024-11-12,EXPENSE,BOLETO,true
Condominio,864.12,2024-11-12,EXPENSE,CREDIT_CARD,true
Curso online,313.36,2024-11-12,EXPENSE,BANK_TRANSFER,false
Estacionamento,67.21,2024-11-12,EXPENSE,CREDIT_CARD,false
Loja de roupas,803.83,2024-11-12,EXPENSE,BANK_TRANSFER,false
Loja de roupas,115.55,2024-11-12,EXPENSE,PIX,false
Pet shop,33.40,2024-11-12,EXPENSE,CREDIT_CARD,false
Seguro do veiculo,303.91,2024-11-12,EXPENSE,CASH,true
Seguro do veiculo,284.78,2024-11-12,EXPENSE,DEBIT_CARD,true
Condominio,674.37,2024-11-13,EXPENSE,BANK_TRANSFER,true
Eletronicos,2335.44,2024-11-13,EXPENSE,BANK_TRANSFER,false
Livraria,181.92,2024-11-13,EXPENSE,CREDIT_CARD,false
Livraria,247.50,2024-11-13,EXPENSE,PIX,false
Livraria,41.33,2024-11-13,EXPENSE,DEBIT_CARD,false
Loja de roupas,167.68,2024-11-13,EXPENSE,BOLETO,false
Manutencao do veiculo,1165.90,2024-11-13,EXPENSE,BANK_TRANSFER,false
Passagem aerea,861.05,2024-11-13,EXPENSE,DEBIT_CARD,false
Viagem e hospedagem,2503.11,2024-11-13,EXPENSE,BOLETO,false
Aluguel recebido,1445.83,2024-11-13,INCOME,PIX,true
Cinema e lazer,188.84,2024-11-14,EXPENSE,PIX,false
Condominio,444.51,2024-11-14,EXPENSE,BANK_TRANSFER,true
Conta de energia,185.76,2024-11-14,EXPENSE,CASH,true
Delivery de comida,82.60,2024-11-14,EXPENSE,CREDIT_CARD,false
Livraria,212.61,2024-11-14,EXPENSE,BANK_TRANSFER,false
Pet shop,272.87,2024-11-14,EXPENSE,BOLETO,false
Plano de celular,90.82,2024-11-14,EXPENSE,BOLETO,false
Supermercado,561.74,2024-11-14,EXPENSE,CREDIT_CARD,false
Veterinario,286.36,2024-11-14,EXPENSE,CASH,false
Veterinario,918.07,2024-11-14,EXPENSE,CASH,false
Rendimento de investimento,311.45,2024-11-14,INCOME,PIX,true
Combustivel,313.57,2024-11-15,EXPENSE,BOLETO,false
Curso online,93.69,2024-11-15,EXPENSE,PIX,false
Farmacia,353.53,2024-11-15,EXPENSE,CASH,false
Manutencao do veiculo,1807.37,2024-11-15,EXPENSE,BANK_TRANSFER,false
Passagem aerea,2946.09,2024-11-15,EXPENSE,CREDIT_CARD,false
Plano de saude,1221.73,2024-11-15,EXPENSE,CASH,false
Pagamento freelance,1096.21,2024-11-15,INCOME,PIX,false
Rendimento de investimento,336.39,2024-11-15,INCOME,BANK_TRANSFER,true
Restituicao de imposto,314.72,2024-11-15,INCOME,BANK_TRANSFER,false
Doacao,431.80,2024-11-16,EXPENSE,BANK_TRANSFER,false
Livraria,214.86,2024-11-16,EXPENSE,BOLETO,false
Plano de celular,152.50,2024-11-16,EXPENSE,PIX,true
Restaurante,54.88,2024-11-16,EXPENSE,BOLETO,false
Restaurante,195.91,2024-11-16,EXPENSE,PIX,false
Viagem e hospedagem,946.93,2024-11-16,EXPENSE,PIX,false
Aluguel residencial,3914.29,2024-11-17,EXPENSE,PIX,true
Conta de agua,85.15,2024-11-17,EXPENSE,BOLETO,true
Doacao,411.92,2024-11-17,EXPENSE,DEBIT_CARD,false
Estacionamento,32.01,2024-11-17,EXPENSE,PIX,false
Internet residencial,156.30,2024-11-17,EXPENSE,BANK_TRANSFER,true
Manutencao do veiculo,1594.42,2024-11-17,EXPENSE,DEBIT_CARD,false
Pet shop,325.75,2024-11-17,EXPENSE,CASH,false
Veterinario,157.34,2024-11-17,EXPENSE,DEBIT_CARD,false
Salario mensal,11764.12,2024-11-17,INCOME,BANK_TRANSFER,true
Transferencia recebida,503.15,2024-11-17,INCOME,BANK_TRANSFER,false
Academia,233.18,2024-11-18,EXPENSE,CREDIT_CARD,true
Aplicativo de transporte,18.89,2024-11-18,EXPENSE,CREDIT_CARD,false
Conta de agua,144.39,2024-11-18,EXPENSE,BANK_TRANSFER,true
Plano de saude,1066.42,2024-11-18,EXPENSE,CASH,true
Aluguel recebido,1475.18,2024-11-18,INCOME,PIX,true
Aluguel residencial,3914.95,2024-11-19,EXPENSE,CREDIT_CARD,true
Aplicativo de transporte,29.90,2024-11-19,EXPENSE,PIX,false
Cinema e lazer,226.08,2024-11-19,EXPENSE,CASH,false
Conta de agua,108.00,2024-11-19,EXPENSE,CREDIT_CARD,true
Curso online,488.66,2024-11-19,EXPENSE,CREDIT_CARD,false
Curso online,109.76,2024-11-19,EXPENSE,CASH,false
Loja de roupas,384.15,2024-11-19,EXPENSE,CASH,false
Plano de celular,120.28,2024-11-19,EXPENSE,DEBIT_CARD,true
Restaurante,177.11,2024-11-19,EXPENSE,CASH,false
Seguro do veiculo,241.97,2024-11-19,EXPENSE,CASH,true
Reembolso empresarial,323.70,2024-11-19,INCOME,PIX,false
Aluguel residencial,3635.31,2024-11-20,EXPENSE,CASH,true
Cinema e lazer,117.59,2024-11-20,EXPENSE,PIX,false
Farmacia,292.33,2024-11-20,EXPENSE,PIX,false
Farmacia,236.98,2024-11-20,EXPENSE,CREDIT_CARD,false
Viagem e hospedagem,2379.52,2024-11-20,EXPENSE,DEBIT_CARD,false
Reembolso empresarial,152.67,2024-11-20,INCOME,BANK_TRANSFER,false
Rendimento de investimento,431.55,2024-11-20,INCOME,BANK_TRANSFER,true
Aluguel residencial,3377.14,2024-11-21,EXPENSE,BOLETO,true
Cinema e lazer,225.87,2024-11-21,EXPENSE,BOLETO,false
Condominio,563.12,2024-11-21,EXPENSE,BANK_TRANSFER,true
Curso online,329.12,2024-11-21,EXPENSE,BOLETO,false
Delivery de comida,189.24,2024-11-21,EXPENSE,CASH,false
Eletronicos,699.56,2024-11-21,EXPENSE,BANK_TRANSFER,false
Internet residencial,186.10,2024-11-21,EXPENSE,BANK_TRANSFER,false
Supermercado,616.73,2024-11-21,EXPENSE,BOLETO,false
Viagem e hospedagem,2471.83,2024-11-21,EXPENSE,BOLETO,false
Reembolso empresarial,677.16,2024-11-21,INCOME,PIX,false
Transferencia recebida,810.19,2024-11-21,INCOME,PIX,false
Aluguel residencial,3256.39,2024-11-22,EXPENSE,BOLETO,true
Aplicativo de transporte,78.91,2024-11-22,EXPENSE,BOLETO,false
Condominio,1011.04,2024-11-22,EXPENSE,BOLETO,true
Conta de agua,124.53,2024-11-22,EXPENSE,DEBIT_CARD,true
Internet residencial,157.16,2024-11-22,EXPENSE,CREDIT_CARD,true
Livraria,99.66,2024-11-22,EXPENSE,BANK_TRANSFER,false
Pet shop,239.95,2024-11-22,EXPENSE,BOLETO,false
Restaurante,111.64,2024-11-22,EXPENSE,DEBIT_CARD,false
Seguro do veiculo,501.57,2024-11-22,EXPENSE,BANK_TRANSFER,true
Aluguel recebido,2386.61,2024-11-22,INCOME,BANK_TRANSFER,true
Aluguel recebido,1376.93,2024-11-22,INCOME,PIX,false
Reembolso empresarial,408.26,2024-11-22,INCOME,BANK_TRANSFER,false
Condominio,701.99,2024-11-23,EXPENSE,BOLETO,true
Conta de agua,111.26,2024-11-23,EXPENSE,CASH,true
Curso online,740.55,2024-11-23,EXPENSE,DEBIT_CARD,false
Delivery de comida,97.25,2024-11-23,EXPENSE,CASH,false
Estacionamento,52.27,2024-11-23,EXPENSE,CREDIT_CARD,false
Livraria,133.99,2024-11-23,EXPENSE,DEBIT_CARD,false
Livraria,126.02,2024-11-23,EXPENSE,CASH,false
Pet shop,203.22,2024-11-23,EXPENSE,PIX,false
Veterinario,688.64,2024-11-23,EXPENSE,PIX,false
Veterinario,776.52,2024-11-23,EXPENSE,BANK_TRANSFER,false
Dividendos,530.98,2024-11-23,INCOME,BANK_TRANSFER,true
Transferencia recebida,217.09,2024-11-23,INCOME,PIX,false
Venda de produto,616.69,2024-11-23,INCOME,BANK_TRANSFER,false
Aluguel residencial,1262.69,2024-11-24,EXPENSE,PIX,false
Delivery de comida,146.02,2024-11-24,EXPENSE,BANK_TRANSFER,false
Eletronicos,759.26,2024-11-24,EXPENSE,DEBIT_CARD,false
Pet shop,175.16,2024-11-24,EXPENSE,CREDIT_CARD,false
Supermercado,683.78,2024-11-24,EXPENSE,BANK_TRANSFER,false
Supermercado,489.28,2024-11-24,EXPENSE,CREDIT_CARD,false
Pagamento freelance,602.00,2024-11-24,INCOME,PIX,false
Academia,198.64,2024-11-25,EXPENSE,CREDIT_CARD,true
Aluguel residencial,977.11,2024-11-25,EXPENSE,CREDIT_CARD,false
Aluguel residencial,1551.44,2024-11-25,EXPENSE,BOLETO,true
Cinema e lazer,179.95,2024-11-25,EXPENSE,BANK_TRANSFER,false
Delivery de comida,132.67,2024-11-25,EXPENSE,BOLETO,false
Delivery de comida,176.95,2024-11-25,EXPENSE,BOLETO,false
Farmacia,360.58,2024-11-25,EXPENSE,CASH,false
Livraria,105.83,2024-11-25,EXPENSE,PIX,false
Padaria,36.75,2024-11-25,EXPENSE,BANK_TRANSFER,false
Plano de celular,109.90,2024-11-25,EXPENSE,PIX,true
Plano de saude,661.93,2024-11-25,EXPENSE,BANK_TRANSFER,true
Restaurante,268.58,2024-11-25,EXPENSE,CASH,false
Rendimento de investimento,55.68,2024-11-25,INCOME,PIX,false
Transferencia recebida,865.67,2024-11-25,INCOME,PIX,false
Curso online,574.99,2024-11-26,EXPENSE,CREDIT_CARD,false
Delivery de comida,157.02,2024-11-26,EXPENSE,PIX,false
Doacao,385.51,2024-11-26,EXPENSE,CREDIT_CARD,false
Impostos e taxas,580.05,2024-11-26,EXPENSE,DEBIT_CARD,false
Impostos e taxas,2003.87,2024-11-26,EXPENSE,CREDIT_CARD,false
Impostos e taxas,1516.23,2024-11-26,EXPENSE,PIX,false
Livraria,205.71,2024-11-26,EXPENSE,BANK_TRANSFER,false
Seguro do veiculo,167.39,2024-11-26,EXPENSE,CASH,true
Supermercado,742.12,2024-11-26,EXPENSE,PIX,false
Veterinario,847.36,2024-11-26,EXPENSE,DEBIT_CARD,false
Viagem e hospedagem,4261.15,2024-11-26,EXPENSE,BANK_TRANSFER,false
Pagamento freelance,3453.51,2024-11-26,INCOME,BANK_TRANSFER,false
Rendimento de investimento,267.43,2024-11-26,INCOME,PIX,false
Padaria,39.50,2024-11-27,EXPENSE,CREDIT_CARD,false
Passagem aerea,387.46,2024-11-27,EXPENSE,CREDIT_CARD,false
Plano de saude,231.97,2024-11-27,EXPENSE,BANK_TRANSFER,true
Academia,79.84,2024-11-28,EXPENSE,BANK_TRANSFER,true
Aplicativo de transporte,48.45,2024-11-28,EXPENSE,CREDIT_CARD,false
Conta de energia,212.74,2024-11-28,EXPENSE,CASH,true
Curso online,374.51,2024-11-28,EXPENSE,CASH,false
Eletronicos,1615.95,2024-11-28,EXPENSE,CASH,false
Impostos e taxas,1107.99,2024-11-28,EXPENSE,BOLETO,false
Internet residencial,207.21,2024-11-28,EXPENSE,PIX,true
Loja de roupas,571.58,2024-11-28,EXPENSE,DEBIT_CARD,false
Padaria,31.61,2024-11-28,EXPENSE,BANK_TRANSFER,false
Plano de saude,194.72,2024-11-28,EXPENSE,PIX,true
Restaurante,43.15,2024-11-28,EXPENSE,CASH,false
Restaurante,258.59,2024-11-28,EXPENSE,CREDIT_CARD,false
Viagem e hospedagem,1215.34,2024-11-28,EXPENSE,BANK_TRANSFER,false
Dividendos,207.14,2024-11-28,INCOME,PIX,true
Restituicao de imposto,1371.94,2024-11-28,INCOME,PIX,false
Salario mensal,6521.18,2024-11-28,INCOME,BANK_TRANSFER,true
Aluguel residencial,3165.88,2024-11-29,EXPENSE,BANK_TRANSFER,true
Cinema e lazer,101.49,2024-11-29,EXPENSE,CASH,false
Pet shop,408.63,2024-11-29,EXPENSE,CASH,false
Pet shop,196.08,2024-11-29,EXPENSE,PIX,false
Plano de celular,129.36,2024-11-29,EXPENSE,PIX,true
Plano de celular,112.41,2024-11-29,EXPENSE,DEBIT_CARD,true
Plano de celular,172.68,2024-11-29,EXPENSE,CREDIT_CARD,true
Bonus profissional,4733.65,2024-11-29,INCOME,BANK_TRANSFER,false
Pagamento freelance,2908.06,2024-11-29,INCOME,BANK_TRANSFER,false
Rendimento de investimento,16.48,2024-11-29,INCOME,PIX,true
Restituicao de imposto,2038.83,2024-11-29,INCOME,PIX,false
Transferencia recebida,1878.98,2024-11-29,INCOME,PIX,false
Combustivel,376.98,2024-11-30,EXPENSE,CREDIT_CARD,false
Combustivel,137.46,2024-11-30,EXPENSE,BANK_TRANSFER,false
Conta de energia,550.61,2024-11-30,EXPENSE,DEBIT_CARD,true
Curso online,213.99,2024-11-30,EXPENSE,DEBIT_CARD,false
Curso online,189.99,2024-11-30,EXPENSE,DEBIT_CARD,false
Eletronicos,2584.54,2024-11-30,EXPENSE,CREDIT_CARD,false
Passagem aerea,721.81,2024-11-30,EXPENSE,BANK_TRANSFER,false
Pet shop,239.59,2024-11-30,EXPENSE,BOLETO,false
Streaming,35.89,2024-11-30,EXPENSE,DEBIT_CARD,true
Viagem e hospedagem,965.17,2024-11-30,EXPENSE,BOLETO,false
Viagem e hospedagem,1983.67,2024-11-30,EXPENSE,BOLETO,false
Bonus profissional,3093.85,2024-11-30,INCOME,BANK_TRANSFER,false
Restituicao de imposto,852.10,2024-11-30,INCOME,PIX,false
Academia,238.84,2024-12-01,EXPENSE,CASH,true
Cinema e lazer,91.62,2024-12-01,EXPENSE,PIX,false
Combustivel,101.25,2024-12-01,EXPENSE,PIX,false
Conta de agua,192.37,2024-12-01,EXPENSE,BOLETO,true
Doacao,145.11,2024-12-01,EXPENSE,BANK_TRANSFER,false
Eletronicos,3122.49,2024-12-01,EXPENSE,CREDIT_CARD,false
Estacionamento,25.55,2024-12-01,EXPENSE,DEBIT_CARD,false
Loja de roupas,179.97,2024-12-01,EXPENSE,BANK_TRANSFER,false
Passagem aerea,2222.04,2024-12-01,EXPENSE,DEBIT_CARD,false
Pet shop,392.70,2024-12-01,EXPENSE,BANK_TRANSFER,false
Plano de saude,251.18,2024-12-01,EXPENSE,CREDIT_CARD,false
Viagem e hospedagem,2852.86,2024-12-01,EXPENSE,BANK_TRANSFER,false
Pagamento freelance,2003.37,2024-12-01,INCOME,PIX,false
Academia,227.37,2024-12-02,EXPENSE,BANK_TRANSFER,true
Aluguel residencial,2064.74,2024-12-02,EXPENSE,CREDIT_CARD,true
Delivery de comida,72.50,2024-12-02,EXPENSE,PIX,false
Estacionamento,29.64,2024-12-02,EXPENSE,DEBIT_CARD,false
Farmacia,184.29,2024-12-02,EXPENSE,BOLETO,false
Farmacia,229.79,2024-12-02,EXPENSE,BANK_TRANSFER,false
Padaria,33.05,2024-12-02,EXPENSE,PIX,false
Padaria,11.46,2024-12-02,EXPENSE,CREDIT_CARD,false
Passagem aerea,1112.69,2024-12-02,EXPENSE,DEBIT_CARD,false
Plano de celular,95.14,2024-12-02,EXPENSE,PIX,true
Seguro do veiculo,370.00,2024-12-02,EXPENSE,BOLETO,true
Veterinario,365.81,2024-12-02,EXPENSE,DEBIT_CARD,false
Aluguel recebido,1507.90,2024-12-02,INCOME,BANK_TRANSFER,false
Salario mensal,3080.53,2024-12-02,INCOME,PIX,true
Aluguel residencial,2396.30,2024-12-03,EXPENSE,CREDIT_CARD,true
Cinema e lazer,153.32,2024-12-03,EXPENSE,DEBIT_CARD,false
Cinema e lazer,93.73,2024-12-03,EXPENSE,PIX,false
Doacao,288.34,2024-12-03,EXPENSE,CASH,false
Eletronicos,1284.62,2024-12-03,EXPENSE,BANK_TRANSFER,false
Estacionamento,57.54,2024-12-03,EXPENSE,PIX,false
Padaria,80.40,2024-12-03,EXPENSE,DEBIT_CARD,false
Pet shop,143.25,2024-12-03,EXPENSE,BANK_TRANSFER,false
Plano de celular,111.64,2024-12-03,EXPENSE,CASH,true
Viagem e hospedagem,527.47,2024-12-03,EXPENSE,BANK_TRANSFER,false
Transferencia recebida,545.14,2024-12-03,INCOME,BANK_TRANSFER,false
Combustivel,267.65,2024-12-04,EXPENSE,CREDIT_CARD,false
Combustivel,99.15,2024-12-04,EXPENSE,DEBIT_CARD,false
Condominio,614.63,2024-12-04,EXPENSE,PIX,true
Curso online,600.79,2024-12-04,EXPENSE,DEBIT_CARD,false
Eletronicos,4812.41,2024-12-04,EXPENSE,PIX,false
Estacionamento,55.47,2024-12-04,EXPENSE,BANK_TRANSFER,false
Internet residencial,83.47,2024-12-04,EXPENSE,BOLETO,true
Loja de roupas,854.45,2024-12-04,EXPENSE,CREDIT_CARD,false
Plano de saude,375.58,2024-12-04,EXPENSE,BOLETO,true
Veterinario,154.07,2024-12-04,EXPENSE,PIX,false
Veterinario,571.96,2024-12-04,EXPENSE,DEBIT_CARD,false
Viagem e hospedagem,3157.82,2024-12-04,EXPENSE,CREDIT_CARD,false
Restituicao de imposto,255.63,2024-12-04,INCOME,PIX,false
Salario mensal,10137.55,2024-12-04,INCOME,PIX,true
Academia,251.49,2024-12-05,EXPENSE,BOLETO,true
Aluguel residencial,1825.15,2024-12-05,EXPENSE,CASH,true
Conta de agua,79.49,2024-12-05,EXPENSE,CASH,true
Delivery de comida,62.69,2024-12-05,EXPENSE,DEBIT_CARD,false
Doacao,106.80,2024-12-05,EXPENSE,DEBIT_CARD,false
Farmacia,139.98,2024-12-05,EXPENSE,BANK_TRANSFER,false
Internet residencial,181.01,2024-12-05,EXPENSE,CASH,false
Livraria,83.59,2024-12-05,EXPENSE,CREDIT_CARD,false
Padaria,10.85,2024-12-05,EXPENSE,BANK_TRANSFER,false
Restaurante,184.03,2024-12-05,EXPENSE,PIX,false
Streaming,72.78,2024-12-05,EXPENSE,CASH,true
Conta de energia,265.11,2024-12-06,EXPENSE,DEBIT_CARD,true
Curso online,332.36,2024-12-06,EXPENSE,PIX,false
Estacionamento,71.58,2024-12-06,EXPENSE,BOLETO,false
Internet residencial,218.96,2024-12-06,EXPENSE,BOLETO,true
Padaria,39.83,2024-12-06,EXPENSE,BOLETO,false
Restaurante,78.22,2024-12-06,EXPENSE,BANK_TRANSFER,false
Salario mensal,2829.80,2024-12-06,INCOME,BANK_TRANSFER,true
Venda de produto,1768.42,2024-12-06,INCOME,BANK_TRANSFER,false
Combustivel,325.61,2024-12-07,EXPENSE,DEBIT_CARD,false
Conta de agua,211.10,2024-12-07,EXPENSE,CASH,true
Conta de energia,334.32,2024-12-07,EXPENSE,DEBIT_CARD,false
Doacao,209.29,2024-12-07,EXPENSE,DEBIT_CARD,false
Impostos e taxas,1801.09,2024-12-07,EXPENSE,CASH,false
Livraria,169.69,2024-12-07,EXPENSE,CASH,false
Pet shop,407.22,2024-12-07,EXPENSE,CREDIT_CARD,false
Plano de saude,1080.35,2024-12-07,EXPENSE,PIX,true
Restaurante,62.36,2024-12-07,EXPENSE,DEBIT_CARD,false
Supermercado,345.34,2024-12-07,EXPENSE,PIX,false
Veterinario,357.65,2024-12-07,EXPENSE,CREDIT_CARD,false
Dividendos,483.38,2024-12-07,INCOME,BANK_TRANSFER,true
Dividendos,280.54,2024-12-07,INCOME,BANK_TRANSFER,true
Pagamento freelance,3910.00,2024-12-07,INCOME,PIX,false
Venda de produto,384.27,2024-12-07,INCOME,PIX,false
Academia,224.35,2024-12-08,EXPENSE,CREDIT_CARD,true
Curso online,721.80,2024-12-08,EXPENSE,CREDIT_CARD,false
Curso online,498.32,2024-12-08,EXPENSE,BANK_TRANSFER,false
Delivery de comida,135.78,2024-12-08,EXPENSE,PIX,false
Farmacia,228.69,2024-12-08,EXPENSE,BANK_TRANSFER,false
Impostos e taxas,317.66,2024-12-08,EXPENSE,CREDIT_CARD,false
Livraria,151.53,2024-12-08,EXPENSE,BANK_TRANSFER,false
Loja de roupas,644.71,2024-12-08,EXPENSE,DEBIT_CARD,false
Passagem aerea,3583.24,2024-12-08,EXPENSE,DEBIT_CARD,false
Plano de saude,264.59,2024-12-08,EXPENSE,BOLETO,true
Restaurante,204.49,2024-12-08,EXPENSE,DEBIT_CARD,false
Aluguel recebido,2064.61,2024-12-08,INCOME,BANK_TRANSFER,false
Aluguel recebido,1629.83,2024-12-08,INCOME,BANK_TRANSFER,true
Reembolso empresarial,276.63,2024-12-08,INCOME,BANK_TRANSFER,false
Aluguel residencial,3758.11,2024-12-09,EXPENSE,PIX,true
Cinema e lazer,209.87,2024-12-09,EXPENSE,BOLETO,false
Condominio,296.62,2024-12-09,EXPENSE,BOLETO,true
Conta de agua,171.47,2024-12-09,EXPENSE,CASH,true
Curso online,272.59,2024-12-09,EXPENSE,PIX,false
Streaming,62.84,2024-12-09,EXPENSE,BOLETO,true
Dividendos,534.47,2024-12-09,INCOME,PIX,true
Pagamento freelance,3326.56,2024-12-09,INCOME,PIX,false
Conta de energia,531.85,2024-12-10,EXPENSE,BOLETO,true
Curso online,107.10,2024-12-10,EXPENSE,CASH,false
Delivery de comida,189.23,2024-12-10,EXPENSE,PIX,false
Estacionamento,32.71,2024-12-10,EXPENSE,PIX,false
Internet residencial,117.06,2024-12-10,EXPENSE,BANK_TRANSFER,true
Loja de roupas,212.19,2024-12-10,EXPENSE,BOLETO,false
Padaria,76.45,2024-12-10,EXPENSE,PIX,false
Passagem aerea,2992.38,2024-12-10,EXPENSE,PIX,false
Academia,240.09,2024-12-11,EXPENSE,DEBIT_CARD,false
Conta de energia,270.21,2024-12-11,EXPENSE,DEBIT_CARD,true
Conta de energia,392.17,2024-12-11,EXPENSE,PIX,true
Doacao,66.56,2024-12-11,EXPENSE,CASH,false
Farmacia,143.67,2024-12-11,EXPENSE,DEBIT_CARD,false
Manutencao do veiculo,2146.06,2024-12-11,EXPENSE,PIX,false
Aluguel recebido,1827.52,2024-12-11,INCOME,PIX,true
Restituicao de imposto,334.73,2024-12-11,INCOME,BANK_TRANSFER,false
Combustivel,205.42,2024-12-12,EXPENSE,BOLETO,false
Combustivel,110.42,2024-12-12,EXPENSE,CREDIT_CARD,false
Condominio,1051.38,2024-12-12,EXPENSE,CASH,true
Conta de agua,218.09,2024-12-12,EXPENSE,CREDIT_CARD,true
Delivery de comida,52.52,2024-12-12,EXPENSE,CASH,false
Delivery de comida,72.93,2024-12-12,EXPENSE,CASH,false
Farmacia,376.64,2024-12-12,EXPENSE,BANK_TRANSFER,false
Padaria,56.23,2024-12-12,EXPENSE,DEBIT_CARD,false
Padaria,25.78,2024-12-12,EXPENSE,DEBIT_CARD,false
Plano de celular,76.99,2024-12-12,EXPENSE,DEBIT_CARD,true
Plano de celular,164.65,2024-12-12,EXPENSE,BOLETO,false
Aplicativo de transporte,70.76,2024-12-13,EXPENSE,BANK_TRANSFER,false
Aplicativo de transporte,10.41,2024-12-13,EXPENSE,BANK_TRANSFER,false
Combustivel,203.54,2024-12-13,EXPENSE,CREDIT_CARD,false
Combustivel,137.31,2024-12-13,EXPENSE,BOLETO,false
Condominio,953.68,2024-12-13,EXPENSE,DEBIT_CARD,true
Eletronicos,997.30,2024-12-13,EXPENSE,CREDIT_CARD,false
Farmacia,263.02,2024-12-13,EXPENSE,CASH,false
Passagem aerea,1194.05,2024-12-13,EXPENSE,BANK_TRANSFER,false
Pet shop,262.68,2024-12-13,EXPENSE,BOLETO,false
Viagem e hospedagem,2954.37,2024-12-13,EXPENSE,BOLETO,false
Aluguel recebido,2513.49,2024-12-13,INCOME,PIX,true
Transferencia recebida,1391.25,2024-12-13,INCOME,PIX,false
Academia,158.65,2024-12-14,EXPENSE,PIX,true
Cinema e lazer,159.15,2024-12-14,EXPENSE,CREDIT_CARD,false
Curso online,725.99,2024-12-14,EXPENSE,CASH,false
Eletronicos,450.65,2024-12-14,EXPENSE,DEBIT_CARD,false
Loja de roupas,145.49,2024-12-14,EXPENSE,BOLETO,false
Restaurante,237.74,2024-12-14,EXPENSE,CASH,false
Streaming,48.62,2024-12-14,EXPENSE,BANK_TRANSFER,false
Aplicativo de transporte,23.02,2024-12-15,EXPENSE,PIX,false
Combustivel,96.25,2024-12-15,EXPENSE,CASH,false
Eletronicos,3376.77,2024-12-15,EXPENSE,CASH,false
Padaria,40.16,2024-12-15,EXPENSE,DEBIT_CARD,false
Veterinario,275.91,2024-12-15,EXPENSE,BANK_TRANSFER,false
Dividendos,708.31,2024-12-15,INCOME,BANK_TRANSFER,false
Rendimento de investimento,299.02,2024-12-15,INCOME,BANK_TRANSFER,true
Venda de produto,65.59,2024-12-15,INCOME,PIX,false
Aplicativo de transporte,32.35,2024-12-16,EXPENSE,DEBIT_CARD,false
Cinema e lazer,221.12,2024-12-16,EXPENSE,BOLETO,false
Combustivel,79.29,2024-12-16,EXPENSE,CASH,false
Livraria,224.45,2024-12-16,EXPENSE,PIX,false
Livraria,80.05,2024-12-16,EXPENSE,BANK_TRANSFER,false
Supermercado,82.78,2024-12-16,EXPENSE,BOLETO,false
Viagem e hospedagem,2049.23,2024-12-16,EXPENSE,DEBIT_CARD,false
Aluguel recebido,2506.00,2024-12-16,INCOME,PIX,true
Restituicao de imposto,709.71,2024-12-16,INCOME,PIX,false
Transferencia recebida,92.56,2024-12-16,INCOME,BANK_TRANSFER,false
Venda de produto,1537.39,2024-12-16,INCOME,BANK_TRANSFER,false
Academia,128.36,2024-12-17,EXPENSE,CASH,true
Combustivel,73.91,2024-12-17,EXPENSE,CREDIT_CARD,false
Combustivel,194.91,2024-12-17,EXPENSE,BANK_TRANSFER,false
Doacao,207.66,2024-12-17,EXPENSE,DEBIT_CARD,false
Estacionamento,65.85,2024-12-17,EXPENSE,BOLETO,false
Farmacia,279.37,2024-12-17,EXPENSE,PIX,false
Plano de celular,67.86,2024-12-17,EXPENSE,CASH,true
Seguro do veiculo,540.40,2024-12-17,EXPENSE,DEBIT_CARD,true
Veterinario,491.52,2024-12-17,EXPENSE,DEBIT_CARD,false
Rendimento de investimento,112.23,2024-12-17,INCOME,BANK_TRANSFER,true
Venda de produto,843.74,2024-12-17,INCOME,PIX,false
Conta de agua,176.09,2024-12-18,EXPENSE,CASH,false
Conta de energia,488.90,2024-12-18,EXPENSE,BANK_TRANSFER,true
Padaria,75.70,2024-12-18,EXPENSE,PIX,false
Padaria,27.80,2024-12-18,EXPENSE,CASH,false
Plano de celular,83.18,2024-12-18,EXPENSE,CREDIT_CARD,true
Plano de saude,1372.89,2024-12-18,EXPENSE,BOLETO,true
Plano de saude,665.80,2024-12-18,EXPENSE,BANK_TRANSFER,true
Supermercado,584.39,2024-12-18,EXPENSE,BANK_TRANSFER,false
Salario mensal,11853.17,2024-12-18,INCOME,BANK_TRANSFER,true
Combustivel,210.29,2024-12-19,EXPENSE,BANK_TRANSFER,false
Combustivel,114.33,2024-12-19,EXPENSE,CREDIT_CARD,false
Combustivel,171.81,2024-12-19,EXPENSE,PIX,false
Curso online,589.24,2024-12-19,EXPENSE,DEBIT_CARD,false
Internet residencial,113.62,2024-12-19,EXPENSE,BANK_TRANSFER,true
Pet shop,170.95,2024-12-19,EXPENSE,BANK_TRANSFER,false
Plano de celular,141.02,2024-12-19,EXPENSE,BOLETO,true
Plano de celular,62.23,2024-12-19,EXPENSE,DEBIT_CARD,false
Seguro do veiculo,532.22,2024-12-19,EXPENSE,CREDIT_CARD,false
Cinema e lazer,210.14,2024-12-20,EXPENSE,BOLETO,false
Manutencao do veiculo,1756.63,2024-12-20,EXPENSE,BOLETO,false
Padaria,56.19,2024-12-20,EXPENSE,CASH,false
Padaria,33.72,2024-12-20,EXPENSE,BANK_TRANSFER,false
Padaria,30.30,2024-12-20,EXPENSE,CREDIT_CARD,false
Passagem aerea,780.34,2024-12-20,EXPENSE,CASH,false
Aluguel recebido,2799.74,2024-12-20,INCOME,PIX,true
Aplicativo de transporte,64.06,2024-12-21,EXPENSE,BANK_TRANSFER,false
Aplicativo de transporte,94.25,2024-12-21,EXPENSE,PIX,false
Condominio,342.70,2024-12-21,EXPENSE,PIX,true
Conta de energia,156.57,2024-12-21,EXPENSE,BOLETO,true
Doacao,444.57,2024-12-21,EXPENSE,PIX,false
Farmacia,254.85,2024-12-21,EXPENSE,PIX,false
Impostos e taxas,1019.14,2024-12-21,EXPENSE,PIX,false
Loja de roupas,764.87,2024-12-21,EXPENSE,BANK_TRANSFER,false
Loja de roupas,123.50,2024-12-21,EXPENSE,BANK_TRANSFER,false
Passagem aerea,2489.41,2024-12-21,EXPENSE,CREDIT_CARD,false
Plano de celular,35.99,2024-12-21,EXPENSE,CASH,true
Plano de saude,1365.33,2024-12-21,EXPENSE,BOLETO,false
Supermercado,208.64,2024-12-21,EXPENSE,BOLETO,false
Aluguel recebido,2850.12,2024-12-21,INCOME,BANK_TRANSFER,true
Salario mensal,4096.22,2024-12-21,INCOME,BANK_TRANSFER,false
Aluguel residencial,3564.51,2024-12-22,EXPENSE,BOLETO,true
Aplicativo de transporte,94.30,2024-12-22,EXPENSE,CREDIT_CARD,false
Cinema e lazer,185.75,2024-12-22,EXPENSE,DEBIT_CARD,false
Conta de agua,231.09,2024-12-22,EXPENSE,BANK_TRANSFER,true
Conta de energia,512.35,2024-12-22,EXPENSE,DEBIT_CARD,true
Delivery de comida,138.00,2024-12-22,EXPENSE,CASH,false
Estacionamento,20.50,2024-12-22,EXPENSE,BANK_TRANSFER,false
Livraria,180.64,2024-12-22,EXPENSE,CASH,false
Veterinario,148.59,2024-12-22,EXPENSE,DEBIT_CARD,false
Veterinario,209.90,2024-12-22,EXPENSE,BANK_TRANSFER,false
Rendimento de investimento,13.87,2024-12-22,INCOME,BANK_TRANSFER,true
Aluguel residencial,2258.77,2024-12-23,EXPENSE,BANK_TRANSFER,true
Conta de agua,80.11,2024-12-23,EXPENSE,CREDIT_CARD,true
Doacao,112.04,2024-12-23,EXPENSE,CASH,false
Doacao,492.65,2024-12-23,EXPENSE,PIX,false
Manutencao do veiculo,1371.69,2024-12-23,EXPENSE,DEBIT_CARD,false
Manutencao do veiculo,1171.71,2024-12-23,EXPENSE,PIX,false
Passagem aerea,1473.31,2024-12-23,EXPENSE,BOLETO,false
Pet shop,265.22,2024-12-23,EXPENSE,DEBIT_CARD,false
Plano de celular,85.36,2024-12-23,EXPENSE,DEBIT_CARD,true
Plano de saude,711.04,2024-12-23,EXPENSE,PIX,true
Bonus profissional,2642.09,2024-12-23,INCOME,BANK_TRANSFER,false
Condominio,1112.40,2024-12-24,EXPENSE,CREDIT_CARD,false
Delivery de comida,27.14,2024-12-24,EXPENSE,BOLETO,false
Livraria,157.22,2024-12-24,EXPENSE,DEBIT_CARD,false
Livraria,57.04,2024-12-24,EXPENSE,DEBIT_CARD,false
Manutencao do veiculo,758.05,2024-12-24,EXPENSE,PIX,false
Padaria,45.33,2024-12-24,EXPENSE,CASH,false
Plano de celular,174.37,2024-12-24,EXPENSE,BOLETO,true
Aluguel recebido,1686.54,2024-12-24,INCOME,PIX,true
Cinema e lazer,62.09,2024-12-25,EXPENSE,PIX,false
Condominio,573.77,2024-12-25,EXPENSE,BOLETO,true
Conta de energia,354.60,2024-12-25,EXPENSE,BANK_TRANSFER,true
Curso online,661.72,2024-12-25,EXPENSE,BANK_TRANSFER,false
Curso online,690.63,2024-12-25,EXPENSE,BOLETO,false
Eletronicos,4966.04,2024-12-25,EXPENSE,CASH,false
Eletronicos,3938.23,2024-12-25,EXPENSE,CREDIT_CARD,false
Eletronicos,3164.95,2024-12-25,EXPENSE,CASH,false
Internet residencial,200.08,2024-12-25,EXPENSE,DEBIT_CARD,true
Plano de saude,1192.59,2024-12-25,EXPENSE,BANK_TRANSFER,true
Viagem e hospedagem,461.06,2024-12-25,EXPENSE,BANK_TRANSFER,false
Aplicativo de transporte,74.80,2024-12-26,EXPENSE,DEBIT_CARD,false
Cinema e lazer,45.32,2024-12-26,EXPENSE,BOLETO,false
Doacao,395.52,2024-12-26,EXPENSE,DEBIT_CARD,false
Padaria,22.87,2024-12-26,EXPENSE,CREDIT_CARD,false
Supermercado,352.77,2024-12-26,EXPENSE,CREDIT_CARD,false
Viagem e hospedagem,2476.44,2024-12-26,EXPENSE,CREDIT_CARD,false
Bonus profissional,1797.13,2024-12-26,INCOME,PIX,false
Aplicativo de transporte,21.99,2024-12-27,EXPENSE,DEBIT_CARD,false
Cinema e lazer,76.71,2024-12-27,EXPENSE,PIX,false
Padaria,61.62,2024-12-27,EXPENSE,PIX,false
Padaria,36.76,2024-12-27,EXPENSE,PIX,false
Aluguel recebido,1629.22,2024-12-27,INCOME,PIX,true
Estacionamento,11.27,2024-12-28,EXPENSE,BANK_TRANSFER,false
Farmacia,285.49,2024-12-28,EXPENSE,BANK_TRANSFER,false
Passagem aerea,2581.77,2024-12-28,EXPENSE,CREDIT_CARD,false
Passagem aerea,980.07,2024-12-28,EXPENSE,DEBIT_CARD,false
Passagem aerea,2782.57,2024-12-28,EXPENSE,DEBIT_CARD,false
Plano de saude,1383.49,2024-12-28,EXPENSE,CASH,true
Restaurante,47.50,2024-12-28,EXPENSE,DEBIT_CARD,false
Veterinario,244.70,2024-12-28,EXPENSE,PIX,false
Pagamento freelance,2440.41,2024-12-28,INCOME,BANK_TRANSFER,false
Venda de produto,482.56,2024-12-28,INCOME,PIX,false
Academia,125.87,2024-12-29,EXPENSE,DEBIT_CARD,true
Loja de roupas,771.11,2024-12-29,EXPENSE,CASH,false
Loja de roupas,338.42,2024-12-29,EXPENSE,PIX,false
Manutencao do veiculo,1305.78,2024-12-29,EXPENSE,CASH,false
Academia,134.78,2024-12-30,EXPENSE,CASH,true
Conta de energia,518.82,2024-12-30,EXPENSE,DEBIT_CARD,false
Conta de energia,517.59,2024-12-30,EXPENSE,PIX,false
Delivery de comida,115.70,2024-12-30,EXPENSE,CREDIT_CARD,false
Eletronicos,1698.08,2024-12-30,EXPENSE,PIX,false
Farmacia,234.67,2024-12-30,EXPENSE,PIX,false
Manutencao do veiculo,2370.78,2024-12-30,EXPENSE,CREDIT_CARD,false
Supermercado,419.05,2024-12-30,EXPENSE,CREDIT_CARD,false
Bonus profissional,4681.38,2024-12-30,INCOME,PIX,false
Venda de produto,461.14,2024-12-30,INCOME,BANK_TRANSFER,false
Combustivel,357.06,2024-12-31,EXPENSE,BOLETO,false
Doacao,87.70,2024-12-31,EXPENSE,CREDIT_CARD,false
Estacionamento,69.40,2024-12-31,EXPENSE,PIX,false
Padaria,52.29,2024-12-31,EXPENSE,BANK_TRANSFER,false
Passagem aerea,3627.43,2024-12-31,EXPENSE,DEBIT_CARD,false
Plano de celular,103.84,2024-12-31,EXPENSE,CREDIT_CARD,true
Restaurante,273.22,2024-12-31,EXPENSE,CASH,false
Seguro do veiculo,316.39,2024-12-31,EXPENSE,BANK_TRANSFER,true
Bonus profissional,2318.61,2024-12-31,INCOME,PIX,false
Aluguel residencial,3951.76,2025-01-01,EXPENSE,BANK_TRANSFER,true
Aluguel residencial,2551.58,2025-01-01,EXPENSE,PIX,true
Aplicativo de transporte,36.20,2025-01-01,EXPENSE,CASH,false
Combustivel,282.32,2025-01-01,EXPENSE,CREDIT_CARD,false
Condominio,347.98,2025-01-01,EXPENSE,BANK_TRANSFER,true
Seguro do veiculo,153.06,2025-01-01,EXPENSE,DEBIT_CARD,true
Veterinario,632.24,2025-01-01,EXPENSE,BANK_TRANSFER,false
Veterinario,769.88,2025-01-01,EXPENSE,BANK_TRANSFER,false
Rendimento de investimento,585.07,2025-01-01,INCOME,BANK_TRANSFER,false
Academia,84.65,2025-01-02,EXPENSE,BANK_TRANSFER,false
Academia,157.30,2025-01-02,EXPENSE,BOLETO,true
Cinema e lazer,112.01,2025-01-02,EXPENSE,BOLETO,false
Curso online,54.48,2025-01-02,EXPENSE,PIX,false
Plano de saude,523.16,2025-01-02,EXPENSE,CREDIT_CARD,true
Cinema e lazer,101.96,2025-01-03,EXPENSE,CREDIT_CARD,false
Cinema e lazer,230.70,2025-01-03,EXPENSE,CASH,false
Conta de agua,158.96,2025-01-03,EXPENSE,CREDIT_CARD,true
Conta de agua,131.08,2025-01-03,EXPENSE,BOLETO,true
Conta de agua,106.22,2025-01-03,EXPENSE,DEBIT_CARD,false
Delivery de comida,26.88,2025-01-03,EXPENSE,CASH,false
Eletronicos,3865.99,2025-01-03,EXPENSE,DEBIT_CARD,false
Padaria,17.47,2025-01-03,EXPENSE,BOLETO,false
Streaming,60.09,2025-01-03,EXPENSE,BOLETO,true
Veterinario,672.15,2025-01-03,EXPENSE,CREDIT_CARD,false
Viagem e hospedagem,3708.38,2025-01-03,EXPENSE,BOLETO,false
Reembolso empresarial,46.06,2025-01-03,INCOME,BANK_TRANSFER,false
Cinema e lazer,239.08,2025-01-04,EXPENSE,CREDIT_CARD,false
Estacionamento,50.45,2025-01-04,EXPENSE,CASH,false
Farmacia,144.50,2025-01-04,EXPENSE,BANK_TRANSFER,false
Bonus profissional,1801.57,2025-01-04,INCOME,PIX,false
Aplicativo de transporte,38.43,2025-01-05,EXPENSE,PIX,false
Aplicativo de transporte,9.69,2025-01-05,EXPENSE,CREDIT_CARD,false
Cinema e lazer,96.97,2025-01-05,EXPENSE,PIX,false
Conta de agua,129.43,2025-01-05,EXPENSE,BOLETO,true
Estacionamento,46.76,2025-01-05,EXPENSE,BOLETO,false
Internet residencial,197.28,2025-01-05,EXPENSE,PIX,true
Internet residencial,122.68,2025-01-05,EXPENSE,BOLETO,true
Internet residencial,214.03,2025-01-05,EXPENSE,PIX,true
Internet residencial,116.78,2025-01-05,EXPENSE,CASH,true
Padaria,36.41,2025-01-05,EXPENSE,DEBIT_CARD,false
Aluguel recebido,1036.03,2025-01-05,INCOME,PIX,true
Restituicao de imposto,1308.94,2025-01-05,INCOME,BANK_TRANSFER,false
Aluguel residencial,1183.57,2025-01-06,EXPENSE,CASH,true
Livraria,126.50,2025-01-06,EXPENSE,CREDIT_CARD,false
Loja de roupas,672.79,2025-01-06,EXPENSE,CREDIT_CARD,false
Passagem aerea,2514.10,2025-01-06,EXPENSE,BOLETO,false
Restaurante,214.89,2025-01-06,EXPENSE,BOLETO,false
Dividendos,430.59,2025-01-06,INCOME,BANK_TRANSFER,true
Aluguel residencial,1127.41,2025-01-07,EXPENSE,PIX,true
Aplicativo de transporte,94.08,2025-01-07,EXPENSE,CREDIT_CARD,false
Cinema e lazer,177.98,2025-01-07,EXPENSE,BANK_TRANSFER,false
Condominio,622.47,2025-01-07,EXPENSE,BANK_TRANSFER,true
Condominio,502.50,2025-01-07,EXPENSE,BOLETO,false
Farmacia,146.75,2025-01-07,EXPENSE,BOLETO,false
Impostos e taxas,1461.79,2025-01-07,EXPENSE,CASH,false
Impostos e taxas,1032.44,2025-01-07,EXPENSE,BANK_TRANSFER,false
Internet residencial,93.09,2025-01-07,EXPENSE,BANK_TRANSFER,true
Manutencao do veiculo,931.71,2025-01-07,EXPENSE,CASH,false
Passagem aerea,3464.74,2025-01-07,EXPENSE,CASH,false
Pet shop,224.24,2025-01-07,EXPENSE,CASH,false
Plano de celular,111.80,2025-01-07,EXPENSE,DEBIT_CARD,true
Rendimento de investimento,555.74,2025-01-07,INCOME,BANK_TRANSFER,true
Salario mensal,3817.93,2025-01-07,INCOME,BANK_TRANSFER,true
Aplicativo de transporte,24.30,2025-01-08,EXPENSE,PIX,false
Cinema e lazer,177.88,2025-01-08,EXPENSE,DEBIT_CARD,false
Cinema e lazer,211.19,2025-01-08,EXPENSE,BANK_TRANSFER,false
Conta de energia,281.80,2025-01-08,EXPENSE,CASH,true
Doacao,356.14,2025-01-08,EXPENSE,CREDIT_CARD,false
Farmacia,219.29,2025-01-08,EXPENSE,BOLETO,false
Internet residencial,107.03,2025-01-08,EXPENSE,CASH,true
Internet residencial,201.60,2025-01-08,EXPENSE,BOLETO,true
Manutencao do veiculo,918.94,2025-01-08,EXPENSE,PIX,false
Restaurante,258.31,2025-01-08,EXPENSE,CREDIT_CARD,false
Dividendos,153.80,2025-01-08,INCOME,BANK_TRANSFER,true
Reembolso empresarial,90.00,2025-01-08,INCOME,BANK_TRANSFER,false
Rendimento de investimento,55.12,2025-01-08,INCOME,PIX,true
Aluguel residencial,2999.95,2025-01-09,EXPENSE,BOLETO,true
Aluguel residencial,3061.72,2025-01-09,EXPENSE,PIX,true
Eletronicos,2950.29,2025-01-09,EXPENSE,CREDIT_CARD,false
Padaria,22.43,2025-01-09,EXPENSE,BOLETO,false
Supermercado,425.60,2025-01-09,EXPENSE,DEBIT_CARD,false
Pagamento freelance,1256.82,2025-01-09,INCOME,BANK_TRANSFER,false
Reembolso empresarial,561.99,2025-01-09,INCOME,PIX,false
Rendimento de investimento,200.29,2025-01-09,INCOME,BANK_TRANSFER,true
Aplicativo de transporte,14.67,2025-01-10,EXPENSE,BANK_TRANSFER,false
Conta de agua,183.25,2025-01-10,EXPENSE,CASH,true
Conta de energia,279.48,2025-01-10,EXPENSE,BANK_TRANSFER,false
Eletronicos,2217.44,2025-01-10,EXPENSE,CASH,false
Farmacia,31.43,2025-01-10,EXPENSE,CREDIT_CARD,false
Impostos e taxas,2186.63,2025-01-10,EXPENSE,BOLETO,false
Livraria,49.74,2025-01-10,EXPENSE,DEBIT_CARD,false
Loja de roupas,527.64,2025-01-10,EXPENSE,BANK_TRANSFER,false
Padaria,49.85,2025-01-10,EXPENSE,PIX,false
Passagem aerea,2018.84,2025-01-10,EXPENSE,BOLETO,false
Pet shop,257.51,2025-01-10,EXPENSE,PIX,false
Viagem e hospedagem,1272.26,2025-01-10,EXPENSE,DEBIT_CARD,false
Transferencia recebida,889.93,2025-01-10,INCOME,PIX,false
Combustivel,190.27,2025-01-11,EXPENSE,CASH,false
Conta de agua,209.25,2025-01-11,EXPENSE,PIX,true
Delivery de comida,169.36,2025-01-11,EXPENSE,DEBIT_CARD,false
Internet residencial,127.38,2025-01-11,EXPENSE,DEBIT_CARD,true
Loja de roupas,454.98,2025-01-11,EXPENSE,CREDIT_CARD,false
Manutencao do veiculo,2085.69,2025-01-11,EXPENSE,DEBIT_CARD,false
Plano de saude,1176.28,2025-01-11,EXPENSE,CREDIT_CARD,false
Restaurante,61.16,2025-01-11,EXPENSE,BANK_TRANSFER,false
Seguro do veiculo,121.27,2025-01-11,EXPENSE,BANK_TRANSFER,true
Streaming,55.70,2025-01-11,EXPENSE,BOLETO,true
Supermercado,835.23,2025-01-11,EXPENSE,DEBIT_CARD,false
Viagem e hospedagem,1506.21,2025-01-11,EXPENSE,CASH,false
Dividendos,112.76,2025-01-11,INCOME,BANK_TRANSFER,true
Rendimento de investimento,412.75,2025-01-11,INCOME,PIX,true
Restituicao de imposto,1622.31,2025-01-11,INCOME,PIX,false
Aplicativo de transporte,62.56,2025-01-12,EXPENSE,DEBIT_CARD,false
Cinema e lazer,157.35,2025-01-12,EXPENSE,CREDIT_CARD,false
Conta de agua,163.95,2025-01-12,EXPENSE,BANK_TRANSFER,true
Conta de agua,107.19,2025-01-12,EXPENSE,CREDIT_CARD,true
Estacionamento,30.33,2025-01-12,EXPENSE,PIX,false
Loja de roupas,796.74,2025-01-12,EXPENSE,BOLETO,false
Pet shop,286.58,2025-01-12,EXPENSE,DEBIT_CARD,false
Pet shop,401.08,2025-01-12,EXPENSE,DEBIT_CARD,false
Plano de saude,1281.34,2025-01-12,EXPENSE,DEBIT_CARD,true
Restaurante,225.87,2025-01-12,EXPENSE,PIX,false
Dividendos,441.61,2025-01-12,INCOME,PIX,true
Rendimento de investimento,301.81,2025-01-12,INCOME,BANK_TRANSFER,true
Curso online,155.32,2025-01-13,EXPENSE,BOLETO,false
Doacao,273.09,2025-01-13,EXPENSE,BANK_TRANSFER,false
Estacionamento,57.87,2025-01-13,EXPENSE,BOLETO,false
Internet residencial,205.63,2025-01-13,EXPENSE,BANK_TRANSFER,true
Manutencao do veiculo,461.51,2025-01-13,EXPENSE,PIX,false
Plano de celular,91.17,2025-01-13,EXPENSE,BANK_TRANSFER,true
Academia,117.46,2025-01-14,EXPENSE,CREDIT_CARD,true
Combustivel,151.22,2025-01-14,EXPENSE,DEBIT_CARD,false
Delivery de comida,114.26,2025-01-14,EXPENSE,BOLETO,false
Delivery de comida,111.33,2025-01-14,EXPENSE,BOLETO,false
Impostos e taxas,1339.39,2025-01-14,EXPENSE,PIX,false
Loja de roupas,409.43,2025-01-14,EXPENSE,CREDIT_CARD,false
Loja de roupas,838.33,2025-01-14,EXPENSE,DEBIT_CARD,false
Manutencao do veiculo,688.37,2025-01-14,EXPENSE,BANK_TRANSFER,false
Pet shop,279.34,2025-01-14,EXPENSE,PIX,false
Pet shop,303.64,2025-01-14,EXPENSE,BANK_TRANSFER,false
Transferencia recebida,1977.06,2025-01-14,INCOME,PIX,false
Aluguel residencial,3696.68,2025-01-15,EXPENSE,BANK_TRANSFER,true
Aplicativo de transporte,10.69,2025-01-15,EXPENSE,PIX,false
Condominio,1238.04,2025-01-15,EXPENSE,BANK_TRANSFER,true
Curso online,365.38,2025-01-15,EXPENSE,CREDIT_CARD,false
Eletronicos,2641.19,2025-01-15,EXPENSE,CASH,false
Estacionamento,73.19,2025-01-15,EXPENSE,BANK_TRANSFER,false
Internet residencial,134.98,2025-01-15,EXPENSE,CASH,false
Internet residencial,143.10,2025-01-15,EXPENSE,PIX,true
Livraria,247.05,2025-01-15,EXPENSE,BOLETO,false
Plano de saude,714.91,2025-01-15,EXPENSE,CASH,true
Viagem e hospedagem,1042.64,2025-01-15,EXPENSE,CASH,false
Reembolso empresarial,106.99,2025-01-15,INCOME,PIX,false
Rendimento de investimento,278.24,2025-01-15,INCOME,PIX,true
Academia,139.72,2025-01-16,EXPENSE,CASH,true
Aplicativo de transporte,9.68,2025-01-16,EXPENSE,BANK_TRANSFER,false
Aplicativo de transporte,81.21,2025-01-16,EXPENSE,BOLETO,false
Combustivel,217.98,2025-01-16,EXPENSE,DEBIT_CARD,false
Combustivel,161.51,2025-01-16,EXPENSE,BOLETO,false
Conta de agua,66.84,2025-01-16,EXPENSE,DEBIT_CARD,false
Delivery de comida,35.59,2025-01-16,EXPENSE,DEBIT_CARD,false
Eletronicos,2726.51,2025-01-16,EXPENSE,BOLETO,false
Eletronicos,4733.79,2025-01-16,EXPENSE,BOLETO,false
Estacionamento,18.90,2025-01-16,EXPENSE,BOLETO,false
Farmacia,161.03,2025-01-16,EXPENSE,CASH,false
Passagem aerea,1768.42,2025-01-16,EXPENSE,BANK_TRANSFER,false
Passagem aerea,1396.08,2025-01-16,EXPENSE,BANK_TRANSFER,false
Restaurante,89.53,2025-01-16,EXPENSE,BOLETO,false
Seguro do veiculo,529.18,2025-01-16,EXPENSE,BANK_TRANSFER,true
Aluguel residencial,1111.24,2025-01-17,EXPENSE,BOLETO,true
Conta de agua,108.89,2025-01-17,EXPENSE,CREDIT_CARD,false
Conta de energia,614.85,2025-01-17,EXPENSE,BANK_TRANSFER,true
Manutencao do veiculo,167.73,2025-01-17,EXPENSE,CASH,false
Pet shop,119.49,2025-01-17,EXPENSE,CREDIT_CARD,false
Pet shop,39.98,2025-01-17,EXPENSE,BOLETO,false
Seguro do veiculo,150.28,2025-01-17,EXPENSE,CASH,true
Dividendos,623.16,2025-01-17,INCOME,BANK_TRANSFER,true
Salario mensal,8496.45,2025-01-17,INCOME,PIX,true
Academia,118.27,2025-01-18,EXPENSE,CREDIT_CARD,true
Aplicativo de transporte,85.50,2025-01-18,EXPENSE,BOLETO,false
Combustivel,399.54,2025-01-18,EXPENSE,DEBIT_CARD,false
Conta de agua,230.04,2025-01-18,EXPENSE,CREDIT_CARD,true
Conta de agua,203.64,2025-01-18,EXPENSE,PIX,true
Estacionamento,57.95,2025-01-18,EXPENSE,BOLETO,false
Farmacia,149.43,2025-01-18,EXPENSE,CASH,false
Impostos e taxas,884.92,2025-01-18,EXPENSE,CASH,false
Livraria,44.36,2025-01-18,EXPENSE,CASH,false
Manutencao do veiculo,943.82,2025-01-18,EXPENSE,DEBIT_CARD,false
Passagem aerea,1128.32,2025-01-18,EXPENSE,BOLETO,false
Pet shop,346.35,2025-01-18,EXPENSE,BANK_TRANSFER,false
Plano de saude,1235.76,2025-01-18,EXPENSE,BANK_TRANSFER,true
Conta de energia,630.94,2025-01-19,EXPENSE,DEBIT_CARD,true
Doacao,297.34,2025-01-19,EXPENSE,BANK_TRANSFER,false
Eletronicos,4667.81,2025-01-19,EXPENSE,DEBIT_CARD,false
Plano de saude,674.30,2025-01-19,EXPENSE,DEBIT_CARD,true
Viagem e hospedagem,3851.21,2025-01-19,EXPENSE,CREDIT_CARD,false
Aluguel recebido,3019.23,2025-01-19,INCOME,PIX,true
Transferencia recebida,1033.81,2025-01-19,INCOME,PIX,false
Academia,232.36,2025-01-20,EXPENSE,DEBIT_CARD,true
Aplicativo de transporte,72.44,2025-01-20,EXPENSE,PIX,false
Cinema e lazer,200.64,2025-01-20,EXPENSE,DEBIT_CARD,false
Farmacia,184.51,2025-01-20,EXPENSE,CREDIT_CARD,false
Impostos e taxas,920.93,2025-01-20,EXPENSE,CASH,false
Internet residencial,114.01,2025-01-20,EXPENSE,PIX,false
Loja de roupas,878.97,2025-01-20,EXPENSE,BANK_TRANSFER,false
Loja de roupas,553.89,2025-01-20,EXPENSE,CASH,false
Pet shop,334.36,2025-01-20,EXPENSE,PIX,false
Plano de saude,492.67,2025-01-20,EXPENSE,BANK_TRANSFER,true
Streaming,87.80,2025-01-20,EXPENSE,BANK_TRANSFER,true
Streaming,73.01,2025-01-20,EXPENSE,BOLETO,true
Streaming,67.02,2025-01-20,EXPENSE,BOLETO,true
Supermercado,236.08,2025-01-20,EXPENSE,BANK_TRANSFER,false
Venda de produto,1111.65,2025-01-20,INCOME,BANK_TRANSFER,false
Venda de produto,551.62,2025-01-20,INCOME,PIX,false
Conta de agua,255.91,2025-01-21,EXPENSE,DEBIT_CARD,true
Eletronicos,3440.64,2025-01-21,EXPENSE,CASH,false
Pagamento freelance,650.46,2025-01-21,INCOME,BANK_TRANSFER,false
Reembolso empresarial,70.06,2025-01-21,INCOME,BANK_TRANSFER,false
Aluguel residencial,3819.61,2025-01-22,EXPENSE,BANK_TRANSFER,true
Combustivel,329.93,2025-01-22,EXPENSE,CREDIT_CARD,false
Curso online,35.19,2025-01-22,EXPENSE,PIX,false
Farmacia,273.41,2025-01-22,EXPENSE,DEBIT_CARD,false
Internet residencial,76.01,2025-01-22,EXPENSE,DEBIT_CARD,false
Internet residencial,79.94,2025-01-22,EXPENSE,BOLETO,true
Loja de roupas,768.77,2025-01-22,EXPENSE,PIX,false
Loja de roupas,207.98,2025-01-22,EXPENSE,BOLETO,false
Padaria,78.38,2025-01-22,EXPENSE,CREDIT_CARD,false
Restaurante,159.10,2025-01-22,EXPENSE,BOLETO,false
Seguro do veiculo,522.70,2025-01-22,EXPENSE,BOLETO,true
Supermercado,664.55,2025-01-22,EXPENSE,BOLETO,false
Veterinario,604.09,2025-01-22,EXPENSE,CASH,false
Viagem e hospedagem,4423.22,2025-01-22,EXPENSE,BANK_TRANSFER,false
Reembolso empresarial,634.11,2025-01-22,INCOME,PIX,false
Academia,184.89,2025-01-23,EXPENSE,PIX,false
Conta de energia,175.62,2025-01-23,EXPENSE,BOLETO,true
Farmacia,24.68,2025-01-23,EXPENSE,CASH,false
Loja de roupas,447.73,2025-01-23,EXPENSE,BOLETO,false
Pet shop,275.65,2025-01-23,EXPENSE,BANK_TRANSFER,false
Pet shop,69.74,2025-01-23,EXPENSE,CASH,false
Plano de saude,418.63,2025-01-23,EXPENSE,BOLETO,true
Streaming,69.24,2025-01-23,EXPENSE,DEBIT_CARD,true
Bonus profissional,3601.91,2025-01-23,INCOME,PIX,false
Salario mensal,3730.77,2025-01-23,INCOME,PIX,true
Salario mensal,6159.72,2025-01-23,INCOME,BANK_TRANSFER,true
Aluguel residencial,1342.63,2025-01-24,EXPENSE,CREDIT_CARD,true
Condominio,585.33,2025-01-24,EXPENSE,PIX,true
Conta de agua,236.39,2025-01-24,EXPENSE,BOLETO,false
Conta de energia,592.91,2025-01-24,EXPENSE,DEBIT_CARD,false
Eletronicos,2070.37,2025-01-24,EXPENSE,CREDIT_CARD,false
Eletronicos,3007.46,2025-01-24,EXPENSE,CASH,false
Impostos e taxas,2107.84,2025-01-24,EXPENSE,BANK_TRANSFER,false
Manutencao do veiculo,2076.31,2025-01-24,EXPENSE,BANK_TRANSFER,false
Padaria,13.04,2025-01-24,EXPENSE,DEBIT_CARD,false
Padaria,49.22,2025-01-24,EXPENSE,DEBIT_CARD,false
Padaria,56.69,2025-01-24,EXPENSE,CASH,false
Padaria,58.28,2025-01-24,EXPENSE,PIX,false
Plano de celular,45.10,2025-01-24,EXPENSE,DEBIT_CARD,true
Plano de saude,368.46,2025-01-24,EXPENSE,CASH,true
Restaurante,50.43,2025-01-24,EXPENSE,BOLETO,false
Seguro do veiculo,199.60,2025-01-24,EXPENSE,BANK_TRANSFER,true
Supermercado,404.46,2025-01-24,EXPENSE,CREDIT_CARD,false
Veterinario,750.14,2025-01-24,EXPENSE,BOLETO,false
Bonus profissional,3921.73,2025-01-24,INCOME,BANK_TRANSFER,false
Reembolso empresarial,194.62,2025-01-24,INCOME,PIX,false
Rendimento de investimento,225.40,2025-01-24,INCOME,PIX,true
Venda de produto,169.67,2025-01-24,INCOME,PIX,false
Aluguel residencial,1059.08,2025-01-25,EXPENSE,CASH,true
Aplicativo de transporte,19.45,2025-01-25,EXPENSE,CASH,false
Conta de agua,123.84,2025-01-25,EXPENSE,CREDIT_CARD,true
Conta de energia,442.51,2025-01-25,EXPENSE,DEBIT_CARD,false
Delivery de comida,124.00,2025-01-25,EXPENSE,PIX,false
Internet residencial,105.09,2025-01-25,EXPENSE,DEBIT_CARD,false
Manutencao do veiculo,398.29,2025-01-25,EXPENSE,DEBIT_CARD,false
Padaria,77.03,2025-01-25,EXPENSE,CREDIT_CARD,false
Pet shop,415.09,2025-01-25,EXPENSE,BOLETO,false
Restaurante,76.40,2025-01-25,EXPENSE,BOLETO,false
Seguro do veiculo,385.66,2025-01-25,EXPENSE,CASH,true
Bonus profissional,4266.07,2025-01-25,INCOME,PIX,false
Bonus profissional,2106.17,2025-01-25,INCOME,PIX,false
Academia,183.09,2025-01-26,EXPENSE,BOLETO,true
Academia,210.16,2025-01-26,EXPENSE,DEBIT_CARD,true
Cinema e lazer,216.45,2025-01-26,EXPENSE,BOLETO,false
Conta de energia,220.96,2025-01-26,EXPENSE,CREDIT_CARD,true
Delivery de comida,164.50,2025-01-26,EXPENSE,BOLETO,false
Delivery de comida,119.76,2025-01-26,EXPENSE,BOLETO,false
Doacao,76.04,2025-01-26,EXPENSE,BOLETO,false
Eletronicos,215.09,2025-01-26,EXPENSE,BANK_TRANSFER,false
Manutencao do veiculo,857.86,2025-01-26,EXPENSE,PIX,false
Plano de celular,104.20,2025-01-26,EXPENSE,PIX,true
Plano de celular,90.03,2025-01-26,EXPENSE,CREDIT_CARD,true
Restaurante,187.08,2025-01-26,EXPENSE,PIX,false
Streaming,52.42,2025-01-26,EXPENSE,CREDIT_CARD,false
Transferencia recebida,148.30,2025-01-26,INCOME,PIX,false
Aluguel residencial,2976.36,2025-01-27,EXPENSE,DEBIT_CARD,true
Aplicativo de transporte,13.14,2025-01-27,EXPENSE,DEBIT_CARD,false
Delivery de comida,155.59,2025-01-27,EXPENSE,DEBIT_CARD,false
Delivery de comida,178.35,2025-01-27,EXPENSE,BANK_TRANSFER,false
Doacao,96.45,2025-01-27,EXPENSE,CREDIT_CARD,false
Farmacia,221.35,2025-01-27,EXPENSE,CASH,false
Passagem aerea,720.46,2025-01-27,EXPENSE,BOLETO,false
Pet shop,215.94,2025-01-27,EXPENSE,BOLETO,false
Plano de saude,633.78,2025-01-27,EXPENSE,DEBIT_CARD,true
Plano de saude,1270.27,2025-01-27,EXPENSE,DEBIT_CARD,true
Streaming,53.83,2025-01-27,EXPENSE,CREDIT_CARD,true
Viagem e hospedagem,1362.49,2025-01-27,EXPENSE,BOLETO,false
Viagem e hospedagem,3388.35,2025-01-27,EXPENSE,CREDIT_CARD,false
Viagem e hospedagem,828.82,2025-01-27,EXPENSE,DEBIT_CARD,false
Aplicativo de transporte,30.54,2025-01-28,EXPENSE,BANK_TRANSFER,false
Cinema e lazer,108.00,2025-01-28,EXPENSE,BANK_TRANSFER,false
Combustivel,360.41,2025-01-28,EXPENSE,PIX,false
Condominio,586.86,2025-01-28,EXPENSE,BANK_TRANSFER,false
Conta de energia,114.08,2025-01-28,EXPENSE,CASH,true
Eletronicos,1468.87,2025-01-28,EXPENSE,CREDIT_CARD,false
Farmacia,365.98,2025-01-28,EXPENSE,BANK_TRANSFER,false
Internet residencial,133.19,2025-01-28,EXPENSE,CREDIT_CARD,true
Passagem aerea,3268.92,2025-01-28,EXPENSE,BANK_TRANSFER,false
Streaming,79.56,2025-01-28,EXPENSE,DEBIT_CARD,true
Academia,153.60,2025-01-29,EXPENSE,CASH,false
Conta de energia,641.83,2025-01-29,EXPENSE,BOLETO,true
Doacao,386.03,2025-01-29,EXPENSE,BANK_TRANSFER,false
Padaria,84.69,2025-01-29,EXPENSE,BANK_TRANSFER,false
Pet shop,334.24,2025-01-29,EXPENSE,CASH,false
Pet shop,127.31,2025-01-29,EXPENSE,PIX,false
Supermercado,576.34,2025-01-29,EXPENSE,BOLETO,false
Restituicao de imposto,2774.31,2025-01-29,INCOME,BANK_TRANSFER,false
Transferencia recebida,925.42,2025-01-29,INCOME,PIX,false
Aplicativo de transporte,54.31,2025-01-30,EXPENSE,DEBIT_CARD,false
Condominio,1155.15,2025-01-30,EXPENSE,CREDIT_CARD,true
Conta de energia,440.69,2025-01-30,EXPENSE,PIX,true
Estacionamento,45.20,2025-01-30,EXPENSE,DEBIT_CARD,false
Estacionamento,32.58,2025-01-30,EXPENSE,DEBIT_CARD,false
Impostos e taxas,2086.62,2025-01-30,EXPENSE,BANK_TRANSFER,false
Passagem aerea,1735.41,2025-01-30,EXPENSE,DEBIT_CARD,false
Plano de saude,488.83,2025-01-30,EXPENSE,CASH,true
Plano de saude,778.46,2025-01-30,EXPENSE,PIX,true
Streaming,78.50,2025-01-30,EXPENSE,PIX,true
Supermercado,546.63,2025-01-30,EXPENSE,CASH,false
Rendimento de investimento,410.26,2025-01-30,INCOME,BANK_TRANSFER,true
Academia,130.02,2025-01-31,EXPENSE,CASH,true
Aplicativo de transporte,36.16,2025-01-31,EXPENSE,CREDIT_CARD,false
Impostos e taxas,972.68,2025-01-31,EXPENSE,BOLETO,false
Plano de celular,167.66,2025-01-31,EXPENSE,BANK_TRANSFER,true
Plano de saude,954.20,2025-01-31,EXPENSE,CREDIT_CARD,true
Restaurante,132.17,2025-01-31,EXPENSE,CREDIT_CARD,false
Academia,221.53,2025-02-01,EXPENSE,PIX,true
Livraria,154.10,2025-02-01,EXPENSE,PIX,false
Livraria,206.02,2025-02-01,EXPENSE,PIX,false
Pet shop,239.77,2025-02-01,EXPENSE,CASH,false
Pet shop,27.87,2025-02-01,EXPENSE,BOLETO,false
Plano de saude,530.15,2025-02-01,EXPENSE,BANK_TRANSFER,false
Seguro do veiculo,244.84,2025-02-01,EXPENSE,DEBIT_CARD,true
Seguro do veiculo,260.93,2025-02-01,EXPENSE,PIX,true
Streaming,50.60,2025-02-01,EXPENSE,PIX,true
Pagamento freelance,983.11,2025-02-01,INCOME,PIX,false
Rendimento de investimento,38.27,2025-02-01,INCOME,BANK_TRANSFER,true
Cinema e lazer,100.08,2025-02-02,EXPENSE,CREDIT_CARD,false
Conta de agua,73.28,2025-02-02,EXPENSE,BANK_TRANSFER,true
Conta de energia,627.66,2025-02-02,EXPENSE,CREDIT_CARD,true
Conta de energia,409.96,2025-02-02,EXPENSE,DEBIT_CARD,true
Doacao,115.90,2025-02-02,EXPENSE,PIX,false
Farmacia,21.34,2025-02-02,EXPENSE,CASH,false
Impostos e taxas,936.76,2025-02-02,EXPENSE,CASH,false
Livraria,216.45,2025-02-02,EXPENSE,BANK_TRANSFER,false
Livraria,104.19,2025-02-02,EXPENSE,CASH,false
Livraria,175.07,2025-02-02,EXPENSE,CASH,false
Padaria,54.63,2025-02-02,EXPENSE,PIX,false
Restaurante,86.02,2025-02-02,EXPENSE,CASH,false
Veterinario,675.77,2025-02-02,EXPENSE,DEBIT_CARD,false
Dividendos,707.76,2025-02-02,INCOME,BANK_TRANSFER,true
Salario mensal,8577.03,2025-02-02,INCOME,PIX,true
Transferencia recebida,2059.38,2025-02-02,INCOME,BANK_TRANSFER,false
Internet residencial,118.02,2025-02-03,EXPENSE,CREDIT_CARD,true
Manutencao do veiculo,1521.95,2025-02-03,EXPENSE,CASH,false
Padaria,83.89,2025-02-03,EXPENSE,CREDIT_CARD,false
Plano de celular,151.28,2025-02-03,EXPENSE,CASH,true
Viagem e hospedagem,759.14,2025-02-03,EXPENSE,DEBIT_CARD,false
Viagem e hospedagem,2343.70,2025-02-03,EXPENSE,CREDIT_CARD,false
Salario mensal,9231.17,2025-02-03,INCOME,BANK_TRANSFER,true
Aluguel residencial,1455.77,2025-02-04,EXPENSE,CREDIT_CARD,true
Cinema e lazer,74.55,2025-02-04,EXPENSE,PIX,false
Eletronicos,3905.91,2025-02-04,EXPENSE,DEBIT_CARD,false
Pet shop,338.45,2025-02-04,EXPENSE,CASH,false
Venda de produto,94.18,2025-02-04,INCOME,PIX,false
Academia,162.58,2025-02-05,EXPENSE,CREDIT_CARD,false
Academia,95.74,2025-02-05,EXPENSE,BOLETO,true
Aplicativo de transporte,85.93,2025-02-05,EXPENSE,DEBIT_CARD,false
Delivery de comida,149.48,2025-02-05,EXPENSE,BOLETO,false
Doacao,239.67,2025-02-05,EXPENSE,BANK_TRANSFER,false
Farmacia,243.17,2025-02-05,EXPENSE,BOLETO,false
Plano de celular,87.99,2025-02-05,EXPENSE,DEBIT_CARD,true
Plano de saude,1229.75,2025-02-05,EXPENSE,PIX,true
Restaurante,182.53,2025-02-05,EXPENSE,DEBIT_CARD,false
Restaurante,120.68,2025-02-05,EXPENSE,PIX,false
Streaming,46.65,2025-02-05,EXPENSE,PIX,true
Bonus profissional,1898.31,2025-02-05,INCOME,PIX,false
Aluguel residencial,3227.72,2025-02-06,EXPENSE,PIX,true
Cinema e lazer,165.80,2025-02-06,EXPENSE,DEBIT_CARD,false
Condominio,405.50,2025-02-06,EXPENSE,BOLETO,true
Impostos e taxas,278.32,2025-02-06,EXPENSE,CASH,false
Livraria,62.27,2025-02-06,EXPENSE,CASH,false
Plano de celular,66.43,2025-02-06,EXPENSE,CREDIT_CARD,true
Rendimento de investimento,193.33,2025-02-06,INCOME,PIX,true
Restituicao de imposto,1098.31,2025-02-06,INCOME,PIX,false
Transferencia recebida,1090.21,2025-02-06,INCOME,BANK_TRANSFER,false
Transferencia recebida,518.37,2025-02-06,INCOME,BANK_TRANSFER,false
Transferencia recebida,1920.29,2025-02-06,INCOME,PIX,false
Academia,208.13,2025-02-07,EXPENSE,DEBIT_CARD,true
Conta de agua,51.74,2025-02-07,EXPENSE,BOLETO,true
Eletronicos,2420.14,2025-02-07,EXPENSE,CREDIT_CARD,false
Eletronicos,3309.33,2025-02-07,EXPENSE,CASH,false
Passagem aerea,3658.24,2025-02-07,EXPENSE,PIX,false
Seguro do veiculo,519.74,2025-02-07,EXPENSE,BANK_TRANSFER,false
Viagem e hospedagem,2506.68,2025-02-07,EXPENSE,DEBIT_CARD,false
Viagem e hospedagem,4191.20,2025-02-07,EXPENSE,DEBIT_CARD,false
Dividendos,520.15,2025-02-07,INCOME,BANK_TRANSFER,true
Aplicativo de transporte,39.90,2025-02-08,EXPENSE,CASH,false
Conta de agua,112.52,2025-02-08,EXPENSE,CASH,true
Eletronicos,341.64,2025-02-08,EXPENSE,CREDIT_CARD,false
Impostos e taxas,878.41,2025-02-08,EXPENSE,PIX,false
Impostos e taxas,1143.78,2025-02-08,EXPENSE,BANK_TRANSFER,false
Internet residencial,170.48,2025-02-08,EXPENSE,CREDIT_CARD,true
Livraria,137.56,2025-02-08,EXPENSE,DEBIT_CARD,false
Loja de roupas,662.33,2025-02-08,EXPENSE,CREDIT_CARD,false
Plano de celular,37.17,2025-02-08,EXPENSE,BOLETO,true
Restaurante,126.44,2025-02-08,EXPENSE,BOLETO,false
Rendimento de investimento,134.53,2025-02-08,INCOME,BANK_TRANSFER,true
Salario mensal,10197.25,2025-02-08,INCOME,PIX,true
Aplicativo de transporte,39.21,2025-02-09,EXPENSE,CASH,false
Internet residencial,137.02,2025-02-09,EXPENSE,DEBIT_CARD,false
Passagem aerea,3035.09,2025-02-09,EXPENSE,PIX,false
Veterinario,181.83,2025-02-09,EXPENSE,CREDIT_CARD,false
Reembolso empresarial,503.19,2025-02-09,INCOME,BANK_TRANSFER,false
Transferencia recebida,2003.12,2025-02-09,INCOME,BANK_TRANSFER,false
Aluguel residencial,3771.83,2025-02-10,EXPENSE,BOLETO,true
Cinema e lazer,146.29,2025-02-10,EXPENSE,BANK_TRANSFER,false
Combustivel,95.73,2025-02-10,EXPENSE,BANK_TRANSFER,false
Conta de agua,111.99,2025-02-10,EXPENSE,CASH,true
Conta de agua,251.22,2025-02-10,EXPENSE,BANK_TRANSFER,false
Doacao,298.59,2025-02-10,EXPENSE,DEBIT_CARD,false
Eletronicos,2108.55,2025-02-10,EXPENSE,BOLETO,false
Impostos e taxas,1012.83,2025-02-10,EXPENSE,CASH,false
Internet residencial,85.34,2025-02-10,EXPENSE,PIX,true
Livraria,46.71,2025-02-10,EXPENSE,CASH,false
Pet shop,221.98,2025-02-10,EXPENSE,CREDIT_CARD,false
Restaurante,119.72,2025-02-10,EXPENSE,BOLETO,false
Restaurante,275.67,2025-02-10,EXPENSE,BANK_TRANSFER,false
Veterinario,558.72,2025-02-10,EXPENSE,BOLETO,false
Veterinario,234.61,2025-02-10,EXPENSE,CREDIT_CARD,false
Viagem e hospedagem,2287.94,2025-02-10,EXPENSE,PIX,false
Aluguel recebido,1781.51,2025-02-10,INCOME,PIX,true
Restituicao de imposto,2402.16,2025-02-10,INCOME,PIX,false
Aluguel residencial,3339.01,2025-02-11,EXPENSE,DEBIT_CARD,true
Cinema e lazer,70.85,2025-02-11,EXPENSE,BOLETO,false
Condominio,341.21,2025-02-11,EXPENSE,BANK_TRANSFER,true
Conta de agua,170.87,2025-02-11,EXPENSE,PIX,true
Estacionamento,52.47,2025-02-11,EXPENSE,BANK_TRANSFER,false
Farmacia,317.13,2025-02-11,EXPENSE,CREDIT_CARD,false
Impostos e taxas,536.80,2025-02-11,EXPENSE,BOLETO,false
Livraria,106.53,2025-02-11,EXPENSE,BOLETO,false
Loja de roupas,412.45,2025-02-11,EXPENSE,BOLETO,false
Seguro do veiculo,285.23,2025-02-11,EXPENSE,BANK_TRANSFER,true
Restituicao de imposto,2558.35,2025-02-11,INCOME,BANK_TRANSFER,false
Salario mensal,6833.61,2025-02-11,INCOME,BANK_TRANSFER,true
Venda de produto,1507.75,2025-02-11,INCOME,BANK_TRANSFER,false
Cinema e lazer,44.53,2025-02-12,EXPENSE,CREDIT_CARD,false
Conta de agua,123.88,2025-02-12,EXPENSE,CREDIT_CARD,true
Conta de agua,220.60,2025-02-12,EXPENSE,DEBIT_CARD,true
Impostos e taxas,367.58,2025-02-12,EXPENSE,BANK_TRANSFER,false
Manutencao do veiculo,1861.16,2025-02-12,EXPENSE,CASH,false
Manutencao do veiculo,1615.98,2025-02-12,EXPENSE,CASH,false
Passagem aerea,1702.29,2025-02-12,EXPENSE,BOLETO,false
Veterinario,875.06,2025-02-12,EXPENSE,PIX,false
Viagem e hospedagem,1614.73,2025-02-12,EXPENSE,PIX,false
Transferencia recebida,692.75,2025-02-12,INCOME,PIX,false
Academia,252.05,2025-02-13,EXPENSE,BANK_TRANSFER,false
Cinema e lazer,94.32,2025-02-13,EXPENSE,DEBIT_CARD,false
Delivery de comida,118.24,2025-02-13,EXPENSE,BANK_TRANSFER,false
Eletronicos,3720.48,2025-02-13,EXPENSE,PIX,false
Estacionamento,14.98,2025-02-13,EXPENSE,BOLETO,false
Impostos e taxas,1806.85,2025-02-13,EXPENSE,BOLETO,false
Livraria,251.78,2025-02-13,EXPENSE,CREDIT_CARD,false
Padaria,65.54,2025-02-13,EXPENSE,BOLETO,false
Padaria,9.18,2025-02-13,EXPENSE,CASH,false
Pet shop,382.29,2025-02-13,EXPENSE,CREDIT_CARD,false
Academia,191.35,2025-02-14,EXPENSE,BANK_TRANSFER,true
Aplicativo de transporte,63.13,2025-02-14,EXPENSE,DEBIT_CARD,false
Eletronicos,4994.39,2025-02-14,EXPENSE,CASH,false
Internet residencial,140.10,2025-02-14,EXPENSE,BOLETO,true
Loja de roupas,446.73,2025-02-14,EXPENSE,CASH,false
Padaria,75.21,2025-02-14,EXPENSE,CREDIT_CARD,false
Padaria,40.15,2025-02-14,EXPENSE,PIX,false
Plano de celular,62.33,2025-02-14,EXPENSE,CREDIT_CARD,false
Aluguel recebido,1941.75,2025-02-14,INCOME,PIX,true
Aluguel residencial,2821.61,2025-02-15,EXPENSE,BANK_TRANSFER,true
Aluguel residencial,3873.79,2025-02-15,EXPENSE,DEBIT_CARD,true
Farmacia,105.15,2025-02-15,EXPENSE,CREDIT_CARD,false
Livraria,72.10,2025-02-15,EXPENSE,BANK_TRANSFER,false
Restaurante,154.22,2025-02-15,EXPENSE,BOLETO,false
Seguro do veiculo,391.56,2025-02-15,EXPENSE,BOLETO,false
Streaming,38.38,2025-02-15,EXPENSE,CASH,true
Aluguel recebido,3306.41,2025-02-15,INCOME,BANK_TRANSFER,true
Venda de produto,832.93,2025-02-15,INCOME,BANK_TRANSFER,false
Estacionamento,43.10,2025-02-16,EXPENSE,BOLETO,false
Manutencao do veiculo,1022.90,2025-02-16,EXPENSE,BANK_TRANSFER,false
Passagem aerea,3632.49,2025-02-16,EXPENSE,PIX,false
Viagem e hospedagem,1760.01,2025-02-16,EXPENSE,DEBIT_CARD,false
Dividendos,302.30,2025-02-16,INCOME,BANK_TRANSFER,true
Restituicao de imposto,224.10,2025-02-16,INCOME,PIX,false
Conta de agua,68.13,2025-02-17,EXPENSE,DEBIT_CARD,false
Conta de agua,201.87,2025-02-17,EXPENSE,BANK_TRANSFER,true
Curso online,484.67,2025-02-17,EXPENSE,CASH,false
Estacionamento,32.01,2025-02-17,EXPENSE,BOLETO,false
Impostos e taxas,1029.45,2025-02-17,EXPENSE,PIX,false
Manutencao do veiculo,2362.10,2025-02-17,EXPENSE,BOLETO,false
Plano de celular,133.40,2025-02-17,EXPENSE,BOLETO,true
Supermercado,119.67,2025-02-17,EXPENSE,CREDIT_CARD,false
Veterinario,151.59,2025-02-17,EXPENSE,PIX,false
Veterinario,219.13,2025-02-17,EXPENSE,CREDIT_CARD,false
Academia,246.14,2025-02-18,EXPENSE,BOLETO,true
Conta de agua,84.85,2025-02-18,EXPENSE,BANK_TRANSFER,true
Curso online,455.10,2025-02-18,EXPENSE,CASH,false
Delivery de comida,79.22,2025-02-18,EXPENSE,BANK_TRANSFER,false
Impostos e taxas,672.27,2025-02-18,EXPENSE,DEBIT_CARD,false
Loja de roupas,330.91,2025-02-18,EXPENSE,PIX,false
Pet shop,390.33,2025-02-18,EXPENSE,BANK_TRANSFER,false
Plano de saude,692.96,2025-02-18,EXPENSE,CASH,false
Plano de saude,437.23,2025-02-18,EXPENSE,CASH,true
Streaming,59.47,2025-02-18,EXPENSE,DEBIT_CARD,true
Veterinario,245.14,2025-02-18,EXPENSE,PIX,false
Academia,138.17,2025-02-19,EXPENSE,PIX,true
Aplicativo de transporte,42.53,2025-02-19,EXPENSE,BOLETO,false
Aplicativo de transporte,90.86,2025-02-19,EXPENSE,BANK_TRANSFER,false
Aplicativo de transporte,34.99,2025-02-19,EXPENSE,BOLETO,false
Cinema e lazer,161.23,2025-02-19,EXPENSE,CASH,false
Conta de agua,239.00,2025-02-19,EXPENSE,CREDIT_CARD,false
Delivery de comida,151.60,2025-02-19,EXPENSE,CREDIT_CARD,false
Delivery de comida,159.48,2025-02-19,EXPENSE,DEBIT_CARD,false
Estacionamento,14.06,2025-02-19,EXPENSE,DEBIT_CARD,false
Livraria,47.09,2025-02-19,EXPENSE,BOLETO,false
Passagem aerea,2827.59,2025-02-19,EXPENSE,BOLETO,false
Passagem aerea,2149.35,2025-02-19,EXPENSE,BANK_TRANSFER,false
Plano de celular,106.65,2025-02-19,EXPENSE,BANK_TRANSFER,true
Restaurante,170.71,2025-02-19,EXPENSE,BANK_TRANSFER,false
Streaming,27.09,2025-02-19,EXPENSE,DEBIT_CARD,true
Rendimento de investimento,381.55,2025-02-19,INCOME,BANK_TRANSFER,true
Salario mensal,3078.14,2025-02-19,INCOME,BANK_TRANSFER,true
Aplicativo de transporte,84.09,2025-02-20,EXPENSE,PIX,false
Cinema e lazer,93.71,2025-02-20,EXPENSE,PIX,false
Curso online,549.09,2025-02-20,EXPENSE,PIX,false
Estacionamento,51.36,2025-02-20,EXPENSE,CASH,false
Farmacia,317.43,2025-02-20,EXPENSE,BANK_TRANSFER,false
Impostos e taxas,1477.63,2025-02-20,EXPENSE,PIX,false
Livraria,52.40,2025-02-20,EXPENSE,DEBIT_CARD,false
Pet shop,53.24,2025-02-20,EXPENSE,BOLETO,false
Aluguel recebido,3181.47,2025-02-20,INCOME,BANK_TRANSFER,true
Dividendos,92.49,2025-02-20,INCOME,PIX,true
Dividendos,378.46,2025-02-20,INCOME,PIX,true
Reembolso empresarial,129.00,2025-02-20,INCOME,PIX,false
Restituicao de imposto,710.56,2025-02-20,INCOME,PIX,false
Salario mensal,11288.11,2025-02-20,INCOME,PIX,true
Academia,114.28,2025-02-21,EXPENSE,BOLETO,false
Loja de roupas,512.14,2025-02-21,EXPENSE,CREDIT_CARD,false
Loja de roupas,303.46,2025-02-21,EXPENSE,PIX,false
Pet shop,250.72,2025-02-21,EXPENSE,PIX,false
Seguro do veiculo,326.55,2025-02-21,EXPENSE,BOLETO,true
Veterinario,310.12,2025-02-21,EXPENSE,CASH,false
Delivery de comida,102.09,2025-02-22,EXPENSE,PIX,false
Eletronicos,1732.14,2025-02-22,EXPENSE,BOLETO,false
Farmacia,55.10,2025-02-22,EXPENSE,PIX,false
Manutencao do veiculo,137.17,2025-02-22,EXPENSE,BANK_TRANSFER,false
Passagem aerea,3716.82,2025-02-22,EXPENSE,PIX,false
Seguro do veiculo,513.63,2025-02-22,EXPENSE,PIX,true
Aplicativo de transporte,69.62,2025-02-23,EXPENSE,BOLETO,false
Aplicativo de transporte,63.55,2025-02-23,EXPENSE,DEBIT_CARD,false
Conta de agua,134.23,2025-02-23,EXPENSE,BOLETO,true
Conta de agua,130.17,2025-02-23,EXPENSE,CREDIT_CARD,true
Curso online,434.41,2025-02-23,EXPENSE,DEBIT_CARD,false
Internet residencial,152.68,2025-02-23,EXPENSE,DEBIT_CARD,true
Manutencao do veiculo,1568.92,2025-02-23,EXPENSE,BOLETO,false
Plano de celular,173.45,2025-02-23,EXPENSE,PIX,true
Plano de celular,122.64,2025-02-23,EXPENSE,BOLETO,true
Supermercado,701.22,2025-02-23,EXPENSE,PIX,false
Viagem e hospedagem,4012.53,2025-02-24,EXPENSE,CREDIT_CARD,false
Aluguel recebido,3079.67,2025-02-24,INCOME,PIX,true
Rendimento de investimento,549.60,2025-02-24,INCOME,PIX,true
Transferencia recebida,1280.93,2025-02-24,INCOME,BANK_TRANSFER,false
Combustivel,157.88,2025-02-25,EXPENSE,DEBIT_CARD,false
Condominio,311.43,2025-02-25,EXPENSE,CASH,true
Delivery de comida,96.43,2025-02-25,EXPENSE,BANK_TRANSFER,false
Livraria,241.46,2025-02-25,EXPENSE,DEBIT_CARD,false
Manutencao do veiculo,2308.99,2025-02-25,EXPENSE,BANK_TRANSFER,false
Restaurante,260.55,2025-02-25,EXPENSE,CASH,false
Restituicao de imposto,1466.91,2025-02-25,INCOME,BANK_TRANSFER,false
Transferencia recebida,1430.58,2025-02-25,INCOME,BANK_TRANSFER,false
Combustivel,210.31,2025-02-26,EXPENSE,CASH,false
Conta de energia,628.47,2025-02-26,EXPENSE,BOLETO,true
Curso online,516.22,2025-02-26,EXPENSE,CASH,false
Impostos e taxas,1993.50,2025-02-26,EXPENSE,DEBIT_CARD,false
Pet shop,172.30,2025-02-26,EXPENSE,CREDIT_CARD,false
Plano de saude,1220.78,2025-02-26,EXPENSE,BANK_TRANSFER,true
Seguro do veiculo,323.99,2025-02-26,EXPENSE,CREDIT_CARD,true
Viagem e hospedagem,2849.81,2025-02-26,EXPENSE,DEBIT_CARD,false
Salario mensal,7278.54,2025-02-26,INCOME,PIX,true
Academia,69.74,2025-02-27,EXPENSE,BANK_TRANSFER,true
Conta de agua,179.58,2025-02-27,EXPENSE,CREDIT_CARD,false
Manutencao do veiculo,1181.18,2025-02-27,EXPENSE,BANK_TRANSFER,false
Manutencao do veiculo,1232.80,2025-02-27,EXPENSE,BANK_TRANSFER,false
Padaria,39.78,2025-02-27,EXPENSE,DEBIT_CARD,false
Streaming,62.57,2025-02-27,EXPENSE,DEBIT_CARD,true
Veterinario,898.92,2025-02-27,EXPENSE,BANK_TRANSFER,false
Veterinario,585.03,2025-02-27,EXPENSE,PIX,false
Academia,172.74,2025-02-28,EXPENSE,PIX,false
Aplicativo de transporte,80.87,2025-02-28,EXPENSE,DEBIT_CARD,false
Aplicativo de transporte,12.41,2025-02-28,EXPENSE,PIX,false
Aplicativo de transporte,49.91,2025-02-28,EXPENSE,BANK_TRANSFER,false
Aplicativo de transporte,78.48,2025-02-28,EXPENSE,PIX,false
Condominio,422.08,2025-02-28,EXPENSE,CREDIT_CARD,true
Conta de agua,249.29,2025-02-28,EXPENSE,CREDIT_CARD,true
Curso online,467.88,2025-02-28,EXPENSE,DEBIT_CARD,false
Livraria,271.61,2025-02-28,EXPENSE,DEBIT_CARD,false
Venda de produto,1696.99,2025-02-28,INCOME,PIX,false
Aluguel residencial,2650.52,2025-03-01,EXPENSE,DEBIT_CARD,true
Aluguel residencial,1533.22,2025-03-01,EXPENSE,DEBIT_CARD,true
Conta de agua,128.80,2025-03-01,EXPENSE,DEBIT_CARD,false
Plano de celular,92.30,2025-03-01,EXPENSE,PIX,true
Plano de saude,893.09,2025-03-01,EXPENSE,PIX,true
Restaurante,138.24,2025-03-01,EXPENSE,CREDIT_CARD,false
Streaming,33.68,2025-03-01,EXPENSE,BANK_TRANSFER,true
Viagem e hospedagem,2931.89,2025-03-01,EXPENSE,CASH,false
Bonus profissional,4263.38,2025-03-01,INCOME,PIX,false
Aplicativo de transporte,77.40,2025-03-02,EXPENSE,DEBIT_CARD,false
Cinema e lazer,87.74,2025-03-02,EXPENSE,BANK_TRANSFER,false
Estacionamento,20.72,2025-03-02,EXPENSE,CREDIT_CARD,false
Estacionamento,71.32,2025-03-02,EXPENSE,PIX,false
Internet residencial,119.26,2025-03-02,EXPENSE,CREDIT_CARD,true
Pet shop,166.99,2025-03-02,EXPENSE,BANK_TRANSFER,false
Restaurante,180.39,2025-03-02,EXPENSE,CREDIT_CARD,false
Seguro do veiculo,497.27,2025-03-02,EXPENSE,CASH,true
Veterinario,751.98,2025-03-02,EXPENSE,BOLETO,false
Veterinario,917.22,2025-03-02,EXPENSE,CREDIT_CARD,false
Aluguel recebido,3014.90,2025-03-02,INCOME,BANK_TRANSFER,true
Curso online,638.17,2025-03-03,EXPENSE,BOLETO,false
Curso online,297.66,2025-03-03,EXPENSE,BANK_TRANSFER,false
Doacao,68.09,2025-03-03,EXPENSE,DEBIT_CARD,false
Eletronicos,4067.97,2025-03-03,EXPENSE,DEBIT_CARD,false
Impostos e taxas,1954.58,2025-03-03,EXPENSE,DEBIT_CARD,false
Internet residencial,101.47,2025-03-03,EXPENSE,BANK_TRANSFER,false
Manutencao do veiculo,274.62,2025-03-03,EXPENSE,CASH,false
Plano de celular,65.05,2025-03-03,EXPENSE,CASH,false
Supermercado,377.25,2025-03-03,EXPENSE,BANK_TRANSFER,false
Viagem e hospedagem,1559.25,2025-03-03,EXPENSE,PIX,false
Academia,83.59,2025-03-04,EXPENSE,PIX,true
Aplicativo de transporte,61.04,2025-03-04,EXPENSE,CASH,false
Combustivel,101.68,2025-03-04,EXPENSE,DEBIT_CARD,false
Curso online,280.16,2025-03-04,EXPENSE,PIX,false
Eletronicos,1136.51,2025-03-04,EXPENSE,CREDIT_CARD,false
Impostos e taxas,1577.32,2025-03-04,EXPENSE,CASH,false
Internet residencial,178.62,2025-03-04,EXPENSE,BANK_TRANSFER,true
Padaria,48.71,2025-03-04,EXPENSE,BOLETO,false
Passagem aerea,1470.04,2025-03-04,EXPENSE,PIX,false
Restaurante,246.01,2025-03-04,EXPENSE,DEBIT_CARD,false
Restaurante,39.74,2025-03-04,EXPENSE,CASH,false
Seguro do veiculo,478.52,2025-03-04,EXPENSE,CREDIT_CARD,true
Aplicativo de transporte,90.72,2025-03-05,EXPENSE,BOLETO,false
Cinema e lazer,204.00,2025-03-05,EXPENSE,CASH,false
Eletronicos,556.24,2025-03-05,EXPENSE,CREDIT_CARD,false
Farmacia,78.97,2025-03-05,EXPENSE,BANK_TRANSFER,false
Impostos e taxas,418.98,2025-03-05,EXPENSE,PIX,false
Padaria,23.85,2025-03-05,EXPENSE,PIX,false
Passagem aerea,1640.98,2025-03-05,EXPENSE,BANK_TRANSFER,false
Pet shop,304.00,2025-03-05,EXPENSE,DEBIT_CARD,false
Seguro do veiculo,400.94,2025-03-05,EXPENSE,CASH,true
Seguro do veiculo,491.92,2025-03-05,EXPENSE,CASH,false
Salario mensal,8958.78,2025-03-05,INCOME,PIX,true
Salario mensal,3518.15,2025-03-05,INCOME,PIX,true
Aplicativo de transporte,43.16,2025-03-06,EXPENSE,BANK_TRANSFER,false
Farmacia,62.07,2025-03-06,EXPENSE,DEBIT_CARD,false
Internet residencial,195.50,2025-03-06,EXPENSE,DEBIT_CARD,true
Passagem aerea,880.46,2025-03-06,EXPENSE,BOLETO,false
Plano de celular,160.82,2025-03-06,EXPENSE,BOLETO,true
Seguro do veiculo,256.40,2025-03-06,EXPENSE,DEBIT_CARD,true
Streaming,39.06,2025-03-06,EXPENSE,CREDIT_CARD,true
Veterinario,256.52,2025-03-06,EXPENSE,BANK_TRANSFER,false
Academia,61.24,2025-03-07,EXPENSE,DEBIT_CARD,true
Conta de agua,45.77,2025-03-07,EXPENSE,CASH,true
Conta de energia,140.55,2025-03-07,EXPENSE,CREDIT_CARD,true
Internet residencial,90.05,2025-03-07,EXPENSE,CASH,true
Loja de roupas,719.45,2025-03-07,EXPENSE,DEBIT_CARD,false
Padaria,71.89,2025-03-07,EXPENSE,CASH,false
Padaria,83.94,2025-03-07,EXPENSE,BANK_TRANSFER,false
Plano de celular,41.18,2025-03-07,EXPENSE,CASH,true
Plano de saude,402.27,2025-03-07,EXPENSE,PIX,true
Plano de saude,230.51,2025-03-07,EXPENSE,CREDIT_CARD,true
Restaurante,38.62,2025-03-07,EXPENSE,DEBIT_CARD,false
Restaurante,62.92,2025-03-07,EXPENSE,PIX,false
Seguro do veiculo,158.47,2025-03-07,EXPENSE,BOLETO,true
Aluguel residencial,2573.12,2025-03-08,EXPENSE,PIX,true
Curso online,387.67,2025-03-08,EXPENSE,DEBIT_CARD,false
Curso online,327.12,2025-03-08,EXPENSE,CREDIT_CARD,false
Livraria,121.02,2025-03-08,EXPENSE,CASH,false
Passagem aerea,2307.93,2025-03-08,EXPENSE,BOLETO,false
Pet shop,290.63,2025-03-08,EXPENSE,PIX,false
Pet shop,169.26,2025-03-08,EXPENSE,BOLETO,false
Bonus profissional,551.30,2025-03-08,INCOME,BANK_TRANSFER,false
Venda de produto,737.32,2025-03-08,INCOME,PIX,false
Aplicativo de transporte,70.23,2025-03-09,EXPENSE,BANK_TRANSFER,false
Cinema e lazer,64.27,2025-03-09,EXPENSE,BANK_TRANSFER,false
Cinema e lazer,131.39,2025-03-09,EXPENSE,DEBIT_CARD,false
Condominio,470.42,2025-03-09,EXPENSE,PIX,true
Conta de energia,580.90,2025-03-09,EXPENSE,DEBIT_CARD,false
Delivery de comida,136.53,2025-03-09,EXPENSE,DEBIT_CARD,false
Delivery de comida,159.87,2025-03-09,EXPENSE,BANK_TRANSFER,false
Delivery de comida,44.12,2025-03-09,EXPENSE,CASH,false
Impostos e taxas,1178.82,2025-03-09,EXPENSE,DEBIT_CARD,false
Padaria,47.62,2025-03-09,EXPENSE,CASH,false
Padaria,68.61,2025-03-09,EXPENSE,BANK_TRANSFER,false
Padaria,8.30,2025-03-09,EXPENSE,DEBIT_CARD,false
Restaurante,77.22,2025-03-09,EXPENSE,BOLETO,false
Restaurante,295.85,2025-03-09,EXPENSE,BANK_TRANSFER,false
Restaurante,189.12,2025-03-09,EXPENSE,DEBIT_CARD,false
Supermercado,488.18,2025-03-09,EXPENSE,CREDIT_CARD,false
Viagem e hospedagem,2518.69,2025-03-09,EXPENSE,CASH,false
Aluguel residencial,1125.38,2025-03-10,EXPENSE,CREDIT_CARD,true
Cinema e lazer,238.31,2025-03-10,EXPENSE,DEBIT_CARD,false
Combustivel,251.45,2025-03-10,EXPENSE,CASH,false
Conta de energia,409.67,2025-03-10,EXPENSE,BOLETO,true
Doacao,173.53,2025-03-10,EXPENSE,CREDIT_CARD,false
Estacionamento,16.92,2025-03-10,EXPENSE,DEBIT_CARD,false
Internet residencial,218.00,2025-03-10,EXPENSE,BANK_TRANSFER,false
Plano de celular,61.99,2025-03-10,EXPENSE,CASH,true
Plano de celular,147.89,2025-03-10,EXPENSE,PIX,true
Restaurante,293.88,2025-03-10,EXPENSE,DEBIT_CARD,false
Rendimento de investimento,454.76,2025-03-10,INCOME,BANK_TRANSFER,false
Salario mensal,10688.78,2025-03-10,INCOME,BANK_TRANSFER,true
Academia,191.43,2025-03-11,EXPENSE,CASH,true
Combustivel,188.69,2025-03-11,EXPENSE,DEBIT_CARD,false
Conta de energia,343.41,2025-03-11,EXPENSE,CREDIT_CARD,true
Curso online,651.77,2025-03-11,EXPENSE,BANK_TRANSFER,false
Delivery de comida,97.99,2025-03-11,EXPENSE,CASH,false
Doacao,71.53,2025-03-11,EXPENSE,CASH,false
Farmacia,293.81,2025-03-11,EXPENSE,BOLETO,false
Loja de roupas,775.92,2025-03-11,EXPENSE,BANK_TRANSFER,false
Loja de roupas,217.05,2025-03-11,EXPENSE,CASH,false
Padaria,61.03,2025-03-11,EXPENSE,CASH,false
Supermercado,84.16,2025-03-11,EXPENSE,CASH,false
Viagem e hospedagem,3602.56,2025-03-11,EXPENSE,PIX,false
Aluguel residencial,1719.36,2025-03-12,EXPENSE,CASH,true
Condominio,1037.31,2025-03-12,EXPENSE,BANK_TRANSFER,true
Conta de energia,467.89,2025-03-12,EXPENSE,BOLETO,true
Curso online,647.31,2025-03-12,EXPENSE,BOLETO,false
Farmacia,337.08,2025-03-12,EXPENSE,PIX,false
Farmacia,84.09,2025-03-12,EXPENSE,BANK_TRANSFER,false
Impostos e taxas,1718.26,2025-03-12,EXPENSE,CASH,false
Internet residencial,103.10,2025-03-12,EXPENSE,BANK_TRANSFER,true
Livraria,240.63,2025-03-12,EXPENSE,BOLETO,false
Plano de saude,282.51,2025-03-12,EXPENSE,BOLETO,true
Streaming,56.75,2025-03-12,EXPENSE,DEBIT_CARD,false
Streaming,70.83,2025-03-12,EXPENSE,BOLETO,true
Supermercado,587.12,2025-03-12,EXPENSE,CASH,false
Bonus profissional,3121.06,2025-03-12,INCOME,PIX,false
Pagamento freelance,635.05,2025-03-12,INCOME,BANK_TRANSFER,false
Reembolso empresarial,730.19,2025-03-12,INCOME,BANK_TRANSFER,false
Aluguel residencial,1318.12,2025-03-13,EXPENSE,BANK_TRANSFER,true
Conta de agua,74.77,2025-03-13,EXPENSE,PIX,true
Doacao,223.10,2025-03-13,EXPENSE,DEBIT_CARD,false
Estacionamento,46.81,2025-03-13,EXPENSE,BOLETO,false
Internet residencial,186.22,2025-03-13,EXPENSE,CREDIT_CARD,false
Manutencao do veiculo,364.64,2025-03-13,EXPENSE,PIX,false
Pet shop,219.87,2025-03-13,EXPENSE,DEBIT_CARD,false
Streaming,30.44,2025-03-13,EXPENSE,CASH,true
Reembolso empresarial,175.11,2025-03-13,INCOME,BANK_TRANSFER,false
Aplicativo de transporte,13.29,2025-03-14,EXPENSE,BOLETO,false
Cinema e lazer,124.80,2025-03-14,EXPENSE,DEBIT_CARD,false
Impostos e taxas,1813.01,2025-03-14,EXPENSE,CREDIT_CARD,false
Loja de roupas,360.32,2025-03-14,EXPENSE,CREDIT_CARD,false
Manutencao do veiculo,1740.45,2025-03-14,EXPENSE,CREDIT_CARD,false
Passagem aerea,531.36,2025-03-14,EXPENSE,CASH,false
Supermercado,325.67,2025-03-14,EXPENSE,BANK_TRANSFER,false
Supermercado,257.46,2025-03-14,EXPENSE,CREDIT_CARD,false
Transferencia recebida,861.38,2025-03-14,INCOME,PIX,false
Aluguel residencial,1252.91,2025-03-15,EXPENSE,CREDIT_CARD,true
Condominio,444.34,2025-03-15,EXPENSE,BOLETO,true
Conta de agua,102.28,2025-03-15,EXPENSE,PIX,false
Eletronicos,1466.27,2025-03-15,EXPENSE,DEBIT_CARD,false
Livraria,236.71,2025-03-15,EXPENSE,BANK_TRANSFER,false
Passagem aerea,2606.62,2025-03-15,EXPENSE,BOLETO,false
Dividendos,440.31,2025-03-15,INCOME,BANK_TRANSFER,true
Reembolso empresarial,130.70,2025-03-15,INCOME,PIX,false
Cinema e lazer,54.83,2025-03-16,EXPENSE,CREDIT_CARD,false
Cinema e lazer,173.17,2025-03-16,EXPENSE,BOLETO,false
Delivery de comida,93.20,2025-03-16,EXPENSE,BOLETO,false
Impostos e taxas,808.26,2025-03-16,EXPENSE,BOLETO,false
Impostos e taxas,666.73,2025-03-16,EXPENSE,BOLETO,false
Livraria,202.58,2025-03-16,EXPENSE,BOLETO,false
Loja de roupas,540.54,2025-03-16,EXPENSE,DEBIT_CARD,false
Passagem aerea,2924.42,2025-03-16,EXPENSE,CREDIT_CARD,false
Academia,100.00,2025-03-17,EXPENSE,CREDIT_CARD,true
Aplicativo de transporte,46.65,2025-03-17,EXPENSE,BANK_TRANSFER,false
Curso online,702.95,2025-03-17,EXPENSE,BANK_TRANSFER,false
Doacao,458.49,2025-03-17,EXPENSE,CASH,false
Doacao,36.26,2025-03-17,EXPENSE,PIX,false
Eletronicos,3756.64,2025-03-17,EXPENSE,CREDIT_CARD,false
Eletronicos,1945.43,2025-03-17,EXPENSE,BANK_TRANSFER,false
Estacionamento,14.22,2025-03-17,EXPENSE,BANK_TRANSFER,false
Streaming,57.32,2025-03-17,EXPENSE,CREDIT_CARD,true
Reembolso empresarial,415.85,2025-03-17,INCOME,BANK_TRANSFER,false
Combustivel,391.55,2025-03-18,EXPENSE,CASH,false
Conta de agua,198.25,2025-03-18,EXPENSE,DEBIT_CARD,true
Conta de agua,216.26,2025-03-18,EXPENSE,DEBIT_CARD,true
Doacao,84.93,2025-03-18,EXPENSE,BANK_TRANSFER,false
Passagem aerea,1958.37,2025-03-18,EXPENSE,CREDIT_CARD,false
Pet shop,59.21,2025-03-18,EXPENSE,BANK_TRANSFER,false
Plano de saude,445.70,2025-03-18,EXPENSE,BANK_TRANSFER,true
Plano de saude,1116.08,2025-03-18,EXPENSE,CASH,true
Seguro do veiculo,395.86,2025-03-18,EXPENSE,CREDIT_CARD,true
Seguro do veiculo,459.57,2025-03-18,EXPENSE,DEBIT_CARD,true
Veterinario,211.99,2025-03-18,EXPENSE,PIX,false
Pagamento freelance,2426.18,2025-03-18,INCOME,PIX,false
Salario mensal,11883.29,2025-03-18,INCOME,BANK_TRANSFER,true
Transferencia recebida,1060.54,2025-03-18,INCOME,PIX,false
Aplicativo de transporte,84.24,2025-03-19,EXPENSE,CREDIT_CARD,false
Aplicativo de transporte,10.96,2025-03-19,EXPENSE,DEBIT_CARD,false
Curso online,574.72,2025-03-19,EXPENSE,BANK_TRANSFER,false
Livraria,89.38,2025-03-19,EXPENSE,PIX,false
Padaria,33.97,2025-03-19,EXPENSE,DEBIT_CARD,false
Passagem aerea,2598.83,2025-03-19,EXPENSE,DEBIT_CARD,false
Plano de celular,114.26,2025-03-19,EXPENSE,CREDIT_CARD,false
Seguro do veiculo,304.15,2025-03-19,EXPENSE,CASH,false
Veterinario,381.02,2025-03-19,EXPENSE,CREDIT_CARD,false
Aplicativo de transporte,81.31,2025-03-20,EXPENSE,BOLETO,false
Cinema e lazer,87.59,2025-03-20,EXPENSE,BOLETO,false
Combustivel,126.28,2025-03-20,EXPENSE,PIX,false
Condominio,384.64,2025-03-20,EXPENSE,PIX,true
Conta de agua,37.41,2025-03-20,EXPENSE,DEBIT_CARD,false
Conta de energia,519.11,2025-03-20,EXPENSE,DEBIT_CARD,true
Padaria,46.44,2025-03-20,EXPENSE,DEBIT_CARD,false
Passagem aerea,1299.52,2025-03-20,EXPENSE,PIX,false
Seguro do veiculo,267.45,2025-03-20,EXPENSE,BANK_TRANSFER,false
Veterinario,946.83,2025-03-20,EXPENSE,BOLETO,false
Dividendos,285.93,2025-03-20,INCOME,PIX,true
Pagamento freelance,2156.44,2025-03-20,INCOME,PIX,false
Reembolso empresarial,498.56,2025-03-20,INCOME,PIX,false
Rendimento de investimento,411.95,2025-03-20,INCOME,BANK_TRANSFER,false
Venda de produto,1619.77,2025-03-20,INCOME,PIX,false
Academia,264.49,2025-03-21,EXPENSE,CREDIT_CARD,true
Conta de energia,107.92,2025-03-21,EXPENSE,BANK_TRANSFER,false
Conta de energia,209.37,2025-03-21,EXPENSE,CASH,true
Manutencao do veiculo,139.81,2025-03-21,EXPENSE,BANK_TRANSFER,false
Passagem aerea,3597.79,2025-03-21,EXPENSE,PIX,false
Plano de saude,455.62,2025-03-21,EXPENSE,PIX,true
Restaurante,107.05,2025-03-21,EXPENSE,CASH,false
Restaurante,170.14,2025-03-21,EXPENSE,DEBIT_CARD,false
Restaurante,77.85,2025-03-21,EXPENSE,BOLETO,false
Aluguel recebido,3074.32,2025-03-21,INCOME,BANK_TRANSFER,true
Aluguel recebido,3408.06,2025-03-21,INCOME,PIX,true
Pagamento freelance,2093.69,2025-03-21,INCOME,BANK_TRANSFER,false
Doacao,247.97,2025-03-22,EXPENSE,PIX,false
Doacao,485.54,2025-03-22,EXPENSE,BOLETO,false
Eletronicos,643.37,2025-03-22,EXPENSE,PIX,false
Estacionamento,38.68,2025-03-22,EXPENSE,PIX,false
Pet shop,405.22,2025-03-22,EXPENSE,PIX,false
Restaurante,314.17,2025-03-22,EXPENSE,DEBIT_CARD,false
Aplicativo de transporte,44.13,2025-03-23,EXPENSE,BANK_TRANSFER,false
Conta de agua,234.61,2025-03-23,EXPENSE,DEBIT_CARD,false
Livraria,91.89,2025-03-23,EXPENSE,DEBIT_CARD,false
Padaria,20.14,2025-03-23,EXPENSE,BANK_TRANSFER,false
Pet shop,219.36,2025-03-23,EXPENSE,BOLETO,false
Seguro do veiculo,432.36,2025-03-23,EXPENSE,BOLETO,true
Viagem e hospedagem,1030.05,2025-03-23,EXPENSE,DEBIT_CARD,false
Pagamento freelance,2214.91,2025-03-23,INCOME,PIX,false
Transferencia recebida,850.39,2025-03-23,INCOME,BANK_TRANSFER,false
Conta de agua,254.67,2025-03-24,EXPENSE,DEBIT_CARD,false
Conta de agua,79.25,2025-03-24,EXPENSE,CASH,true
Livraria,39.20,2025-03-24,EXPENSE,CASH,false
Livraria,103.86,2025-03-24,EXPENSE,BANK_TRANSFER,false
Pet shop,269.45,2025-03-24,EXPENSE,PIX,false
Supermercado,159.16,2025-03-24,EXPENSE,BOLETO,false
Veterinario,273.61,2025-03-24,EXPENSE,BANK_TRANSFER,false
Viagem e hospedagem,1948.84,2025-03-24,EXPENSE,DEBIT_CARD,false
Cinema e lazer,228.32,2025-03-25,EXPENSE,CASH,false
Condominio,260.03,2025-03-25,EXPENSE,CREDIT_CARD,true
Conta de energia,240.32,2025-03-25,EXPENSE,PIX,true
Doacao,384.32,2025-03-25,EXPENSE,DEBIT_CARD,false
Eletronicos,393.30,2025-03-25,EXPENSE,CREDIT_CARD,false
Loja de roupas,717.93,2025-03-25,EXPENSE,CASH,false
Manutencao do veiculo,2148.81,2025-03-25,EXPENSE,CREDIT_CARD,false
Passagem aerea,527.54,2025-03-25,EXPENSE,BOLETO,false
Pet shop,375.33,2025-03-25,EXPENSE,CASH,false
Supermercado,524.70,2025-03-25,EXPENSE,CREDIT_CARD,false
Venda de produto,921.53,2025-03-25,INCOME,BANK_TRANSFER,false
Aluguel residencial,1312.65,2025-03-26,EXPENSE,BANK_TRANSFER,true
Aplicativo de transporte,33.40,2025-03-26,EXPENSE,CREDIT_CARD,false
Conta de agua,89.36,2025-03-26,EXPENSE,BOLETO,true
Loja de roupas,341.82,2025-03-26,EXPENSE,PIX,false
Pet shop,287.17,2025-03-26,EXPENSE,CASH,false
Plano de celular,136.46,2025-03-26,EXPENSE,BOLETO,true
Plano de celular,42.34,2025-03-26,EXPENSE,BANK_TRANSFER,true
Restituicao de imposto,1951.03,2025-03-26,INCOME,BANK_TRANSFER,false
Transferencia recebida,282.71,2025-03-26,INCOME,BANK_TRANSFER,false
Combustivel,211.30,2025-03-27,EXPENSE,BANK_TRANSFER,false
Combustivel,238.02,2025-03-27,EXPENSE,PIX,false
Eletronicos,844.83,2025-03-27,EXPENSE,CASH,false
Estacionamento,30.03,2025-03-27,EXPENSE,DEBIT_CARD,false
Livraria,58.10,2025-03-27,EXPENSE,PIX,false
Livraria,50.26,2025-03-27,EXPENSE,DEBIT_CARD,false
Loja de roupas,566.77,2025-03-27,EXPENSE,DEBIT_CARD,false
Plano de celular,46.33,2025-03-27,EXPENSE,DEBIT_CARD,true
Plano de saude,362.69,2025-03-27,EXPENSE,BANK_TRANSFER,true
Seguro do veiculo,314.60,2025-03-27,EXPENSE,BOLETO,true
Bonus profissional,4370.96,2025-03-27,INCOME,PIX,false
Reembolso empresarial,614.39,2025-03-27,INCOME,BANK_TRANSFER,false
Aluguel residencial,1829.10,2025-03-28,EXPENSE,BOLETO,true
Aplicativo de transporte,11.51,2025-03-28,EXPENSE,PIX,false
Conta de energia,223.05,2025-03-28,EXPENSE,PIX,true
Conta de energia,605.05,2025-03-28,EXPENSE,CREDIT_CARD,true
Curso online,535.30,2025-03-28,EXPENSE,CASH,false
Farmacia,177.90,2025-03-28,EXPENSE,DEBIT_CARD,false
Seguro do veiculo,409.52,2025-03-28,EXPENSE,DEBIT_CARD,true
Seguro do veiculo,510.50,2025-03-28,EXPENSE,PIX,true
Dividendos,311.61,2025-03-28,INCOME,BANK_TRANSFER,true
Rendimento de investimento,54.85,2025-03-28,INCOME,PIX,true
Rendimento de investimento,430.67,2025-03-28,INCOME,BANK_TRANSFER,true
Aluguel residencial,2572.85,2025-03-29,EXPENSE,DEBIT_CARD,true
Streaming,69.52,2025-03-29,EXPENSE,DEBIT_CARD,true
Supermercado,124.14,2025-03-29,EXPENSE,PIX,false
Restituicao de imposto,775.04,2025-03-29,INCOME,PIX,false
Salario mensal,11208.54,2025-03-29,INCOME,BANK_TRANSFER,false
Academia,267.75,2025-03-30,EXPENSE,DEBIT_CARD,true
Cinema e lazer,98.25,2025-03-30,EXPENSE,PIX,false
Curso online,536.82,2025-03-30,EXPENSE,DEBIT_CARD,false
Livraria,260.17,2025-03-30,EXPENSE,CASH,false
Manutencao do veiculo,1962.55,2025-03-30,EXPENSE,PIX,false
Passagem aerea,467.69,2025-03-30,EXPENSE,BOLETO,false
Viagem e hospedagem,3925.82,2025-03-30,EXPENSE,CASH,false
Viagem e hospedagem,2602.73,2025-03-30,EXPENSE,BANK_TRANSFER,false
Salario mensal,4533.10,2025-03-30,INCOME,BANK_TRANSFER,true
Combustivel,403.12,2025-03-31,EXPENSE,CASH,false
Conta de agua,247.91,2025-03-31,EXPENSE,BOLETO,true
Doacao,229.40,2025-03-31,EXPENSE,BANK_TRANSFER,false
Farmacia,90.50,2025-03-31,EXPENSE,PIX,false
Internet residencial,132.67,2025-03-31,EXPENSE,PIX,true
Manutencao do veiculo,734.53,2025-03-31,EXPENSE,DEBIT_CARD,false
Passagem aerea,3459.72,2025-03-31,EXPENSE,BANK_TRANSFER,false
Pet shop,159.87,2025-03-31,EXPENSE,DEBIT_CARD,false
Pet shop,99.71,2025-03-31,EXPENSE,CREDIT_CARD,false
Plano de celular,70.74,2025-03-31,EXPENSE,DEBIT_CARD,false
Plano de saude,1368.87,2025-03-31,EXPENSE,DEBIT_CARD,true
Streaming,82.81,2025-03-31,EXPENSE,CREDIT_CARD,true
Viagem e hospedagem,3260.37,2025-03-31,EXPENSE,CREDIT_CARD,false
Salario mensal,9103.14,2025-03-31,INCOME,BANK_TRANSFER,true
Aluguel residencial,1614.13,2025-04-01,EXPENSE,CREDIT_CARD,true
Curso online,620.88,2025-04-01,EXPENSE,CASH,false
Delivery de comida,40.71,2025-04-01,EXPENSE,PIX,false
Doacao,80.21,2025-04-01,EXPENSE,CASH,false
Impostos e taxas,860.06,2025-04-01,EXPENSE,BANK_TRANSFER,false
Impostos e taxas,1522.24,2025-04-01,EXPENSE,CASH,false
Padaria,45.13,2025-04-01,EXPENSE,CASH,false
Passagem aerea,3141.02,2025-04-01,EXPENSE,BANK_TRANSFER,false
Streaming,32.79,2025-04-01,EXPENSE,CASH,true
Veterinario,509.91,2025-04-01,EXPENSE,BOLETO,false
Restituicao de imposto,1567.73,2025-04-01,INCOME,BANK_TRANSFER,false
Aluguel residencial,1898.73,2025-04-02,EXPENSE,CASH,true
Doacao,216.36,2025-04-02,EXPENSE,PIX,false
Doacao,176.96,2025-04-02,EXPENSE,DEBIT_CARD,false
Impostos e taxas,1916.24,2025-04-02,EXPENSE,CREDIT_CARD,false
Streaming,42.31,2025-04-02,EXPENSE,BANK_TRANSFER,true
Supermercado,452.59,2025-04-02,EXPENSE,CASH,false
Veterinario,905.50,2025-04-02,EXPENSE,CREDIT_CARD,false
Dividendos,115.32,2025-04-02,INCOME,BANK_TRANSFER,true
Aluguel residencial,3441.73,2025-04-03,EXPENSE,BANK_TRANSFER,false
Conta de agua,72.68,2025-04-03,EXPENSE,PIX,true
Doacao,51.08,2025-04-03,EXPENSE,CREDIT_CARD,false
Doacao,374.79,2025-04-03,EXPENSE,CASH,false
Estacionamento,52.88,2025-04-03,EXPENSE,PIX,false
Estacionamento,11.62,2025-04-03,EXPENSE,DEBIT_CARD,false
Loja de roupas,90.88,2025-04-03,EXPENSE,CREDIT_CARD,false
Plano de celular,115.37,2025-04-03,EXPENSE,CASH,true
Seguro do veiculo,534.93,2025-04-03,EXPENSE,BANK_TRANSFER,true
Restituicao de imposto,1179.32,2025-04-03,INCOME,PIX,false
Combustivel,237.63,2025-04-04,EXPENSE,CREDIT_CARD,false
Conta de agua,92.82,2025-04-04,EXPENSE,BOLETO,true
Doacao,98.25,2025-04-04,EXPENSE,BOLETO,false
Eletronicos,2491.80,2025-04-04,EXPENSE,CREDIT_CARD,false
Livraria,135.10,2025-04-04,EXPENSE,CREDIT_CARD,false
Loja de roupas,888.36,2025-04-04,EXPENSE,PIX,false
Manutencao do veiculo,2292.09,2025-04-04,EXPENSE,PIX,false
Manutencao do veiculo,130.51,2025-04-04,EXPENSE,BANK_TRANSFER,false
Passagem aerea,829.94,2025-04-04,EXPENSE,CASH,false
Plano de saude,595.59,2025-04-04,EXPENSE,BANK_TRANSFER,true
Aluguel recebido,2798.19,2025-04-04,INCOME,BANK_TRANSFER,true
Condominio,349.39,2025-04-05,EXPENSE,BOLETO,false
Conta de energia,516.34,2025-04-05,EXPENSE,CREDIT_CARD,true
Delivery de comida,31.44,2025-04-05,EXPENSE,PIX,false
Doacao,283.52,2025-04-05,EXPENSE,BOLETO,false
Farmacia,86.35,2025-04-05,EXPENSE,CREDIT_CARD,false
Pet shop,159.67,2025-04-05,EXPENSE,BOLETO,false
Restaurante,157.68,2025-04-05,EXPENSE,PIX,false
Streaming,68.35,2025-04-05,EXPENSE,PIX,true
Supermercado,784.61,2025-04-05,EXPENSE,CASH,false
Pagamento freelance,776.93,2025-04-05,INCOME,BANK_TRANSFER,false
Restituicao de imposto,1572.04,2025-04-05,INCOME,BANK_TRANSFER,false
Venda de produto,466.08,2025-04-05,INCOME,PIX,false
Aplicativo de transporte,38.08,2025-04-06,EXPENSE,CASH,false
Aplicativo de transporte,63.84,2025-04-06,EXPENSE,DEBIT_CARD,false
Conta de agua,208.08,2025-04-06,EXPENSE,CASH,true
Conta de agua,232.70,2025-04-06,EXPENSE,CREDIT_CARD,true
Conta de energia,297.88,2025-04-06,EXPENSE,BOLETO,true
Conta de energia,520.55,2025-04-06,EXPENSE,BANK_TRANSFER,true
Curso online,424.34,2025-04-06,EXPENSE,CREDIT_CARD,false
Delivery de comida,174.30,2025-04-06,EXPENSE,CREDIT_CARD,false
Manutencao do veiculo,2277.54,2025-04-06,EXPENSE,PIX,false
Padaria,76.16,2025-04-06,EXPENSE,DEBIT_CARD,false
Pet shop,91.56,2025-04-06,EXPENSE,BOLETO,false
Plano de saude,808.26,2025-04-06,EXPENSE,DEBIT_CARD,true
Streaming,75.45,2025-04-06,EXPENSE,DEBIT_CARD,true
Supermercado,774.68,2025-04-06,EXPENSE,DEBIT_CARD,false
Restituicao de imposto,2372.80,2025-04-06,INCOME,BANK_TRANSFER,false
Academia,203.48,2025-04-07,EXPENSE,PIX,true
Aluguel residencial,2633.89,2025-04-07,EXPENSE,BOLETO,true
Condominio,609.80,2025-04-07,EXPENSE,PIX,true
Conta de energia,453.36,2025-04-07,EXPENSE,CASH,true
Eletronicos,2320.03,2025-04-07,EXPENSE,BOLETO,false
Farmacia,187.33,2025-04-07,EXPENSE,BANK_TRANSFER,false
Impostos e taxas,1905.14,2025-04-07,EXPENSE,BANK_TRANSFER,false
Internet residencial,137.49,2025-04-07,EXPENSE,PIX,true
Livraria,85.58,2025-04-07,EXPENSE,CREDIT_CARD,false
Padaria,18.58,2025-04-07,EXPENSE,CREDIT_CARD,false
Padaria,34.50,2025-04-07,EXPENSE,PIX,false
Restaurante,187.44,2025-04-07,EXPENSE,DEBIT_CARD,false
Viagem e hospedagem,3314.97,2025-04-07,EXPENSE,BANK_TRANSFER,false
Cinema e lazer,118.12,2025-04-08,EXPENSE,BOLETO,false
Condominio,963.99,2025-04-08,EXPENSE,BOLETO,true
Internet residencial,121.66,2025-04-08,EXPENSE,CASH,true
Pet shop,243.44,2025-04-08,EXPENSE,DEBIT_CARD,false
Transferencia recebida,1022.21,2025-04-08,INCOME,BANK_TRANSFER,false
Aplicativo de transporte,85.26,2025-04-09,EXPENSE,BOLETO,false
Cinema e lazer,23.58,2025-04-09,EXPENSE,PIX,false
Combustivel,315.75,2025-04-09,EXPENSE,DEBIT_CARD,false
Conta de energia,107.44,2025-04-09,EXPENSE,PIX,true
Doacao,340.59,2025-04-09,EXPENSE,BANK_TRANSFER,false
Estacionamento,44.88,2025-04-09,EXPENSE,BANK_TRANSFER,false
Impostos e taxas,2124.25,2025-04-09,EXPENSE,CASH,false
Manutencao do veiculo,1496.00,2025-04-09,EXPENSE,BOLETO,false
Pet shop,250.44,2025-04-09,EXPENSE,CASH,false
Plano de celular,99.65,2025-04-09,EXPENSE,BANK_TRANSFER,true
Viagem e hospedagem,2693.44,2025-04-09,EXPENSE,CASH,false
Dividendos,260.95,2025-04-09,INCOME,PIX,true
Reembolso empresarial,331.17,2025-04-09,INCOME,PIX,false
Estacionamento,52.85,2025-04-10,EXPENSE,BANK_TRANSFER,false
Farmacia,132.96,2025-04-10,EXPENSE,CASH,false
Loja de roupas,159.03,2025-04-10,EXPENSE,BANK_TRANSFER,false
Passagem aerea,427.88,2025-04-10,EXPENSE,PIX,false
Veterinario,369.46,2025-04-10,EXPENSE,CASH,false
Academia,274.69,2025-04-11,EXPENSE,PIX,true
Combustivel,162.13,2025-04-11,EXPENSE,PIX,false
Condominio,1220.75,2025-04-11,EXPENSE,BANK_TRANSFER,true
Delivery de comida,89.47,2025-04-11,EXPENSE,CASH,false
Eletronicos,569.41,2025-04-11,EXPENSE,DEBIT_CARD,false
Eletronicos,2712.91,2025-04-11,EXPENSE,CASH,false
Eletronicos,4153.86,2025-04-11,EXPENSE,BOLETO,false
Impostos e taxas,1547.75,2025-04-11,EXPENSE,PIX,false
Manutencao do veiculo,2372.43,2025-04-11,EXPENSE,CREDIT_CARD,false
Plano de celular,157.11,2025-04-11,EXPENSE,BANK_TRANSFER,true
Restaurante,151.52,2025-04-11,EXPENSE,BANK_TRANSFER,false
Supermercado,607.01,2025-04-11,EXPENSE,BOLETO,false
Bonus profissional,3274.91,2025-04-11,INCOME,PIX,false
Reembolso empresarial,139.15,2025-04-11,INCOME,PIX,false
Salario mensal,9386.80,2025-04-11,INCOME,BANK_TRANSFER,true
Combustivel,170.34,2025-04-12,EXPENSE,BOLETO,false
Condominio,770.28,2025-04-12,EXPENSE,PIX,true
Conta de agua,88.84,2025-04-12,EXPENSE,BOLETO,false
Curso online,372.15,2025-04-12,EXPENSE,BANK_TRANSFER,false
Curso online,310.48,2025-04-12,EXPENSE,DEBIT_CARD,false
Delivery de comida,26.30,2025-04-12,EXPENSE,BOLETO,false
Delivery de comida,166.51,2025-04-12,EXPENSE,BOLETO,false
Delivery de comida,79.14,2025-04-12,EXPENSE,BANK_TRANSFER,false
Impostos e taxas,1675.61,2025-04-12,EXPENSE,CASH,false
Veterinario,615.73,2025-04-12,EXPENSE,CREDIT_CARD,false
Academia,89.98,2025-04-13,EXPENSE,CREDIT_CARD,true
Aluguel residencial,3437.19,2025-04-13,EXPENSE,BANK_TRANSFER,true
Cinema e lazer,191.25,2025-04-13,EXPENSE,BANK_TRANSFER,false
Doacao,33.07,2025-04-13,EXPENSE,DEBIT_CARD,false
Pet shop,137.86,2025-04-13,EXPENSE,BANK_TRANSFER,false
Plano de saude,1410.85,2025-04-13,EXPENSE,BOLETO,true
Restaurante,84.83,2025-04-13,EXPENSE,DEBIT_CARD,false
Restaurante,312.08,2025-04-13,EXPENSE,CASH,false
Supermercado,839.92,2025-04-13,EXPENSE,PIX,false
Viagem e hospedagem,3852.25,2025-04-13,EXPENSE,PIX,false
Restituicao de imposto,2206.96,2025-04-13,INCOME,PIX,false
Conta de agua,107.63,2025-04-14,EXPENSE,BANK_TRANSFER,true
Curso online,274.79,2025-04-14,EXPENSE,BANK_TRANSFER,false
Impostos e taxas,1772.37,2025-04-14,EXPENSE,BANK_TRANSFER,false
Internet residencial,136.83,2025-04-14,EXPENSE,DEBIT_CARD,true
Padaria,57.82,2025-04-14,EXPENSE,CASH,false
Padaria,14.19,2025-04-14,EXPENSE,BANK_TRANSFER,false
Passagem aerea,684.68,2025-04-14,EXPENSE,BANK_TRANSFER,false
Aluguel recebido,976.13,2025-04-14,INCOME,BANK_TRANSFER,true
Bonus profissional,1278.00,2025-04-14,INCOME,PIX,false
Pagamento freelance,1264.01,2025-04-14,INCOME,BANK_TRANSFER,false
Venda de produto,873.40,2025-04-14,INCOME,PIX,false
Aluguel residencial,4038.73,2025-04-15,EXPENSE,BOLETO,true
Aplicativo de transporte,76.23,2025-04-15,EXPENSE,BOLETO,false
Condominio,463.91,2025-04-15,EXPENSE,BOLETO,false
Eletronicos,4708.94,2025-04-15,EXPENSE,BOLETO,false
Seguro do veiculo,282.06,2025-04-15,EXPENSE,PIX,true
Seguro do veiculo,215.11,2025-04-15,EXPENSE,BOLETO,true
Aluguel recebido,1823.29,2025-04-15,INCOME,PIX,true
Restituicao de imposto,228.07,2025-04-15,INCOME,PIX,false
Combustivel,401.55,2025-04-16,EXPENSE,PIX,false
Curso online,64.31,2025-04-16,EXPENSE,CREDIT_CARD,false
Eletronicos,4771.55,2025-04-16,EXPENSE,BOLETO,false
Estacionamento,32.17,2025-04-16,EXPENSE,DEBIT_CARD,false
Impostos e taxas,1200.12,2025-04-16,EXPENSE,BOLETO,false
Internet residencial,137.01,2025-04-16,EXPENSE,CASH,false
Livraria,194.57,2025-04-16,EXPENSE,BANK_TRANSFER,false
Padaria,21.90,2025-04-16,EXPENSE,CREDIT_CARD,false
Padaria,19.43,2025-04-16,EXPENSE,CASH,false
Passagem aerea,1253.46,2025-04-16,EXPENSE,DEBIT_CARD,false
Aluguel recebido,2315.69,2025-04-16,INCOME,BANK_TRANSFER,true
Reembolso empresarial,677.95,2025-04-16,INCOME,BANK_TRANSFER,false
Salario mensal,10299.33,2025-04-16,INCOME,PIX,true
Cinema e lazer,218.88,2025-04-17,EXPENSE,BANK_TRANSFER,false
Combustivel,209.91,2025-04-17,EXPENSE,CREDIT_CARD,false
Combustivel,417.62,2025-04-17,EXPENSE,BOLETO,false
Conta de agua,213.99,2025-04-17,EXPENSE,DEBIT_CARD,true
Farmacia,278.89,2025-04-17,EXPENSE,BANK_TRANSFER,false
Impostos e taxas,850.18,2025-04-17,EXPENSE,PIX,false
Internet residencial,190.97,2025-04-17,EXPENSE,CASH,true
Loja de roupas,385.74,2025-04-17,EXPENSE,BOLETO,false
Loja de roupas,786.79,2025-04-17,EXPENSE,CREDIT_CARD,false
Passagem aerea,3602.79,2025-04-17,EXPENSE,CREDIT_CARD,false
Plano de celular,57.14,2025-04-17,EXPENSE,BANK_TRANSFER,true
Streaming,88.09,2025-04-17,EXPENSE,CREDIT_CARD,false
Streaming,75.96,2025-04-17,EXPENSE,CASH,true
Streaming,31.77,2025-04-17,EXPENSE,BANK_TRANSFER,true
Veterinario,934.39,2025-04-17,EXPENSE,DEBIT_CARD,false
Bonus profissional,1260.05,2025-04-17,INCOME,PIX,false
Academia,186.44,2025-04-18,EXPENSE,BOLETO,true
Aplicativo de transporte,77.01,2025-04-18,EXPENSE,DEBIT_CARD,false
Combustivel,272.12,2025-04-18,EXPENSE,CASH,false
Combustivel,218.00,2025-04-18,EXPENSE,BOLETO,false
Combustivel,315.76,2025-04-18,EXPENSE,CREDIT_CARD,false
Delivery de comida,56.45,2025-04-18,EXPENSE,BOLETO,false
Doacao,448.14,2025-04-18,EXPENSE,BOLETO,false
Eletronicos,4953.61,2025-04-18,EXPENSE,BOLETO,false
Farmacia,269.33,2025-04-18,EXPENSE,BOLETO,false
Farmacia,279.34,2025-04-18,EXPENSE,DEBIT_CARD,false
Passagem aerea,2916.20,2025-04-18,EXPENSE,CREDIT_CARD,false
Plano de celular,147.06,2025-04-18,EXPENSE,CASH,true
Seguro do veiculo,367.25,2025-04-18,EXPENSE,PIX,true
Dividendos,681.13,2025-04-18,INCOME,BANK_TRANSFER,true
Transferencia recebida,126.79,2025-04-18,INCOME,PIX,false
Academia,94.25,2025-04-19,EXPENSE,BOLETO,true
Aplicativo de transporte,63.35,2025-04-19,EXPENSE,BANK_TRANSFER,false
Cinema e lazer,195.82,2025-04-19,EXPENSE,BOLETO,false
Conta de agua,204.35,2025-04-19,EXPENSE,BANK_TRANSFER,true
Conta de energia,376.01,2025-04-19,EXPENSE,BOLETO,true
Conta de energia,229.57,2025-04-19,EXPENSE,BOLETO,true
Delivery de comida,184.06,2025-04-19,EXPENSE,DEBIT_CARD,false
Estacionamento,49.78,2025-04-19,EXPENSE,BOLETO,false
Impostos e taxas,1586.02,2025-04-19,EXPENSE,BANK_TRANSFER,false
Livraria,116.04,2025-04-19,EXPENSE,BOLETO,false
Streaming,49.47,2025-04-19,EXPENSE,BOLETO,true
Bonus profissional,1749.06,2025-04-19,INCOME,BANK_TRANSFER,false
Reembolso empresarial,868.57,2025-04-19,INCOME,PIX,false
Salario mensal,6327.49,2025-04-19,INCOME,BANK_TRANSFER,true
Farmacia,56.43,2025-04-20,EXPENSE,DEBIT_CARD,false
Pet shop,415.57,2025-04-20,EXPENSE,CASH,false
Streaming,89.43,2025-04-20,EXPENSE,CREDIT_CARD,false
Streaming,43.52,2025-04-20,EXPENSE,CREDIT_CARD,true
Bonus profissional,4311.36,2025-04-20,INCOME,PIX,false
Reembolso empresarial,57.28,2025-04-20,INCOME,BANK_TRANSFER,false
Academia,93.42,2025-04-21,EXPENSE,BOLETO,true
Academia,112.34,2025-04-21,EXPENSE,PIX,true
Aplicativo de transporte,79.62,2025-04-21,EXPENSE,BANK_TRANSFER,false
Aplicativo de transporte,51.52,2025-04-21,EXPENSE,DEBIT_CARD,false
Cinema e lazer,95.43,2025-04-21,EXPENSE,BANK_TRANSFER,false
Cinema e lazer,166.62,2025-04-21,EXPENSE,CREDIT_CARD,false
Combustivel,313.44,2025-04-21,EXPENSE,PIX,false
Conta de agua,160.16,2025-04-21,EXPENSE,BANK_TRANSFER,true
Conta de energia,330.75,2025-04-21,EXPENSE,CASH,true
Doacao,270.80,2025-04-21,EXPENSE,PIX,false
Farmacia,142.91,2025-04-21,EXPENSE,PIX,false
Internet residencial,199.96,2025-04-21,EXPENSE,BOLETO,true
Internet residencial,86.30,2025-04-21,EXPENSE,CASH,false
Pet shop,59.23,2025-04-21,EXPENSE,DEBIT_CARD,false
Seguro do veiculo,331.41,2025-04-21,EXPENSE,BANK_TRANSFER,true
Venda de produto,192.77,2025-04-21,INCOME,PIX,false
Aluguel residencial,2207.85,2025-04-22,EXPENSE,PIX,true
Conta de agua,171.76,2025-04-22,EXPENSE,BANK_TRANSFER,true
Conta de agua,64.85,2025-04-22,EXPENSE,DEBIT_CARD,true
Curso online,732.77,2025-04-22,EXPENSE,CASH,false
Delivery de comida,171.49,2025-04-22,EXPENSE,DEBIT_CARD,false
Eletronicos,785.90,2025-04-22,EXPENSE,DEBIT_CARD,false
Eletronicos,4620.75,2025-04-22,EXPENSE,BOLETO,false
Eletronicos,4813.52,2025-04-22,EXPENSE,CREDIT_CARD,false
Estacionamento,38.43,2025-04-22,EXPENSE,BOLETO,false
Estacionamento,66.69,2025-04-22,EXPENSE,BANK_TRANSFER,false
Internet residencial,211.25,2025-04-22,EXPENSE,CREDIT_CARD,false
Livraria,58.00,2025-04-22,EXPENSE,CASH,false
Passagem aerea,1979.23,2025-04-22,EXPENSE,BANK_TRANSFER,false
Plano de saude,968.00,2025-04-22,EXPENSE,BANK_TRANSFER,true
Seguro do veiculo,319.44,2025-04-22,EXPENSE,BOLETO,true
Reembolso empresarial,691.22,2025-04-22,INCOME,BANK_TRANSFER,false
Reembolso empresarial,604.12,2025-04-22,INCOME,BANK_TRANSFER,false
Aluguel residencial,2227.76,2025-04-23,EXPENSE,BOLETO,true
Cinema e lazer,129.67,2025-04-23,EXPENSE,DEBIT_CARD,false
Farmacia,213.30,2025-04-23,EXPENSE,CREDIT_CARD,false
Loja de roupas,375.02,2025-04-23,EXPENSE,DEBIT_CARD,false
Loja de roupas,184.25,2025-04-23,EXPENSE,BANK_TRANSFER,false
Passagem aerea,3120.83,2025-04-23,EXPENSE,CREDIT_CARD,false
Streaming,24.90,2025-04-23,EXPENSE,CASH,true
Supermercado,213.77,2025-04-23,EXPENSE,CREDIT_CARD,false
Veterinario,552.57,2025-04-23,EXPENSE,CASH,false
Viagem e hospedagem,3713.26,2025-04-23,EXPENSE,DEBIT_CARD,false
Restituicao de imposto,2231.23,2025-04-23,INCOME,PIX,false
Internet residencial,186.36,2025-04-24,EXPENSE,CASH,true
Livraria,73.15,2025-04-24,EXPENSE,CREDIT_CARD,false
Loja de roupas,280.54,2025-04-24,EXPENSE,DEBIT_CARD,false
Plano de celular,122.01,2025-04-24,EXPENSE,BANK_TRANSFER,false
Plano de celular,159.33,2025-04-24,EXPENSE,BANK_TRANSFER,true
Supermercado,124.07,2025-04-24,EXPENSE,BOLETO,false
Veterinario,168.15,2025-04-24,EXPENSE,DEBIT_CARD,false
Dividendos,486.64,2025-04-24,INCOME,BANK_TRANSFER,true
Pagamento freelance,1599.50,2025-04-24,INCOME,PIX,false
Rendimento de investimento,34.08,2025-04-24,INCOME,PIX,false
Restituicao de imposto,827.84,2025-04-24,INCOME,BANK_TRANSFER,false
Academia,140.66,2025-04-25,EXPENSE,PIX,true
Conta de energia,604.15,2025-04-25,EXPENSE,BANK_TRANSFER,true
Conta de energia,226.96,2025-04-25,EXPENSE,BOLETO,true
Curso online,435.61,2025-04-25,EXPENSE,CASH,false
Impostos e taxas,1617.53,2025-04-25,EXPENSE,DEBIT_CARD,false
Impostos e taxas,668.48,2025-04-25,EXPENSE,BOLETO,false
Pet shop,406.50,2025-04-25,EXPENSE,BOLETO,false
Restaurante,195.92,2025-04-25,EXPENSE,CASH,false
Supermercado,421.37,2025-04-25,EXPENSE,CREDIT_CARD,false
Restituicao de imposto,1926.22,2025-04-25,INCOME,BANK_TRANSFER,false
Cinema e lazer,200.57,2025-04-26,EXPENSE,BANK_TRANSFER,false
Cinema e lazer,178.93,2025-04-26,EXPENSE,CASH,false
Curso online,701.14,2025-04-26,EXPENSE,CREDIT_CARD,false
Delivery de comida,95.27,2025-04-26,EXPENSE,DEBIT_CARD,false
Impostos e taxas,1791.47,2025-04-26,EXPENSE,CASH,false
Internet residencial,198.11,2025-04-26,EXPENSE,DEBIT_CARD,true
Plano de celular,98.82,2025-04-26,EXPENSE,DEBIT_CARD,true
Streaming,58.23,2025-04-26,EXPENSE,BOLETO,false
Veterinario,218.40,2025-04-26,EXPENSE,CREDIT_CARD,false
Rendimento de investimento,521.00,2025-04-26,INCOME,PIX,true
Salario mensal,6777.09,2025-04-26,INCOME,PIX,false
Transferencia recebida,269.44,2025-04-26,INCOME,BANK_TRANSFER,false
Aluguel residencial,1752.30,2025-04-27,EXPENSE,BANK_TRANSFER,true
Cinema e lazer,104.50,2025-04-27,EXPENSE,DEBIT_CARD,false
Estacionamento,58.61,2025-04-27,EXPENSE,CREDIT_CARD,false
Farmacia,323.40,2025-04-27,EXPENSE,PIX,false
Impostos e taxas,458.37,2025-04-27,EXPENSE,CREDIT_CARD,false
Internet residencial,146.96,2025-04-27,EXPENSE,CASH,true
Loja de roupas,706.39,2025-04-27,EXPENSE,PIX,false
Loja de roupas,564.40,2025-04-27,EXPENSE,CASH,false
Loja de roupas,135.39,2025-04-27,EXPENSE,BANK_TRANSFER,false
Manutencao do veiculo,1893.63,2025-04-27,EXPENSE,CREDIT_CARD,false
Pet shop,80.54,2025-04-27,EXPENSE,PIX,false
Plano de celular,67.55,2025-04-27,EXPENSE,CREDIT_CARD,false
Supermercado,618.13,2025-04-27,EXPENSE,BOLETO,false
Veterinario,905.16,2025-04-27,EXPENSE,CREDIT_CARD,false
Reembolso empresarial,879.13,2025-04-27,INCOME,PIX,false
Transferencia recebida,1364.76,2025-04-27,INCOME,BANK_TRANSFER,false
Cinema e lazer,109.33,2025-04-28,EXPENSE,CREDIT_CARD,false
Curso online,526.27,2025-04-28,EXPENSE,BANK_TRANSFER,false
Estacionamento,39.35,2025-04-28,EXPENSE,CREDIT_CARD,false
Padaria,37.50,2025-04-28,EXPENSE,DEBIT_CARD,false
Pet shop,250.15,2025-04-28,EXPENSE,CREDIT_CARD,false
Plano de celular,100.83,2025-04-28,EXPENSE,BANK_TRANSFER,true
Plano de saude,388.07,2025-04-28,EXPENSE,PIX,true
Veterinario,190.70,2025-04-28,EXPENSE,CREDIT_CARD,false
Combustivel,199.22,2025-04-29,EXPENSE,CASH,false
Conta de agua,79.98,2025-04-29,EXPENSE,CREDIT_CARD,true
Doacao,241.98,2025-04-29,EXPENSE,DEBIT_CARD,false
Doacao,203.42,2025-04-29,EXPENSE,DEBIT_CARD,false
Eletronicos,4236.93,2025-04-29,EXPENSE,CASH,false
Estacionamento,29.04,2025-04-29,EXPENSE,CASH,false
Estacionamento,40.43,2025-04-29,EXPENSE,BOLETO,false
Passagem aerea,654.01,2025-04-29,EXPENSE,CREDIT_CARD,false
Plano de celular,103.11,2025-04-29,EXPENSE,DEBIT_CARD,true
Seguro do veiculo,450.69,2025-04-29,EXPENSE,CASH,true
Viagem e hospedagem,1172.13,2025-04-29,EXPENSE,CREDIT_CARD,false
Viagem e hospedagem,658.84,2025-04-29,EXPENSE,BANK_TRANSFER,false
Venda de produto,1507.52,2025-04-29,INCOME,PIX,false
Aluguel residencial,1847.02,2025-04-30,EXPENSE,CASH,true
Combustivel,230.10,2025-04-30,EXPENSE,CASH,false
Impostos e taxas,44.31,2025-04-30,EXPENSE,PIX,false
Internet residencial,128.79,2025-04-30,EXPENSE,DEBIT_CARD,true
Internet residencial,101.41,2025-04-30,EXPENSE,BOLETO,true
Loja de roupas,653.57,2025-04-30,EXPENSE,BANK_TRANSFER,false
Loja de roupas,233.87,2025-04-30,EXPENSE,CREDIT_CARD,false
Manutencao do veiculo,1529.21,2025-04-30,EXPENSE,PIX,false
Padaria,41.90,2025-04-30,EXPENSE,PIX,false
Plano de celular,170.65,2025-04-30,EXPENSE,BANK_TRANSFER,true
Plano de saude,251.23,2025-04-30,EXPENSE,DEBIT_CARD,true
Streaming,33.97,2025-04-30,EXPENSE,DEBIT_CARD,true
Supermercado,92.24,2025-04-30,EXPENSE,BANK_TRANSFER,false
Viagem e hospedagem,3240.28,2025-04-30,EXPENSE,PIX,false
Aluguel recebido,3392.21,2025-04-30,INCOME,PIX,true
Conta de energia,594.36,2025-05-01,EXPENSE,BOLETO,true
Eletronicos,1094.08,2025-05-01,EXPENSE,CASH,false
Plano de saude,753.70,2025-05-01,EXPENSE,CREDIT_CARD,true
Plano de saude,1317.02,2025-05-01,EXPENSE,BOLETO,true
Restaurante,62.43,2025-05-01,EXPENSE,CREDIT_CARD,false
Restaurante,85.15,2025-05-01,EXPENSE,BANK_TRANSFER,false
Seguro do veiculo,238.07,2025-05-01,EXPENSE,BOLETO,false
Veterinario,664.68,2025-05-01,EXPENSE,BANK_TRANSFER,false
Aluguel recebido,3023.72,2025-05-01,INCOME,BANK_TRANSFER,true
Salario mensal,5968.37,2025-05-01,INCOME,PIX,true
Aluguel residencial,4176.97,2025-05-02,EXPENSE,CREDIT_CARD,true
Manutencao do veiculo,1441.14,2025-05-02,EXPENSE,PIX,false
Plano de saude,1184.83,2025-05-02,EXPENSE,BOLETO,false
Restaurante,120.79,2025-05-02,EXPENSE,PIX,false
Seguro do veiculo,167.44,2025-05-02,EXPENSE,PIX,true
Dividendos,200.55,2025-05-02,INCOME,PIX,true
Academia,166.35,2025-05-03,EXPENSE,CASH,false
Aluguel residencial,2641.11,2025-05-03,EXPENSE,PIX,true
Eletronicos,1293.23,2025-05-03,EXPENSE,BOLETO,false
Manutencao do veiculo,1849.80,2025-05-03,EXPENSE,BOLETO,false
Manutencao do veiculo,331.51,2025-05-03,EXPENSE,BOLETO,false
Reembolso empresarial,774.40,2025-05-03,INCOME,BANK_TRANSFER,false
Delivery de comida,126.13,2025-05-04,EXPENSE,DEBIT_CARD,false
Eletronicos,2127.71,2025-05-04,EXPENSE,BANK_TRANSFER,false
Loja de roupas,658.70,2025-05-04,EXPENSE,CASH,false
Manutencao do veiculo,1213.05,2025-05-04,EXPENSE,CASH,false
Plano de celular,172.69,2025-05-04,EXPENSE,CASH,true
Veterinario,119.18,2025-05-04,EXPENSE,CREDIT_CARD,false
Veterinario,422.16,2025-05-04,EXPENSE,PIX,false
Viagem e hospedagem,3100.92,2025-05-04,EXPENSE,DEBIT_CARD,false
Bonus profissional,324.79,2025-05-04,INCOME,BANK_TRANSFER,false
Rendimento de investimento,490.04,2025-05-04,INCOME,PIX,true
Venda de produto,907.22,2025-05-04,INCOME,PIX,false
Aplicativo de transporte,94.01,2025-05-05,EXPENSE,PIX,false
Cinema e lazer,86.95,2025-05-05,EXPENSE,BANK_TRANSFER,false
Conta de agua,129.45,2025-05-05,EXPENSE,DEBIT_CARD,true
Curso online,522.37,2025-05-05,EXPENSE,PIX,false
Doacao,260.35,2025-05-05,EXPENSE,CASH,false
Impostos e taxas,120.64,2025-05-05,EXPENSE,BANK_TRANSFER,false
Impostos e taxas,1254.22,2025-05-05,EXPENSE,BOLETO,false
Loja de roupas,706.09,2025-05-05,EXPENSE,DEBIT_CARD,false
Manutencao do veiculo,1294.93,2025-05-05,EXPENSE,CREDIT_CARD,false
Seguro do veiculo,545.89,2025-05-05,EXPENSE,PIX,true
Veterinario,162.87,2025-05-05,EXPENSE,DEBIT_CARD,false
Viagem e hospedagem,2707.49,2025-05-05,EXPENSE,BANK_TRANSFER,false
Venda de produto,670.74,2025-05-05,INCOME,PIX,false
Combustivel,307.70,2025-05-06,EXPENSE,PIX,false
Conta de agua,114.27,2025-05-06,EXPENSE,CREDIT_CARD,true
Livraria,274.90,2025-05-06,EXPENSE,CASH,false
Loja de roupas,827.31,2025-05-06,EXPENSE,DEBIT_CARD,false
Plano de celular,171.39,2025-05-06,EXPENSE,CREDIT_CARD,true
Streaming,43.86,2025-05-06,EXPENSE,BOLETO,false
Supermercado,765.37,2025-05-06,EXPENSE,CASH,false
Supermercado,493.36,2025-05-06,EXPENSE,CREDIT_CARD,false
Condominio,425.34,2025-05-07,EXPENSE,PIX,true
Conta de energia,624.35,2025-05-07,EXPENSE,CASH,true
Estacionamento,28.77,2025-05-07,EXPENSE,CREDIT_CARD,false
Estacionamento,61.18,2025-05-07,EXPENSE,CREDIT_CARD,false
Passagem aerea,3575.95,2025-05-07,EXPENSE,BOLETO,false
Supermercado,269.69,2025-05-07,EXPENSE,PIX,false
Supermercado,699.99,2025-05-07,EXPENSE,CREDIT_CARD,false
Cinema e lazer,212.44,2025-05-08,EXPENSE,DEBIT_CARD,false
Combustivel,228.29,2025-05-08,EXPENSE,CASH,false
Condominio,1083.13,2025-05-08,EXPENSE,CREDIT_CARD,true
Conta de agua,117.98,2025-05-08,EXPENSE,BANK_TRANSFER,true
Curso online,610.81,2025-05-08,EXPENSE,CASH,false
Eletronicos,2301.22,2025-05-08,EXPENSE,DEBIT_CARD,false
Farmacia,208.63,2025-05-08,EXPENSE,PIX,false
Pet shop,178.72,2025-05-08,EXPENSE,BOLETO,false
Aluguel recebido,1600.01,2025-05-08,INCOME,BANK_TRANSFER,false
Venda de produto,532.17,2025-05-08,INCOME,BANK_TRANSFER,false
Academia,242.02,2025-05-09,EXPENSE,PIX,true
Aluguel residencial,1511.41,2025-05-09,EXPENSE,BOLETO,false
Impostos e taxas,394.01,2025-05-09,EXPENSE,DEBIT_CARD,false
Internet residencial,95.59,2025-05-09,EXPENSE,BOLETO,false
Loja de roupas,277.63,2025-05-09,EXPENSE,CREDIT_CARD,false
Manutencao do veiculo,407.21,2025-05-09,EXPENSE,CASH,false
Passagem aerea,3687.94,2025-05-09,EXPENSE,BOLETO,false
Pet shop,205.90,2025-05-09,EXPENSE,DEBIT_CARD,false
Restaurante,210.67,2025-05-09,EXPENSE,CASH,false
Reembolso empresarial,833.87,2025-05-09,INCOME,PIX,false
Venda de produto,146.49,2025-05-09,INCOME,PIX,false
Cinema e lazer,31.98,2025-05-10,EXPENSE,PIX,false
Conta de agua,62.73,2025-05-10,EXPENSE,CASH,true
Conta de energia,141.84,2025-05-10,EXPENSE,PIX,true
Delivery de comida,69.34,2025-05-10,EXPENSE,BANK_TRANSFER,false
Delivery de comida,85.86,2025-05-10,EXPENSE,CASH,false
Impostos e taxas,1289.48,2025-05-10,EXPENSE,CREDIT_CARD,false
Plano de saude,917.93,2025-05-10,EXPENSE,CREDIT_CARD,true
Viagem e hospedagem,461.60,2025-05-10,EXPENSE,BANK_TRANSFER,false
Venda de produto,710.85,2025-05-10,INCOME,PIX,false
Combustivel,137.68,2025-05-11,EXPENSE,BANK_TRANSFER,false
Combustivel,415.90,2025-05-11,EXPENSE,CASH,false
Farmacia,228.44,2025-05-11,EXPENSE,BANK_TRANSFER,false
Internet residencial,102.94,2025-05-11,EXPENSE,BANK_TRANSFER,true
Streaming,36.47,2025-05-11,EXPENSE,CREDIT_CARD,true
Veterinario,281.74,2025-05-11,EXPENSE,BANK_TRANSFER,false
Reembolso empresarial,164.00,2025-05-11,INCOME,BANK_TRANSFER,false
Restituicao de imposto,2799.87,2025-05-11,INCOME,PIX,false
Academia,276.09,2025-05-12,EXPENSE,PIX,true
Condominio,309.24,2025-05-12,EXPENSE,CREDIT_CARD,true
Delivery de comida,68.19,2025-05-12,EXPENSE,BOLETO,false
Doacao,139.44,2025-05-12,EXPENSE,DEBIT_CARD,false
Impostos e taxas,911.18,2025-05-12,EXPENSE,CASH,false
Livraria,186.50,2025-05-12,EXPENSE,BANK_TRANSFER,false
Plano de saude,641.60,2025-05-12,EXPENSE,CREDIT_CARD,true
Bonus profissional,1699.67,2025-05-12,INCOME,PIX,false
Bonus profissional,4386.16,2025-05-12,INCOME,PIX,false
Cinema e lazer,44.81,2025-05-13,EXPENSE,CREDIT_CARD,false
Delivery de comida,67.04,2025-05-13,EXPENSE,BANK_TRANSFER,false
Delivery de comida,178.13,2025-05-13,EXPENSE,BOLETO,false
Eletronicos,4363.59,2025-05-13,EXPENSE,CASH,false
Eletronicos,3885.97,2025-05-13,EXPENSE,BOLETO,false
Estacionamento,27.91,2025-05-13,EXPENSE,BANK_TRANSFER,false
Farmacia,127.81,2025-05-13,EXPENSE,BANK_TRANSFER,false
Impostos e taxas,186.25,2025-05-13,EXPENSE,CASH,false
Livraria,186.39,2025-05-13,EXPENSE,BOLETO,false
Supermercado,756.75,2025-05-13,EXPENSE,CREDIT_CARD,false
Academia,218.68,2025-05-14,EXPENSE,CASH,true
Aluguel residencial,2999.13,2025-05-14,EXPENSE,DEBIT_CARD,true
Estacionamento,36.28,2025-05-14,EXPENSE,PIX,false
Padaria,25.14,2025-05-14,EXPENSE,PIX,false
Veterinario,118.74,2025-05-14,EXPENSE,BANK_TRANSFER,false
Aplicativo de transporte,16.74,2025-05-15,EXPENSE,PIX,false
Cinema e lazer,186.50,2025-05-15,EXPENSE,BOLETO,false
Curso online,616.93,2025-05-15,EXPENSE,BANK_TRANSFER,false
Delivery de comida,135.76,2025-05-15,EXPENSE,CASH,false
Eletronicos,1736.95,2025-05-15,EXPENSE,CREDIT_CARD,false
Estacionamento,69.86,2025-05-15,EXPENSE,DEBIT_CARD,false
Farmacia,179.44,2025-05-15,EXPENSE,CASH,false
Impostos e taxas,1040.55,2025-05-15,EXPENSE,BOLETO,false
Aluguel recebido,2910.01,2025-05-15,INCOME,BANK_TRANSFER,false
Academia,147.83,2025-05-16,EXPENSE,CREDIT_CARD,false
Doacao,491.39,2025-05-16,EXPENSE,BOLETO,false
Doacao,45.42,2025-05-16,EXPENSE,BOLETO,false
Eletronicos,1570.59,2025-05-16,EXPENSE,PIX,false
Livraria,62.10,2025-05-16,EXPENSE,CREDIT_CARD,false
Manutencao do veiculo,1913.29,2025-05-16,EXPENSE,CREDIT_CARD,false
Padaria,78.52,2025-05-16,EXPENSE,BANK_TRANSFER,false
Pet shop,150.19,2025-05-16,EXPENSE,CREDIT_CARD,false
Veterinario,486.82,2025-05-16,EXPENSE,DEBIT_CARD,false
Aluguel residencial,2777.01,2025-05-17,EXPENSE,CASH,true
Cinema e lazer,68.55,2025-05-17,EXPENSE,CREDIT_CARD,false
Condominio,717.92,2025-05-17,EXPENSE,DEBIT_CARD,true
Plano de celular,135.43,2025-05-17,EXPENSE,DEBIT_CARD,false
Restaurante,271.95,2025-05-17,EXPENSE,CASH,false
Restaurante,158.89,2025-05-17,EXPENSE,BANK_TRANSFER,false
Seguro do veiculo,336.13,2025-05-17,EXPENSE,DEBIT_CARD,true
Bonus profissional,2887.50,2025-05-17,INCOME,BANK_TRANSFER,false
Salario mensal,8239.31,2025-05-17,INCOME,BANK_TRANSFER,true
Doacao,36.64,2025-05-18,EXPENSE,CASH,false
Estacionamento,33.02,2025-05-18,EXPENSE,PIX,false
Farmacia,85.76,2025-05-18,EXPENSE,CASH,false
Impostos e taxas,1506.31,2025-05-18,EXPENSE,CREDIT_CARD,false
Livraria,33.19,2025-05-18,EXPENSE,PIX,false
Passagem aerea,821.26,2025-05-18,EXPENSE,DEBIT_CARD,false
Plano de celular,91.57,2025-05-18,EXPENSE,BOLETO,true
Plano de saude,758.27,2025-05-18,EXPENSE,CREDIT_CARD,true
Seguro do veiculo,115.02,2025-05-18,EXPENSE,CASH,true
Veterinario,354.54,2025-05-18,EXPENSE,DEBIT_CARD,false
Bonus profissional,4769.05,2025-05-18,INCOME,BANK_TRANSFER,false
Bonus profissional,2644.78,2025-05-18,INCOME,BANK_TRANSFER,false
Reembolso empresarial,782.00,2025-05-18,INCOME,BANK_TRANSFER,false
Reembolso empresarial,591.88,2025-05-18,INCOME,PIX,false
Salario mensal,4910.63,2025-05-18,INCOME,PIX,true
Academia,271.57,2025-05-19,EXPENSE,DEBIT_CARD,true
Aplicativo de transporte,48.96,2025-05-19,EXPENSE,CASH,false
Cinema e lazer,107.06,2025-05-19,EXPENSE,CASH,false
Combustivel,193.38,2025-05-19,EXPENSE,BANK_TRANSFER,false
Farmacia,379.93,2025-05-19,EXPENSE,DEBIT_CARD,false
Farmacia,361.36,2025-05-19,EXPENSE,BOLETO,false
Passagem aerea,2017.29,2025-05-19,EXPENSE,BOLETO,false
Restaurante,190.65,2025-05-19,EXPENSE,DEBIT_CARD,false
Seguro do veiculo,162.89,2025-05-19,EXPENSE,PIX,true
Veterinario,324.51,2025-05-19,EXPENSE,PIX,false
Viagem e hospedagem,3517.32,2025-05-19,EXPENSE,BOLETO,false
Viagem e hospedagem,1217.59,2025-05-19,EXPENSE,CASH,false
Rendimento de investimento,595.18,2025-05-19,INCOME,BANK_TRANSFER,true
Cinema e lazer,234.33,2025-05-20,EXPENSE,CASH,false
Condominio,801.12,2025-05-20,EXPENSE,CREDIT_CARD,true
Farmacia,97.97,2025-05-20,EXPENSE,CREDIT_CARD,false
Impostos e taxas,1815.01,2025-05-20,EXPENSE,DEBIT_CARD,false
Loja de roupas,130.18,2025-05-20,EXPENSE,DEBIT_CARD,false
Manutencao do veiculo,1848.39,2025-05-20,EXPENSE,PIX,false
Veterinario,719.05,2025-05-20,EXPENSE,CREDIT_CARD,false
Salario mensal,7375.56,2025-05-20,INCOME,BANK_TRANSFER,true
Transferencia recebida,1025.65,2025-05-20,INCOME,BANK_TRANSFER,false
Cinema e lazer,81.39,2025-05-21,EXPENSE,BOLETO,false
Conta de energia,417.14,2025-05-21,EXPENSE,CREDIT_CARD,true
Doacao,359.78,2025-05-21,EXPENSE,BANK_TRANSFER,false
Internet residencial,171.58,2025-05-21,EXPENSE,PIX,true
Loja de roupas,890.70,2025-05-21,EXPENSE,DEBIT_CARD,false
Loja de roupas,332.75,2025-05-21,EXPENSE,BOLETO,false
Pet shop,414.34,2025-05-21,EXPENSE,DEBIT_CARD,false
Pet shop,417.87,2025-05-21,EXPENSE,BANK_TRANSFER,false
Plano de celular,70.57,2025-05-21,EXPENSE,BOLETO,true
Veterinario,504.31,2025-05-21,EXPENSE,PIX,false
Viagem e hospedagem,3054.94,2025-05-21,EXPENSE,CREDIT_CARD,false
Aluguel residencial,2826.63,2025-05-22,EXPENSE,PIX,true
Aplicativo de transporte,49.97,2025-05-22,EXPENSE,PIX,false
Combustivel,238.82,2025-05-22,EXPENSE,BOLETO,false
Doacao,462.57,2025-05-22,EXPENSE,DEBIT_CARD,false
Internet residencial,89.19,2025-05-22,EXPENSE,DEBIT_CARD,true
Padaria,58.12,2025-05-22,EXPENSE,PIX,false
Passagem aerea,3781.43,2025-05-22,EXPENSE,CREDIT_CARD,false
Pet shop,91.47,2025-05-22,EXPENSE,BANK_TRANSFER,false
Supermercado,598.04,2025-05-22,EXPENSE,CREDIT_CARD,false
Viagem e hospedagem,2196.06,2025-05-22,EXPENSE,DEBIT_CARD,false
Rendimento de investimento,395.16,2025-05-22,INCOME,BANK_TRANSFER,true
Impostos e taxas,1362.86,2025-05-23,EXPENSE,CASH,false
Internet residencial,192.60,2025-05-23,EXPENSE,CREDIT_CARD,true
Livraria,63.03,2025-05-23,EXPENSE,PIX,false
Loja de roupas,303.44,2025-05-23,EXPENSE,BANK_TRANSFER,false
Loja de roupas,566.38,2025-05-23,EXPENSE,CASH,false
Supermercado,80.77,2025-05-23,EXPENSE,PIX,false
Veterinario,913.40,2025-05-23,EXPENSE,DEBIT_CARD,false
Viagem e hospedagem,3356.44,2025-05-23,EXPENSE,DEBIT_CARD,false
Viagem e hospedagem,883.34,2025-05-23,EXPENSE,CASH,false
Venda de produto,1582.20,2025-05-23,INCOME,PIX,false
Academia,86.19,2025-05-24,EXPENSE,CASH,true
Combustivel,291.24,2025-05-24,EXPENSE,DEBIT_CARD,false
Conta de energia,335.50,2025-05-24,EXPENSE,BANK_TRANSFER,true
Estacionamento,25.47,2025-05-24,EXPENSE,PIX,false
Impostos e taxas,526.83,2025-05-24,EXPENSE,PIX,false
Livraria,47.88,2025-05-24,EXPENSE,BOLETO,false
Livraria,223.41,2025-05-24,EXPENSE,PIX,false
Manutencao do veiculo,1085.81,2025-05-24,EXPENSE,PIX,false
Passagem aerea,2200.68,2025-05-24,EXPENSE,PIX,false
Plano de celular,115.10,2025-05-24,EXPENSE,DEBIT_CARD,false
Restaurante,313.51,2025-05-24,EXPENSE,CREDIT_CARD,false
Aluguel residencial,1176.39,2025-05-25,EXPENSE,CREDIT_CARD,true
Aluguel residencial,2568.37,2025-05-25,EXPENSE,CASH,true
Estacionamento,64.45,2025-05-25,EXPENSE,PIX,false
Padaria,31.94,2025-05-25,EXPENSE,CREDIT_CARD,false
Streaming,78.81,2025-05-25,EXPENSE,CASH,true
Streaming,54.59,2025-05-25,EXPENSE,PIX,true
Rendimento de investimento,147.97,2025-05-25,INCOME,BANK_TRANSFER,true
Aplicativo de transporte,42.37,2025-05-26,EXPENSE,CASH,false
Conta de agua,198.10,2025-05-26,EXPENSE,BANK_TRANSFER,true
Curso online,117.56,2025-05-26,EXPENSE,BANK_TRANSFER,false
Curso online,244.88,2025-05-26,EXPENSE,BANK_TRANSFER,false
Estacionamento,55.31,2025-05-26,EXPENSE,DEBIT_CARD,false
Internet residencial,139.88,2025-05-26,EXPENSE,PIX,true
Loja de roupas,728.79,2025-05-26,EXPENSE,CREDIT_CARD,false
Manutencao do veiculo,2379.37,2025-05-26,EXPENSE,DEBIT_CARD,false
Plano de saude,1040.78,2025-05-26,EXPENSE,PIX,true
Restaurante,247.48,2025-05-26,EXPENSE,BOLETO,false
Academia,103.37,2025-05-27,EXPENSE,PIX,true
Aplicativo de transporte,76.31,2025-05-27,EXPENSE,CREDIT_CARD,false
Combustivel,230.21,2025-05-27,EXPENSE,BANK_TRANSFER,false
Curso online,652.31,2025-05-27,EXPENSE,PIX,false
Doacao,305.18,2025-05-27,EXPENSE,CASH,false
Eletronicos,3049.23,2025-05-27,EXPENSE,PIX,false
Eletronicos,2421.93,2025-05-27,EXPENSE,BANK_TRANSFER,false
Internet residencial,159.90,2025-05-27,EXPENSE,CREDIT_CARD,false
Livraria,277.98,2025-05-27,EXPENSE,DEBIT_CARD,false
Loja de roupas,318.75,2025-05-27,EXPENSE,CASH,false
Passagem aerea,303.23,2025-05-27,EXPENSE,CASH,false
Salario mensal,11774.85,2025-05-27,INCOME,BANK_TRANSFER,true
Salario mensal,9808.59,2025-05-27,INCOME,PIX,true
Salario mensal,2846.60,2025-05-27,INCOME,PIX,true
Aplicativo de transporte,46.99,2025-05-28,EXPENSE,BANK_TRANSFER,false
Doacao,238.39,2025-05-28,EXPENSE,BANK_TRANSFER,false
Farmacia,158.81,2025-05-28,EXPENSE,PIX,false
Internet residencial,180.96,2025-05-28,EXPENSE,DEBIT_CARD,true
Streaming,77.24,2025-05-28,EXPENSE,DEBIT_CARD,true
Streaming,39.85,2025-05-28,EXPENSE,PIX,true
Supermercado,339.73,2025-05-28,EXPENSE,DEBIT_CARD,false
Supermercado,94.43,2025-05-28,EXPENSE,PIX,false
Viagem e hospedagem,1906.53,2025-05-28,EXPENSE,DEBIT_CARD,false
Viagem e hospedagem,4338.85,2025-05-28,EXPENSE,PIX,false
Academia,96.79,2025-05-29,EXPENSE,CREDIT_CARD,false
Aluguel residencial,4162.54,2025-05-29,EXPENSE,CASH,true
Aplicativo de transporte,57.70,2025-05-29,EXPENSE,CREDIT_CARD,false
Aplicativo de transporte,20.79,2025-05-29,EXPENSE,CASH,false
Conta de agua,85.62,2025-05-29,EXPENSE,DEBIT_CARD,false
Delivery de comida,54.60,2025-05-29,EXPENSE,PIX,false
Delivery de comida,134.73,2025-05-29,EXPENSE,DEBIT_CARD,false
Estacionamento,37.54,2025-05-29,EXPENSE,CASH,false
Farmacia,72.99,2025-05-29,EXPENSE,BOLETO,false
Internet residencial,86.58,2025-05-29,EXPENSE,DEBIT_CARD,true
Loja de roupas,253.94,2025-05-29,EXPENSE,CASH,false
Padaria,84.82,2025-05-29,EXPENSE,BANK_TRANSFER,false
Viagem e hospedagem,2863.78,2025-05-29,EXPENSE,CASH,false
Aluguel recebido,2620.15,2025-05-29,INCOME,PIX,true
Bonus profissional,2214.50,2025-05-29,INCOME,PIX,false
Rendimento de investimento,584.91,2025-05-29,INCOME,BANK_TRANSFER,true
Combustivel,284.81,2025-05-30,EXPENSE,PIX,false
Curso online,431.90,2025-05-30,EXPENSE,DEBIT_CARD,false
Delivery de comida,167.45,2025-05-30,EXPENSE,DEBIT_CARD,false
Internet residencial,93.93,2025-05-30,EXPENSE,CREDIT_CARD,true
Manutencao do veiculo,2332.61,2025-05-30,EXPENSE,BOLETO,false
Padaria,46.22,2025-05-30,EXPENSE,PIX,false
Pet shop,405.38,2025-05-30,EXPENSE,CASH,false
Pet shop,112.61,2025-05-30,EXPENSE,CREDIT_CARD,false
Plano de celular,177.29,2025-05-30,EXPENSE,BANK_TRANSFER,false
Plano de saude,988.54,2025-05-30,EXPENSE,BOLETO,true
Supermercado,223.57,2025-05-30,EXPENSE,PIX,false
Veterinario,855.22,2025-05-30,EXPENSE,CREDIT_CARD,false
Aluguel recebido,1620.96,2025-05-30,INCOME,BANK_TRANSFER,false
Dividendos,425.75,2025-05-30,INCOME,PIX,true
Salario mensal,8307.23,2025-05-30,INCOME,BANK_TRANSFER,false
Condominio,278.39,2025-05-31,EXPENSE,BANK_TRANSFER,true
Delivery de comida,161.73,2025-05-31,EXPENSE,PIX,false
Doacao,398.90,2025-05-31,EXPENSE,BOLETO,false
Internet residencial,196.29,2025-05-31,EXPENSE,DEBIT_CARD,true
Padaria,77.81,2025-05-31,EXPENSE,BANK_TRANSFER,false
Passagem aerea,888.85,2025-05-31,EXPENSE,CASH,false
Plano de saude,415.11,2025-05-31,EXPENSE,BOLETO,true
Restaurante,271.37,2025-05-31,EXPENSE,PIX,false
Transferencia recebida,1209.72,2025-05-31,INCOME,PIX,false
Academia,160.55,2025-06-01,EXPENSE,BOLETO,true
Aluguel residencial,1301.91,2025-06-01,EXPENSE,BANK_TRANSFER,true
Aluguel residencial,3304.53,2025-06-01,EXPENSE,BOLETO,true
Estacionamento,72.77,2025-06-01,EXPENSE,CREDIT_CARD,false
Impostos e taxas,153.44,2025-06-01,EXPENSE,CASH,false
Livraria,77.95,2025-06-01,EXPENSE,BANK_TRANSFER,false
Loja de roupas,735.38,2025-06-01,EXPENSE,CREDIT_CARD,false
Plano de celular,157.51,2025-06-01,EXPENSE,CREDIT_CARD,true
Plano de celular,108.45,2025-06-01,EXPENSE,BOLETO,true
Streaming,83.05,2025-06-01,EXPENSE,DEBIT_CARD,true
Streaming,33.90,2025-06-01,EXPENSE,BOLETO,true
Supermercado,651.66,2025-06-01,EXPENSE,PIX,false
Veterinario,742.24,2025-06-01,EXPENSE,BANK_TRANSFER,false
Pagamento freelance,1117.36,2025-06-01,INCOME,BANK_TRANSFER,false
Aplicativo de transporte,36.79,2025-06-02,EXPENSE,CASH,false
Cinema e lazer,89.04,2025-06-02,EXPENSE,CASH,false
Conta de energia,493.89,2025-06-02,EXPENSE,CASH,true
Estacionamento,40.98,2025-06-02,EXPENSE,BOLETO,false
Loja de roupas,693.22,2025-06-02,EXPENSE,CREDIT_CARD,false
Loja de roupas,671.79,2025-06-02,EXPENSE,PIX,false
Padaria,49.10,2025-06-02,EXPENSE,CASH,false
Pet shop,136.08,2025-06-02,EXPENSE,PIX,false
Dividendos,55.09,2025-06-02,INCOME,BANK_TRANSFER,true
Pagamento freelance,1611.37,2025-06-02,INCOME,PIX,false
Venda de produto,547.41,2025-06-02,INCOME,PIX,false
Condominio,750.57,2025-06-03,EXPENSE,PIX,true
Curso online,624.96,2025-06-03,EXPENSE,DEBIT_CARD,false
Eletronicos,4006.78,2025-06-03,EXPENSE,CASH,false
Eletronicos,2152.45,2025-06-03,EXPENSE,BOLETO,false
Estacionamento,51.05,2025-06-03,EXPENSE,CASH,false
Loja de roupas,787.02,2025-06-03,EXPENSE,CREDIT_CARD,false
Plano de saude,390.69,2025-06-03,EXPENSE,CASH,false
Plano de saude,759.50,2025-06-03,EXPENSE,PIX,true
Veterinario,514.14,2025-06-03,EXPENSE,BOLETO,false
Salario mensal,10262.59,2025-06-03,INCOME,BANK_TRANSFER,true
Cinema e lazer,76.38,2025-06-04,EXPENSE,BOLETO,false
Combustivel,342.94,2025-06-04,EXPENSE,BANK_TRANSFER,false
Delivery de comida,49.56,2025-06-04,EXPENSE,BANK_TRANSFER,false
Doacao,414.72,2025-06-04,EXPENSE,DEBIT_CARD,false
Doacao,415.10,2025-06-04,EXPENSE,BANK_TRANSFER,false
Estacionamento,55.41,2025-06-04,EXPENSE,CREDIT_CARD,false
Farmacia,243.16,2025-06-04,EXPENSE,BANK_TRANSFER,false
Farmacia,193.21,2025-06-04,EXPENSE,CREDIT_CARD,false
Impostos e taxas,708.99,2025-06-04,EXPENSE,BANK_TRANSFER,false
Loja de roupas,71.80,2025-06-04,EXPENSE,CREDIT_CARD,false
Loja de roupas,795.03,2025-06-04,EXPENSE,BANK_TRANSFER,false
Padaria,34.37,2025-06-04,EXPENSE,PIX,false
Plano de saude,1149.43,2025-06-04,EXPENSE,PIX,false
Streaming,67.29,2025-06-04,EXPENSE,DEBIT_CARD,false
Restituicao de imposto,1013.71,2025-06-04,INCOME,BANK_TRANSFER,false
Condominio,357.76,2025-06-05,EXPENSE,CREDIT_CARD,true
Condominio,1236.55,2025-06-05,EXPENSE,CREDIT_CARD,true
Conta de agua,194.69,2025-06-05,EXPENSE,CREDIT_CARD,true
Conta de energia,499.41,2025-06-05,EXPENSE,BANK_TRANSFER,true
Eletronicos,4669.16,2025-06-05,EXPENSE,CASH,false
Internet residencial,206.16,2025-06-05,EXPENSE,DEBIT_CARD,true
Internet residencial,212.46,2025-06-05,EXPENSE,BANK_TRANSFER,false
Padaria,80.92,2025-06-05,EXPENSE,BOLETO,false
Pet shop,364.00,2025-06-05,EXPENSE,CREDIT_CARD,false
Veterinario,470.23,2025-06-05,EXPENSE,CREDIT_CARD,false
Bonus profissional,4162.77,2025-06-05,INCOME,PIX,false
Rendimento de investimento,255.43,2025-06-05,INCOME,BANK_TRANSFER,true
Aluguel residencial,4097.92,2025-06-06,EXPENSE,DEBIT_CARD,true
Combustivel,130.85,2025-06-06,EXPENSE,PIX,false
Conta de agua,120.71,2025-06-06,EXPENSE,CREDIT_CARD,true
Conta de energia,289.78,2025-06-06,EXPENSE,BANK_TRANSFER,true
Estacionamento,37.77,2025-06-06,EXPENSE,PIX,false
Internet residencial,211.70,2025-06-06,EXPENSE,PIX,true
Loja de roupas,862.65,2025-06-06,EXPENSE,CASH,false
Manutencao do veiculo,888.52,2025-06-06,EXPENSE,BANK_TRANSFER,false
Pet shop,25.34,2025-06-06,EXPENSE,BANK_TRANSFER,false
Plano de saude,256.11,2025-06-06,EXPENSE,CASH,true
Veterinario,703.26,2025-06-06,EXPENSE,BOLETO,false
Transferencia recebida,2161.08,2025-06-06,INCOME,BANK_TRANSFER,false
Padaria,17.95,2025-06-07,EXPENSE,BOLETO,false
Passagem aerea,563.44,2025-06-07,EXPENSE,CREDIT_CARD,false
Plano de celular,167.51,2025-06-07,EXPENSE,BANK_TRANSFER,true
Supermercado,110.47,2025-06-07,EXPENSE,CREDIT_CARD,false
Restituicao de imposto,1087.20,2025-06-07,INCOME,PIX,false
Combustivel,237.58,2025-06-08,EXPENSE,DEBIT_CARD,false
Conta de energia,125.90,2025-06-08,EXPENSE,BANK_TRANSFER,true
Impostos e taxas,367.74,2025-06-08,EXPENSE,DEBIT_CARD,false
Passagem aerea,1393.84,2025-06-08,EXPENSE,DEBIT_CARD,false
Restaurante,112.84,2025-06-08,EXPENSE,DEBIT_CARD,false
Streaming,81.89,2025-06-08,EXPENSE,BOLETO,true
Reembolso empresarial,123.57,2025-06-08,INCOME,PIX,false
Venda de produto,575.05,2025-06-08,INCOME,BANK_TRANSFER,false
Academia,99.59,2025-06-09,EXPENSE,BANK_TRANSFER,true
Aplicativo de transporte,45.39,2025-06-09,EXPENSE,CASH,false
Cinema e lazer,57.19,2025-06-09,EXPENSE,CREDIT_CARD,false
Farmacia,169.53,2025-06-09,EXPENSE,BANK_TRANSFER,false
Plano de saude,933.63,2025-06-09,EXPENSE,BOLETO,true
Supermercado,385.73,2025-06-09,EXPENSE,CREDIT_CARD,false
Aluguel recebido,2444.07,2025-06-09,INCOME,BANK_TRANSFER,true
Pagamento freelance,4291.02,2025-06-09,INCOME,BANK_TRANSFER,false
Aplicativo de transporte,88.65,2025-06-10,EXPENSE,BOLETO,false
Conta de agua,177.89,2025-06-10,EXPENSE,BOLETO,true
Livraria,152.15,2025-06-10,EXPENSE,BOLETO,false
Padaria,83.36,2025-06-10,EXPENSE,CREDIT_CARD,false
Plano de saude,899.58,2025-06-10,EXPENSE,BANK_TRANSFER,true
Seguro do veiculo,217.50,2025-06-10,EXPENSE,BANK_TRANSFER,true
Streaming,35.66,2025-06-10,EXPENSE,BANK_TRANSFER,false
Supermercado,841.11,2025-06-10,EXPENSE,CREDIT_CARD,false
Veterinario,878.98,2025-06-10,EXPENSE,CASH,false
Pagamento freelance,2387.66,2025-06-10,INCOME,PIX,false
Rendimento de investimento,142.01,2025-06-10,INCOME,PIX,true
Aluguel residencial,1327.44,2025-06-11,EXPENSE,BOLETO,true
Cinema e lazer,220.81,2025-06-11,EXPENSE,BOLETO,false
Conta de energia,540.72,2025-06-11,EXPENSE,BANK_TRANSFER,true
Curso online,451.79,2025-06-11,EXPENSE,DEBIT_CARD,false
Doacao,158.38,2025-06-11,EXPENSE,BOLETO,false
Internet residencial,181.11,2025-06-11,EXPENSE,BANK_TRANSFER,true
Seguro do veiculo,360.59,2025-06-11,EXPENSE,PIX,true
Academia,179.85,2025-06-12,EXPENSE,CASH,true
Aluguel residencial,1790.90,2025-06-12,EXPENSE,DEBIT_CARD,false
Conta de energia,464.08,2025-06-12,EXPENSE,CREDIT_CARD,false
Internet residencial,211.76,2025-06-12,EXPENSE,CASH,true
Loja de roupas,429.75,2025-06-12,EXPENSE,DEBIT_CARD,false
Seguro do veiculo,317.43,2025-06-12,EXPENSE,PIX,true
Seguro do veiculo,517.11,2025-06-12,EXPENSE,PIX,false
Veterinario,420.00,2025-06-12,EXPENSE,PIX,false
Aluguel recebido,961.33,2025-06-12,INCOME,BANK_TRANSFER,true
Pagamento freelance,2961.57,2025-06-12,INCOME,BANK_TRANSFER,false
Delivery de comida,129.27,2025-06-13,EXPENSE,CASH,false
Doacao,24.68,2025-06-13,EXPENSE,BOLETO,false
Livraria,198.86,2025-06-13,EXPENSE,DEBIT_CARD,false
Manutencao do veiculo,1828.42,2025-06-13,EXPENSE,BOLETO,false
Padaria,84.53,2025-06-13,EXPENSE,CREDIT_CARD,false
Passagem aerea,1960.75,2025-06-13,EXPENSE,DEBIT_CARD,false
Streaming,66.29,2025-06-13,EXPENSE,BANK_TRANSFER,true
Streaming,61.30,2025-06-13,EXPENSE,CASH,true
Supermercado,370.06,2025-06-13,EXPENSE,DEBIT_CARD,false
Aluguel recebido,1560.46,2025-06-13,INCOME,BANK_TRANSFER,true
Venda de produto,152.81,2025-06-13,INCOME,BANK_TRANSFER,false
Aplicativo de transporte,94.45,2025-06-14,EXPENSE,BOLETO,false
Combustivel,139.65,2025-06-14,EXPENSE,BANK_TRANSFER,false
Conta de energia,598.13,2025-06-14,EXPENSE,CREDIT_CARD,true
Curso online,645.03,2025-06-14,EXPENSE,DEBIT_CARD,false
Farmacia,40.27,2025-06-14,EXPENSE,CREDIT_CARD,false
Farmacia,170.25,2025-06-14,EXPENSE,BANK_TRANSFER,false
Impostos e taxas,626.76,2025-06-14,EXPENSE,BOLETO,false
Plano de celular,174.27,2025-06-14,EXPENSE,CREDIT_CARD,true
Plano de celular,156.63,2025-06-14,EXPENSE,BOLETO,false
Plano de saude,802.70,2025-06-14,EXPENSE,BANK_TRANSFER,true
Seguro do veiculo,399.51,2025-06-14,EXPENSE,CREDIT_CARD,false
Viagem e hospedagem,3110.71,2025-06-14,EXPENSE,CREDIT_CARD,false
Conta de energia,410.96,2025-06-15,EXPENSE,PIX,true
Plano de celular,134.88,2025-06-15,EXPENSE,BOLETO,true
Seguro do veiculo,176.28,2025-06-15,EXPENSE,DEBIT_CARD,true
Veterinario,328.43,2025-06-15,EXPENSE,BANK_TRANSFER,false
Bonus profissional,993.72,2025-06-15,INCOME,BANK_TRANSFER,false
Pagamento freelance,2059.87,2025-06-15,INCOME,PIX,false
Conta de energia,392.65,2025-06-16,EXPENSE,CASH,true
Loja de roupas,431.52,2025-06-16,EXPENSE,BOLETO,false
Manutencao do veiculo,2295.04,2025-06-16,EXPENSE,PIX,false
Passagem aerea,2623.29,2025-06-16,EXPENSE,DEBIT_CARD,false
Passagem aerea,1967.63,2025-06-16,EXPENSE,CREDIT_CARD,false
Plano de celular,38.48,2025-06-16,EXPENSE,BOLETO,false
Plano de saude,1186.59,2025-06-16,EXPENSE,PIX,true
Supermercado,478.77,2025-06-16,EXPENSE,PIX,false
Veterinario,858.14,2025-06-16,EXPENSE,CREDIT_CARD,false
Dividendos,462.32,2025-06-16,INCOME,PIX,true
Reembolso empresarial,630.13,2025-06-16,INCOME,PIX,false
Restituicao de imposto,2484.51,2025-06-16,INCOME,PIX,false
Aluguel residencial,1257.21,2025-06-17,EXPENSE,BANK_TRANSFER,true
Combustivel,172.93,2025-06-17,EXPENSE,PIX,false
Conta de agua,204.69,2025-06-17,EXPENSE,BANK_TRANSFER,true
Conta de energia,243.26,2025-06-17,EXPENSE,DEBIT_CARD,false
Delivery de comida,161.72,2025-06-17,EXPENSE,CASH,false
Doacao,345.86,2025-06-17,EXPENSE,BANK_TRANSFER,false
Eletronicos,2265.02,2025-06-17,EXPENSE,BOLETO,false
Manutencao do veiculo,125.91,2025-06-17,EXPENSE,PIX,false
Streaming,73.64,2025-06-17,EXPENSE,DEBIT_CARD,true
Streaming,39.94,2025-06-17,EXPENSE,PIX,true
Supermercado,664.10,2025-06-17,EXPENSE,BANK_TRANSFER,false
Viagem e hospedagem,1591.77,2025-06-17,EXPENSE,BANK_TRANSFER,false
Cinema e lazer,68.23,2025-06-18,EXPENSE,BANK_TRANSFER,false
Farmacia,78.54,2025-06-18,EXPENSE,CREDIT_CARD,false
Impostos e taxas,227.89,2025-06-18,EXPENSE,BANK_TRANSFER,false
Livraria,238.21,2025-06-18,EXPENSE,BANK_TRANSFER,false
Manutencao do veiculo,274.86,2025-06-18,EXPENSE,BOLETO,false
Passagem aerea,3316.09,2025-06-18,EXPENSE,CREDIT_CARD,false
Passagem aerea,2244.95,2025-06-18,EXPENSE,CREDIT_CARD,false
Passagem aerea,1582.08,2025-06-18,EXPENSE,PIX,false
Plano de saude,843.27,2025-06-18,EXPENSE,CASH,true
Seguro do veiculo,232.49,2025-06-18,EXPENSE,CASH,false
Venda de produto,647.49,2025-06-18,INCOME,BANK_TRANSFER,false
Aluguel residencial,3727.76,2025-06-19,EXPENSE,CREDIT_CARD,true
Condominio,1161.47,2025-06-19,EXPENSE,CREDIT_CARD,false
Delivery de comida,149.77,2025-06-19,EXPENSE,CREDIT_CARD,false
Delivery de comida,69.25,2025-06-19,EXPENSE,CREDIT_CARD,false
Doacao,79.29,2025-06-19,EXPENSE,PIX,false
Eletronicos,624.79,2025-06-19,EXPENSE,BANK_TRANSFER,false
Livraria,52.37,2025-06-19,EXPENSE,BANK_TRANSFER,false
Passagem aerea,2543.69,2025-06-19,EXPENSE,CREDIT_CARD,false
Plano de celular,75.55,2025-06-19,EXPENSE,PIX,true
Supermercado,644.52,2025-06-19,EXPENSE,PIX,false
Veterinario,382.38,2025-06-19,EXPENSE,PIX,false
Veterinario,546.79,2025-06-19,EXPENSE,BOLETO,false
Viagem e hospedagem,4041.17,2025-06-19,EXPENSE,BOLETO,false
Transferencia recebida,836.27,2025-06-19,INCOME,BANK_TRANSFER,false
Condominio,1083.42,2025-06-20,EXPENSE,BOLETO,true
Conta de agua,164.48,2025-06-20,EXPENSE,BANK_TRANSFER,true
Conta de energia,552.47,2025-06-20,EXPENSE,BOLETO,true
Curso online,149.36,2025-06-20,EXPENSE,PIX,false
Delivery de comida,147.73,2025-06-20,EXPENSE,BANK_TRANSFER,false
Doacao,367.86,2025-06-20,EXPENSE,CREDIT_CARD,false
Padaria,27.82,2025-06-20,EXPENSE,PIX,false
Padaria,11.26,2025-06-20,EXPENSE,BANK_TRANSFER,false
Transferencia recebida,567.36,2025-06-20,INCOME,PIX,false
Transferencia recebida,340.43,2025-06-20,INCOME,BANK_TRANSFER,false
Academia,97.55,2025-06-21,EXPENSE,BOLETO,true
Combustivel,82.03,2025-06-21,EXPENSE,BANK_TRANSFER,false
Condominio,471.57,2025-06-21,EXPENSE,CREDIT_CARD,true
Doacao,11.86,2025-06-21,EXPENSE,DEBIT_CARD,false
Estacionamento,9.46,2025-06-21,EXPENSE,CREDIT_CARD,false
Passagem aerea,2359.18,2025-06-21,EXPENSE,DEBIT_CARD,false
Veterinario,595.43,2025-06-21,EXPENSE,PIX,false
Veterinario,798.99,2025-06-21,EXPENSE,BOLETO,false
Venda de produto,507.36,2025-06-21,INCOME,PIX,false
Aplicativo de transporte,33.06,2025-06-22,EXPENSE,CASH,false
Conta de energia,552.00,2025-06-22,EXPENSE,CASH,true
Eletronicos,3205.91,2025-06-22,EXPENSE,CREDIT_CARD,false
Estacionamento,16.65,2025-06-22,EXPENSE,BOLETO,false
Internet residencial,168.31,2025-06-22,EXPENSE,PIX,false
Livraria,247.31,2025-06-22,EXPENSE,CREDIT_CARD,false
Padaria,52.21,2025-06-22,EXPENSE,BOLETO,false
Plano de saude,350.85,2025-06-22,EXPENSE,CASH,true
Veterinario,799.23,2025-06-22,EXPENSE,CASH,false
Academia,183.47,2025-06-23,EXPENSE,DEBIT_CARD,true
Conta de energia,381.30,2025-06-23,EXPENSE,DEBIT_CARD,true
Conta de energia,106.03,2025-06-23,EXPENSE,BOLETO,true
Eletronicos,1271.43,2025-06-23,EXPENSE,CASH,false
Internet residencial,185.73,2025-06-23,EXPENSE,BANK_TRANSFER,true
Internet residencial,102.64,2025-06-23,EXPENSE,CASH,true
Internet residencial,144.75,2025-06-23,EXPENSE,DEBIT_CARD,true
Seguro do veiculo,239.82,2025-06-23,EXPENSE,BANK_TRANSFER,true
Veterinario,497.56,2025-06-23,EXPENSE,CASH,false
Viagem e hospedagem,3933.72,2025-06-23,EXPENSE,BOLETO,false
Conta de energia,613.55,2025-06-24,EXPENSE,PIX,false
Livraria,32.19,2025-06-24,EXPENSE,BOLETO,false
Padaria,69.48,2025-06-24,EXPENSE,BANK_TRANSFER,false
Restaurante,155.64,2025-06-24,EXPENSE,BANK_TRANSFER,false
Restituicao de imposto,473.98,2025-06-24,INCOME,PIX,false
Transferencia recebida,249.91,2025-06-24,INCOME,PIX,false
Condominio,476.63,2025-06-25,EXPENSE,DEBIT_CARD,true
Curso online,297.44,2025-06-25,EXPENSE,BOLETO,false
Doacao,346.48,2025-06-25,EXPENSE,CREDIT_CARD,false
Farmacia,153.60,2025-06-25,EXPENSE,CASH,false
Manutencao do veiculo,692.42,2025-06-25,EXPENSE,DEBIT_CARD,false
Pet shop,176.58,2025-06-25,EXPENSE,CREDIT_CARD,false
Pet shop,92.27,2025-06-25,EXPENSE,CASH,false
Supermercado,809.99,2025-06-25,EXPENSE,PIX,false
Supermercado,451.61,2025-06-25,EXPENSE,BANK_TRANSFER,false
Conta de agua,43.29,2025-06-26,EXPENSE,BOLETO,true
Conta de agua,122.21,2025-06-26,EXPENSE,BANK_TRANSFER,true
Conta de energia,294.07,2025-06-26,EXPENSE,BANK_TRANSFER,true
Livraria,241.87,2025-06-26,EXPENSE,CASH,false
Loja de roupas,609.58,2025-06-26,EXPENSE,PIX,false
Passagem aerea,2805.65,2025-06-26,EXPENSE,DEBIT_CARD,false
Pet shop,97.63,2025-06-26,EXPENSE,DEBIT_CARD,false
Restaurante,300.62,2025-06-26,EXPENSE,DEBIT_CARD,false
Veterinario,448.29,2025-06-26,EXPENSE,DEBIT_CARD,false
Venda de produto,116.25,2025-06-26,INCOME,PIX,false
Cinema e lazer,239.58,2025-06-27,EXPENSE,DEBIT_CARD,false
Condominio,305.25,2025-06-27,EXPENSE,CREDIT_CARD,false
Conta de agua,207.99,2025-06-27,EXPENSE,BOLETO,true
Delivery de comida,146.68,2025-06-27,EXPENSE,CASH,false
Doacao,298.97,2025-06-27,EXPENSE,DEBIT_CARD,false
Estacionamento,39.80,2025-06-27,EXPENSE,PIX,false
Estacionamento,50.12,2025-06-27,EXPENSE,CREDIT_CARD,false
Loja de roupas,484.80,2025-06-27,EXPENSE,CREDIT_CARD,false
Aluguel residencial,1899.56,2025-06-28,EXPENSE,CREDIT_CARD,true
Internet residencial,174.98,2025-06-28,EXPENSE,CREDIT_CARD,true
Passagem aerea,1687.47,2025-06-28,EXPENSE,CREDIT_CARD,false
Pet shop,246.89,2025-06-28,EXPENSE,DEBIT_CARD,false
Restaurante,280.49,2025-06-28,EXPENSE,PIX,false
Veterinario,565.32,2025-06-28,EXPENSE,DEBIT_CARD,false
Rendimento de investimento,435.22,2025-06-28,INCOME,PIX,true
Salario mensal,4393.26,2025-06-28,INCOME,BANK_TRANSFER,true
Seguro do veiculo,367.09,2025-06-29,EXPENSE,BOLETO,true
Streaming,75.18,2025-06-29,EXPENSE,BANK_TRANSFER,true
Streaming,88.99,2025-06-29,EXPENSE,BANK_TRANSFER,true
Streaming,53.92,2025-06-29,EXPENSE,DEBIT_CARD,true
Supermercado,604.39,2025-06-29,EXPENSE,CASH,false
Reembolso empresarial,547.72,2025-06-29,INCOME,PIX,false
Academia,90.81,2025-06-30,EXPENSE,PIX,true
Combustivel,126.85,2025-06-30,EXPENSE,CASH,false
Conta de agua,94.33,2025-06-30,EXPENSE,BANK_TRANSFER,true
Estacionamento,8.34,2025-06-30,EXPENSE,DEBIT_CARD,false
Farmacia,36.18,2025-06-30,EXPENSE,CREDIT_CARD,false
Impostos e taxas,2164.21,2025-06-30,EXPENSE,BOLETO,false
Livraria,45.82,2025-06-30,EXPENSE,CASH,false
Padaria,66.10,2025-06-30,EXPENSE,BANK_TRANSFER,false
Passagem aerea,830.93,2025-06-30,EXPENSE,PIX,false
Plano de celular,84.43,2025-06-30,EXPENSE,CREDIT_CARD,true
Bonus profissional,1455.95,2025-06-30,INCOME,BANK_TRANSFER,false
Impostos e taxas,543.72,2025-07-01,EXPENSE,DEBIT_CARD,false
Impostos e taxas,1539.19,2025-07-01,EXPENSE,PIX,false
Internet residencial,128.42,2025-07-01,EXPENSE,DEBIT_CARD,true
Manutencao do veiculo,2044.73,2025-07-01,EXPENSE,PIX,false
Padaria,27.16,2025-07-01,EXPENSE,BOLETO,false
Pet shop,355.95,2025-07-01,EXPENSE,BANK_TRANSFER,false
Plano de saude,949.10,2025-07-01,EXPENSE,DEBIT_CARD,true
Viagem e hospedagem,4370.75,2025-07-01,EXPENSE,DEBIT_CARD,false
Dividendos,466.06,2025-07-01,INCOME,PIX,true
Restituicao de imposto,1908.49,2025-07-01,INCOME,PIX,false
Transferencia recebida,1197.29,2025-07-01,INCOME,BANK_TRANSFER,false
Academia,159.65,2025-07-02,EXPENSE,CASH,true
Reembolso empresarial,779.00,2025-07-02,INCOME,PIX,false
Condominio,535.33,2025-07-03,EXPENSE,PIX,true
Conta de agua,241.18,2025-07-03,EXPENSE,DEBIT_CARD,true
Conta de energia,546.52,2025-07-03,EXPENSE,BOLETO,true
Conta de energia,272.09,2025-07-03,EXPENSE,PIX,true
Curso online,541.66,2025-07-03,EXPENSE,DEBIT_CARD,false
Curso online,459.62,2025-07-03,EXPENSE,BANK_TRANSFER,false
Farmacia,69.96,2025-07-03,EXPENSE,PIX,false
Impostos e taxas,1238.62,2025-07-03,EXPENSE,BANK_TRANSFER,false
Impostos e taxas,1201.99,2025-07-03,EXPENSE,PIX,false
Impostos e taxas,1657.60,2025-07-03,EXPENSE,CREDIT_CARD,false
Internet residencial,117.82,2025-07-03,EXPENSE,BANK_TRANSFER,true
Manutencao do veiculo,963.57,2025-07-03,EXPENSE,BOLETO,false
Manutencao do veiculo,370.69,2025-07-03,EXPENSE,CASH,false
Streaming,69.29,2025-07-03,EXPENSE,BOLETO,true
Viagem e hospedagem,4397.22,2025-07-03,EXPENSE,CREDIT_CARD,false
Cinema e lazer,226.45,2025-07-04,EXPENSE,BANK_TRANSFER,false
Impostos e taxas,1183.22,2025-07-04,EXPENSE,PIX,false
Manutencao do veiculo,2377.99,2025-07-04,EXPENSE,PIX,false
Pet shop,149.81,2025-07-04,EXPENSE,BOLETO,false
Seguro do veiculo,383.67,2025-07-04,EXPENSE,CREDIT_CARD,false
Streaming,37.39,2025-07-04,EXPENSE,CASH,true
Academia,151.73,2025-07-05,EXPENSE,BANK_TRANSFER,true
Aluguel residencial,1374.10,2025-07-05,EXPENSE,BANK_TRANSFER,true
Combustivel,235.85,2025-07-05,EXPENSE,BANK_TRANSFER,false
Condominio,679.39,2025-07-05,EXPENSE,PIX,true
Curso online,461.07,2025-07-05,EXPENSE,PIX,false
Delivery de comida,92.84,2025-07-05,EXPENSE,CREDIT_CARD,false
Doacao,18.03,2025-07-05,EXPENSE,DEBIT_CARD,false
Estacionamento,60.24,2025-07-05,EXPENSE,PIX,false
Farmacia,366.77,2025-07-05,EXPENSE,CREDIT_CARD,false
Livraria,184.52,2025-07-05,EXPENSE,PIX,false
Livraria,142.93,2025-07-05,EXPENSE,DEBIT_CARD,false
Livraria,153.49,2025-07-05,EXPENSE,DEBIT_CARD,false
Manutencao do veiculo,564.21,2025-07-05,EXPENSE,DEBIT_CARD,false
Manutencao do veiculo,1311.05,2025-07-05,EXPENSE,PIX,false
Pet shop,349.28,2025-07-05,EXPENSE,CASH,false
Plano de celular,134.45,2025-07-05,EXPENSE,DEBIT_CARD,false
Viagem e hospedagem,4245.45,2025-07-05,EXPENSE,BOLETO,false
Restituicao de imposto,2278.72,2025-07-05,INCOME,PIX,false
Aluguel residencial,2432.28,2025-07-06,EXPENSE,CREDIT_CARD,true
Cinema e lazer,147.07,2025-07-06,EXPENSE,BANK_TRANSFER,false
Conta de energia,364.53,2025-07-06,EXPENSE,BOLETO,true
Delivery de comida,34.36,2025-07-06,EXPENSE,BANK_TRANSFER,false
Farmacia,248.63,2025-07-06,EXPENSE,PIX,false
Impostos e taxas,1253.78,2025-07-06,EXPENSE,BANK_TRANSFER,false
Impostos e taxas,358.26,2025-07-06,EXPENSE,CREDIT_CARD,false
Internet residencial,205.25,2025-07-06,EXPENSE,PIX,true
Loja de roupas,550.11,2025-07-06,EXPENSE,CREDIT_CARD,false
Manutencao do veiculo,2217.15,2025-07-06,EXPENSE,PIX,false
Manutencao do veiculo,2114.73,2025-07-06,EXPENSE,CASH,false
Plano de celular,51.65,2025-07-06,EXPENSE,CREDIT_CARD,true
Restaurante,105.14,2025-07-06,EXPENSE,DEBIT_CARD,false
Streaming,55.16,2025-07-06,EXPENSE,CASH,true
Veterinario,279.75,2025-07-06,EXPENSE,BANK_TRANSFER,false
Dividendos,716.07,2025-07-06,INCOME,BANK_TRANSFER,true
Transferencia recebida,922.06,2025-07-06,INCOME,BANK_TRANSFER,false
Combustivel,100.10,2025-07-07,EXPENSE,BANK_TRANSFER,false
Condominio,906.47,2025-07-07,EXPENSE,BOLETO,true
Conta de energia,208.87,2025-07-07,EXPENSE,CASH,true
Estacionamento,37.06,2025-07-07,EXPENSE,PIX,false
Impostos e taxas,1276.20,2025-07-07,EXPENSE,PIX,false
Internet residencial,193.81,2025-07-07,EXPENSE,BOLETO,true
Padaria,51.24,2025-07-07,EXPENSE,DEBIT_CARD,false
Pet shop,95.92,2025-07-07,EXPENSE,CASH,false
Veterinario,475.58,2025-07-07,EXPENSE,BOLETO,false
Transferencia recebida,1832.19,2025-07-07,INCOME,BANK_TRANSFER,false
Academia,184.73,2025-07-08,EXPENSE,CASH,true
Aluguel residencial,4026.82,2025-07-08,EXPENSE,PIX,true
Cinema e lazer,67.31,2025-07-08,EXPENSE,PIX,false
Cinema e lazer,235.44,2025-07-08,EXPENSE,BANK_TRANSFER,false
Conta de agua,191.54,2025-07-08,EXPENSE,DEBIT_CARD,true
Conta de agua,211.71,2025-07-08,EXPENSE,BOLETO,true
Farmacia,133.47,2025-07-08,EXPENSE,PIX,false
Livraria,275.44,2025-07-08,EXPENSE,DEBIT_CARD,false
Pet shop,390.26,2025-07-08,EXPENSE,CASH,false
Plano de saude,1473.91,2025-07-08,EXPENSE,BOLETO,false
Restaurante,201.33,2025-07-08,EXPENSE,BANK_TRANSFER,false
Viagem e hospedagem,2796.95,2025-07-08,EXPENSE,BOLETO,false
Bonus profissional,4817.47,2025-07-08,INCOME,BANK_TRANSFER,false
Transferencia recebida,1826.50,2025-07-08,INCOME,BANK_TRANSFER,false
Venda de produto,819.23,2025-07-08,INCOME,PIX,false
Aluguel residencial,3221.51,2025-07-09,EXPENSE,CASH,false
Condominio,553.38,2025-07-09,EXPENSE,PIX,true
Conta de agua,106.07,2025-07-09,EXPENSE,CREDIT_CARD,true
Conta de energia,371.70,2025-07-09,EXPENSE,BOLETO,true
Delivery de comida,126.04,2025-07-09,EXPENSE,CREDIT_CARD,false
Restaurante,89.98,2025-07-09,EXPENSE,BOLETO,false
Viagem e hospedagem,2025.12,2025-07-09,EXPENSE,BOLETO,false
Rendimento de investimento,526.57,2025-07-09,INCOME,PIX,true
Transferencia recebida,345.80,2025-07-09,INCOME,PIX,false
Delivery de comida,87.42,2025-07-10,EXPENSE,PIX,false
Eletronicos,4488.06,2025-07-10,EXPENSE,CREDIT_CARD,false
Eletronicos,214.25,2025-07-10,EXPENSE,BANK_TRANSFER,false
Loja de roupas,778.46,2025-07-10,EXPENSE,BOLETO,false
Pet shop,101.31,2025-07-10,EXPENSE,BOLETO,false
Restaurante,302.64,2025-07-10,EXPENSE,BANK_TRANSFER,false
Supermercado,747.08,2025-07-10,EXPENSE,PIX,false
Veterinario,883.02,2025-07-10,EXPENSE,BOLETO,false
Pagamento freelance,1070.30,2025-07-10,INCOME,BANK_TRANSFER,false
Aluguel residencial,4139.19,2025-07-11,EXPENSE,BOLETO,true
Combustivel,116.79,2025-07-11,EXPENSE,DEBIT_CARD,false
Doacao,327.94,2025-07-11,EXPENSE,DEBIT_CARD,false
Farmacia,360.22,2025-07-11,EXPENSE,CREDIT_CARD,false
Internet residencial,77.81,2025-07-11,EXPENSE,CASH,false
Plano de saude,1163.96,2025-07-11,EXPENSE,BOLETO,true
Plano de saude,1479.90,2025-07-11,EXPENSE,BOLETO,true
Restaurante,26.11,2025-07-11,EXPENSE,CREDIT_CARD,false
Supermercado,603.27,2025-07-11,EXPENSE,CASH,false
Aluguel residencial,2977.11,2025-07-12,EXPENSE,PIX,true
Aluguel residencial,970.44,2025-07-12,EXPENSE,CREDIT_CARD,true
Cinema e lazer,204.14,2025-07-12,EXPENSE,CREDIT_CARD,false
Cinema e lazer,123.10,2025-07-12,EXPENSE,PIX,false
Condominio,617.74,2025-07-12,EXPENSE,CASH,false
Condominio,879.28,2025-07-12,EXPENSE,BANK_TRANSFER,true
Conta de energia,418.72,2025-07-12,EXPENSE,BOLETO,false
Curso online,283.02,2025-07-12,EXPENSE,BOLETO,false
Curso online,226.95,2025-07-12,EXPENSE,CREDIT_CARD,false
Combustivel,194.46,2025-07-13,EXPENSE,BOLETO,false
Condominio,602.86,2025-07-13,EXPENSE,CREDIT_CARD,true
Impostos e taxas,1132.77,2025-07-13,EXPENSE,BOLETO,false
Manutencao do veiculo,963.13,2025-07-13,EXPENSE,PIX,false
Padaria,19.80,2025-07-13,EXPENSE,PIX,false
Passagem aerea,1872.12,2025-07-13,EXPENSE,BANK_TRANSFER,false
Seguro do veiculo,547.24,2025-07-13,EXPENSE,PIX,true
Streaming,45.39,2025-07-13,EXPENSE,BOLETO,true
Veterinario,662.15,2025-07-13,EXPENSE,PIX,false
Dividendos,243.03,2025-07-13,INCOME,PIX,false
Venda de produto,156.60,2025-07-13,INCOME,PIX,false
Academia,130.35,2025-07-14,EXPENSE,CASH,false
Conta de agua,89.82,2025-07-14,EXPENSE,BOLETO,true
Conta de agua,141.16,2025-07-14,EXPENSE,CREDIT_CARD,true
Delivery de comida,91.98,2025-07-14,EXPENSE,BANK_TRANSFER,false
Eletronicos,2583.23,2025-07-14,EXPENSE,CREDIT_CARD,false
Impostos e taxas,375.12,2025-07-14,EXPENSE,BOLETO,false
Manutencao do veiculo,562.31,2025-07-14,EXPENSE,DEBIT_CARD,false
Passagem aerea,2438.73,2025-07-14,EXPENSE,BOLETO,false
Pet shop,157.69,2025-07-14,EXPENSE,CREDIT_CARD,false
Restaurante,283.25,2025-07-14,EXPENSE,BOLETO,false
Restaurante,238.01,2025-07-14,EXPENSE,DEBIT_CARD,false
Streaming,88.26,2025-07-14,EXPENSE,CREDIT_CARD,true
Viagem e hospedagem,3295.06,2025-07-14,EXPENSE,PIX,false
Rendimento de investimento,444.63,2025-07-14,INCOME,PIX,true
Rendimento de investimento,247.10,2025-07-14,INCOME,BANK_TRANSFER,false
Salario mensal,6291.66,2025-07-14,INCOME,PIX,true
Condominio,1163.77,2025-07-15,EXPENSE,CASH,true
Conta de energia,506.40,2025-07-15,EXPENSE,CREDIT_CARD,true
Estacionamento,71.55,2025-07-15,EXPENSE,CASH,false
Impostos e taxas,956.53,2025-07-15,EXPENSE,BOLETO,false
Impostos e taxas,373.58,2025-07-15,EXPENSE,CREDIT_CARD,false
Livraria,93.46,2025-07-15,EXPENSE,BOLETO,false
Loja de roupas,439.42,2025-07-15,EXPENSE,DEBIT_CARD,false
Loja de roupas,592.87,2025-07-15,EXPENSE,BANK_TRANSFER,false
Padaria,42.58,2025-07-15,EXPENSE,CREDIT_CARD,false
Padaria,39.79,2025-07-15,EXPENSE,DEBIT_CARD,false
Pet shop,46.56,2025-07-15,EXPENSE,DEBIT_CARD,false
Plano de celular,92.58,2025-07-15,EXPENSE,PIX,true
Plano de celular,81.33,2025-07-15,EXPENSE,PIX,false
Viagem e hospedagem,2161.52,2025-07-15,EXPENSE,DEBIT_CARD,false
Venda de produto,643.27,2025-07-15,INCOME,BANK_TRANSFER,false
Condominio,368.84,2025-07-16,EXPENSE,BOLETO,true
Conta de energia,298.47,2025-07-16,EXPENSE,CREDIT_CARD,true
Curso online,291.98,2025-07-16,EXPENSE,CREDIT_CARD,false
Loja de roupas,111.26,2025-07-16,EXPENSE,BOLETO,false
Loja de roupas,92.93,2025-07-16,EXPENSE,DEBIT_CARD,false
Padaria,82.29,2025-07-16,EXPENSE,BOLETO,false
Padaria,19.72,2025-07-16,EXPENSE,DEBIT_CARD,false
Passagem aerea,1562.28,2025-07-16,EXPENSE,CASH,false
Pet shop,89.01,2025-07-16,EXPENSE,CASH,false
Restaurante,145.26,2025-07-16,EXPENSE,BANK_TRANSFER,false
Restaurante,182.68,2025-07-16,EXPENSE,PIX,false
Curso online,555.72,2025-07-17,EXPENSE,BANK_TRANSFER,false
Eletronicos,1485.70,2025-07-17,EXPENSE,BANK_TRANSFER,false
Eletronicos,2426.56,2025-07-17,EXPENSE,CREDIT_CARD,false
Padaria,62.73,2025-07-17,EXPENSE,CREDIT_CARD,false
Plano de celular,86.63,2025-07-17,EXPENSE,CREDIT_CARD,false
Plano de saude,1093.29,2025-07-17,EXPENSE,PIX,true
Bonus profissional,635.49,2025-07-17,INCOME,BANK_TRANSFER,false
Academia,183.59,2025-07-18,EXPENSE,BANK_TRANSFER,true
Combustivel,175.35,2025-07-18,EXPENSE,DEBIT_CARD,false
Conta de agua,116.95,2025-07-18,EXPENSE,BOLETO,true
Estacionamento,51.49,2025-07-18,EXPENSE,CASH,false
Internet residencial,188.72,2025-07-18,EXPENSE,PIX,true
Manutencao do veiculo,1788.03,2025-07-18,EXPENSE,BANK_TRANSFER,false
Passagem aerea,1176.62,2025-07-18,EXPENSE,BANK_TRANSFER,false
Passagem aerea,1013.61,2025-07-18,EXPENSE,BANK_TRANSFER,false
Passagem aerea,1434.82,2025-07-18,EXPENSE,DEBIT_CARD,false
Pet shop,342.03,2025-07-18,EXPENSE,CASH,false
Seguro do veiculo,252.00,2025-07-18,EXPENSE,CASH,true
Seguro do veiculo,263.43,2025-07-18,EXPENSE,BOLETO,true
Veterinario,736.38,2025-07-18,EXPENSE,CASH,false
Dividendos,335.58,2025-07-18,INCOME,PIX,true
Reembolso empresarial,249.24,2025-07-18,INCOME,BANK_TRANSFER,false
Rendimento de investimento,353.74,2025-07-18,INCOME,BANK_TRANSFER,false
Academia,87.87,2025-07-19,EXPENSE,BOLETO,false
Aluguel residencial,3503.62,2025-07-19,EXPENSE,CASH,true
Delivery de comida,134.62,2025-07-19,EXPENSE,CREDIT_CARD,false
Delivery de comida,99.59,2025-07-19,EXPENSE,DEBIT_CARD,false
Impostos e taxas,632.38,2025-07-19,EXPENSE,BOLETO,false
Impostos e taxas,42.32,2025-07-19,EXPENSE,CASH,false
Livraria,67.15,2025-07-19,EXPENSE,BOLETO,false
Plano de celular,42.80,2025-07-19,EXPENSE,CASH,true
Restaurante,150.81,2025-07-19,EXPENSE,CASH,false
Restaurante,159.07,2025-07-19,EXPENSE,BOLETO,false
Veterinario,929.35,2025-07-19,EXPENSE,CASH,false
Restituicao de imposto,1440.79,2025-07-19,INCOME,BANK_TRANSFER,false
Academia,149.05,2025-07-20,EXPENSE,PIX,true
Conta de energia,506.32,2025-07-20,EXPENSE,CASH,false
Internet residencial,200.50,2025-07-20,EXPENSE,CASH,true
Loja de roupas,220.33,2025-07-20,EXPENSE,PIX,false
Manutencao do veiculo,1025.67,2025-07-20,EXPENSE,CREDIT_CARD,false
Padaria,12.10,2025-07-20,EXPENSE,CASH,false
Streaming,32.29,2025-07-20,EXPENSE,BOLETO,true
Supermercado,380.86,2025-07-20,EXPENSE,BANK_TRANSFER,false
Veterinario,420.02,2025-07-20,EXPENSE,DEBIT_CARD,false
Venda de produto,1308.97,2025-07-20,INCOME,PIX,false
Combustivel,261.94,2025-07-21,EXPENSE,PIX,false
Delivery de comida,163.61,2025-07-21,EXPENSE,CREDIT_CARD,false
Farmacia,337.65,2025-07-21,EXPENSE,DEBIT_CARD,false
Impostos e taxas,2169.47,2025-07-21,EXPENSE,DEBIT_CARD,false
Livraria,117.10,2025-07-21,EXPENSE,PIX,false
Manutencao do veiculo,951.53,2025-07-21,EXPENSE,BOLETO,false
Manutencao do veiculo,123.62,2025-07-21,EXPENSE,PIX,false
Streaming,65.25,2025-07-21,EXPENSE,PIX,true
Aluguel recebido,2196.11,2025-07-21,INCOME,BANK_TRANSFER,true
Dividendos,67.28,2025-07-21,INCOME,BANK_TRANSFER,true
Venda de produto,1634.94,2025-07-21,INCOME,PIX,false
Academia,72.80,2025-07-22,EXPENSE,CASH,true
Academia,160.70,2025-07-22,EXPENSE,BOLETO,true
Aluguel residencial,2275.95,2025-07-22,EXPENSE,BOLETO,true
Conta de agua,226.74,2025-07-22,EXPENSE,DEBIT_CARD,true
Doacao,27.18,2025-07-22,EXPENSE,DEBIT_CARD,false
Livraria,119.42,2025-07-22,EXPENSE,PIX,false
Manutencao do veiculo,2396.59,2025-07-22,EXPENSE,BOLETO,false
Plano de celular,91.38,2025-07-22,EXPENSE,PIX,true
Plano de celular,83.00,2025-07-22,EXPENSE,BANK_TRANSFER,true
Supermercado,188.92,2025-07-22,EXPENSE,BANK_TRANSFER,false
Veterinario,553.31,2025-07-22,EXPENSE,PIX,false
Rendimento de investimento,38.03,2025-07-22,INCOME,BANK_TRANSFER,true
Academia,126.98,2025-07-23,EXPENSE,BOLETO,true
Aluguel residencial,3600.75,2025-07-23,EXPENSE,BANK_TRANSFER,true
Aplicativo de transporte,54.10,2025-07-23,EXPENSE,CREDIT_CARD,false
Curso online,385.94,2025-07-23,EXPENSE,BANK_TRANSFER,false
Estacionamento,43.62,2025-07-23,EXPENSE,BANK_TRANSFER,false
Farmacia,264.70,2025-07-23,EXPENSE,BANK_TRANSFER,false
Impostos e taxas,452.01,2025-07-23,EXPENSE,CREDIT_CARD,false
Livraria,103.61,2025-07-23,EXPENSE,PIX,false
Livraria,35.72,2025-07-23,EXPENSE,BOLETO,false
Pet shop,274.51,2025-07-23,EXPENSE,PIX,false
Plano de celular,129.03,2025-07-23,EXPENSE,CREDIT_CARD,true
Combustivel,244.17,2025-07-24,EXPENSE,PIX,false
Curso online,453.75,2025-07-24,EXPENSE,BOLETO,false
Estacionamento,25.84,2025-07-24,EXPENSE,BANK_TRANSFER,false
Impostos e taxas,2011.76,2025-07-24,EXPENSE,CREDIT_CARD,false
Loja de roupas,602.29,2025-07-24,EXPENSE,DEBIT_CARD,false
Plano de celular,153.90,2025-07-24,EXPENSE,BOLETO,true
Seguro do veiculo,359.79,2025-07-24,EXPENSE,DEBIT_CARD,true
Seguro do veiculo,314.73,2025-07-24,EXPENSE,CREDIT_CARD,false
Reembolso empresarial,88.52,2025-07-24,INCOME,PIX,false
Rendimento de investimento,201.40,2025-07-24,INCOME,BANK_TRANSFER,true
Aplicativo de transporte,65.58,2025-07-25,EXPENSE,BANK_TRANSFER,false
Combustivel,161.01,2025-07-25,EXPENSE,BANK_TRANSFER,false
Conta de agua,57.93,2025-07-25,EXPENSE,BANK_TRANSFER,true
Conta de energia,448.79,2025-07-25,EXPENSE,PIX,true
Delivery de comida,124.13,2025-07-25,EXPENSE,PIX,false
Doacao,107.24,2025-07-25,EXPENSE,BOLETO,false
Eletronicos,2045.29,2025-07-25,EXPENSE,CASH,false
Estacionamento,58.59,2025-07-25,EXPENSE,CREDIT_CARD,false
Passagem aerea,1203.34,2025-07-25,EXPENSE,BOLETO,false
Restaurante,81.91,2025-07-25,EXPENSE,CREDIT_CARD,false
Seguro do veiculo,301.03,2025-07-25,EXPENSE,CASH,true
Rendimento de investimento,333.02,2025-07-25,INCOME,BANK_TRANSFER,true
Aplicativo de transporte,40.16,2025-07-26,EXPENSE,DEBIT_CARD,false
Cinema e lazer,219.79,2025-07-26,EXPENSE,DEBIT_CARD,false
Combustivel,152.54,2025-07-26,EXPENSE,BANK_TRANSFER,false
Delivery de comida,90.20,2025-07-26,EXPENSE,BOLETO,false
Farmacia,239.76,2025-07-26,EXPENSE,PIX,false
Plano de saude,791.16,2025-07-26,EXPENSE,CREDIT_CARD,true
Restaurante,69.81,2025-07-26,EXPENSE,PIX,false
Seguro do veiculo,377.69,2025-07-26,EXPENSE,BOLETO,true
Aluguel recebido,2421.11,2025-07-26,INCOME,PIX,true
Aluguel residencial,3720.02,2025-07-27,EXPENSE,BOLETO,true
Aluguel residencial,3912.67,2025-07-27,EXPENSE,DEBIT_CARD,false
Cinema e lazer,182.61,2025-07-27,EXPENSE,CASH,false
Condominio,1018.65,2025-07-27,EXPENSE,BOLETO,false
Delivery de comida,152.76,2025-07-27,EXPENSE,BOLETO,false
Doacao,23.20,2025-07-27,EXPENSE,DEBIT_CARD,false
Loja de roupas,151.79,2025-07-27,EXPENSE,PIX,false
Pet shop,397.81,2025-07-27,EXPENSE,BANK_TRANSFER,false
Plano de saude,267.23,2025-07-27,EXPENSE,CASH,true
Viagem e hospedagem,1842.06,2025-07-27,EXPENSE,BANK_TRANSFER,false
Viagem e hospedagem,2723.54,2025-07-27,EXPENSE,CREDIT_CARD,false
Transferencia recebida,1770.57,2025-07-27,INCOME,PIX,false
Aplicativo de transporte,24.01,2025-07-28,EXPENSE,BANK_TRANSFER,false
Combustivel,193.28,2025-07-28,EXPENSE,DEBIT_CARD,false
Condominio,910.80,2025-07-28,EXPENSE,CREDIT_CARD,true
Condominio,1257.08,2025-07-28,EXPENSE,BANK_TRANSFER,true
Condominio,607.39,2025-07-28,EXPENSE,DEBIT_CARD,false
Padaria,69.52,2025-07-28,EXPENSE,BANK_TRANSFER,false
Viagem e hospedagem,3434.18,2025-07-28,EXPENSE,BOLETO,false
Aluguel recebido,2285.79,2025-07-28,INCOME,BANK_TRANSFER,false
Dividendos,615.85,2025-07-28,INCOME,BANK_TRANSFER,false
Venda de produto,575.34,2025-07-28,INCOME,PIX,false
Cinema e lazer,99.75,2025-07-29,EXPENSE,CREDIT_CARD,false
Conta de energia,256.08,2025-07-29,EXPENSE,PIX,true
Delivery de comida,103.52,2025-07-29,EXPENSE,BOLETO,false
Farmacia,155.04,2025-07-29,EXPENSE,DEBIT_CARD,false
Internet residencial,91.60,2025-07-29,EXPENSE,CASH,true
Internet residencial,166.24,2025-07-29,EXPENSE,DEBIT_CARD,true
Livraria,157.36,2025-07-29,EXPENSE,CASH,false
Manutencao do veiculo,1271.95,2025-07-29,EXPENSE,BOLETO,false
Seguro do veiculo,502.34,2025-07-29,EXPENSE,BANK_TRANSFER,false
Veterinario,577.72,2025-07-29,EXPENSE,CASH,false
Aluguel recebido,3006.56,2025-07-29,INCOME,PIX,true
Pagamento freelance,2771.78,2025-07-29,INCOME,BANK_TRANSFER,false
Condominio,374.90,2025-07-30,EXPENSE,CREDIT_CARD,true
Curso online,199.82,2025-07-30,EXPENSE,PIX,false
Curso online,395.60,2025-07-30,EXPENSE,BANK_TRANSFER,false
Delivery de comida,152.36,2025-07-30,EXPENSE,BANK_TRANSFER,false
Doacao,251.79,2025-07-30,EXPENSE,CREDIT_CARD,false
Internet residencial,71.50,2025-07-30,EXPENSE,CASH,true
Livraria,131.32,2025-07-30,EXPENSE,BOLETO,false
Manutencao do veiculo,1480.37,2025-07-30,EXPENSE,BOLETO,false
Restaurante,269.38,2025-07-30,EXPENSE,DEBIT_CARD,false
Restaurante,128.95,2025-07-30,EXPENSE,BANK_TRANSFER,false
Venda de produto,1203.55,2025-07-30,INCOME,PIX,false
Academia,138.24,2025-07-31,EXPENSE,CREDIT_CARD,true
Aluguel residencial,3078.96,2025-07-31,EXPENSE,CREDIT_CARD,true
Aluguel residencial,1396.62,2025-07-31,EXPENSE,DEBIT_CARD,true
Curso online,166.89,2025-07-31,EXPENSE,BANK_TRANSFER,false
Padaria,53.78,2025-07-31,EXPENSE,CASH,false
Pet shop,247.79,2025-07-31,EXPENSE,BANK_TRANSFER,false
Streaming,25.88,2025-07-31,EXPENSE,CASH,true
Viagem e hospedagem,1715.21,2025-07-31,EXPENSE,CASH,false
Aluguel recebido,1613.00,2025-07-31,INCOME,PIX,true
Dividendos,449.21,2025-07-31,INCOME,PIX,true
Transferencia recebida,802.88,2025-07-31,INCOME,PIX,false
Academia,222.34,2025-08-01,EXPENSE,CASH,true
Condominio,1128.58,2025-08-01,EXPENSE,BOLETO,true
Farmacia,62.59,2025-08-01,EXPENSE,CREDIT_CARD,false
Livraria,110.65,2025-08-01,EXPENSE,DEBIT_CARD,false
Padaria,28.65,2025-08-01,EXPENSE,CREDIT_CARD,false
Pet shop,162.53,2025-08-01,EXPENSE,BOLETO,false
Seguro do veiculo,533.46,2025-08-01,EXPENSE,BANK_TRANSFER,true
Supermercado,616.58,2025-08-01,EXPENSE,DEBIT_CARD,false
Venda de produto,872.74,2025-08-01,INCOME,PIX,false
Combustivel,334.89,2025-08-02,EXPENSE,DEBIT_CARD,false
Conta de agua,61.41,2025-08-02,EXPENSE,BOLETO,false
Estacionamento,61.52,2025-08-02,EXPENSE,PIX,false
Estacionamento,61.92,2025-08-02,EXPENSE,CREDIT_CARD,false
Padaria,61.76,2025-08-02,EXPENSE,DEBIT_CARD,false
Plano de saude,1216.25,2025-08-02,EXPENSE,DEBIT_CARD,true
Seguro do veiculo,261.19,2025-08-02,EXPENSE,PIX,true
Streaming,50.70,2025-08-02,EXPENSE,BOLETO,true
Supermercado,108.29,2025-08-02,EXPENSE,BANK_TRANSFER,false
Transferencia recebida,754.38,2025-08-02,INCOME,PIX,false
Academia,251.69,2025-08-03,EXPENSE,PIX,true
Combustivel,314.52,2025-08-03,EXPENSE,PIX,false
Condominio,299.93,2025-08-03,EXPENSE,CASH,true
Condominio,548.66,2025-08-03,EXPENSE,BOLETO,true
Conta de agua,59.59,2025-08-03,EXPENSE,PIX,true
Estacionamento,50.55,2025-08-03,EXPENSE,CREDIT_CARD,false
Impostos e taxas,168.26,2025-08-03,EXPENSE,CASH,false
Viagem e hospedagem,2727.46,2025-08-03,EXPENSE,CREDIT_CARD,false
Transferencia recebida,719.94,2025-08-03,INCOME,PIX,false
Combustivel,202.23,2025-08-04,EXPENSE,CASH,false
Condominio,543.37,2025-08-04,EXPENSE,CREDIT_CARD,true
Conta de agua,239.77,2025-08-04,EXPENSE,CASH,true
Conta de energia,248.47,2025-08-04,EXPENSE,CREDIT_CARD,true
Curso online,588.55,2025-08-04,EXPENSE,DEBIT_CARD,false
Doacao,456.92,2025-08-04,EXPENSE,CREDIT_CARD,false
Farmacia,297.82,2025-08-04,EXPENSE,BANK_TRANSFER,false
Livraria,262.35,2025-08-04,EXPENSE,PIX,false
Passagem aerea,3021.17,2025-08-04,EXPENSE,PIX,false
Pet shop,30.63,2025-08-04,EXPENSE,DEBIT_CARD,false
Pet shop,335.37,2025-08-04,EXPENSE,CASH,false
Plano de celular,108.56,2025-08-04,EXPENSE,BOLETO,false
Seguro do veiculo,341.18,2025-08-04,EXPENSE,BANK_TRANSFER,true
Viagem e hospedagem,1376.03,2025-08-04,EXPENSE,BANK_TRANSFER,false
Reembolso empresarial,382.06,2025-08-04,INCOME,PIX,false
Cinema e lazer,74.68,2025-08-05,EXPENSE,DEBIT_CARD,false
Condominio,617.35,2025-08-05,EXPENSE,BANK_TRANSFER,false
Condominio,969.84,2025-08-05,EXPENSE,CREDIT_CARD,true
Conta de agua,203.99,2025-08-05,EXPENSE,DEBIT_CARD,true
Farmacia,329.98,2025-08-05,EXPENSE,PIX,false
Farmacia,25.41,2025-08-05,EXPENSE,PIX,false
Impostos e taxas,1179.51,2025-08-05,EXPENSE,BANK_TRANSFER,false
Viagem e hospedagem,3682.32,2025-08-05,EXPENSE,CREDIT_CARD,false
Aluguel recebido,1883.56,2025-08-05,INCOME,PIX,true
Reembolso empresarial,420.46,2025-08-05,INCOME,PIX,false
Venda de produto,1762.18,2025-08-05,INCOME,PIX,false
Condominio,403.51,2025-08-06,EXPENSE,BANK_TRANSFER,true
Conta de energia,459.29,2025-08-06,EXPENSE,PIX,true
Delivery de comida,148.77,2025-08-06,EXPENSE,CASH,false
Doacao,441.96,2025-08-06,EXPENSE,CREDIT_CARD,false
Loja de roupas,317.44,2025-08-06,EXPENSE,CASH,false
Padaria,27.21,2025-08-06,EXPENSE,PIX,false
Seguro do veiculo,213.70,2025-08-06,EXPENSE,DEBIT_CARD,true
Supermercado,170.86,2025-08-06,EXPENSE,BOLETO,false
Veterinario,418.02,2025-08-06,EXPENSE,BOLETO,false
Veterinario,772.18,2025-08-06,EXPENSE,BANK_TRANSFER,false
Pagamento freelance,2729.11,2025-08-06,INCOME,PIX,false
Restituicao de imposto,1607.96,2025-08-06,INCOME,PIX,false
Academia,276.91,2025-08-07,EXPENSE,PIX,true
Aluguel residencial,2006.32,2025-08-07,EXPENSE,BANK_TRANSFER,true
Aluguel residencial,2519.90,2025-08-07,EXPENSE,DEBIT_CARD,false
Conta de agua,230.63,2025-08-07,EXPENSE,BOLETO,true
Curso online,334.00,2025-08-07,EXPENSE,BOLETO,false
Delivery de comida,95.29,2025-08-07,EXPENSE,DEBIT_CARD,false
Doacao,324.95,2025-08-07,EXPENSE,PIX,false
Estacionamento,43.66,2025-08-07,EXPENSE,BANK_TRANSFER,false
Farmacia,59.82,2025-08-07,EXPENSE,PIX,false
Livraria,63.65,2025-08-07,EXPENSE,BANK_TRANSFER,false
Manutencao do veiculo,259.89,2025-08-07,EXPENSE,BOLETO,false
Seguro do veiculo,192.36,2025-08-07,EXPENSE,CASH,false
Streaming,49.86,2025-08-07,EXPENSE,DEBIT_CARD,true
Viagem e hospedagem,553.02,2025-08-07,EXPENSE,CREDIT_CARD,false
Bonus profissional,4994.11,2025-08-07,INCOME,BANK_TRANSFER,false
Transferencia recebida,1513.13,2025-08-07,INCOME,BANK_TRANSFER,false
Academia,74.02,2025-08-08,EXPENSE,DEBIT_CARD,true
Aluguel residencial,2969.38,2025-08-08,EXPENSE,DEBIT_CARD,true
Doacao,148.23,2025-08-08,EXPENSE,BANK_TRANSFER,false
Pet shop,343.99,2025-08-08,EXPENSE,CREDIT_CARD,false
Seguro do veiculo,166.00,2025-08-08,EXPENSE,DEBIT_CARD,true
Seguro do veiculo,217.21,2025-08-08,EXPENSE,CREDIT_CARD,false
Transferencia recebida,1053.88,2025-08-08,INCOME,PIX,false
Venda de produto,1135.48,2025-08-08,INCOME,PIX,false
Academia,238.86,2025-08-09,EXPENSE,BOLETO,true
Aplicativo de transporte,94.90,2025-08-09,EXPENSE,PIX,false
Combustivel,259.95,2025-08-09,EXPENSE,BOLETO,false
Curso online,295.39,2025-08-09,EXPENSE,PIX,false
Impostos e taxas,1214.80,2025-08-09,EXPENSE,PIX,false
Impostos e taxas,1019.10,2025-08-09,EXPENSE,CASH,false
Plano de celular,81.35,2025-08-09,EXPENSE,BOLETO,true
Plano de saude,903.26,2025-08-09,EXPENSE,CREDIT_CARD,true
Restaurante,241.60,2025-08-09,EXPENSE,CASH,false
Streaming,28.54,2025-08-09,EXPENSE,DEBIT_CARD,true
Supermercado,212.92,2025-08-09,EXPENSE,CREDIT_CARD,false
Rendimento de investimento,548.20,2025-08-09,INCOME,BANK_TRANSFER,true
Academia,219.36,2025-08-10,EXPENSE,BOLETO,true
Aluguel residencial,1891.90,2025-08-10,EXPENSE,BANK_TRANSFER,false
Aplicativo de transporte,35.84,2025-08-10,EXPENSE,BOLETO,false
Delivery de comida,66.37,2025-08-10,EXPENSE,DEBIT_CARD,false
Estacionamento,28.95,2025-08-10,EXPENSE,CREDIT_CARD,false
Livraria,138.65,2025-08-10,EXPENSE,CREDIT_CARD,false
Passagem aerea,1512.25,2025-08-10,EXPENSE,CASH,false
Plano de celular,152.32,2025-08-10,EXPENSE,PIX,true
Streaming,28.10,2025-08-10,EXPENSE,PIX,true
Streaming,43.99,2025-08-10,EXPENSE,PIX,true
Supermercado,526.22,2025-08-10,EXPENSE,DEBIT_CARD,false
Combustivel,227.72,2025-08-11,EXPENSE,BOLETO,false
Combustivel,387.55,2025-08-11,EXPENSE,CASH,false
Conta de agua,256.62,2025-08-11,EXPENSE,PIX,true
Manutencao do veiculo,331.77,2025-08-11,EXPENSE,DEBIT_CARD,false
Padaria,42.99,2025-08-11,EXPENSE,CREDIT_CARD,false
Padaria,70.30,2025-08-11,EXPENSE,DEBIT_CARD,false
Pet shop,70.10,2025-08-11,EXPENSE,CASH,false
Plano de celular,88.16,2025-08-11,EXPENSE,CREDIT_CARD,true
Supermercado,584.51,2025-08-11,EXPENSE,BOLETO,false
Supermercado,608.85,2025-08-11,EXPENSE,CREDIT_CARD,false
Pagamento freelance,4055.24,2025-08-11,INCOME,PIX,false
Impostos e taxas,487.77,2025-08-12,EXPENSE,BOLETO,false
Livraria,235.35,2025-08-12,EXPENSE,CASH,false
Loja de roupas,886.56,2025-08-12,EXPENSE,PIX,false
Plano de saude,417.22,2025-08-12,EXPENSE,DEBIT_CARD,true
Plano de saude,1234.97,2025-08-12,EXPENSE,BOLETO,true
Plano de saude,570.89,2025-08-12,EXPENSE,BOLETO,true
Viagem e hospedagem,939.44,2025-08-12,EXPENSE,BOLETO,false
Reembolso empresarial,347.98,2025-08-12,INCOME,BANK_TRANSFER,false
Cinema e lazer,116.50,2025-08-13,EXPENSE,BOLETO,false
Cinema e lazer,230.22,2025-08-13,EXPENSE,BOLETO,false
Doacao,329.48,2025-08-13,EXPENSE,CREDIT_CARD,false
Eletronicos,3850.53,2025-08-13,EXPENSE,CASH,false
Farmacia,305.44,2025-08-13,EXPENSE,BANK_TRANSFER,false
Passagem aerea,1753.96,2025-08-13,EXPENSE,CREDIT_CARD,false
Pet shop,197.23,2025-08-13,EXPENSE,BANK_TRANSFER,false
Restaurante,224.90,2025-08-13,EXPENSE,CASH,false
Venda de produto,181.60,2025-08-13,INCOME,PIX,false
Aplicativo de transporte,74.60,2025-08-14,EXPENSE,PIX,false
Aplicativo de transporte,42.56,2025-08-14,EXPENSE,CASH,false
Condominio,1257.52,2025-08-14,EXPENSE,DEBIT_CARD,true
Conta de energia,291.76,2025-08-14,EXPENSE,PIX,true
Manutencao do veiculo,2090.70,2025-08-14,EXPENSE,CREDIT_CARD,false
Pet shop,295.10,2025-08-14,EXPENSE,BOLETO,false
Plano de celular,53.86,2025-08-14,EXPENSE,BOLETO,true
Restaurante,272.40,2025-08-14,EXPENSE,CASH,false
Supermercado,284.85,2025-08-14,EXPENSE,BANK_TRANSFER,false
Dividendos,644.05,2025-08-14,INCOME,BANK_TRANSFER,true
Dividendos,141.62,2025-08-14,INCOME,PIX,true
Academia,220.19,2025-08-15,EXPENSE,PIX,true
Aluguel residencial,2038.15,2025-08-15,EXPENSE,BOLETO,true
Aplicativo de transporte,87.37,2025-08-15,EXPENSE,PIX,false
Cinema e lazer,212.53,2025-08-15,EXPENSE,CREDIT_CARD,false
Curso online,332.33,2025-08-15,EXPENSE,CASH,false
Doacao,323.01,2025-08-15,EXPENSE,BANK_TRANSFER,false
Padaria,56.90,2025-08-15,EXPENSE,BOLETO,false
Plano de saude,1197.82,2025-08-15,EXPENSE,CREDIT_CARD,true
Veterinario,619.00,2025-08-15,EXPENSE,DEBIT_CARD,false
Transferencia recebida,197.09,2025-08-15,INCOME,PIX,false
Aplicativo de transporte,66.97,2025-08-16,EXPENSE,PIX,false
Combustivel,70.79,2025-08-16,EXPENSE,CASH,false
Condominio,1096.79,2025-08-16,EXPENSE,CREDIT_CARD,true
Conta de energia,608.72,2025-08-16,EXPENSE,DEBIT_CARD,true
Delivery de comida,53.21,2025-08-16,EXPENSE,DEBIT_CARD,false
Eletronicos,590.61,2025-08-16,EXPENSE,DEBIT_CARD,false
Loja de roupas,508.09,2025-08-16,EXPENSE,BANK_TRANSFER,false
Plano de celular,172.46,2025-08-16,EXPENSE,BANK_TRANSFER,true
Plano de saude,1390.17,2025-08-16,EXPENSE,DEBIT_CARD,true
Veterinario,340.95,2025-08-16,EXPENSE,BOLETO,false
Dividendos,225.76,2025-08-16,INCOME,PIX,true
Conta de agua,245.82,2025-08-17,EXPENSE,DEBIT_CARD,true
Doacao,220.24,2025-08-17,EXPENSE,CREDIT_CARD,false
Doacao,320.78,2025-08-17,EXPENSE,PIX,false
Internet residencial,109.77,2025-08-17,EXPENSE,BOLETO,true
Internet residencial,102.28,2025-08-17,EXPENSE,CASH,true
Passagem aerea,1724.54,2025-08-17,EXPENSE,PIX,false
Passagem aerea,3494.72,2025-08-17,EXPENSE,BANK_TRANSFER,false
Plano de saude,631.98,2025-08-17,EXPENSE,PIX,true
Streaming,60.42,2025-08-17,EXPENSE,CASH,true
Supermercado,821.69,2025-08-17,EXPENSE,BOLETO,false
Aluguel recebido,2938.67,2025-08-17,INCOME,BANK_TRANSFER,true
Rendimento de investimento,448.41,2025-08-17,INCOME,PIX,true
Estacionamento,53.92,2025-08-18,EXPENSE,BOLETO,false
Farmacia,176.63,2025-08-18,EXPENSE,BOLETO,false
Loja de roupas,425.02,2025-08-18,EXPENSE,BANK_TRANSFER,false
Pet shop,112.04,2025-08-18,EXPENSE,BANK_TRANSFER,false
Streaming,50.13,2025-08-18,EXPENSE,BOLETO,true
Supermercado,738.84,2025-08-18,EXPENSE,PIX,false
Veterinario,630.86,2025-08-18,EXPENSE,BANK_TRANSFER,false
Viagem e hospedagem,1446.02,2025-08-18,EXPENSE,DEBIT_CARD,false
Aluguel recebido,1108.98,2025-08-18,INCOME,PIX,true
Reembolso empresarial,849.38,2025-08-18,INCOME,BANK_TRANSFER,false
Restituicao de imposto,280.17,2025-08-18,INCOME,BANK_TRANSFER,false
Aplicativo de transporte,52.53,2025-08-19,EXPENSE,CASH,false
Curso online,442.50,2025-08-19,EXPENSE,BANK_TRANSFER,false
Delivery de comida,94.43,2025-08-19,EXPENSE,BANK_TRANSFER,false
Farmacia,284.78,2025-08-19,EXPENSE,DEBIT_CARD,false
Manutencao do veiculo,611.61,2025-08-19,EXPENSE,CREDIT_CARD,false
Passagem aerea,2857.20,2025-08-19,EXPENSE,DEBIT_CARD,false
Plano de celular,96.65,2025-08-19,EXPENSE,PIX,true
Plano de saude,434.79,2025-08-19,EXPENSE,BANK_TRANSFER,true
Restaurante,31.93,2025-08-19,EXPENSE,BANK_TRANSFER,false
Bonus profissional,3071.08,2025-08-19,INCOME,BANK_TRANSFER,false
Pagamento freelance,1043.63,2025-08-19,INCOME,PIX,false
Rendimento de investimento,284.68,2025-08-19,INCOME,PIX,true
Aplicativo de transporte,18.31,2025-08-20,EXPENSE,CASH,false
Condominio,1115.01,2025-08-20,EXPENSE,CREDIT_CARD,true
Farmacia,78.12,2025-08-20,EXPENSE,BOLETO,false
Farmacia,352.22,2025-08-20,EXPENSE,CREDIT_CARD,false
Impostos e taxas,1006.21,2025-08-20,EXPENSE,CREDIT_CARD,false
Livraria,144.61,2025-08-20,EXPENSE,BOLETO,false
Loja de roupas,418.96,2025-08-20,EXPENSE,BANK_TRANSFER,false
Pet shop,298.18,2025-08-20,EXPENSE,CREDIT_CARD,false
Seguro do veiculo,156.00,2025-08-20,EXPENSE,CASH,true
Seguro do veiculo,119.37,2025-08-20,EXPENSE,CASH,true
Seguro do veiculo,363.70,2025-08-20,EXPENSE,BOLETO,true
Aluguel recebido,1809.53,2025-08-20,INCOME,BANK_TRANSFER,true
Cinema e lazer,58.56,2025-08-21,EXPENSE,DEBIT_CARD,false
Combustivel,330.68,2025-08-21,EXPENSE,BANK_TRANSFER,false
Curso online,209.51,2025-08-21,EXPENSE,CASH,false
Delivery de comida,70.57,2025-08-21,EXPENSE,PIX,false
Doacao,50.62,2025-08-21,EXPENSE,BOLETO,false
Estacionamento,36.34,2025-08-21,EXPENSE,PIX,false
Pet shop,190.29,2025-08-21,EXPENSE,CASH,false
Plano de saude,547.35,2025-08-21,EXPENSE,CREDIT_CARD,true
Seguro do veiculo,517.64,2025-08-21,EXPENSE,CASH,true
Streaming,22.75,2025-08-21,EXPENSE,BOLETO,false
Supermercado,135.41,2025-08-21,EXPENSE,BOLETO,false
Rendimento de investimento,592.18,2025-08-21,INCOME,BANK_TRANSFER,true
Aluguel residencial,1337.15,2025-08-22,EXPENSE,CASH,true
Condominio,1076.65,2025-08-22,EXPENSE,BOLETO,true
Farmacia,269.12,2025-08-22,EXPENSE,BOLETO,false
Loja de roupas,547.00,2025-08-22,EXPENSE,DEBIT_CARD,false
Plano de celular,89.26,2025-08-22,EXPENSE,PIX,true
Plano de saude,489.18,2025-08-22,EXPENSE,BOLETO,true
Seguro do veiculo,175.38,2025-08-22,EXPENSE,DEBIT_CARD,true
Viagem e hospedagem,3091.42,2025-08-22,EXPENSE,BOLETO,false
Dividendos,157.42,2025-08-22,INCOME,PIX,true
Venda de produto,1565.85,2025-08-22,INCOME,BANK_TRANSFER,false
Aplicativo de transporte,57.10,2025-08-23,EXPENSE,BOLETO,false
Cinema e lazer,80.68,2025-08-23,EXPENSE,DEBIT_CARD,false
Condominio,1133.80,2025-08-23,EXPENSE,CASH,true
Conta de energia,285.55,2025-08-23,EXPENSE,DEBIT_CARD,true
Delivery de comida,78.90,2025-08-23,EXPENSE,DEBIT_CARD,false
Eletronicos,3201.06,2025-08-23,EXPENSE,CREDIT_CARD,false
Estacionamento,9.73,2025-08-23,EXPENSE,PIX,false
Livraria,174.86,2025-08-23,EXPENSE,CREDIT_CARD,false
Livraria,205.88,2025-08-23,EXPENSE,DEBIT_CARD,false
Restaurante,122.24,2025-08-23,EXPENSE,BOLETO,false
Supermercado,367.10,2025-08-23,EXPENSE,CREDIT_CARD,false
Pagamento freelance,915.12,2025-08-23,INCOME,BANK_TRANSFER,false
Aplicativo de transporte,89.06,2025-08-24,EXPENSE,BANK_TRANSFER,false
Aplicativo de transporte,27.43,2025-08-24,EXPENSE,BOLETO,false
Combustivel,246.83,2025-08-24,EXPENSE,BANK_TRANSFER,false
Combustivel,270.30,2025-08-24,EXPENSE,DEBIT_CARD,false
Doacao,352.82,2025-08-24,EXPENSE,BANK_TRANSFER,false
Estacionamento,27.50,2025-08-24,EXPENSE,DEBIT_CARD,false
Loja de roupas,534.32,2025-08-24,EXPENSE,DEBIT_CARD,false
Pet shop,153.28,2025-08-24,EXPENSE,CREDIT_CARD,false
Seguro do veiculo,125.93,2025-08-24,EXPENSE,DEBIT_CARD,false
Salario mensal,8657.09,2025-08-24,INCOME,BANK_TRANSFER,true
Combustivel,281.39,2025-08-25,EXPENSE,PIX,false
Combustivel,263.73,2025-08-25,EXPENSE,PIX,false
Estacionamento,30.90,2025-08-25,EXPENSE,CASH,false
Pet shop,156.19,2025-08-25,EXPENSE,CASH,false
Plano de saude,476.16,2025-08-25,EXPENSE,CASH,true
Supermercado,592.15,2025-08-25,EXPENSE,BOLETO,false
Aluguel recebido,2080.09,2025-08-25,INCOME,BANK_TRANSFER,true
Pagamento freelance,1871.92,2025-08-25,INCOME,PIX,false
Venda de produto,757.21,2025-08-25,INCOME,PIX,false
Academia,179.43,2025-08-26,EXPENSE,DEBIT_CARD,true
Cinema e lazer,223.29,2025-08-26,EXPENSE,PIX,false
Condominio,685.04,2025-08-26,EXPENSE,BOLETO,false
Condominio,507.17,2025-08-26,EXPENSE,PIX,true
Conta de agua,158.24,2025-08-26,EXPENSE,CREDIT_CARD,false
Conta de agua,188.50,2025-08-26,EXPENSE,CASH,false
Conta de energia,298.76,2025-08-26,EXPENSE,CASH,true
Conta de energia,307.17,2025-08-26,EXPENSE,DEBIT_CARD,true
Passagem aerea,1803.94,2025-08-26,EXPENSE,PIX,false
Seguro do veiculo,143.13,2025-08-26,EXPENSE,BANK_TRANSFER,true
Veterinario,716.54,2025-08-26,EXPENSE,DEBIT_CARD,false
Viagem e hospedagem,2100.52,2025-08-26,EXPENSE,CASH,false
Dividendos,422.82,2025-08-26,INCOME,BANK_TRANSFER,true
Reembolso empresarial,235.54,2025-08-26,INCOME,PIX,false
Rendimento de investimento,334.69,2025-08-26,INCOME,PIX,true
Aluguel residencial,1067.41,2025-08-27,EXPENSE,BANK_TRANSFER,true
Aluguel residencial,1020.52,2025-08-27,EXPENSE,CREDIT_CARD,true
Aplicativo de transporte,27.71,2025-08-27,EXPENSE,BOLETO,false
Curso online,714.27,2025-08-27,EXPENSE,DEBIT_CARD,false
Delivery de comida,142.42,2025-08-27,EXPENSE,DEBIT_CARD,false
Estacionamento,73.49,2025-08-27,EXPENSE,PIX,false
Impostos e taxas,2012.98,2025-08-27,EXPENSE,DEBIT_CARD,false
Internet residencial,159.97,2025-08-27,EXPENSE,BANK_TRANSFER,true
Livraria,85.03,2025-08-27,EXPENSE,PIX,false
Loja de roupas,297.19,2025-08-27,EXPENSE,CASH,false
Manutencao do veiculo,2309.35,2025-08-27,EXPENSE,CREDIT_CARD,false
Padaria,46.23,2025-08-27,EXPENSE,CREDIT_CARD,false
Padaria,9.05,2025-08-27,EXPENSE,BOLETO,false
Passagem aerea,3682.16,2025-08-27,EXPENSE,CASH,false
Plano de saude,871.52,2025-08-27,EXPENSE,BANK_TRANSFER,true
Restaurante,314.75,2025-08-27,EXPENSE,CASH,false
Streaming,69.07,2025-08-27,EXPENSE,BOLETO,true
Restituicao de imposto,1826.04,2025-08-27,INCOME,BANK_TRANSFER,false
Salario mensal,3170.51,2025-08-27,INCOME,BANK_TRANSFER,true
Aplicativo de transporte,11.20,2025-08-28,EXPENSE,BANK_TRANSFER,false
Cinema e lazer,51.29,2025-08-28,EXPENSE,DEBIT_CARD,false
Combustivel,418.41,2025-08-28,EXPENSE,BANK_TRANSFER,false
Combustivel,142.14,2025-08-28,EXPENSE,CREDIT_CARD,false
Combustivel,177.02,2025-08-28,EXPENSE,CASH,false
Curso online,65.93,2025-08-28,EXPENSE,DEBIT_CARD,false
Delivery de comida,162.08,2025-08-28,EXPENSE,BANK_TRANSFER,false
Delivery de comida,94.85,2025-08-28,EXPENSE,DEBIT_CARD,false
Eletronicos,3626.18,2025-08-28,EXPENSE,PIX,false
Internet residencial,201.30,2025-08-28,EXPENSE,BOLETO,true
Padaria,25.59,2025-08-28,EXPENSE,BANK_TRANSFER,false
Passagem aerea,3357.07,2025-08-28,EXPENSE,BOLETO,false
Aluguel residencial,2730.23,2025-08-29,EXPENSE,PIX,true
Aplicativo de transporte,64.64,2025-08-29,EXPENSE,CREDIT_CARD,false
Cinema e lazer,121.21,2025-08-29,EXPENSE,DEBIT_CARD,false
Combustivel,200.10,2025-08-29,EXPENSE,PIX,false
Condominio,310.74,2025-08-29,EXPENSE,BOLETO,true
Conta de energia,320.52,2025-08-29,EXPENSE,BANK_TRANSFER,true
Delivery de comida,121.43,2025-08-29,EXPENSE,CASH,false
Doacao,109.63,2025-08-29,EXPENSE,CASH,false
Doacao,199.22,2025-08-29,EXPENSE,CREDIT_CARD,false
Impostos e taxas,1693.46,2025-08-29,EXPENSE,CASH,false
Livraria,190.69,2025-08-29,EXPENSE,CREDIT_CARD,false
Plano de saude,520.03,2025-08-29,EXPENSE,PIX,false
Pagamento freelance,469.95,2025-08-29,INCOME,BANK_TRANSFER,false
Estacionamento,51.08,2025-08-30,EXPENSE,DEBIT_CARD,false
Impostos e taxas,2019.58,2025-08-30,EXPENSE,CASH,false
Restaurante,149.05,2025-08-30,EXPENSE,BOLETO,false
Viagem e hospedagem,4019.61,2025-08-30,EXPENSE,CREDIT_CARD,false
Viagem e hospedagem,2838.21,2025-08-30,EXPENSE,CREDIT_CARD,false
Bonus profissional,2033.89,2025-08-30,INCOME,PIX,false
Rendimento de investimento,150.34,2025-08-30,INCOME,BANK_TRANSFER,false
Aplicativo de transporte,79.47,2025-08-31,EXPENSE,BANK_TRANSFER,false
Cinema e lazer,120.38,2025-08-31,EXPENSE,CREDIT_CARD,false
Delivery de comida,50.50,2025-08-31,EXPENSE,BOLETO,false
Livraria,80.66,2025-08-31,EXPENSE,BOLETO,false
Loja de roupas,680.19,2025-08-31,EXPENSE,BANK_TRANSFER,false
Manutencao do veiculo,484.07,2025-08-31,EXPENSE,DEBIT_CARD,false
Manutencao do veiculo,1372.23,2025-08-31,EXPENSE,BANK_TRANSFER,false
Streaming,39.16,2025-08-31,EXPENSE,DEBIT_CARD,true
Restituicao de imposto,1538.71,2025-08-31,INCOME,BANK_TRANSFER,false
Aplicativo de transporte,20.77,2025-09-01,EXPENSE,CREDIT_CARD,false
Conta de agua,56.40,2025-09-01,EXPENSE,CASH,true
Conta de energia,347.23,2025-09-01,EXPENSE,PIX,true
Farmacia,367.20,2025-09-01,EXPENSE,BANK_TRANSFER,false
Internet residencial,90.55,2025-09-01,EXPENSE,BANK_TRANSFER,true
Pet shop,301.60,2025-09-01,EXPENSE,DEBIT_CARD,false
Plano de celular,77.22,2025-09-01,EXPENSE,BOLETO,true
Veterinario,103.69,2025-09-01,EXPENSE,CASH,false
Academia,97.06,2025-09-02,EXPENSE,CREDIT_CARD,false
Aplicativo de transporte,40.47,2025-09-02,EXPENSE,BOLETO,false
Condominio,936.43,2025-09-02,EXPENSE,BANK_TRANSFER,false
Estacionamento,46.84,2025-09-02,EXPENSE,CASH,false
Padaria,10.15,2025-09-02,EXPENSE,DEBIT_CARD,false
Plano de saude,912.50,2025-09-02,EXPENSE,DEBIT_CARD,true
Restaurante,258.90,2025-09-02,EXPENSE,PIX,false
Academia,117.37,2025-09-03,EXPENSE,DEBIT_CARD,true
Aplicativo de transporte,15.71,2025-09-03,EXPENSE,BANK_TRANSFER,false
Combustivel,252.12,2025-09-03,EXPENSE,CREDIT_CARD,false
Conta de agua,148.26,2025-09-03,EXPENSE,BANK_TRANSFER,true
Curso online,693.93,2025-09-03,EXPENSE,BOLETO,false
Doacao,15.23,2025-09-03,EXPENSE,DEBIT_CARD,false
Farmacia,121.71,2025-09-03,EXPENSE,CREDIT_CARD,false
Internet residencial,181.59,2025-09-03,EXPENSE,CASH,true
Internet residencial,167.67,2025-09-03,EXPENSE,CREDIT_CARD,false
Loja de roupas,699.38,2025-09-03,EXPENSE,BANK_TRANSFER,false
Plano de saude,913.38,2025-09-03,EXPENSE,DEBIT_CARD,true
Supermercado,61.66,2025-09-03,EXPENSE,DEBIT_CARD,false
Reembolso empresarial,48.20,2025-09-03,INCOME,BANK_TRANSFER,false
Aplicativo de transporte,41.50,2025-09-04,EXPENSE,DEBIT_CARD,false
Conta de energia,329.03,2025-09-04,EXPENSE,PIX,true
Eletronicos,1719.56,2025-09-04,EXPENSE,DEBIT_CARD,false
Estacionamento,29.50,2025-09-04,EXPENSE,BANK_TRANSFER,false
Farmacia,113.66,2025-09-04,EXPENSE,CASH,false
Farmacia,84.46,2025-09-04,EXPENSE,BANK_TRANSFER,false
Farmacia,85.07,2025-09-04,EXPENSE,CREDIT_CARD,false
Pet shop,406.29,2025-09-04,EXPENSE,CASH,false
Veterinario,100.05,2025-09-04,EXPENSE,CREDIT_CARD,false
Viagem e hospedagem,3923.05,2025-09-04,EXPENSE,CASH,false
Aluguel recebido,1209.16,2025-09-04,INCOME,BANK_TRANSFER,true
Dividendos,471.81,2025-09-04,INCOME,BANK_TRANSFER,true
Venda de produto,1186.33,2025-09-04,INCOME,BANK_TRANSFER,false
Academia,222.42,2025-09-05,EXPENSE,BOLETO,false
Aplicativo de transporte,36.60,2025-09-05,EXPENSE,CREDIT_CARD,false
Condominio,1237.16,2025-09-05,EXPENSE,BANK_TRANSFER,true
Curso online,100.68,2025-09-05,EXPENSE,CASH,false
Delivery de comida,189.64,2025-09-05,EXPENSE,PIX,false
Delivery de comida,81.54,2025-09-05,EXPENSE,PIX,false
Estacionamento,26.77,2025-09-05,EXPENSE,CASH,false
Estacionamento,65.27,2025-09-05,EXPENSE,BANK_TRANSFER,false
Farmacia,132.65,2025-09-05,EXPENSE,BANK_TRANSFER,false
Loja de roupas,771.43,2025-09-05,EXPENSE,DEBIT_CARD,false
Manutencao do veiculo,1198.97,2025-09-05,EXPENSE,BOLETO,false
Pet shop,346.04,2025-09-05,EXPENSE,DEBIT_CARD,false
Rendimento de investimento,112.55,2025-09-05,INCOME,PIX,true
Academia,192.07,2025-09-06,EXPENSE,CREDIT_CARD,true
Academia,261.35,2025-09-06,EXPENSE,BANK_TRANSFER,true
Combustivel,363.64,2025-09-06,EXPENSE,CREDIT_CARD,false
Conta de agua,259.80,2025-09-06,EXPENSE,CREDIT_CARD,true
Eletronicos,752.11,2025-09-06,EXPENSE,BOLETO,false
Impostos e taxas,2046.14,2025-09-06,EXPENSE,BOLETO,false
Plano de saude,1105.75,2025-09-06,EXPENSE,CASH,true
Supermercado,714.40,2025-09-06,EXPENSE,PIX,false
Aluguel recebido,1040.88,2025-09-06,INCOME,PIX,true
Aplicativo de transporte,69.21,2025-09-07,EXPENSE,DEBIT_CARD,false
Cinema e lazer,182.19,2025-09-07,EXPENSE,DEBIT_CARD,false
Conta de energia,616.57,2025-09-07,EXPENSE,CREDIT_CARD,true
Curso online,509.01,2025-09-07,EXPENSE,CASH,false
Eletronicos,4051.19,2025-09-07,EXPENSE,BOLETO,false
Impostos e taxas,222.38,2025-09-07,EXPENSE,CASH,false
Internet residencial,183.48,2025-09-07,EXPENSE,PIX,true
Pet shop,356.95,2025-09-07,EXPENSE,PIX,false
Pet shop,227.02,2025-09-07,EXPENSE,BOLETO,false
Supermercado,415.97,2025-09-07,EXPENSE,DEBIT_CARD,false
Conta de energia,126.86,2025-09-08,EXPENSE,BOLETO,false
Curso online,545.59,2025-09-08,EXPENSE,PIX,false
Curso online,256.84,2025-09-08,EXPENSE,BOLETO,false
Eletronicos,4533.29,2025-09-08,EXPENSE,PIX,false
Impostos e taxas,780.66,2025-09-08,EXPENSE,CASH,false
Internet residencial,76.25,2025-09-08,EXPENSE,CREDIT_CARD,true
Manutencao do veiculo,1489.61,2025-09-08,EXPENSE,CREDIT_CARD,false
Plano de celular,134.26,2025-09-08,EXPENSE,CREDIT_CARD,true
Restaurante,245.62,2025-09-08,EXPENSE,BANK_TRANSFER,false
Streaming,53.70,2025-09-08,EXPENSE,PIX,true
Supermercado,759.65,2025-09-08,EXPENSE,BOLETO,false
Veterinario,767.32,2025-09-08,EXPENSE,BOLETO,false
Restituicao de imposto,2178.01,2025-09-08,INCOME,PIX,false
Doacao,283.95,2025-09-09,EXPENSE,PIX,false
Passagem aerea,2250.05,2025-09-09,EXPENSE,DEBIT_CARD,false
Plano de celular,97.10,2025-09-09,EXPENSE,PIX,false
Plano de saude,1277.24,2025-09-09,EXPENSE,CREDIT_CARD,true
Plano de saude,980.65,2025-09-09,EXPENSE,CREDIT_CARD,true
Plano de saude,514.79,2025-09-09,EXPENSE,CREDIT_CARD,true
Rendimento de investimento,249.46,2025-09-09,INCOME,BANK_TRANSFER,true
Doacao,314.18,2025-09-10,EXPENSE,CASH,false
Padaria,30.30,2025-09-10,EXPENSE,BOLETO,false
Plano de celular,61.40,2025-09-10,EXPENSE,BANK_TRANSFER,true
Restaurante,137.23,2025-09-10,EXPENSE,BOLETO,false
Seguro do veiculo,413.96,2025-09-10,EXPENSE,CASH,true
Seguro do veiculo,343.25,2025-09-10,EXPENSE,CREDIT_CARD,false
Seguro do veiculo,412.61,2025-09-10,EXPENSE,PIX,true
Aplicativo de transporte,92.42,2025-09-11,EXPENSE,BOLETO,false
Eletronicos,4531.78,2025-09-11,EXPENSE,PIX,false
Impostos e taxas,1019.74,2025-09-11,EXPENSE,PIX,false
Internet residencial,189.91,2025-09-11,EXPENSE,BOLETO,true
Loja de roupas,190.83,2025-09-11,EXPENSE,BOLETO,false
Padaria,76.68,2025-09-11,EXPENSE,PIX,false
Plano de celular,80.29,2025-09-11,EXPENSE,BANK_TRANSFER,true
Streaming,59.41,2025-09-11,EXPENSE,CREDIT_CARD,false
Streaming,30.50,2025-09-11,EXPENSE,BANK_TRANSFER,true
Veterinario,482.60,2025-09-11,EXPENSE,BANK_TRANSFER,false
Restituicao de imposto,1063.71,2025-09-11,INCOME,PIX,false
Venda de produto,988.25,2025-09-11,INCOME,BANK_TRANSFER,false
Academia,108.46,2025-09-12,EXPENSE,BANK_TRANSFER,true
Condominio,1127.13,2025-09-12,EXPENSE,BOLETO,true
Conta de energia,561.47,2025-09-12,EXPENSE,DEBIT_CARD,true
Delivery de comida,36.23,2025-09-12,EXPENSE,CASH,false
Estacionamento,61.34,2025-09-12,EXPENSE,CREDIT_CARD,false
Farmacia,374.44,2025-09-12,EXPENSE,BANK_TRANSFER,false
Padaria,79.30,2025-09-12,EXPENSE,DEBIT_CARD,false
Passagem aerea,2497.50,2025-09-12,EXPENSE,CASH,false
Pet shop,238.78,2025-09-12,EXPENSE,BOLETO,false
Dividendos,69.02,2025-09-12,INCOME,BANK_TRANSFER,true
Reembolso empresarial,279.16,2025-09-12,INCOME,PIX,false
Transferencia recebida,166.48,2025-09-12,INCOME,BANK_TRANSFER,false
Condominio,330.45,2025-09-13,EXPENSE,BOLETO,true
Curso online,158.04,2025-09-13,EXPENSE,DEBIT_CARD,false
Curso online,466.43,2025-09-13,EXPENSE,BANK_TRANSFER,false
Curso online,300.14,2025-09-13,EXPENSE,BANK_TRANSFER,false
Delivery de comida,158.74,2025-09-13,EXPENSE,PIX,false
Eletronicos,3605.81,2025-09-13,EXPENSE,CASH,false
Impostos e taxas,1855.25,2025-09-13,EXPENSE,PIX,false
Internet residencial,109.02,2025-09-13,EXPENSE,CASH,true
Loja de roupas,400.57,2025-09-13,EXPENSE,CASH,false
Plano de celular,72.87,2025-09-13,EXPENSE,CREDIT_CARD,false
Plano de saude,774.92,2025-09-13,EXPENSE,DEBIT_CARD,true
Seguro do veiculo,310.19,2025-09-13,EXPENSE,DEBIT_CARD,true
Seguro do veiculo,235.56,2025-09-13,EXPENSE,PIX,true
Veterinario,177.51,2025-09-13,EXPENSE,PIX,false
Aluguel recebido,2085.16,2025-09-13,INCOME,PIX,true
Academia,267.63,2025-09-14,EXPENSE,DEBIT_CARD,true
Cinema e lazer,190.17,2025-09-14,EXPENSE,PIX,false
Cinema e lazer,64.69,2025-09-14,EXPENSE,BANK_TRANSFER,false
Combustivel,107.99,2025-09-14,EXPENSE,CREDIT_CARD,false
Condominio,1014.62,2025-09-14,EXPENSE,CASH,true
Conta de agua,258.10,2025-09-14,EXPENSE,BOLETO,false
Estacionamento,22.62,2025-09-14,EXPENSE,CASH,false
Plano de celular,125.71,2025-09-14,EXPENSE,BANK_TRANSFER,true
Academia,124.13,2025-09-15,EXPENSE,PIX,true
Aplicativo de transporte,70.86,2025-09-15,EXPENSE,BOLETO,false
Delivery de comida,165.68,2025-09-15,EXPENSE,PIX,false
Doacao,90.34,2025-09-15,EXPENSE,DEBIT_CARD,false
Doacao,187.97,2025-09-15,EXPENSE,CREDIT_CARD,false
Livraria,136.20,2025-09-15,EXPENSE,CREDIT_CARD,false
Loja de roupas,657.45,2025-09-15,EXPENSE,CREDIT_CARD,false
Padaria,48.07,2025-09-15,EXPENSE,CREDIT_CARD,false
Plano de saude,1073.12,2025-09-15,EXPENSE,BANK_TRANSFER,true
Veterinario,787.19,2025-09-15,EXPENSE,CASH,false
Veterinario,512.19,2025-09-15,EXPENSE,BOLETO,false
Viagem e hospedagem,1703.08,2025-09-15,EXPENSE,PIX,false
Viagem e hospedagem,1780.90,2025-09-15,EXPENSE,PIX,false
Bonus profissional,2055.09,2025-09-15,INCOME,PIX,false
Bonus profissional,2421.04,2025-09-15,INCOME,PIX,false
Dividendos,358.56,2025-09-15,INCOME,PIX,true
Academia,276.40,2025-09-16,EXPENSE,PIX,false
Aplicativo de transporte,11.86,2025-09-16,EXPENSE,BANK_TRANSFER,false
Impostos e taxas,1363.56,2025-09-16,EXPENSE,BOLETO,false
Bonus profissional,1399.87,2025-09-16,INCOME,PIX,false
Farmacia,312.57,2025-09-17,EXPENSE,PIX,false
Impostos e taxas,1347.98,2025-09-17,EXPENSE,CASH,false
Pet shop,351.61,2025-09-17,EXPENSE,CREDIT_CARD,false
Plano de celular,74.69,2025-09-17,EXPENSE,CREDIT_CARD,true
Seguro do veiculo,479.90,2025-09-17,EXPENSE,CREDIT_CARD,true
Seguro do veiculo,471.85,2025-09-17,EXPENSE,DEBIT_CARD,true
Supermercado,284.52,2025-09-17,EXPENSE,CASH,false
Combustivel,155.41,2025-09-18,EXPENSE,BANK_TRANSFER,false
Conta de energia,207.37,2025-09-18,EXPENSE,CREDIT_CARD,true
Delivery de comida,135.34,2025-09-18,EXPENSE,PIX,false
Restaurante,281.99,2025-09-18,EXPENSE,DEBIT_CARD,false
Streaming,62.81,2025-09-18,EXPENSE,CASH,false
Supermercado,792.04,2025-09-18,EXPENSE,CREDIT_CARD,false
Combustivel,301.45,2025-09-19,EXPENSE,CASH,false
Condominio,522.86,2025-09-19,EXPENSE,CREDIT_CARD,true
Estacionamento,52.44,2025-09-19,EXPENSE,BANK_TRANSFER,false
Loja de roupas,307.35,2025-09-19,EXPENSE,BOLETO,false
Passagem aerea,2616.33,2025-09-19,EXPENSE,BOLETO,false
Rendimento de investimento,591.69,2025-09-19,INCOME,BANK_TRANSFER,true
Combustivel,165.12,2025-09-20,EXPENSE,CREDIT_CARD,false
Condominio,488.78,2025-09-20,EXPENSE,CASH,true
Curso online,155.22,2025-09-20,EXPENSE,BANK_TRANSFER,false
Eletronicos,303.00,2025-09-20,EXPENSE,CREDIT_CARD,false
Impostos e taxas,862.54,2025-09-20,EXPENSE,DEBIT_CARD,false
Internet residencial,161.36,2025-09-20,EXPENSE,CASH,true
Livraria,279.64,2025-09-20,EXPENSE,BANK_TRANSFER,false
Streaming,51.64,2025-09-20,EXPENSE,CREDIT_CARD,true
Supermercado,169.40,2025-09-20,EXPENSE,BOLETO,false
Academia,147.75,2025-09-21,EXPENSE,CASH,true
Conta de agua,219.26,2025-09-21,EXPENSE,DEBIT_CARD,true
Curso online,502.76,2025-09-21,EXPENSE,BANK_TRANSFER,false
Delivery de comida,60.10,2025-09-21,EXPENSE,CREDIT_CARD,false
Eletronicos,2520.80,2025-09-21,EXPENSE,BOLETO,false
Loja de roupas,600.82,2025-09-21,EXPENSE,BANK_TRANSFER,false
Passagem aerea,2776.05,2025-09-21,EXPENSE,BOLETO,false
Seguro do veiculo,422.05,2025-09-21,EXPENSE,CASH,true
Supermercado,428.54,2025-09-21,EXPENSE,BOLETO,false
Veterinario,427.29,2025-09-21,EXPENSE,BOLETO,false
Venda de produto,283.02,2025-09-21,INCOME,PIX,false
Aluguel residencial,1682.53,2025-09-22,EXPENSE,CASH,true
Aluguel residencial,4143.16,2025-09-22,EXPENSE,DEBIT_CARD,true
Condominio,771.07,2025-09-22,EXPENSE,BOLETO,true
Condominio,719.86,2025-09-22,EXPENSE,PIX,true
Delivery de comida,106.25,2025-09-22,EXPENSE,CREDIT_CARD,false
Doacao,459.34,2025-09-22,EXPENSE,BANK_TRANSFER,false
Eletronicos,1502.42,2025-09-22,EXPENSE,PIX,false
Estacionamento,68.66,2025-09-22,EXPENSE,BOLETO,false
Internet residencial,96.21,2025-09-22,EXPENSE,CREDIT_CARD,true
Loja de roupas,766.05,2025-09-22,EXPENSE,CASH,false
Restaurante,313.67,2025-09-22,EXPENSE,CASH,false
Restaurante,27.49,2025-09-22,EXPENSE,CASH,false
Streaming,67.29,2025-09-22,EXPENSE,CREDIT_CARD,true
Salario mensal,6898.64,2025-09-22,INCOME,BANK_TRANSFER,true
Aplicativo de transporte,61.73,2025-09-23,EXPENSE,BOLETO,false
Condominio,335.95,2025-09-23,EXPENSE,CASH,true
Farmacia,245.10,2025-09-23,EXPENSE,BOLETO,false
Loja de roupas,190.58,2025-09-23,EXPENSE,PIX,false
Manutencao do veiculo,773.75,2025-09-23,EXPENSE,BOLETO,false
Padaria,35.30,2025-09-23,EXPENSE,CREDIT_CARD,false
Pet shop,296.25,2025-09-23,EXPENSE,BANK_TRANSFER,false
Plano de celular,131.80,2025-09-23,EXPENSE,BOLETO,false
Restaurante,120.41,2025-09-23,EXPENSE,BOLETO,false
Viagem e hospedagem,1160.88,2025-09-23,EXPENSE,CREDIT_CARD,false
Restituicao de imposto,2199.33,2025-09-23,INCOME,BANK_TRANSFER,false
Condominio,405.17,2025-09-24,EXPENSE,BANK_TRANSFER,true
Eletronicos,1520.57,2025-09-24,EXPENSE,CREDIT_CARD,false
Impostos e taxas,1611.61,2025-09-24,EXPENSE,BANK_TRANSFER,false
Internet residencial,190.25,2025-09-24,EXPENSE,PIX,false
Livraria,268.55,2025-09-24,EXPENSE,BANK_TRANSFER,false
Loja de roupas,345.81,2025-09-24,EXPENSE,CASH,false
Passagem aerea,3712.59,2025-09-24,EXPENSE,CREDIT_CARD,false
Passagem aerea,697.50,2025-09-24,EXPENSE,CREDIT_CARD,false
Pet shop,176.18,2025-09-24,EXPENSE,DEBIT_CARD,false
Plano de saude,751.97,2025-09-24,EXPENSE,PIX,true
Streaming,52.24,2025-09-24,EXPENSE,CASH,true
Reembolso empresarial,269.74,2025-09-24,INCOME,BANK_TRANSFER,false
Venda de produto,695.93,2025-09-24,INCOME,PIX,false
Cinema e lazer,43.06,2025-09-25,EXPENSE,CREDIT_CARD,false
Delivery de comida,72.42,2025-09-25,EXPENSE,PIX,false
Delivery de comida,160.86,2025-09-25,EXPENSE,BOLETO,false
Delivery de comida,125.98,2025-09-25,EXPENSE,BANK_TRANSFER,false
Eletronicos,4651.51,2025-09-25,EXPENSE,DEBIT_CARD,false
Estacionamento,65.40,2025-09-25,EXPENSE,BOLETO,false
Estacionamento,47.93,2025-09-25,EXPENSE,CREDIT_CARD,false
Passagem aerea,538.93,2025-09-25,EXPENSE,PIX,false
Pet shop,202.21,2025-09-25,EXPENSE,BOLETO,false
Pet shop,308.25,2025-09-25,EXPENSE,PIX,false
Bonus profissional,557.41,2025-09-25,INCOME,BANK_TRANSFER,false
Dividendos,18.67,2025-09-25,INCOME,BANK_TRANSFER,false
Pagamento freelance,594.11,2025-09-25,INCOME,BANK_TRANSFER,false
Reembolso empresarial,851.57,2025-09-25,INCOME,BANK_TRANSFER,false
Combustivel,83.68,2025-09-26,EXPENSE,PIX,false
Delivery de comida,25.39,2025-09-26,EXPENSE,BANK_TRANSFER,false
Impostos e taxas,180.82,2025-09-26,EXPENSE,PIX,false
Impostos e taxas,2137.02,2025-09-26,EXPENSE,BANK_TRANSFER,false
Internet residencial,139.35,2025-09-26,EXPENSE,CASH,true
Loja de roupas,710.34,2025-09-26,EXPENSE,PIX,false
Loja de roupas,291.19,2025-09-26,EXPENSE,CASH,false
Padaria,64.93,2025-09-26,EXPENSE,BOLETO,false
Supermercado,667.20,2025-09-26,EXPENSE,CREDIT_CARD,false
Supermercado,726.40,2025-09-26,EXPENSE,CASH,false
Venda de produto,306.45,2025-09-26,INCOME,BANK_TRANSFER,false
Aplicativo de transporte,85.37,2025-09-27,EXPENSE,CASH,false
Cinema e lazer,219.97,2025-09-27,EXPENSE,BOLETO,false
Impostos e taxas,150.55,2025-09-27,EXPENSE,CASH,false
Plano de celular,42.57,2025-09-27,EXPENSE,CASH,true
Seguro do veiculo,135.11,2025-09-27,EXPENSE,DEBIT_CARD,false
Veterinario,664.14,2025-09-27,EXPENSE,CREDIT_CARD,false
Aluguel residencial,3290.83,2025-09-28,EXPENSE,BANK_TRANSFER,true
Combustivel,345.25,2025-09-28,EXPENSE,PIX,false
Livraria,182.03,2025-09-28,EXPENSE,PIX,false
Passagem aerea,3455.08,2025-09-28,EXPENSE,CREDIT_CARD,false
Reembolso empresarial,147.75,2025-09-28,INCOME,BANK_TRANSFER,false
Rendimento de investimento,307.05,2025-09-28,INCOME,BANK_TRANSFER,true
Restituicao de imposto,1978.27,2025-09-28,INCOME,PIX,false
Aluguel residencial,2167.16,2025-09-29,EXPENSE,CREDIT_CARD,false
Aluguel residencial,2052.90,2025-09-29,EXPENSE,PIX,true
Cinema e lazer,175.73,2025-09-29,EXPENSE,BANK_TRANSFER,false
Combustivel,206.31,2025-09-29,EXPENSE,BANK_TRANSFER,false
Delivery de comida,134.77,2025-09-29,EXPENSE,BOLETO,false
Estacionamento,18.37,2025-09-29,EXPENSE,PIX,false
Estacionamento,54.46,2025-09-29,EXPENSE,BANK_TRANSFER,false
Estacionamento,68.66,2025-09-29,EXPENSE,CREDIT_CARD,false
Impostos e taxas,1931.91,2025-09-29,EXPENSE,BANK_TRANSFER,false
Pet shop,34.71,2025-09-29,EXPENSE,PIX,false
Restaurante,125.51,2025-09-29,EXPENSE,CASH,false
Streaming,38.62,2025-09-29,EXPENSE,PIX,false
Viagem e hospedagem,881.26,2025-09-29,EXPENSE,BOLETO,false
Restituicao de imposto,2798.31,2025-09-29,INCOME,PIX,false
Transferencia recebida,1946.44,2025-09-29,INCOME,PIX,false
Aplicativo de transporte,68.98,2025-09-30,EXPENSE,CASH,false
Cinema e lazer,86.69,2025-09-30,EXPENSE,DEBIT_CARD,false
Combustivel,229.73,2025-09-30,EXPENSE,BOLETO,false
Combustivel,266.33,2025-09-30,EXPENSE,CREDIT_CARD,false
Delivery de comida,78.67,2025-09-30,EXPENSE,CASH,false
Doacao,11.03,2025-09-30,EXPENSE,BOLETO,false
Estacionamento,72.63,2025-09-30,EXPENSE,PIX,false
Internet residencial,75.30,2025-09-30,EXPENSE,PIX,true
Livraria,145.40,2025-09-30,EXPENSE,PIX,false
Seguro do veiculo,415.91,2025-09-30,EXPENSE,PIX,true
Seguro do veiculo,214.97,2025-09-30,EXPENSE,PIX,false
Streaming,61.36,2025-09-30,EXPENSE,DEBIT_CARD,true
Viagem e hospedagem,2694.90,2025-09-30,EXPENSE,PIX,false
Viagem e hospedagem,3545.05,2025-09-30,EXPENSE,CREDIT_CARD,false
Aluguel recebido,2392.22,2025-09-30,INCOME,BANK_TRANSFER,true
Pagamento freelance,1723.94,2025-09-30,INCOME,BANK_TRANSFER,false
Academia,240.67,2025-10-01,EXPENSE,DEBIT_CARD,false
Conta de energia,219.62,2025-10-01,EXPENSE,CREDIT_CARD,true
Doacao,455.87,2025-10-01,EXPENSE,DEBIT_CARD,false
Doacao,27.35,2025-10-01,EXPENSE,CREDIT_CARD,false
Internet residencial,88.84,2025-10-01,EXPENSE,BANK_TRANSFER,true
Livraria,212.56,2025-10-01,EXPENSE,CASH,false
Loja de roupas,399.96,2025-10-01,EXPENSE,CREDIT_CARD,false
Loja de roupas,721.57,2025-10-01,EXPENSE,DEBIT_CARD,false
Manutencao do veiculo,1178.72,2025-10-01,EXPENSE,PIX,false
Manutencao do veiculo,395.44,2025-10-01,EXPENSE,PIX,false
Supermercado,529.60,2025-10-01,EXPENSE,BOLETO,false
Viagem e hospedagem,2063.79,2025-10-01,EXPENSE,DEBIT_CARD,false
Aluguel residencial,2534.66,2025-10-02,EXPENSE,DEBIT_CARD,true
Aplicativo de transporte,68.03,2025-10-02,EXPENSE,CASH,false
Curso online,652.85,2025-10-02,EXPENSE,CREDIT_CARD,false
Streaming,75.75,2025-10-02,EXPENSE,CREDIT_CARD,true
Aluguel recebido,2923.75,2025-10-02,INCOME,BANK_TRANSFER,true
Rendimento de investimento,170.78,2025-10-02,INCOME,BANK_TRANSFER,true
Academia,143.99,2025-10-03,EXPENSE,CASH,false
Curso online,708.81,2025-10-03,EXPENSE,DEBIT_CARD,false
Eletronicos,4584.96,2025-10-03,EXPENSE,PIX,false
Pet shop,416.09,2025-10-03,EXPENSE,CASH,false
Restaurante,48.60,2025-10-03,EXPENSE,PIX,false
Streaming,50.58,2025-10-03,EXPENSE,CREDIT_CARD,false
Viagem e hospedagem,2749.32,2025-10-03,EXPENSE,BOLETO,false
Viagem e hospedagem,3962.34,2025-10-03,EXPENSE,BOLETO,false
Viagem e hospedagem,1775.53,2025-10-03,EXPENSE,BANK_TRANSFER,false
Dividendos,383.03,2025-10-03,INCOME,BANK_TRANSFER,true
Restituicao de imposto,717.16,2025-10-03,INCOME,PIX,false
Transferencia recebida,1560.76,2025-10-03,INCOME,BANK_TRANSFER,false
Academia,141.36,2025-10-04,EXPENSE,CASH,true
Aluguel residencial,3499.27,2025-10-04,EXPENSE,DEBIT_CARD,true
Cinema e lazer,102.73,2025-10-04,EXPENSE,CASH,false
Combustivel,173.22,2025-10-04,EXPENSE,PIX,false
Condominio,995.41,2025-10-04,EXPENSE,PIX,true
Conta de agua,225.20,2025-10-04,EXPENSE,BOLETO,true
Curso online,581.47,2025-10-04,EXPENSE,CREDIT_CARD,false
Eletronicos,3556.71,2025-10-04,EXPENSE,BANK_TRANSFER,false
Eletronicos,2539.71,2025-10-04,EXPENSE,CASH,false
Internet residencial,117.49,2025-10-04,EXPENSE,BOLETO,true
Pagamento freelance,2036.11,2025-10-04,INCOME,PIX,false
Reembolso empresarial,269.00,2025-10-04,INCOME,PIX,false
Combustivel,283.86,2025-10-05,EXPENSE,CREDIT_CARD,false
Curso online,425.18,2025-10-05,EXPENSE,PIX,false
Delivery de comida,53.10,2025-10-05,EXPENSE,CASH,false
Passagem aerea,2227.37,2025-10-05,EXPENSE,BANK_TRANSFER,false
Supermercado,543.00,2025-10-05,EXPENSE,BOLETO,false
Salario mensal,6814.98,2025-10-05,INCOME,BANK_TRANSFER,true
Salario mensal,6561.65,2025-10-05,INCOME,BANK_TRANSFER,true
Aluguel residencial,4180.81,2025-10-06,EXPENSE,BANK_TRANSFER,true
Conta de energia,639.48,2025-10-06,EXPENSE,BOLETO,true
Delivery de comida,164.74,2025-10-06,EXPENSE,PIX,false
Internet residencial,108.50,2025-10-06,EXPENSE,CASH,true
Plano de celular,172.03,2025-10-06,EXPENSE,DEBIT_CARD,true
Plano de celular,172.85,2025-10-06,EXPENSE,CREDIT_CARD,true
Plano de saude,528.74,2025-10-06,EXPENSE,CREDIT_CARD,true
Venda de produto,1033.02,2025-10-06,INCOME,PIX,false
Condominio,827.68,2025-10-07,EXPENSE,BANK_TRANSFER,true
Internet residencial,92.91,2025-10-07,EXPENSE,CREDIT_CARD,true
Plano de saude,1480.24,2025-10-07,EXPENSE,PIX,true
Restaurante,55.13,2025-10-07,EXPENSE,CREDIT_CARD,false
Viagem e hospedagem,1444.70,2025-10-07,EXPENSE,CASH,false
Condominio,988.08,2025-10-08,EXPENSE,DEBIT_CARD,true
Curso online,334.34,2025-10-08,EXPENSE,PIX,false
Delivery de comida,124.31,2025-10-08,EXPENSE,BANK_TRANSFER,false
Eletronicos,1392.41,2025-10-08,EXPENSE,CREDIT_CARD,false
Estacionamento,27.50,2025-10-08,EXPENSE,BOLETO,false
Estacionamento,72.09,2025-10-08,EXPENSE,BOLETO,false
Impostos e taxas,1796.00,2025-10-08,EXPENSE,DEBIT_CARD,false
Plano de saude,995.08,2025-10-08,EXPENSE,CASH,true
Restaurante,62.22,2025-10-08,EXPENSE,DEBIT_CARD,false
Restaurante,305.50,2025-10-08,EXPENSE,CREDIT_CARD,false
Veterinario,496.20,2025-10-08,EXPENSE,PIX,false
Viagem e hospedagem,3298.16,2025-10-08,EXPENSE,PIX,false
Dividendos,604.72,2025-10-08,INCOME,BANK_TRANSFER,true
Rendimento de investimento,293.81,2025-10-08,INCOME,BANK_TRANSFER,false
Salario mensal,10449.45,2025-10-08,INCOME,PIX,false
Academia,237.16,2025-10-09,EXPENSE,CASH,true
Aplicativo de transporte,88.14,2025-10-09,EXPENSE,DEBIT_CARD,false
Conta de agua,119.43,2025-10-09,EXPENSE,DEBIT_CARD,true
Curso online,448.48,2025-10-09,EXPENSE,DEBIT_CARD,false
Delivery de comida,71.39,2025-10-09,EXPENSE,CASH,false
Internet residencial,116.53,2025-10-09,EXPENSE,BOLETO,true
Internet residencial,187.50,2025-10-09,EXPENSE,PIX,true
Plano de saude,370.86,2025-10-09,EXPENSE,BOLETO,true
Plano de saude,1201.72,2025-10-09,EXPENSE,BANK_TRANSFER,true
Restaurante,98.54,2025-10-09,EXPENSE,DEBIT_CARD,false
Supermercado,641.55,2025-10-09,EXPENSE,BANK_TRANSFER,false
Pagamento freelance,1907.40,2025-10-09,INCOME,PIX,false
Combustivel,406.25,2025-10-10,EXPENSE,BANK_TRANSFER,false
Condominio,365.41,2025-10-10,EXPENSE,CASH,true
Condominio,1132.73,2025-10-10,EXPENSE,BANK_TRANSFER,true
Internet residencial,194.79,2025-10-10,EXPENSE,CASH,true
Plano de celular,54.06,2025-10-10,EXPENSE,DEBIT_CARD,false
Plano de saude,206.78,2025-10-10,EXPENSE,BANK_TRANSFER,true
Seguro do veiculo,250.41,2025-10-10,EXPENSE,CASH,true
Seguro do veiculo,425.21,2025-10-10,EXPENSE,DEBIT_CARD,false
Rendimento de investimento,273.99,2025-10-10,INCOME,BANK_TRANSFER,true
Cinema e lazer,194.65,2025-10-11,EXPENSE,CASH,false
Cinema e lazer,75.90,2025-10-11,EXPENSE,CREDIT_CARD,false
Combustivel,198.15,2025-10-11,EXPENSE,DEBIT_CARD,false
Conta de energia,80.99,2025-10-11,EXPENSE,BANK_TRANSFER,true
Doacao,348.02,2025-10-11,EXPENSE,CREDIT_CARD,false
Estacionamento,37.48,2025-10-11,EXPENSE,DEBIT_CARD,false
Internet residencial,117.14,2025-10-11,EXPENSE,CASH,true
Passagem aerea,3779.77,2025-10-11,EXPENSE,PIX,false
Pet shop,307.66,2025-10-11,EXPENSE,PIX,false
Streaming,43.88,2025-10-11,EXPENSE,BOLETO,true
Pagamento freelance,2290.25,2025-10-11,INCOME,BANK_TRANSFER,false
Reembolso empresarial,652.20,2025-10-11,INCOME,PIX,false
Salario mensal,3011.26,2025-10-11,INCOME,PIX,true
Academia,151.06,2025-10-12,EXPENSE,CASH,true
Aplicativo de transporte,56.86,2025-10-12,EXPENSE,DEBIT_CARD,false
Cinema e lazer,52.69,2025-10-12,EXPENSE,DEBIT_CARD,false
Conta de agua,97.02,2025-10-12,EXPENSE,DEBIT_CARD,true
Conta de energia,236.52,2025-10-12,EXPENSE,DEBIT_CARD,false
Curso online,135.12,2025-10-12,EXPENSE,CASH,false
Curso online,384.49,2025-10-12,EXPENSE,CREDIT_CARD,false
Doacao,199.30,2025-10-12,EXPENSE,BANK_TRANSFER,false
Loja de roupas,262.09,2025-10-12,EXPENSE,CREDIT_CARD,false
Padaria,15.85,2025-10-12,EXPENSE,CASH,false
Padaria,44.61,2025-10-12,EXPENSE,DEBIT_CARD,false
Pet shop,156.37,2025-10-12,EXPENSE,CASH,false
Pet shop,26.05,2025-10-12,EXPENSE,CASH,false
Salario mensal,8026.81,2025-10-12,INCOME,BANK_TRANSFER,true
Transferencia recebida,1842.48,2025-10-12,INCOME,PIX,false
Aplicativo de transporte,14.54,2025-10-13,EXPENSE,DEBIT_CARD,false
Manutencao do veiculo,2033.62,2025-10-13,EXPENSE,BOLETO,false
Padaria,67.44,2025-10-13,EXPENSE,CASH,false
Plano de celular,71.24,2025-10-13,EXPENSE,CREDIT_CARD,true
Plano de saude,619.64,2025-10-13,EXPENSE,CREDIT_CARD,true
Restaurante,77.75,2025-10-13,EXPENSE,BANK_TRANSFER,false
Streaming,67.82,2025-10-13,EXPENSE,BANK_TRANSFER,true
Supermercado,292.46,2025-10-13,EXPENSE,BOLETO,false
Bonus profissional,379.05,2025-10-13,INCOME,PIX,false
Reembolso empresarial,120.21,2025-10-13,INCOME,PIX,false
Reembolso empresarial,268.53,2025-10-13,INCOME,BANK_TRANSFER,false
Aplicativo de transporte,43.35,2025-10-14,EXPENSE,CASH,false
Condominio,505.27,2025-10-14,EXPENSE,BOLETO,true
Delivery de comida,93.92,2025-10-14,EXPENSE,PIX,false
Eletronicos,1765.34,2025-10-14,EXPENSE,CREDIT_CARD,false
Manutencao do veiculo,2301.49,2025-10-14,EXPENSE,DEBIT_CARD,false
Reembolso empresarial,401.38,2025-10-14,INCOME,PIX,false
Condominio,352.99,2025-10-15,EXPENSE,DEBIT_CARD,false
Conta de agua,47.10,2025-10-15,EXPENSE,BANK_TRANSFER,true
Curso online,733.80,2025-10-15,EXPENSE,CASH,false
Impostos e taxas,350.96,2025-10-15,EXPENSE,BOLETO,false
Padaria,17.31,2025-10-15,EXPENSE,PIX,false
Passagem aerea,388.31,2025-10-15,EXPENSE,BANK_TRANSFER,false
Streaming,34.94,2025-10-15,EXPENSE,CASH,true
Viagem e hospedagem,2423.05,2025-10-15,EXPENSE,DEBIT_CARD,false
Academia,151.69,2025-10-16,EXPENSE,BOLETO,true
Doacao,120.35,2025-10-16,EXPENSE,CASH,false
Farmacia,102.10,2025-10-16,EXPENSE,BANK_TRANSFER,false
Internet residencial,129.18,2025-10-16,EXPENSE,PIX,true
Passagem aerea,1160.66,2025-10-16,EXPENSE,PIX,false
Restaurante,134.86,2025-10-16,EXPENSE,BANK_TRANSFER,false
Supermercado,761.41,2025-10-16,EXPENSE,BOLETO,false
Salario mensal,9992.63,2025-10-16,INCOME,PIX,true
Academia,110.23,2025-10-17,EXPENSE,CREDIT_CARD,true
Combustivel,246.44,2025-10-17,EXPENSE,BANK_TRANSFER,false
Conta de agua,156.43,2025-10-17,EXPENSE,BOLETO,true
Conta de agua,243.28,2025-10-17,EXPENSE,BANK_TRANSFER,false
Conta de agua,115.74,2025-10-17,EXPENSE,CREDIT_CARD,true
Estacionamento,52.16,2025-10-17,EXPENSE,BOLETO,false
Internet residencial,102.49,2025-10-17,EXPENSE,BANK_TRANSFER,true
Internet residencial,75.47,2025-10-17,EXPENSE,BOLETO,true
Padaria,36.25,2025-10-17,EXPENSE,BANK_TRANSFER,false
Pet shop,206.94,2025-10-17,EXPENSE,DEBIT_CARD,false
Plano de saude,1159.14,2025-10-17,EXPENSE,DEBIT_CARD,true
Restaurante,45.80,2025-10-17,EXPENSE,BOLETO,false
Supermercado,667.86,2025-10-17,EXPENSE,PIX,false
Viagem e hospedagem,3532.28,2025-10-17,EXPENSE,DEBIT_CARD,false
Conta de agua,81.37,2025-10-18,EXPENSE,BANK_TRANSFER,true
Delivery de comida,52.99,2025-10-18,EXPENSE,CASH,false
Doacao,38.58,2025-10-18,EXPENSE,PIX,false
Eletronicos,1577.57,2025-10-18,EXPENSE,CREDIT_CARD,false
Eletronicos,4652.10,2025-10-18,EXPENSE,PIX,false
Internet residencial,77.20,2025-10-18,EXPENSE,BOLETO,true
Loja de roupas,175.27,2025-10-18,EXPENSE,BANK_TRANSFER,false
Padaria,81.73,2025-10-18,EXPENSE,BANK_TRANSFER,false
Padaria,36.32,2025-10-18,EXPENSE,PIX,false
Plano de celular,130.43,2025-10-18,EXPENSE,PIX,true
Plano de saude,338.39,2025-10-18,EXPENSE,BANK_TRANSFER,true
Salario mensal,9680.33,2025-10-18,INCOME,BANK_TRANSFER,false
Combustivel,305.21,2025-10-19,EXPENSE,DEBIT_CARD,false
Conta de agua,93.25,2025-10-19,EXPENSE,PIX,true
Doacao,495.21,2025-10-19,EXPENSE,BANK_TRANSFER,false
Manutencao do veiculo,1125.34,2025-10-19,EXPENSE,BANK_TRANSFER,false
Seguro do veiculo,237.24,2025-10-19,EXPENSE,BOLETO,true
Streaming,32.39,2025-10-19,EXPENSE,DEBIT_CARD,true
Aluguel recebido,3321.85,2025-10-19,INCOME,BANK_TRANSFER,true
Aluguel recebido,2804.14,2025-10-19,INCOME,PIX,true
Dividendos,651.54,2025-10-19,INCOME,BANK_TRANSFER,true
Dividendos,280.67,2025-10-19,INCOME,BANK_TRANSFER,false
Pagamento freelance,4160.39,2025-10-19,INCOME,PIX,false
Academia,91.09,2025-10-20,EXPENSE,CASH,true
Impostos e taxas,611.57,2025-10-20,EXPENSE,BANK_TRANSFER,false
Internet residencial,213.36,2025-10-20,EXPENSE,BANK_TRANSFER,true
Loja de roupas,841.32,2025-10-20,EXPENSE,BOLETO,false
Loja de roupas,244.22,2025-10-20,EXPENSE,PIX,false
Loja de roupas,201.11,2025-10-20,EXPENSE,BOLETO,false
Padaria,22.15,2025-10-20,EXPENSE,DEBIT_CARD,false
Plano de saude,1159.72,2025-10-20,EXPENSE,BANK_TRANSFER,true
Restaurante,113.64,2025-10-20,EXPENSE,BOLETO,false
Transferencia recebida,1011.61,2025-10-20,INCOME,BANK_TRANSFER,false
Aluguel residencial,1485.37,2025-10-21,EXPENSE,CASH,true
Conta de agua,141.04,2025-10-21,EXPENSE,PIX,true
Farmacia,54.77,2025-10-21,EXPENSE,CREDIT_CARD,false
Manutencao do veiculo,1342.91,2025-10-21,EXPENSE,DEBIT_CARD,false
Streaming,33.68,2025-10-21,EXPENSE,CASH,false
Dividendos,385.70,2025-10-21,INCOME,PIX,true
Pagamento freelance,3834.03,2025-10-21,INCOME,PIX,false
Rendimento de investimento,63.38,2025-10-21,INCOME,PIX,true
Aluguel residencial,3814.83,2025-10-22,EXPENSE,CREDIT_CARD,true
Cinema e lazer,194.05,2025-10-22,EXPENSE,BANK_TRANSFER,false
Cinema e lazer,230.06,2025-10-22,EXPENSE,BOLETO,false
Combustivel,87.47,2025-10-22,EXPENSE,BANK_TRANSFER,false
Conta de energia,221.65,2025-10-22,EXPENSE,DEBIT_CARD,true
Doacao,119.62,2025-10-22,EXPENSE,CASH,false
Farmacia,307.60,2025-10-22,EXPENSE,CASH,false
Livraria,262.71,2025-10-22,EXPENSE,PIX,false
Livraria,235.55,2025-10-22,EXPENSE,BANK_TRANSFER,false
Manutencao do veiculo,1828.55,2025-10-22,EXPENSE,DEBIT_CARD,false
Padaria,42.63,2025-10-22,EXPENSE,CASH,false
Plano de celular,43.45,2025-10-22,EXPENSE,BANK_TRANSFER,true
Streaming,37.84,2025-10-22,EXPENSE,CREDIT_CARD,true
Aluguel residencial,3189.65,2025-10-23,EXPENSE,PIX,true
Combustivel,264.07,2025-10-23,EXPENSE,CASH,false
Conta de agua,184.67,2025-10-23,EXPENSE,BOLETO,false
Conta de agua,163.83,2025-10-23,EXPENSE,PIX,true
Conta de energia,171.89,2025-10-23,EXPENSE,BANK_TRANSFER,true
Internet residencial,180.09,2025-10-23,EXPENSE,CASH,true
Internet residencial,219.38,2025-10-23,EXPENSE,DEBIT_CARD,true
Livraria,236.05,2025-10-23,EXPENSE,CASH,false
Livraria,25.23,2025-10-23,EXPENSE,DEBIT_CARD,false
Padaria,73.51,2025-10-23,EXPENSE,DEBIT_CARD,false
Academia,95.12,2025-10-24,EXPENSE,BANK_TRANSFER,false
Academia,234.13,2025-10-24,EXPENSE,DEBIT_CARD,true
Aluguel residencial,2428.91,2025-10-24,EXPENSE,CASH,true
Conta de energia,605.12,2025-10-24,EXPENSE,CREDIT_CARD,true
Passagem aerea,1868.20,2025-10-24,EXPENSE,BANK_TRANSFER,false
Plano de celular,100.70,2025-10-24,EXPENSE,CASH,true
Supermercado,604.58,2025-10-24,EXPENSE,DEBIT_CARD,false
Venda de produto,1053.69,2025-10-24,INCOME,PIX,false
Cinema e lazer,119.51,2025-10-25,EXPENSE,CREDIT_CARD,false
Eletronicos,2430.44,2025-10-25,EXPENSE,DEBIT_CARD,false
Impostos e taxas,2140.60,2025-10-25,EXPENSE,CASH,false
Seguro do veiculo,106.70,2025-10-25,EXPENSE,PIX,true
Supermercado,213.02,2025-10-25,EXPENSE,CREDIT_CARD,false
Veterinario,235.55,2025-10-25,EXPENSE,CASH,false
Academia,92.18,2025-10-26,EXPENSE,CASH,true
Aplicativo de transporte,26.64,2025-10-26,EXPENSE,BOLETO,false
Aplicativo de transporte,69.73,2025-10-26,EXPENSE,BOLETO,false
Combustivel,298.18,2025-10-26,EXPENSE,DEBIT_CARD,false
Conta de agua,61.54,2025-10-26,EXPENSE,PIX,true
Farmacia,204.58,2025-10-26,EXPENSE,BOLETO,false
Impostos e taxas,1834.01,2025-10-26,EXPENSE,CREDIT_CARD,false
Pet shop,197.91,2025-10-26,EXPENSE,CREDIT_CARD,false
Pet shop,199.68,2025-10-26,EXPENSE,PIX,false
Pet shop,367.54,2025-10-26,EXPENSE,DEBIT_CARD,false
Plano de saude,637.91,2025-10-26,EXPENSE,BANK_TRANSFER,false
Restaurante,285.59,2025-10-26,EXPENSE,CASH,false
Seguro do veiculo,179.78,2025-10-26,EXPENSE,DEBIT_CARD,true
Bonus profissional,4242.09,2025-10-26,INCOME,PIX,false
Restituicao de imposto,1595.49,2025-10-26,INCOME,PIX,false
Transferencia recebida,1943.35,2025-10-26,INCOME,BANK_TRANSFER,false
Condominio,289.81,2025-10-27,EXPENSE,BANK_TRANSFER,true
Curso online,678.73,2025-10-27,EXPENSE,CREDIT_CARD,false
Streaming,20.08,2025-10-27,EXPENSE,DEBIT_CARD,true
Supermercado,368.17,2025-10-27,EXPENSE,DEBIT_CARD,false
Aluguel recebido,1897.78,2025-10-27,INCOME,PIX,true
Pagamento freelance,3209.99,2025-10-27,INCOME,PIX,false
Academia,120.64,2025-10-28,EXPENSE,CASH,false
Aplicativo de transporte,15.34,2025-10-28,EXPENSE,CREDIT_CARD,false
Combustivel,90.21,2025-10-28,EXPENSE,BOLETO,false
Combustivel,185.17,2025-10-28,EXPENSE,BANK_TRANSFER,false
Conta de agua,179.18,2025-10-28,EXPENSE,BOLETO,false
Conta de agua,209.41,2025-10-28,EXPENSE,CREDIT_CARD,true
Delivery de comida,131.80,2025-10-28,EXPENSE,CREDIT_CARD,false
Delivery de comida,93.39,2025-10-28,EXPENSE,BOLETO,false
Farmacia,341.58,2025-10-28,EXPENSE,CREDIT_CARD,false
Impostos e taxas,601.42,2025-10-28,EXPENSE,CASH,false
Loja de roupas,505.69,2025-10-28,EXPENSE,DEBIT_CARD,false
Padaria,9.06,2025-10-28,EXPENSE,PIX,false
Passagem aerea,2890.56,2025-10-28,EXPENSE,CREDIT_CARD,false
Passagem aerea,3363.10,2025-10-28,EXPENSE,PIX,false
Plano de celular,75.51,2025-10-28,EXPENSE,CASH,true
Restaurante,131.42,2025-10-28,EXPENSE,BOLETO,false
Supermercado,332.64,2025-10-28,EXPENSE,DEBIT_CARD,false
Viagem e hospedagem,3193.06,2025-10-28,EXPENSE,PIX,false
Viagem e hospedagem,1168.64,2025-10-28,EXPENSE,BOLETO,false
Transferencia recebida,1242.00,2025-10-28,INCOME,BANK_TRANSFER,false
Aluguel residencial,1526.68,2025-10-29,EXPENSE,BANK_TRANSFER,true
Cinema e lazer,80.23,2025-10-29,EXPENSE,CREDIT_CARD,false
Combustivel,114.88,2025-10-29,EXPENSE,BANK_TRANSFER,false
Doacao,394.62,2025-10-29,EXPENSE,DEBIT_CARD,false
Loja de roupas,203.39,2025-10-29,EXPENSE,PIX,false
Manutencao do veiculo,659.18,2025-10-29,EXPENSE,CASH,false
Padaria,29.32,2025-10-29,EXPENSE,CASH,false
Padaria,23.31,2025-10-29,EXPENSE,BANK_TRANSFER,false
Supermercado,369.13,2025-10-29,EXPENSE,PIX,false
Veterinario,777.91,2025-10-29,EXPENSE,DEBIT_CARD,false
Viagem e hospedagem,1265.52,2025-10-29,EXPENSE,DEBIT_CARD,false
Viagem e hospedagem,3665.57,2025-10-29,EXPENSE,DEBIT_CARD,false
Aplicativo de transporte,12.67,2025-10-30,EXPENSE,DEBIT_CARD,false
Condominio,756.95,2025-10-30,EXPENSE,PIX,false
Conta de agua,210.68,2025-10-30,EXPENSE,DEBIT_CARD,true
Conta de energia,496.26,2025-10-30,EXPENSE,BOLETO,false
Internet residencial,185.85,2025-10-30,EXPENSE,DEBIT_CARD,false
Supermercado,197.44,2025-10-30,EXPENSE,CASH,false
Restituicao de imposto,2669.91,2025-10-30,INCOME,PIX,false
Curso online,652.99,2025-10-31,EXPENSE,BANK_TRANSFER,false
Curso online,162.47,2025-10-31,EXPENSE,CREDIT_CARD,false
Delivery de comida,109.74,2025-10-31,EXPENSE,BANK_TRANSFER,false
Loja de roupas,814.43,2025-10-31,EXPENSE,DEBIT_CARD,false
Passagem aerea,3480.81,2025-10-31,EXPENSE,BANK_TRANSFER,false
Plano de saude,1386.60,2025-10-31,EXPENSE,BANK_TRANSFER,true
Viagem e hospedagem,2590.46,2025-10-31,EXPENSE,BOLETO,false
Transferencia recebida,1989.55,2025-10-31,INCOME,PIX,false
Combustivel,106.35,2025-11-01,EXPENSE,CASH,false
Delivery de comida,137.28,2025-11-01,EXPENSE,CREDIT_CARD,false
Doacao,52.95,2025-11-01,EXPENSE,BOLETO,false
Livraria,98.91,2025-11-01,EXPENSE,DEBIT_CARD,false
Padaria,82.95,2025-11-01,EXPENSE,BANK_TRANSFER,false
Passagem aerea,640.43,2025-11-01,EXPENSE,PIX,false
Passagem aerea,3222.42,2025-11-01,EXPENSE,CASH,false
Plano de celular,171.90,2025-11-01,EXPENSE,DEBIT_CARD,true
Streaming,27.81,2025-11-01,EXPENSE,BOLETO,false
Viagem e hospedagem,1966.60,2025-11-01,EXPENSE,PIX,false
Rendimento de investimento,435.41,2025-11-01,INCOME,BANK_TRANSFER,true
Venda de produto,990.58,2025-11-01,INCOME,PIX,false
Aplicativo de transporte,57.32,2025-11-02,EXPENSE,PIX,false
Delivery de comida,180.17,2025-11-02,EXPENSE,BANK_TRANSFER,false
Farmacia,366.84,2025-11-02,EXPENSE,BANK_TRANSFER,false
Pet shop,325.79,2025-11-02,EXPENSE,BANK_TRANSFER,false
Restaurante,186.53,2025-11-02,EXPENSE,CASH,false
Restaurante,252.21,2025-11-02,EXPENSE,BANK_TRANSFER,false
Viagem e hospedagem,3574.27,2025-11-02,EXPENSE,CREDIT_CARD,false
Venda de produto,1028.52,2025-11-02,INCOME,BANK_TRANSFER,false
Academia,188.52,2025-11-03,EXPENSE,CREDIT_CARD,true
Aluguel residencial,1603.31,2025-11-03,EXPENSE,DEBIT_CARD,true
Delivery de comida,144.06,2025-11-03,EXPENSE,CREDIT_CARD,false
Doacao,48.23,2025-11-03,EXPENSE,BANK_TRANSFER,false
Eletronicos,162.21,2025-11-03,EXPENSE,BANK_TRANSFER,false
Impostos e taxas,325.80,2025-11-03,EXPENSE,BANK_TRANSFER,false
Impostos e taxas,1180.31,2025-11-03,EXPENSE,DEBIT_CARD,false
Impostos e taxas,1339.60,2025-11-03,EXPENSE,PIX,false
Passagem aerea,3276.72,2025-11-03,EXPENSE,CREDIT_CARD,false
Plano de saude,772.68,2025-11-03,EXPENSE,PIX,true
Condominio,1041.09,2025-11-04,EXPENSE,BOLETO,false
Doacao,328.96,2025-11-04,EXPENSE,BOLETO,false
Impostos e taxas,622.72,2025-11-04,EXPENSE,CREDIT_CARD,false
Livraria,245.66,2025-11-04,EXPENSE,DEBIT_CARD,false
Padaria,73.46,2025-11-04,EXPENSE,BANK_TRANSFER,false
Pet shop,34.13,2025-11-04,EXPENSE,CREDIT_CARD,false
Plano de saude,954.55,2025-11-04,EXPENSE,PIX,true
Restaurante,194.70,2025-11-04,EXPENSE,BOLETO,false
Supermercado,638.03,2025-11-04,EXPENSE,CREDIT_CARD,false
Dividendos,103.91,2025-11-04,INCOME,PIX,true
Dividendos,61.12,2025-11-04,INCOME,BANK_TRANSFER,true
Reembolso empresarial,403.59,2025-11-04,INCOME,BANK_TRANSFER,false
Academia,169.70,2025-11-05,EXPENSE,DEBIT_CARD,true
Combustivel,164.33,2025-11-05,EXPENSE,CASH,false
Condominio,508.61,2025-11-05,EXPENSE,DEBIT_CARD,true
Conta de agua,218.53,2025-11-05,EXPENSE,CREDIT_CARD,true
Farmacia,205.17,2025-11-05,EXPENSE,PIX,false
Passagem aerea,533.54,2025-11-05,EXPENSE,DEBIT_CARD,false
Supermercado,198.24,2025-11-05,EXPENSE,CREDIT_CARD,false
Veterinario,270.93,2025-11-05,EXPENSE,BOLETO,false
Veterinario,424.44,2025-11-05,EXPENSE,BOLETO,false
Restituicao de imposto,695.74,2025-11-05,INCOME,BANK_TRANSFER,false
Restituicao de imposto,2733.57,2025-11-05,INCOME,BANK_TRANSFER,false
Curso online,174.58,2025-11-06,EXPENSE,CREDIT_CARD,false
Eletronicos,1434.02,2025-11-06,EXPENSE,BANK_TRANSFER,false
Plano de saude,1490.09,2025-11-06,EXPENSE,BOLETO,true
Aluguel recebido,2844.69,2025-11-06,INCOME,PIX,true
Dividendos,138.73,2025-11-06,INCOME,BANK_TRANSFER,true
Aluguel residencial,3590.11,2025-11-07,EXPENSE,CASH,true
Aplicativo de transporte,81.61,2025-11-07,EXPENSE,CREDIT_CARD,false
Cinema e lazer,112.29,2025-11-07,EXPENSE,BOLETO,false
Conta de energia,173.50,2025-11-07,EXPENSE,BOLETO,false
Estacionamento,20.76,2025-11-07,EXPENSE,CREDIT_CARD,false
Farmacia,162.67,2025-11-07,EXPENSE,BANK_TRANSFER,false
Internet residencial,137.60,2025-11-07,EXPENSE,BOLETO,false
Passagem aerea,2446.76,2025-11-07,EXPENSE,CREDIT_CARD,false
Seguro do veiculo,437.88,2025-11-07,EXPENSE,BANK_TRANSFER,true
Veterinario,922.39,2025-11-07,EXPENSE,BOLETO,false
Rendimento de investimento,585.45,2025-11-07,INCOME,BANK_TRANSFER,true
Salario mensal,11012.70,2025-11-07,INCOME,BANK_TRANSFER,false
Academia,149.77,2025-11-08,EXPENSE,PIX,true
Aluguel residencial,1380.21,2025-11-08,EXPENSE,CREDIT_CARD,true
Aplicativo de transporte,21.58,2025-11-08,EXPENSE,BOLETO,false
Delivery de comida,105.10,2025-11-08,EXPENSE,CASH,false
Farmacia,316.63,2025-11-08,EXPENSE,CASH,false
Internet residencial,213.69,2025-11-08,EXPENSE,BOLETO,true
Internet residencial,106.92,2025-11-08,EXPENSE,CASH,true
Manutencao do veiculo,1857.48,2025-11-08,EXPENSE,PIX,false
Plano de celular,57.94,2025-11-08,EXPENSE,BOLETO,true
Viagem e hospedagem,491.30,2025-11-08,EXPENSE,DEBIT_CARD,false
Pagamento freelance,1527.45,2025-11-08,INCOME,BANK_TRANSFER,false
Curso online,98.41,2025-11-09,EXPENSE,PIX,false
Curso online,554.43,2025-11-09,EXPENSE,CREDIT_CARD,false
Estacionamento,19.37,2025-11-09,EXPENSE,CREDIT_CARD,false
Livraria,48.27,2025-11-09,EXPENSE,CREDIT_CARD,false
Loja de roupas,257.14,2025-11-09,EXPENSE,BANK_TRANSFER,false
Veterinario,511.70,2025-11-09,EXPENSE,CASH,false
Viagem e hospedagem,274.34,2025-11-09,EXPENSE,PIX,false
Dividendos,51.03,2025-11-09,INCOME,PIX,true
Academia,196.10,2025-11-10,EXPENSE,CASH,true
Cinema e lazer,75.51,2025-11-10,EXPENSE,DEBIT_CARD,false
Conta de agua,258.54,2025-11-10,EXPENSE,DEBIT_CARD,true
Doacao,337.44,2025-11-10,EXPENSE,BANK_TRANSFER,false
Estacionamento,23.60,2025-11-10,EXPENSE,CASH,false
Farmacia,298.06,2025-11-10,EXPENSE,DEBIT_CARD,false
Impostos e taxas,496.35,2025-11-10,EXPENSE,BOLETO,false
Internet residencial,135.14,2025-11-10,EXPENSE,CREDIT_CARD,false
Internet residencial,87.15,2025-11-10,EXPENSE,BANK_TRANSFER,true
Passagem aerea,1904.87,2025-11-10,EXPENSE,DEBIT_CARD,false
Pagamento freelance,888.64,2025-11-10,INCOME,BANK_TRANSFER,false
Restituicao de imposto,2576.66,2025-11-10,INCOME,BANK_TRANSFER,false
Conta de energia,412.78,2025-11-11,EXPENSE,CREDIT_CARD,true
Curso online,372.23,2025-11-11,EXPENSE,CREDIT_CARD,false
Doacao,290.01,2025-11-11,EXPENSE,BOLETO,false
Estacionamento,34.58,2025-11-11,EXPENSE,CREDIT_CARD,false
Loja de roupas,682.89,2025-11-11,EXPENSE,PIX,false
Passagem aerea,3210.27,2025-11-11,EXPENSE,CREDIT_CARD,false
Supermercado,674.28,2025-11-11,EXPENSE,PIX,false
Aluguel recebido,1740.83,2025-11-11,INCOME,PIX,false
Restituicao de imposto,590.11,2025-11-11,INCOME,PIX,false
Transferencia recebida,2182.81,2025-11-11,INCOME,BANK_TRANSFER,false
Cinema e lazer,94.82,2025-11-12,EXPENSE,CREDIT_CARD,false
Conta de agua,124.88,2025-11-12,EXPENSE,BANK_TRANSFER,false
Delivery de comida,81.54,2025-11-12,EXPENSE,BANK_TRANSFER,false
Doacao,281.52,2025-11-12,EXPENSE,CREDIT_CARD,false
Doacao,32.51,2025-11-12,EXPENSE,CASH,false
Manutencao do veiculo,2389.68,2025-11-12,EXPENSE,PIX,false
Manutencao do veiculo,1495.15,2025-11-12,EXPENSE,DEBIT_CARD,false
Padaria,65.63,2025-11-12,EXPENSE,CASH,false
Pet shop,171.23,2025-11-12,EXPENSE,CREDIT_CARD,false
Plano de saude,251.38,2025-11-12,EXPENSE,BANK_TRANSFER,true
Plano de saude,1131.40,2025-11-12,EXPENSE,BOLETO,true
Plano de saude,943.32,2025-11-12,EXPENSE,BANK_TRANSFER,true
Rendimento de investimento,523.80,2025-11-12,INCOME,BANK_TRANSFER,true
Academia,64.93,2025-11-13,EXPENSE,DEBIT_CARD,false
Aplicativo de transporte,79.09,2025-11-13,EXPENSE,BOLETO,false
Conta de energia,509.29,2025-11-13,EXPENSE,PIX,true
Eletronicos,4154.43,2025-11-13,EXPENSE,CREDIT_CARD,false
Farmacia,207.16,2025-11-13,EXPENSE,PIX,false
Pet shop,361.41,2025-11-13,EXPENSE,PIX,false
Supermercado,244.77,2025-11-13,EXPENSE,BOLETO,false
Bonus profissional,709.64,2025-11-13,INCOME,BANK_TRANSFER,false
Restituicao de imposto,1925.63,2025-11-13,INCOME,PIX,false
Academia,127.86,2025-11-14,EXPENSE,DEBIT_CARD,false
Academia,241.82,2025-11-14,EXPENSE,CASH,true
Aluguel residencial,3645.22,2025-11-14,EXPENSE,DEBIT_CARD,false
Aluguel residencial,2256.20,2025-11-14,EXPENSE,PIX,true
Doacao,122.67,2025-11-14,EXPENSE,CASH,false
Livraria,127.84,2025-11-14,EXPENSE,BANK_TRANSFER,false
Padaria,57.50,2025-11-14,EXPENSE,BANK_TRANSFER,false
Plano de saude,959.64,2025-11-14,EXPENSE,CREDIT_CARD,true
Restaurante,274.28,2025-11-14,EXPENSE,BOLETO,false
Reembolso empresarial,534.56,2025-11-14,INCOME,BANK_TRANSFER,false
Aplicativo de transporte,29.34,2025-11-15,EXPENSE,BOLETO,false
Curso online,51.59,2025-11-15,EXPENSE,DEBIT_CARD,false
Delivery de comida,37.78,2025-11-15,EXPENSE,PIX,false
Doacao,112.62,2025-11-15,EXPENSE,CASH,false
Estacionamento,71.77,2025-11-15,EXPENSE,DEBIT_CARD,false
Estacionamento,30.82,2025-11-15,EXPENSE,PIX,false
Impostos e taxas,2082.93,2025-11-15,EXPENSE,BANK_TRANSFER,false
Loja de roupas,188.52,2025-11-15,EXPENSE,BANK_TRANSFER,false
Manutencao do veiculo,1795.33,2025-11-15,EXPENSE,CASH,false
Pet shop,357.94,2025-11-15,EXPENSE,CASH,false
Veterinario,281.04,2025-11-15,EXPENSE,BANK_TRANSFER,false
Venda de produto,757.78,2025-11-15,INCOME,BANK_TRANSFER,false
Aluguel residencial,3050.10,2025-11-16,EXPENSE,DEBIT_CARD,true
Aplicativo de transporte,21.08,2025-11-16,EXPENSE,DEBIT_CARD,false
Condominio,734.85,2025-11-16,EXPENSE,PIX,false
Condominio,779.34,2025-11-16,EXPENSE,BOLETO,true
Conta de agua,97.79,2025-11-16,EXPENSE,PIX,true
Doacao,165.79,2025-11-16,EXPENSE,PIX,false
Impostos e taxas,1325.19,2025-11-16,EXPENSE,BOLETO,false
Livraria,68.68,2025-11-16,EXPENSE,PIX,false
Plano de saude,220.17,2025-11-16,EXPENSE,BANK_TRANSFER,true
Restaurante,202.31,2025-11-16,EXPENSE,PIX,false
Aluguel recebido,3188.40,2025-11-16,INCOME,BANK_TRANSFER,true
Dividendos,514.81,2025-11-16,INCOME,PIX,true
Restituicao de imposto,1876.43,2025-11-16,INCOME,BANK_TRANSFER,false
Academia,97.64,2025-11-17,EXPENSE,BOLETO,true
Aplicativo de transporte,85.75,2025-11-17,EXPENSE,BOLETO,false
Cinema e lazer,129.11,2025-11-17,EXPENSE,BANK_TRANSFER,false
Curso online,74.90,2025-11-17,EXPENSE,CREDIT_CARD,false
Doacao,340.20,2025-11-17,EXPENSE,DEBIT_CARD,false
Estacionamento,21.11,2025-11-17,EXPENSE,DEBIT_CARD,false
Estacionamento,12.52,2025-11-17,EXPENSE,CREDIT_CARD,false
Loja de roupas,345.63,2025-11-17,EXPENSE,BOLETO,false
Manutencao do veiculo,678.97,2025-11-17,EXPENSE,CASH,false
Plano de celular,177.71,2025-11-17,EXPENSE,CREDIT_CARD,true
Plano de celular,71.74,2025-11-17,EXPENSE,BANK_TRANSFER,true
Seguro do veiculo,370.72,2025-11-17,EXPENSE,BANK_TRANSFER,true
Salario mensal,7708.72,2025-11-17,INCOME,PIX,false
Eletronicos,3351.44,2025-11-18,EXPENSE,PIX,false
Estacionamento,8.74,2025-11-18,EXPENSE,BOLETO,false
Internet residencial,153.96,2025-11-18,EXPENSE,DEBIT_CARD,true
Pet shop,302.28,2025-11-18,EXPENSE,PIX,false
Viagem e hospedagem,909.29,2025-11-18,EXPENSE,BANK_TRANSFER,false
Restituicao de imposto,1031.15,2025-11-18,INCOME,PIX,false
Academia,167.68,2025-11-19,EXPENSE,BANK_TRANSFER,false
Cinema e lazer,114.25,2025-11-19,EXPENSE,PIX,false
Cinema e lazer,108.29,2025-11-19,EXPENSE,CREDIT_CARD,false
Condominio,449.83,2025-11-19,EXPENSE,CASH,false
Curso online,297.49,2025-11-19,EXPENSE,CASH,false
Curso online,44.92,2025-11-19,EXPENSE,BANK_TRANSFER,false
Impostos e taxas,1737.30,2025-11-19,EXPENSE,CASH,false
Internet residencial,133.39,2025-11-19,EXPENSE,CREDIT_CARD,true
Seguro do veiculo,168.74,2025-11-19,EXPENSE,BANK_TRANSFER,true
Supermercado,52.93,2025-11-19,EXPENSE,BOLETO,false
Rendimento de investimento,185.75,2025-11-19,INCOME,PIX,true
Aluguel residencial,2637.57,2025-11-20,EXPENSE,CASH,true
Aluguel residencial,3171.69,2025-11-20,EXPENSE,DEBIT_CARD,true
Aluguel residencial,1136.73,2025-11-20,EXPENSE,BOLETO,true
Farmacia,363.43,2025-11-20,EXPENSE,BANK_TRANSFER,false
Farmacia,18.81,2025-11-20,EXPENSE,CREDIT_CARD,false
Impostos e taxas,2017.55,2025-11-20,EXPENSE,PIX,false
Livraria,248.85,2025-11-20,EXPENSE,PIX,false
Padaria,44.08,2025-11-20,EXPENSE,CASH,false
Pet shop,33.15,2025-11-20,EXPENSE,CASH,false
Streaming,54.13,2025-11-20,EXPENSE,DEBIT_CARD,true
Supermercado,614.74,2025-11-20,EXPENSE,BOLETO,false
Supermercado,365.04,2025-11-20,EXPENSE,PIX,false
Supermercado,749.36,2025-11-20,EXPENSE,BANK_TRANSFER,false
Dividendos,356.07,2025-11-20,INCOME,PIX,true
Dividendos,430.91,2025-11-20,INCOME,BANK_TRANSFER,true
Rendimento de investimento,92.49,2025-11-20,INCOME,PIX,true
Academia,254.83,2025-11-21,EXPENSE,PIX,true
Academia,260.61,2025-11-21,EXPENSE,BANK_TRANSFER,true
Aplicativo de transporte,64.77,2025-11-21,EXPENSE,DEBIT_CARD,false
Conta de energia,549.20,2025-11-21,EXPENSE,DEBIT_CARD,true
Internet residencial,198.99,2025-11-21,EXPENSE,BANK_TRANSFER,true
Plano de celular,152.34,2025-11-21,EXPENSE,PIX,true
Plano de celular,121.90,2025-11-21,EXPENSE,BOLETO,true
Seguro do veiculo,209.58,2025-11-21,EXPENSE,CASH,true
Reembolso empresarial,618.09,2025-11-21,INCOME,BANK_TRANSFER,false
Transferencia recebida,438.34,2025-11-21,INCOME,PIX,false
Curso online,692.20,2025-11-22,EXPENSE,BANK_TRANSFER,false
Curso online,448.30,2025-11-22,EXPENSE,CASH,false
Farmacia,33.71,2025-11-22,EXPENSE,BOLETO,false
Impostos e taxas,182.82,2025-11-22,EXPENSE,BANK_TRANSFER,false
Pet shop,103.72,2025-11-22,EXPENSE,CREDIT_CARD,false
Pet shop,276.36,2025-11-22,EXPENSE,BOLETO,false
Streaming,38.56,2025-11-22,EXPENSE,BANK_TRANSFER,true
Veterinario,738.89,2025-11-22,EXPENSE,CASH,false
Reembolso empresarial,214.11,2025-11-22,INCOME,PIX,false
Restituicao de imposto,291.74,2025-11-22,INCOME,PIX,false
Transferencia recebida,337.75,2025-11-22,INCOME,PIX,false
Venda de produto,935.46,2025-11-22,INCOME,BANK_TRANSFER,false
Academia,166.06,2025-11-23,EXPENSE,BOLETO,true
Aluguel residencial,991.74,2025-11-23,EXPENSE,PIX,true
Conta de energia,170.83,2025-11-23,EXPENSE,CREDIT_CARD,true
Curso online,658.26,2025-11-23,EXPENSE,BOLETO,false
Delivery de comida,126.58,2025-11-23,EXPENSE,BANK_TRANSFER,false
Delivery de comida,146.54,2025-11-23,EXPENSE,BANK_TRANSFER,false
Doacao,481.57,2025-11-23,EXPENSE,BOLETO,false
Impostos e taxas,769.22,2025-11-23,EXPENSE,CASH,false
Impostos e taxas,646.98,2025-11-23,EXPENSE,CREDIT_CARD,false
Internet residencial,193.07,2025-11-23,EXPENSE,CREDIT_CARD,true
Loja de roupas,403.23,2025-11-23,EXPENSE,CREDIT_CARD,false
Passagem aerea,512.18,2025-11-23,EXPENSE,PIX,false
Pet shop,32.45,2025-11-23,EXPENSE,CASH,false
Restaurante,219.49,2025-11-23,EXPENSE,BANK_TRANSFER,false
Restaurante,100.28,2025-11-23,EXPENSE,BANK_TRANSFER,false
Academia,99.27,2025-11-24,EXPENSE,BANK_TRANSFER,true
Academia,63.32,2025-11-24,EXPENSE,DEBIT_CARD,true
Condominio,670.19,2025-11-24,EXPENSE,PIX,true
Conta de agua,230.53,2025-11-24,EXPENSE,BANK_TRANSFER,true
Delivery de comida,135.01,2025-11-24,EXPENSE,DEBIT_CARD,false
Estacionamento,58.95,2025-11-24,EXPENSE,CASH,false
Impostos e taxas,1847.17,2025-11-24,EXPENSE,CASH,false
Internet residencial,135.06,2025-11-24,EXPENSE,BANK_TRANSFER,false
Internet residencial,133.47,2025-11-24,EXPENSE,PIX,true
Streaming,35.11,2025-11-24,EXPENSE,PIX,false
Supermercado,644.21,2025-11-24,EXPENSE,PIX,false
Dividendos,541.26,2025-11-24,INCOME,PIX,true
Combustivel,354.84,2025-11-25,EXPENSE,DEBIT_CARD,false
Conta de agua,247.22,2025-11-25,EXPENSE,BOLETO,true
Eletronicos,2167.51,2025-11-25,EXPENSE,BOLETO,false
Loja de roupas,536.37,2025-11-25,EXPENSE,PIX,false
Passagem aerea,3644.89,2025-11-25,EXPENSE,CASH,false
Plano de celular,55.94,2025-11-25,EXPENSE,CASH,true
Seguro do veiculo,114.31,2025-11-25,EXPENSE,CASH,true
Seguro do veiculo,448.07,2025-11-25,EXPENSE,PIX,true
Viagem e hospedagem,975.97,2025-11-25,EXPENSE,BANK_TRANSFER,false
Aluguel residencial,2645.79,2025-11-26,EXPENSE,CREDIT_CARD,true
Cinema e lazer,29.13,2025-11-26,EXPENSE,DEBIT_CARD,false
Cinema e lazer,121.08,2025-11-26,EXPENSE,DEBIT_CARD,false
Cinema e lazer,236.09,2025-11-26,EXPENSE,CREDIT_CARD,false
Combustivel,372.75,2025-11-26,EXPENSE,BANK_TRANSFER,false
Combustivel,359.92,2025-11-26,EXPENSE,BOLETO,false
Condominio,817.84,2025-11-26,EXPENSE,DEBIT_CARD,true
Conta de agua,108.05,2025-11-26,EXPENSE,DEBIT_CARD,false
Conta de energia,215.33,2025-11-26,EXPENSE,CASH,true
Curso online,643.07,2025-11-26,EXPENSE,DEBIT_CARD,false
Delivery de comida,138.88,2025-11-26,EXPENSE,BOLETO,false
Doacao,150.90,2025-11-26,EXPENSE,PIX,false
Internet residencial,130.26,2025-11-26,EXPENSE,CASH,true
Loja de roupas,312.40,2025-11-26,EXPENSE,PIX,false
Passagem aerea,1787.96,2025-11-26,EXPENSE,PIX,false
Passagem aerea,3459.07,2025-11-26,EXPENSE,BANK_TRANSFER,false
Pet shop,377.49,2025-11-26,EXPENSE,BOLETO,false
Seguro do veiculo,521.29,2025-11-26,EXPENSE,BOLETO,false
Supermercado,631.41,2025-11-26,EXPENSE,CREDIT_CARD,false
Veterinario,260.93,2025-11-26,EXPENSE,BOLETO,false
Bonus profissional,1456.25,2025-11-26,INCOME,BANK_TRANSFER,false
Combustivel,244.33,2025-11-27,EXPENSE,PIX,false
Curso online,700.00,2025-11-27,EXPENSE,CREDIT_CARD,false
Delivery de comida,116.55,2025-11-27,EXPENSE,BOLETO,false
Doacao,370.26,2025-11-27,EXPENSE,PIX,false
Estacionamento,23.92,2025-11-27,EXPENSE,BANK_TRANSFER,false
Livraria,175.25,2025-11-27,EXPENSE,BANK_TRANSFER,false
Loja de roupas,348.04,2025-11-27,EXPENSE,DEBIT_CARD,false
Manutencao do veiculo,1617.15,2025-11-27,EXPENSE,CASH,false
Viagem e hospedagem,2657.35,2025-11-27,EXPENSE,PIX,false
Dividendos,56.37,2025-11-27,INCOME,PIX,false
Condominio,1136.43,2025-11-28,EXPENSE,CREDIT_CARD,true
Conta de energia,351.05,2025-11-28,EXPENSE,CASH,true
Doacao,177.07,2025-11-28,EXPENSE,BOLETO,false
Internet residencial,212.48,2025-11-28,EXPENSE,BANK_TRANSFER,true
Veterinario,645.63,2025-11-28,EXPENSE,PIX,false
Academia,131.03,2025-11-29,EXPENSE,CREDIT_CARD,false
Aluguel residencial,2551.26,2025-11-29,EXPENSE,DEBIT_CARD,false
Aluguel residencial,4157.43,2025-11-29,EXPENSE,BANK_TRANSFER,true
Aluguel residencial,2645.79,2025-11-29,EXPENSE,CREDIT_CARD,true
Combustivel,393.40,2025-11-29,EXPENSE,BANK_TRANSFER,false
Internet residencial,147.67,2025-11-29,EXPENSE,DEBIT_CARD,true
Padaria,68.59,2025-11-29,EXPENSE,PIX,false
Passagem aerea,786.67,2025-11-29,EXPENSE,PIX,false
Pet shop,347.62,2025-11-29,EXPENSE,CREDIT_CARD,false
Streaming,79.70,2025-11-29,EXPENSE,BANK_TRANSFER,false
Veterinario,823.44,2025-11-29,EXPENSE,CASH,false
Veterinario,451.93,2025-11-29,EXPENSE,CREDIT_CARD,false
Reembolso empresarial,553.89,2025-11-29,INCOME,BANK_TRANSFER,false
Rendimento de investimento,67.26,2025-11-29,INCOME,PIX,true
Venda de produto,853.57,2025-11-29,INCOME,BANK_TRANSFER,false
Academia,103.42,2025-11-30,EXPENSE,PIX,true
Doacao,20.49,2025-11-30,EXPENSE,BOLETO,false
Estacionamento,33.99,2025-11-30,EXPENSE,CASH,false
Farmacia,320.53,2025-11-30,EXPENSE,CASH,false
Impostos e taxas,223.15,2025-11-30,EXPENSE,PIX,false
Livraria,100.54,2025-11-30,EXPENSE,BOLETO,false
Manutencao do veiculo,1653.21,2025-11-30,EXPENSE,CREDIT_CARD,false
Pet shop,167.52,2025-11-30,EXPENSE,BANK_TRANSFER,false
Plano de celular,165.84,2025-11-30,EXPENSE,BANK_TRANSFER,true
Dividendos,229.30,2025-11-30,INCOME,PIX,true
Condominio,1180.91,2025-12-01,EXPENSE,DEBIT_CARD,true
Conta de agua,234.02,2025-12-01,EXPENSE,CREDIT_CARD,true
Curso online,59.12,2025-12-01,EXPENSE,PIX,false
Delivery de comida,116.34,2025-12-01,EXPENSE,CREDIT_CARD,false
Delivery de comida,152.80,2025-12-01,EXPENSE,BOLETO,false
Estacionamento,58.50,2025-12-01,EXPENSE,BANK_TRANSFER,false
Impostos e taxas,1299.04,2025-12-01,EXPENSE,BOLETO,false
Padaria,63.16,2025-12-01,EXPENSE,PIX,false
Padaria,58.53,2025-12-01,EXPENSE,BANK_TRANSFER,false
Pet shop,413.95,2025-12-01,EXPENSE,CREDIT_CARD,false
Viagem e hospedagem,3915.66,2025-12-01,EXPENSE,BOLETO,false
Restituicao de imposto,2675.55,2025-12-01,INCOME,PIX,false
Aluguel residencial,1103.94,2025-12-02,EXPENSE,BANK_TRANSFER,true
Combustivel,151.40,2025-12-02,EXPENSE,BANK_TRANSFER,false
Condominio,491.74,2025-12-02,EXPENSE,BANK_TRANSFER,true
Conta de energia,175.27,2025-12-02,EXPENSE,DEBIT_CARD,true
Eletronicos,3692.08,2025-12-02,EXPENSE,PIX,false
Pet shop,325.25,2025-12-02,EXPENSE,BANK_TRANSFER,false
Plano de saude,302.94,2025-12-02,EXPENSE,BOLETO,true
Supermercado,447.30,2025-12-02,EXPENSE,DEBIT_CARD,false
Transferencia recebida,1080.82,2025-12-02,INCOME,BANK_TRANSFER,false
Academia,150.37,2025-12-03,EXPENSE,DEBIT_CARD,true
Conta de agua,118.54,2025-12-03,EXPENSE,DEBIT_CARD,true
Conta de energia,106.16,2025-12-03,EXPENSE,PIX,true
Delivery de comida,154.31,2025-12-03,EXPENSE,DEBIT_CARD,false
Delivery de comida,117.18,2025-12-03,EXPENSE,BANK_TRANSFER,false
Doacao,460.74,2025-12-03,EXPENSE,BOLETO,false
Eletronicos,3464.28,2025-12-03,EXPENSE,PIX,false
Impostos e taxas,1132.23,2025-12-03,EXPENSE,DEBIT_CARD,false
Manutencao do veiculo,1311.56,2025-12-03,EXPENSE,BANK_TRANSFER,false
Supermercado,566.64,2025-12-03,EXPENSE,CASH,false
Aluguel recebido,1728.93,2025-12-03,INCOME,PIX,true
Reembolso empresarial,810.85,2025-12-03,INCOME,BANK_TRANSFER,false
Restituicao de imposto,2535.90,2025-12-03,INCOME,PIX,false
Transferencia recebida,727.71,2025-12-03,INCOME,BANK_TRANSFER,false
Aplicativo de transporte,42.61,2025-12-04,EXPENSE,BANK_TRANSFER,false
Condominio,398.87,2025-12-04,EXPENSE,DEBIT_CARD,true
Estacionamento,40.39,2025-12-04,EXPENSE,CASH,false
Livraria,52.33,2025-12-04,EXPENSE,DEBIT_CARD,false
Loja de roupas,395.61,2025-12-04,EXPENSE,BANK_TRANSFER,false
Streaming,76.65,2025-12-04,EXPENSE,BOLETO,true
Aplicativo de transporte,12.22,2025-12-05,EXPENSE,BANK_TRANSFER,false
Cinema e lazer,98.12,2025-12-05,EXPENSE,PIX,false
Doacao,209.66,2025-12-05,EXPENSE,CASH,false
Internet residencial,182.69,2025-12-05,EXPENSE,CASH,false
Livraria,175.33,2025-12-05,EXPENSE,CASH,false
Loja de roupas,248.08,2025-12-05,EXPENSE,PIX,false
Loja de roupas,613.38,2025-12-05,EXPENSE,BANK_TRANSFER,false
Supermercado,725.79,2025-12-05,EXPENSE,CASH,false
Supermercado,718.03,2025-12-05,EXPENSE,BANK_TRANSFER,false
Restituicao de imposto,501.55,2025-12-05,INCOME,PIX,false
Combustivel,87.17,2025-12-06,EXPENSE,CASH,false
Condominio,445.68,2025-12-06,EXPENSE,BOLETO,true
Conta de agua,208.00,2025-12-06,EXPENSE,CASH,true
Curso online,735.47,2025-12-06,EXPENSE,CASH,false
Delivery de comida,41.14,2025-12-06,EXPENSE,CREDIT_CARD,false
Doacao,140.79,2025-12-06,EXPENSE,BOLETO,false
Impostos e taxas,1805.07,2025-12-06,EXPENSE,CREDIT_CARD,false
Impostos e taxas,1097.09,2025-12-06,EXPENSE,CASH,false
Passagem aerea,2794.39,2025-12-06,EXPENSE,BANK_TRANSFER,false
Pet shop,378.93,2025-12-06,EXPENSE,DEBIT_CARD,false
Reembolso empresarial,848.96,2025-12-06,INCOME,BANK_TRANSFER,false
Venda de produto,1736.86,2025-12-06,INCOME,BANK_TRANSFER,false
Academia,85.13,2025-12-07,EXPENSE,CASH,true
Impostos e taxas,2077.18,2025-12-07,EXPENSE,CREDIT_CARD,false
Viagem e hospedagem,769.97,2025-12-07,EXPENSE,BANK_TRANSFER,false
Bonus profissional,1076.71,2025-12-07,INCOME,PIX,false
Reembolso empresarial,706.94,2025-12-07,INCOME,PIX,false
Transferencia recebida,1686.24,2025-12-07,INCOME,PIX,false
Venda de produto,1761.91,2025-12-07,INCOME,PIX,false
Conta de energia,333.65,2025-12-08,EXPENSE,CASH,false
Curso online,732.47,2025-12-08,EXPENSE,CASH,false
Curso online,376.60,2025-12-08,EXPENSE,CASH,false
Doacao,135.19,2025-12-08,EXPENSE,DEBIT_CARD,false
Doacao,257.92,2025-12-08,EXPENSE,BANK_TRANSFER,false
Padaria,54.31,2025-12-08,EXPENSE,CREDIT_CARD,false
Padaria,30.45,2025-12-08,EXPENSE,BANK_TRANSFER,false
Plano de saude,1172.40,2025-12-08,EXPENSE,CREDIT_CARD,true
Bonus profissional,3471.87,2025-12-08,INCOME,PIX,false
Restituicao de imposto,448.30,2025-12-08,INCOME,PIX,false
Aluguel residencial,2738.80,2025-12-09,EXPENSE,BANK_TRANSFER,true
Aplicativo de transporte,18.29,2025-12-09,EXPENSE,BOLETO,false
Combustivel,395.80,2025-12-09,EXPENSE,PIX,false
Curso online,269.99,2025-12-09,EXPENSE,PIX,false
Delivery de comida,146.32,2025-12-09,EXPENSE,DEBIT_CARD,false
Estacionamento,34.62,2025-12-09,EXPENSE,CREDIT_CARD,false
Impostos e taxas,1762.34,2025-12-09,EXPENSE,PIX,false
Loja de roupas,667.26,2025-12-09,EXPENSE,CASH,false
Plano de saude,937.61,2025-12-09,EXPENSE,BOLETO,true
Plano de saude,955.39,2025-12-09,EXPENSE,PIX,true
Restaurante,249.09,2025-12-09,EXPENSE,BOLETO,false
Viagem e hospedagem,3023.96,2025-12-09,EXPENSE,CREDIT_CARD,false
Aluguel recebido,1063.46,2025-12-09,INCOME,PIX,true
Academia,94.03,2025-12-10,EXPENSE,BANK_TRANSFER,false
Aluguel residencial,3435.38,2025-12-10,EXPENSE,CASH,true
Combustivel,179.87,2025-12-10,EXPENSE,BOLETO,false
Estacionamento,71.07,2025-12-10,EXPENSE,DEBIT_CARD,false
Estacionamento,68.31,2025-12-10,EXPENSE,PIX,false
Impostos e taxas,617.06,2025-12-10,EXPENSE,BOLETO,false
Loja de roupas,718.82,2025-12-10,EXPENSE,CREDIT_CARD,false
Plano de celular,48.33,2025-12-10,EXPENSE,CASH,true
Streaming,71.63,2025-12-10,EXPENSE,CASH,true
Streaming,78.51,2025-12-10,EXPENSE,DEBIT_CARD,false
Supermercado,631.95,2025-12-10,EXPENSE,BOLETO,false
Reembolso empresarial,577.97,2025-12-10,INCOME,PIX,false
Rendimento de investimento,594.94,2025-12-10,INCOME,BANK_TRANSFER,true
Combustivel,99.76,2025-12-11,EXPENSE,CREDIT_CARD,false
Condominio,837.34,2025-12-11,EXPENSE,CASH,true
Conta de energia,404.66,2025-12-11,EXPENSE,PIX,true
Delivery de comida,89.67,2025-12-11,EXPENSE,PIX,false
Doacao,265.28,2025-12-11,EXPENSE,DEBIT_CARD,false
Estacionamento,62.34,2025-12-11,EXPENSE,DEBIT_CARD,false
Farmacia,41.39,2025-12-11,EXPENSE,DEBIT_CARD,false
Livraria,245.56,2025-12-11,EXPENSE,CREDIT_CARD,false
Loja de roupas,859.06,2025-12-11,EXPENSE,DEBIT_CARD,false
Loja de roupas,203.84,2025-12-11,EXPENSE,PIX,false
Manutencao do veiculo,2070.60,2025-12-11,EXPENSE,BANK_TRANSFER,false
Streaming,50.88,2025-12-11,EXPENSE,BOLETO,false
Streaming,32.20,2025-12-11,EXPENSE,CASH,false
Restituicao de imposto,1761.33,2025-12-11,INCOME,BANK_TRANSFER,false
Condominio,407.67,2025-12-12,EXPENSE,PIX,true
Curso online,173.71,2025-12-12,EXPENSE,BOLETO,false
Curso online,383.39,2025-12-12,EXPENSE,CASH,false
Impostos e taxas,1046.33,2025-12-12,EXPENSE,PIX,false
Internet residencial,207.36,2025-12-12,EXPENSE,PIX,false
Restaurante,300.15,2025-12-12,EXPENSE,BANK_TRANSFER,false
Veterinario,129.30,2025-12-12,EXPENSE,CASH,false
Pagamento freelance,1691.90,2025-12-12,INCOME,BANK_TRANSFER,false
Reembolso empresarial,415.31,2025-12-12,INCOME,BANK_TRANSFER,false
Aluguel residencial,3693.59,2025-12-13,EXPENSE,BANK_TRANSFER,true
Combustivel,234.78,2025-12-13,EXPENSE,PIX,false
Delivery de comida,166.71,2025-12-13,EXPENSE,DEBIT_CARD,false
Impostos e taxas,755.19,2025-12-13,EXPENSE,BOLETO,false
Impostos e taxas,1453.53,2025-12-13,EXPENSE,PIX,false
Livraria,70.41,2025-12-13,EXPENSE,CASH,false
Pet shop,321.95,2025-12-13,EXPENSE,CREDIT_CARD,false
Streaming,41.86,2025-12-13,EXPENSE,CREDIT_CARD,true
Supermercado,98.02,2025-12-13,EXPENSE,PIX,false
Aluguel residencial,3173.79,2025-12-14,EXPENSE,CREDIT_CARD,true
Aluguel residencial,3224.80,2025-12-14,EXPENSE,BOLETO,true
Cinema e lazer,150.34,2025-12-14,EXPENSE,DEBIT_CARD,false
Cinema e lazer,142.24,2025-12-14,EXPENSE,BANK_TRANSFER,false
Combustivel,350.54,2025-12-14,EXPENSE,BOLETO,false
Combustivel,275.14,2025-12-14,EXPENSE,BOLETO,false
Condominio,1173.46,2025-12-14,EXPENSE,PIX,true
Conta de energia,186.86,2025-12-14,EXPENSE,CREDIT_CARD,true
Passagem aerea,2745.41,2025-12-14,EXPENSE,CASH,false
Streaming,62.62,2025-12-14,EXPENSE,DEBIT_CARD,false
Veterinario,171.11,2025-12-14,EXPENSE,BOLETO,false
Pagamento freelance,468.66,2025-12-14,INCOME,PIX,false
Restituicao de imposto,1084.77,2025-12-14,INCOME,BANK_TRANSFER,false
Transferencia recebida,981.56,2025-12-14,INCOME,PIX,false
Venda de produto,1551.59,2025-12-14,INCOME,PIX,false
Combustivel,144.95,2025-12-15,EXPENSE,DEBIT_CARD,false
Doacao,210.29,2025-12-15,EXPENSE,DEBIT_CARD,false
Passagem aerea,869.09,2025-12-15,EXPENSE,CREDIT_CARD,false
Viagem e hospedagem,1089.58,2025-12-15,EXPENSE,CREDIT_CARD,false
Pagamento freelance,333.91,2025-12-15,INCOME,BANK_TRANSFER,false
Transferencia recebida,1092.30,2025-12-15,INCOME,BANK_TRANSFER,false
Aluguel residencial,3633.59,2025-12-16,EXPENSE,CREDIT_CARD,true
Aplicativo de transporte,15.83,2025-12-16,EXPENSE,BANK_TRANSFER,false
Combustivel,359.06,2025-12-16,EXPENSE,BOLETO,false
Conta de agua,188.82,2025-12-16,EXPENSE,BANK_TRANSFER,true
Delivery de comida,147.43,2025-12-16,EXPENSE,CREDIT_CARD,false
Estacionamento,24.35,2025-12-16,EXPENSE,DEBIT_CARD,false
Estacionamento,69.35,2025-12-16,EXPENSE,PIX,false
Passagem aerea,3748.07,2025-12-16,EXPENSE,CASH,false
Plano de celular,161.61,2025-12-16,EXPENSE,CREDIT_CARD,true
Veterinario,790.96,2025-12-16,EXPENSE,BOLETO,false
Viagem e hospedagem,4272.18,2025-12-16,EXPENSE,PIX,false
Viagem e hospedagem,2523.57,2025-12-16,EXPENSE,DEBIT_CARD,false
Transferencia recebida,1187.45,2025-12-16,INCOME,PIX,false
Venda de produto,314.05,2025-12-16,INCOME,BANK_TRANSFER,false
Academia,132.04,2025-12-17,EXPENSE,BOLETO,true
Cinema e lazer,210.94,2025-12-17,EXPENSE,CASH,false
Conta de agua,215.81,2025-12-17,EXPENSE,PIX,true
Conta de agua,148.25,2025-12-17,EXPENSE,CASH,true
Curso online,649.54,2025-12-17,EXPENSE,CASH,false
Livraria,128.46,2025-12-17,EXPENSE,BOLETO,false
Livraria,57.81,2025-12-17,EXPENSE,BOLETO,false
Streaming,59.33,2025-12-17,EXPENSE,PIX,false
Supermercado,425.80,2025-12-17,EXPENSE,CREDIT_CARD,false
Supermercado,68.93,2025-12-17,EXPENSE,CASH,false
Pagamento freelance,3963.93,2025-12-17,INCOME,BANK_TRANSFER,false
Academia,236.73,2025-12-18,EXPENSE,PIX,true
Internet residencial,74.24,2025-12-18,EXPENSE,CASH,true
Livraria,197.56,2025-12-18,EXPENSE,CREDIT_CARD,false
Passagem aerea,1668.47,2025-12-18,EXPENSE,DEBIT_CARD,false
Pet shop,344.18,2025-12-18,EXPENSE,CREDIT_CARD,false
Plano de celular,46.84,2025-12-18,EXPENSE,BOLETO,true
Plano de celular,172.92,2025-12-18,EXPENSE,CASH,true
Viagem e hospedagem,1085.25,2025-12-18,EXPENSE,CASH,false
Restituicao de imposto,1434.71,2025-12-18,INCOME,PIX,false
Aplicativo de transporte,22.18,2025-12-19,EXPENSE,BOLETO,false
Aplicativo de transporte,69.45,2025-12-19,EXPENSE,DEBIT_CARD,false
Aplicativo de transporte,17.97,2025-12-19,EXPENSE,DEBIT_CARD,false
Conta de agua,154.70,2025-12-19,EXPENSE,BANK_TRANSFER,true
Curso online,444.30,2025-12-19,EXPENSE,DEBIT_CARD,false
Farmacia,67.39,2025-12-19,EXPENSE,BANK_TRANSFER,false
Passagem aerea,3363.16,2025-12-19,EXPENSE,CASH,false
Passagem aerea,471.76,2025-12-19,EXPENSE,PIX,false
Plano de celular,51.02,2025-12-19,EXPENSE,PIX,true
Supermercado,97.05,2025-12-19,EXPENSE,CREDIT_CARD,false
Supermercado,695.35,2025-12-19,EXPENSE,BANK_TRANSFER,false
Academia,135.22,2025-12-20,EXPENSE,CREDIT_CARD,true
Curso online,74.82,2025-12-20,EXPENSE,BANK_TRANSFER,false
Doacao,272.37,2025-12-20,EXPENSE,DEBIT_CARD,false
Plano de saude,213.98,2025-12-20,EXPENSE,PIX,true
Plano de saude,434.42,2025-12-20,EXPENSE,PIX,true
Seguro do veiculo,157.00,2025-12-20,EXPENSE,CREDIT_CARD,false
Supermercado,343.23,2025-12-20,EXPENSE,BANK_TRANSFER,false
Restituicao de imposto,891.75,2025-12-20,INCOME,PIX,false
Venda de produto,1000.93,2025-12-20,INCOME,PIX,false
Academia,221.33,2025-12-21,EXPENSE,PIX,true
Academia,237.38,2025-12-21,EXPENSE,CASH,true
Combustivel,144.90,2025-12-21,EXPENSE,PIX,false
Conta de agua,72.27,2025-12-21,EXPENSE,CREDIT_CARD,true
Conta de energia,623.97,2025-12-21,EXPENSE,CASH,true
Delivery de comida,41.01,2025-12-21,EXPENSE,CREDIT_CARD,false
Delivery de comida,146.31,2025-12-21,EXPENSE,CREDIT_CARD,false
Loja de roupas,652.73,2025-12-21,EXPENSE,BOLETO,false
Padaria,64.26,2025-12-21,EXPENSE,BOLETO,false
Pet shop,103.25,2025-12-21,EXPENSE,CASH,false
Veterinario,852.94,2025-12-21,EXPENSE,CASH,false
Dividendos,577.00,2025-12-21,INCOME,PIX,true
Transferencia recebida,2160.52,2025-12-21,INCOME,BANK_TRANSFER,false
Transferencia recebida,1351.71,2025-12-21,INCOME,PIX,false
Conta de energia,258.52,2025-12-22,EXPENSE,PIX,true
Conta de energia,287.71,2025-12-22,EXPENSE,PIX,true
Plano de saude,1055.13,2025-12-22,EXPENSE,BANK_TRANSFER,true
Supermercado,757.94,2025-12-22,EXPENSE,BOLETO,false
Dividendos,578.62,2025-12-22,INCOME,BANK_TRANSFER,true
Condominio,386.37,2025-12-23,EXPENSE,BOLETO,true
Conta de energia,610.63,2025-12-23,EXPENSE,PIX,true
Doacao,386.73,2025-12-23,EXPENSE,DEBIT_CARD,false
Eletronicos,1568.69,2025-12-23,EXPENSE,BANK_TRANSFER,false
Eletronicos,193.47,2025-12-23,EXPENSE,PIX,false
Livraria,54.53,2025-12-23,EXPENSE,PIX,false
Livraria,263.51,2025-12-23,EXPENSE,DEBIT_CARD,false
Manutencao do veiculo,1862.07,2025-12-23,EXPENSE,BANK_TRANSFER,false
Pet shop,169.83,2025-12-23,EXPENSE,CASH,false
Plano de saude,901.69,2025-12-23,EXPENSE,DEBIT_CARD,true
Plano de saude,758.09,2025-12-23,EXPENSE,DEBIT_CARD,true
Veterinario,533.21,2025-12-23,EXPENSE,BANK_TRANSFER,false
Viagem e hospedagem,875.92,2025-12-23,EXPENSE,BANK_TRANSFER,false
Reembolso empresarial,254.94,2025-12-23,INCOME,BANK_TRANSFER,false
Restituicao de imposto,2649.57,2025-12-23,INCOME,PIX,false
Combustivel,284.97,2025-12-24,EXPENSE,BANK_TRANSFER,false
Conta de agua,126.54,2025-12-24,EXPENSE,DEBIT_CARD,true
Curso online,35.89,2025-12-24,EXPENSE,PIX,false
Curso online,529.53,2025-12-24,EXPENSE,BANK_TRANSFER,false
Eletronicos,3317.33,2025-12-24,EXPENSE,PIX,false
Livraria,222.64,2025-12-24,EXPENSE,BANK_TRANSFER,false
Pet shop,205.00,2025-12-24,EXPENSE,BOLETO,false
Plano de celular,97.82,2025-12-24,EXPENSE,CASH,true
Plano de celular,90.07,2025-12-24,EXPENSE,DEBIT_CARD,true
Streaming,34.52,2025-12-24,EXPENSE,CREDIT_CARD,true
Veterinario,945.36,2025-12-24,EXPENSE,BOLETO,false
Reembolso empresarial,614.15,2025-12-24,INCOME,BANK_TRANSFER,false
Transferencia recebida,442.82,2025-12-24,INCOME,BANK_TRANSFER,false
Conta de energia,464.59,2025-12-25,EXPENSE,CREDIT_CARD,true
Curso online,600.91,2025-12-25,EXPENSE,DEBIT_CARD,false
Doacao,155.68,2025-12-25,EXPENSE,DEBIT_CARD,false
Livraria,215.43,2025-12-25,EXPENSE,CASH,false
Manutencao do veiculo,2156.92,2025-12-25,EXPENSE,CASH,false
Manutencao do veiculo,1902.30,2025-12-25,EXPENSE,BANK_TRANSFER,false
Passagem aerea,3429.76,2025-12-25,EXPENSE,BOLETO,false
Streaming,73.31,2025-12-25,EXPENSE,DEBIT_CARD,true
Viagem e hospedagem,1500.07,2025-12-25,EXPENSE,PIX,false
Reembolso empresarial,303.61,2025-12-25,INCOME,PIX,false
Transferencia recebida,1014.21,2025-12-25,INCOME,PIX,false
Academia,122.82,2025-12-26,EXPENSE,BANK_TRANSFER,true
Condominio,803.17,2025-12-26,EXPENSE,BOLETO,true
Loja de roupas,503.55,2025-12-26,EXPENSE,DEBIT_CARD,false
Manutencao do veiculo,1346.78,2025-12-26,EXPENSE,CASH,false
Pagamento freelance,4403.28,2025-12-26,INCOME,PIX,false
Academia,110.96,2025-12-27,EXPENSE,CREDIT_CARD,true
Aplicativo de transporte,14.82,2025-12-27,EXPENSE,BANK_TRANSFER,false
Eletronicos,2708.11,2025-12-27,EXPENSE,CASH,false
Estacionamento,12.80,2025-12-27,EXPENSE,CREDIT_CARD,false
Impostos e taxas,614.98,2025-12-27,EXPENSE,PIX,false
Loja de roupas,256.04,2025-12-27,EXPENSE,DEBIT_CARD,false
Padaria,35.03,2025-12-27,EXPENSE,BOLETO,false
Pet shop,408.19,2025-12-27,EXPENSE,BOLETO,false
Bonus profissional,627.18,2025-12-27,INCOME,BANK_TRANSFER,false
Rendimento de investimento,419.24,2025-12-27,INCOME,PIX,true
Venda de produto,1785.39,2025-12-27,INCOME,PIX,false
Condominio,659.79,2025-12-28,EXPENSE,BANK_TRANSFER,false
Condominio,911.26,2025-12-28,EXPENSE,CASH,false
Conta de agua,176.83,2025-12-28,EXPENSE,PIX,true
Estacionamento,54.86,2025-12-28,EXPENSE,BOLETO,false
Padaria,49.53,2025-12-28,EXPENSE,CREDIT_CARD,false
Pet shop,388.89,2025-12-28,EXPENSE,CASH,false
Seguro do veiculo,495.43,2025-12-28,EXPENSE,PIX,true
Supermercado,445.69,2025-12-28,EXPENSE,CREDIT_CARD,false
Supermercado,373.93,2025-12-28,EXPENSE,CREDIT_CARD,false
Transferencia recebida,1951.66,2025-12-28,INCOME,BANK_TRANSFER,false
Venda de produto,1336.24,2025-12-28,INCOME,PIX,false
Aplicativo de transporte,87.30,2025-12-29,EXPENSE,BOLETO,false
Cinema e lazer,116.33,2025-12-29,EXPENSE,CASH,false
Condominio,449.27,2025-12-29,EXPENSE,BANK_TRANSFER,true
Conta de agua,113.46,2025-12-29,EXPENSE,CREDIT_CARD,true
Curso online,195.09,2025-12-29,EXPENSE,DEBIT_CARD,false
Loja de roupas,689.71,2025-12-29,EXPENSE,DEBIT_CARD,false
Manutencao do veiculo,764.63,2025-12-29,EXPENSE,PIX,false
Padaria,51.57,2025-12-29,EXPENSE,BANK_TRANSFER,false
Passagem aerea,2176.57,2025-12-29,EXPENSE,CASH,false
Plano de celular,57.87,2025-12-29,EXPENSE,BANK_TRANSFER,true
Veterinario,373.00,2025-12-29,EXPENSE,BANK_TRANSFER,false
Aluguel recebido,2160.58,2025-12-29,INCOME,PIX,true
Aluguel recebido,1358.83,2025-12-29,INCOME,BANK_TRANSFER,true
Bonus profissional,3382.28,2025-12-29,INCOME,PIX,false
Cinema e lazer,92.78,2025-12-30,EXPENSE,CREDIT_CARD,false
Combustivel,404.28,2025-12-30,EXPENSE,PIX,false
Combustivel,280.40,2025-12-30,EXPENSE,CREDIT_CARD,false
Condominio,1235.78,2025-12-30,EXPENSE,DEBIT_CARD,true
Conta de agua,39.49,2025-12-30,EXPENSE,PIX,true
Conta de agua,254.81,2025-12-30,EXPENSE,PIX,true
Curso online,257.65,2025-12-30,EXPENSE,CASH,false
Curso online,566.26,2025-12-30,EXPENSE,CREDIT_CARD,false
Impostos e taxas,1807.41,2025-12-30,EXPENSE,BANK_TRANSFER,false
Internet residencial,187.32,2025-12-30,EXPENSE,CREDIT_CARD,true
Manutencao do veiculo,239.74,2025-12-30,EXPENSE,BANK_TRANSFER,false
Passagem aerea,2109.50,2025-12-30,EXPENSE,CASH,false
Seguro do veiculo,525.96,2025-12-30,EXPENSE,BANK_TRANSFER,true
Veterinario,625.39,2025-12-30,EXPENSE,CREDIT_CARD,false
Veterinario,906.08,2025-12-30,EXPENSE,CASH,false
Rendimento de investimento,220.45,2025-12-30,INCOME,PIX,true
Cinema e lazer,116.80,2025-12-31,EXPENSE,DEBIT_CARD,false
Conta de agua,198.08,2025-12-31,EXPENSE,BOLETO,false
Curso online,477.26,2025-12-31,EXPENSE,CREDIT_CARD,false
Delivery de comida,80.69,2025-12-31,EXPENSE,DEBIT_CARD,false
Doacao,386.80,2025-12-31,EXPENSE,CASH,false
Internet residencial,123.73,2025-12-31,EXPENSE,PIX,true
Streaming,50.21,2025-12-31,EXPENSE,DEBIT_CARD,true
Aluguel residencial,1058.54,2026-01-01,EXPENSE,DEBIT_CARD,true
Farmacia,241.62,2026-01-01,EXPENSE,BANK_TRANSFER,false
Impostos e taxas,1339.52,2026-01-01,EXPENSE,BANK_TRANSFER,false
Livraria,219.62,2026-01-01,EXPENSE,BANK_TRANSFER,false
Livraria,253.07,2026-01-01,EXPENSE,BOLETO,false
Manutencao do veiculo,2031.65,2026-01-01,EXPENSE,CREDIT_CARD,false
Padaria,37.63,2026-01-01,EXPENSE,CASH,false
Passagem aerea,2226.81,2026-01-01,EXPENSE,CREDIT_CARD,false
Plano de saude,1312.62,2026-01-01,EXPENSE,BOLETO,false
Seguro do veiculo,268.43,2026-01-01,EXPENSE,BOLETO,true
Streaming,83.34,2026-01-01,EXPENSE,DEBIT_CARD,true
Restituicao de imposto,330.16,2026-01-01,INCOME,PIX,false
Academia,162.95,2026-01-02,EXPENSE,BANK_TRANSFER,true
Aluguel residencial,1647.16,2026-01-02,EXPENSE,BANK_TRANSFER,true
Condominio,477.15,2026-01-02,EXPENSE,CREDIT_CARD,true
Conta de energia,193.25,2026-01-02,EXPENSE,BANK_TRANSFER,true
Conta de energia,296.43,2026-01-02,EXPENSE,BOLETO,true
Curso online,487.03,2026-01-02,EXPENSE,CREDIT_CARD,false
Doacao,329.30,2026-01-02,EXPENSE,CASH,false
Manutencao do veiculo,1605.28,2026-01-02,EXPENSE,CREDIT_CARD,false
Passagem aerea,401.25,2026-01-02,EXPENSE,PIX,false
Passagem aerea,3588.57,2026-01-02,EXPENSE,CREDIT_CARD,false
Restaurante,201.71,2026-01-02,EXPENSE,DEBIT_CARD,false
Bonus profissional,3442.50,2026-01-02,INCOME,BANK_TRANSFER,false
Pagamento freelance,803.47,2026-01-02,INCOME,PIX,false
Cinema e lazer,223.92,2026-01-03,EXPENSE,BOLETO,false
Condominio,1008.78,2026-01-03,EXPENSE,PIX,true
Curso online,248.79,2026-01-03,EXPENSE,BANK_TRANSFER,false
Eletronicos,2375.81,2026-01-03,EXPENSE,CREDIT_CARD,false
Farmacia,71.87,2026-01-03,EXPENSE,CASH,false
Impostos e taxas,818.79,2026-01-03,EXPENSE,CREDIT_CARD,false
Impostos e taxas,733.29,2026-01-03,EXPENSE,DEBIT_CARD,false
Loja de roupas,227.17,2026-01-03,EXPENSE,CASH,false
Supermercado,612.08,2026-01-03,EXPENSE,BOLETO,false
Bonus profissional,838.29,2026-01-03,INCOME,PIX,false
Venda de produto,1669.47,2026-01-03,INCOME,PIX,false
Aplicativo de transporte,18.52,2026-01-04,EXPENSE,BANK_TRANSFER,false
Combustivel,228.26,2026-01-04,EXPENSE,CASH,false
Condominio,950.78,2026-01-04,EXPENSE,CREDIT_CARD,true
Condominio,1079.13,2026-01-04,EXPENSE,BOLETO,true
Conta de energia,233.64,2026-01-04,EXPENSE,CREDIT_CARD,true
Eletronicos,2574.90,2026-01-04,EXPENSE,PIX,false
Farmacia,151.67,2026-01-04,EXPENSE,BOLETO,false
Internet residencial,157.21,2026-01-04,EXPENSE,PIX,true
Internet residencial,203.39,2026-01-04,EXPENSE,CREDIT_CARD,false
Loja de roupas,145.40,2026-01-04,EXPENSE,CASH,false
Padaria,20.58,2026-01-04,EXPENSE,CASH,false
Bonus profissional,3856.10,2026-01-04,INCOME,PIX,false
Venda de produto,698.58,2026-01-04,INCOME,BANK_TRANSFER,false
Academia,155.13,2026-01-05,EXPENSE,PIX,true
Aplicativo de transporte,85.09,2026-01-05,EXPENSE,CASH,false
Cinema e lazer,157.26,2026-01-05,EXPENSE,DEBIT_CARD,false
Curso online,147.28,2026-01-05,EXPENSE,DEBIT_CARD,false
Delivery de comida,163.45,2026-01-05,EXPENSE,CREDIT_CARD,false
Livraria,130.65,2026-01-05,EXPENSE,CASH,false
Veterinario,665.35,2026-01-05,EXPENSE,PIX,false
Reembolso empresarial,712.07,2026-01-05,INCOME,BANK_TRANSFER,false
Aplicativo de transporte,22.98,2026-01-06,EXPENSE,BANK_TRANSFER,false
Condominio,432.31,2026-01-06,EXPENSE,CREDIT_CARD,true
Condominio,1136.87,2026-01-06,EXPENSE,CREDIT_CARD,true
Eletronicos,169.90,2026-01-06,EXPENSE,BOLETO,false
Seguro do veiculo,404.07,2026-01-06,EXPENSE,BANK_TRANSFER,false
Aluguel recebido,1686.38,2026-01-06,INCOME,BANK_TRANSFER,true
Rendimento de investimento,489.62,2026-01-06,INCOME,BANK_TRANSFER,true
Aluguel residencial,3843.60,2026-01-07,EXPENSE,DEBIT_CARD,true
Aplicativo de transporte,31.61,2026-01-07,EXPENSE,BOLETO,false
Pet shop,205.24,2026-01-07,EXPENSE,PIX,false
Veterinario,248.18,2026-01-07,EXPENSE,CASH,false
Rendimento de investimento,355.54,2026-01-07,INCOME,PIX,true
Venda de produto,1269.48,2026-01-07,INCOME,PIX,false
Academia,139.43,2026-01-08,EXPENSE,BOLETO,true
Aplicativo de transporte,67.97,2026-01-08,EXPENSE,BOLETO,false
Conta de agua,61.74,2026-01-08,EXPENSE,CREDIT_CARD,true
Farmacia,72.84,2026-01-08,EXPENSE,PIX,false
Passagem aerea,1474.80,2026-01-08,EXPENSE,CREDIT_CARD,false
Plano de celular,133.82,2026-01-08,EXPENSE,DEBIT_CARD,true
Plano de celular,169.69,2026-01-08,EXPENSE,BOLETO,true
Restituicao de imposto,1728.37,2026-01-08,INCOME,PIX,false
Aluguel residencial,919.49,2026-01-09,EXPENSE,BANK_TRANSFER,true
Condominio,889.98,2026-01-09,EXPENSE,CREDIT_CARD,true
Condominio,1218.09,2026-01-09,EXPENSE,BOLETO,true
Conta de agua,62.17,2026-01-09,EXPENSE,CASH,true
Eletronicos,2147.08,2026-01-09,EXPENSE,BANK_TRANSFER,false
Estacionamento,12.13,2026-01-09,EXPENSE,CASH,false
Impostos e taxas,1655.56,2026-01-09,EXPENSE,DEBIT_CARD,false
Internet residencial,138.34,2026-01-09,EXPENSE,BANK_TRANSFER,true
Passagem aerea,1781.35,2026-01-09,EXPENSE,DEBIT_CARD,false
Passagem aerea,3401.49,2026-01-09,EXPENSE,CREDIT_CARD,false
Pet shop,327.78,2026-01-09,EXPENSE,BANK_TRANSFER,false
Pet shop,402.52,2026-01-09,EXPENSE,BANK_TRANSFER,false
Plano de saude,465.86,2026-01-09,EXPENSE,CREDIT_CARD,true
Seguro do veiculo,408.71,2026-01-09,EXPENSE,DEBIT_CARD,true
Veterinario,587.53,2026-01-09,EXPENSE,CREDIT_CARD,false
Aluguel recebido,2585.87,2026-01-09,INCOME,PIX,true
Restituicao de imposto,348.80,2026-01-09,INCOME,BANK_TRANSFER,false
Academia,63.76,2026-01-10,EXPENSE,BANK_TRANSFER,true
Conta de agua,121.61,2026-01-10,EXPENSE,BOLETO,true
Conta de energia,559.04,2026-01-10,EXPENSE,PIX,true
Curso online,256.74,2026-01-10,EXPENSE,PIX,false
Delivery de comida,60.90,2026-01-10,EXPENSE,CREDIT_CARD,false
Estacionamento,26.40,2026-01-10,EXPENSE,CREDIT_CARD,false
Impostos e taxas,1778.51,2026-01-10,EXPENSE,DEBIT_CARD,false
Passagem aerea,784.99,2026-01-10,EXPENSE,CREDIT_CARD,false
Pet shop,347.31,2026-01-10,EXPENSE,PIX,false
Seguro do veiculo,104.84,2026-01-10,EXPENSE,PIX,true
Aluguel residencial,1354.24,2026-01-11,EXPENSE,CREDIT_CARD,true
Eletronicos,4250.49,2026-01-11,EXPENSE,PIX,false
Loja de roupas,686.59,2026-01-11,EXPENSE,CREDIT_CARD,false
Dividendos,233.66,2026-01-11,INCOME,BANK_TRANSFER,true
Aplicativo de transporte,71.77,2026-01-12,EXPENSE,CASH,false
Cinema e lazer,152.55,2026-01-12,EXPENSE,PIX,false
Combustivel,85.00,2026-01-12,EXPENSE,BANK_TRANSFER,false
Condominio,881.52,2026-01-12,EXPENSE,CASH,true
Curso online,186.33,2026-01-12,EXPENSE,BOLETO,false
Doacao,68.89,2026-01-12,EXPENSE,DEBIT_CARD,false
Doacao,306.26,2026-01-12,EXPENSE,DEBIT_CARD,false
Estacionamento,71.50,2026-01-12,EXPENSE,CREDIT_CARD,false
Internet residencial,146.96,2026-01-12,EXPENSE,BANK_TRANSFER,true
Livraria,71.81,2026-01-12,EXPENSE,CREDIT_CARD,false
Loja de roupas,834.89,2026-01-12,EXPENSE,BANK_TRANSFER,false
Manutencao do veiculo,705.75,2026-01-12,EXPENSE,BANK_TRANSFER,false
Restaurante,202.75,2026-01-12,EXPENSE,BOLETO,false
Streaming,68.61,2026-01-12,EXPENSE,BANK_TRANSFER,true
Veterinario,815.18,2026-01-12,EXPENSE,BANK_TRANSFER,false
Dividendos,607.87,2026-01-12,INCOME,BANK_TRANSFER,true
Rendimento de investimento,144.03,2026-01-12,INCOME,BANK_TRANSFER,true
Condominio,1101.53,2026-01-13,EXPENSE,CASH,true
Condominio,682.96,2026-01-13,EXPENSE,BOLETO,true
Conta de energia,633.39,2026-01-13,EXPENSE,PIX,false
Padaria,43.56,2026-01-13,EXPENSE,CASH,false
Plano de saude,948.73,2026-01-13,EXPENSE,CREDIT_CARD,false
Restaurante,122.99,2026-01-13,EXPENSE,CREDIT_CARD,false
Pagamento freelance,2772.88,2026-01-13,INCOME,PIX,false
Reembolso empresarial,124.94,2026-01-13,INCOME,PIX,false
Restituicao de imposto,2186.36,2026-01-13,INCOME,BANK_TRANSFER,false
Aplicativo de transporte,39.49,2026-01-14,EXPENSE,BOLETO,false
Cinema e lazer,231.93,2026-01-14,EXPENSE,BANK_TRANSFER,false
Delivery de comida,120.74,2026-01-14,EXPENSE,CASH,false
Doacao,365.96,2026-01-14,EXPENSE,BANK_TRANSFER,false
Livraria,185.70,2026-01-14,EXPENSE,DEBIT_CARD,false
Loja de roupas,60.54,2026-01-14,EXPENSE,BOLETO,false
Padaria,62.99,2026-01-14,EXPENSE,BANK_TRANSFER,false
Supermercado,226.96,2026-01-14,EXPENSE,CREDIT_CARD,false
Rendimento de investimento,594.07,2026-01-14,INCOME,BANK_TRANSFER,true
Aplicativo de transporte,46.78,2026-01-15,EXPENSE,BOLETO,false
Aplicativo de transporte,45.64,2026-01-15,EXPENSE,BOLETO,false
Combustivel,397.80,2026-01-15,EXPENSE,CREDIT_CARD,false
Estacionamento,22.03,2026-01-15,EXPENSE,PIX,false
Impostos e taxas,300.99,2026-01-15,EXPENSE,CREDIT_CARD,false
Livraria,111.96,2026-01-15,EXPENSE,CREDIT_CARD,false
Loja de roupas,198.73,2026-01-15,EXPENSE,CASH,false
Padaria,49.90,2026-01-15,EXPENSE,DEBIT_CARD,false
Padaria,77.11,2026-01-15,EXPENSE,BOLETO,false
Padaria,8.69,2026-01-15,EXPENSE,DEBIT_CARD,false
Pet shop,319.19,2026-01-15,EXPENSE,CREDIT_CARD,false
Veterinario,196.80,2026-01-15,EXPENSE,DEBIT_CARD,false
Condominio,358.04,2026-01-16,EXPENSE,BOLETO,true
Condominio,664.84,2026-01-16,EXPENSE,PIX,true
Conta de energia,354.17,2026-01-16,EXPENSE,BOLETO,true
Delivery de comida,100.81,2026-01-16,EXPENSE,PIX,false
Doacao,122.26,2026-01-16,EXPENSE,CASH,false
Doacao,253.14,2026-01-16,EXPENSE,CREDIT_CARD,false
Eletronicos,1747.62,2026-01-16,EXPENSE,BANK_TRANSFER,false
Farmacia,97.96,2026-01-16,EXPENSE,PIX,false
Farmacia,343.09,2026-01-16,EXPENSE,PIX,false
Impostos e taxas,1452.18,2026-01-16,EXPENSE,BOLETO,false
Padaria,29.51,2026-01-16,EXPENSE,CREDIT_CARD,false
Pet shop,208.79,2026-01-16,EXPENSE,CREDIT_CARD,false
Seguro do veiculo,352.72,2026-01-16,EXPENSE,DEBIT_CARD,true
Seguro do veiculo,493.87,2026-01-16,EXPENSE,BOLETO,false
Viagem e hospedagem,1661.36,2026-01-16,EXPENSE,PIX,false
Pagamento freelance,2317.94,2026-01-16,INCOME,PIX,false
Venda de produto,811.53,2026-01-16,INCOME,BANK_TRANSFER,false
Aluguel residencial,3640.57,2026-01-17,EXPENSE,CASH,true
Cinema e lazer,175.09,2026-01-17,EXPENSE,BOLETO,false
Combustivel,233.93,2026-01-17,EXPENSE,BANK_TRANSFER,false
Eletronicos,2951.00,2026-01-17,EXPENSE,DEBIT_CARD,false
Livraria,178.87,2026-01-17,EXPENSE,CREDIT_CARD,false
Loja de roupas,484.22,2026-01-17,EXPENSE,BOLETO,false
Padaria,51.74,2026-01-17,EXPENSE,BOLETO,false
Padaria,63.45,2026-01-17,EXPENSE,BANK_TRANSFER,false
Passagem aerea,2844.85,2026-01-17,EXPENSE,CASH,false
Pet shop,201.19,2026-01-17,EXPENSE,CREDIT_CARD,false
Restaurante,174.82,2026-01-17,EXPENSE,BANK_TRANSFER,false
Seguro do veiculo,214.10,2026-01-17,EXPENSE,BOLETO,true
Venda de produto,65.24,2026-01-17,INCOME,PIX,false
Venda de produto,387.57,2026-01-17,INCOME,PIX,false
Academia,234.48,2026-01-18,EXPENSE,CREDIT_CARD,true
Academia,147.71,2026-01-18,EXPENSE,DEBIT_CARD,true
Aplicativo de transporte,86.01,2026-01-18,EXPENSE,DEBIT_CARD,false
Combustivel,412.87,2026-01-18,EXPENSE,BANK_TRANSFER,false
Combustivel,123.47,2026-01-18,EXPENSE,CASH,false
Conta de energia,451.58,2026-01-18,EXPENSE,CREDIT_CARD,true
Conta de energia,594.16,2026-01-18,EXPENSE,BOLETO,true
Delivery de comida,136.61,2026-01-18,EXPENSE,CREDIT_CARD,false
Doacao,158.80,2026-01-18,EXPENSE,BANK_TRANSFER,false
Manutencao do veiculo,252.70,2026-01-18,EXPENSE,PIX,false
Supermercado,176.85,2026-01-18,EXPENSE,CREDIT_CARD,false
Veterinario,673.39,2026-01-18,EXPENSE,PIX,false
Transferencia recebida,1294.68,2026-01-18,INCOME,BANK_TRANSFER,false
Cinema e lazer,108.75,2026-01-19,EXPENSE,BOLETO,false
Conta de energia,338.92,2026-01-19,EXPENSE,CREDIT_CARD,true
Curso online,694.84,2026-01-19,EXPENSE,DEBIT_CARD,false
Doacao,332.84,2026-01-19,EXPENSE,CASH,false
Internet residencial,78.71,2026-01-19,EXPENSE,PIX,false
Loja de roupas,286.26,2026-01-19,EXPENSE,DEBIT_CARD,false
Loja de roupas,782.56,2026-01-19,EXPENSE,DEBIT_CARD,false
Manutencao do veiculo,1478.10,2026-01-19,EXPENSE,BOLETO,false
Pet shop,114.46,2026-01-19,EXPENSE,CREDIT_CARD,false
Viagem e hospedagem,1594.83,2026-01-19,EXPENSE,CREDIT_CARD,false
Aluguel recebido,1229.23,2026-01-19,INCOME,BANK_TRANSFER,true
Pagamento freelance,4223.68,2026-01-19,INCOME,BANK_TRANSFER,false
Academia,199.17,2026-01-20,EXPENSE,BOLETO,false
Curso online,395.58,2026-01-20,EXPENSE,CASH,false
Farmacia,338.17,2026-01-20,EXPENSE,BOLETO,false
Manutencao do veiculo,255.86,2026-01-20,EXPENSE,CREDIT_CARD,false
Padaria,69.09,2026-01-20,EXPENSE,CREDIT_CARD,false
Plano de saude,727.61,2026-01-20,EXPENSE,BANK_TRANSFER,true
Restaurante,115.46,2026-01-20,EXPENSE,BANK_TRANSFER,false
Seguro do veiculo,245.94,2026-01-20,EXPENSE,PIX,true
Rendimento de investimento,341.26,2026-01-20,INCOME,PIX,true
Academia,123.07,2026-01-21,EXPENSE,BOLETO,true
Cinema e lazer,114.25,2026-01-21,EXPENSE,CREDIT_CARD,false
Curso online,191.95,2026-01-21,EXPENSE,BOLETO,false
Delivery de comida,68.84,2026-01-21,EXPENSE,CREDIT_CARD,false
Eletronicos,3002.65,2026-01-21,EXPENSE,CASH,false
Farmacia,375.95,2026-01-21,EXPENSE,BOLETO,false
Internet residencial,169.35,2026-01-21,EXPENSE,PIX,true
Plano de celular,133.80,2026-01-21,EXPENSE,PIX,false
Plano de saude,328.65,2026-01-21,EXPENSE,CREDIT_CARD,false
Plano de saude,1102.82,2026-01-21,EXPENSE,CASH,true
Restaurante,309.16,2026-01-21,EXPENSE,PIX,false
Seguro do veiculo,229.37,2026-01-21,EXPENSE,DEBIT_CARD,true
Bonus profissional,3148.91,2026-01-21,INCOME,BANK_TRANSFER,false
Dividendos,646.82,2026-01-21,INCOME,PIX,true
Restituicao de imposto,925.68,2026-01-21,INCOME,BANK_TRANSFER,false
Salario mensal,7572.77,2026-01-21,INCOME,BANK_TRANSFER,true
Conta de agua,252.76,2026-01-22,EXPENSE,DEBIT_CARD,true
Conta de energia,587.07,2026-01-22,EXPENSE,CREDIT_CARD,true
Impostos e taxas,1189.79,2026-01-22,EXPENSE,PIX,false
Veterinario,673.47,2026-01-22,EXPENSE,CASH,false
Rendimento de investimento,402.86,2026-01-22,INCOME,PIX,true
Aplicativo de transporte,56.85,2026-01-23,EXPENSE,BANK_TRANSFER,false
Combustivel,223.68,2026-01-23,EXPENSE,BOLETO,false
Eletronicos,2970.18,2026-01-23,EXPENSE,DEBIT_CARD,false
Eletronicos,4673.38,2026-01-23,EXPENSE,BANK_TRANSFER,false
Estacionamento,28.17,2026-01-23,EXPENSE,CREDIT_CARD,false
Estacionamento,26.01,2026-01-23,EXPENSE,CREDIT_CARD,false
Plano de saude,1436.75,2026-01-23,EXPENSE,CREDIT_CARD,false
Pagamento freelance,2944.37,2026-01-23,INCOME,BANK_TRANSFER,false
Academia,239.82,2026-01-24,EXPENSE,BANK_TRANSFER,false
Cinema e lazer,100.03,2026-01-24,EXPENSE,PIX,false
Conta de energia,632.91,2026-01-24,EXPENSE,BOLETO,true
Conta de energia,256.66,2026-01-24,EXPENSE,CREDIT_CARD,true
Doacao,155.75,2026-01-24,EXPENSE,PIX,false
Eletronicos,151.27,2026-01-24,EXPENSE,CREDIT_CARD,false
Impostos e taxas,1564.37,2026-01-24,EXPENSE,PIX,false
Pet shop,230.28,2026-01-24,EXPENSE,DEBIT_CARD,false
Plano de celular,159.70,2026-01-24,EXPENSE,CASH,true
Plano de saude,1055.30,2026-01-24,EXPENSE,CASH,false
Restaurante,76.16,2026-01-24,EXPENSE,DEBIT_CARD,false
Seguro do veiculo,251.66,2026-01-24,EXPENSE,CREDIT_CARD,true
Viagem e hospedagem,4276.27,2026-01-24,EXPENSE,DEBIT_CARD,false
Academia,145.66,2026-01-25,EXPENSE,CREDIT_CARD,true
Conta de agua,204.82,2026-01-25,EXPENSE,CREDIT_CARD,true
Conta de energia,389.48,2026-01-25,EXPENSE,BOLETO,true
Curso online,627.62,2026-01-25,EXPENSE,BANK_TRANSFER,false
Delivery de comida,59.90,2026-01-25,EXPENSE,CREDIT_CARD,false
Internet residencial,205.30,2026-01-25,EXPENSE,PIX,false
Loja de roupas,485.05,2026-01-25,EXPENSE,DEBIT_CARD,false
Loja de roupas,473.73,2026-01-25,EXPENSE,DEBIT_CARD,false
Restaurante,26.89,2026-01-25,EXPENSE,CASH,false
Restaurante,218.52,2026-01-25,EXPENSE,CREDIT_CARD,false
Seguro do veiculo,266.30,2026-01-25,EXPENSE,DEBIT_CARD,true
Viagem e hospedagem,3276.31,2026-01-25,EXPENSE,BANK_TRANSFER,false
Dividendos,614.30,2026-01-25,INCOME,BANK_TRANSFER,true
Aplicativo de transporte,60.17,2026-01-26,EXPENSE,CASH,false
Conta de agua,55.04,2026-01-26,EXPENSE,CREDIT_CARD,true
Conta de agua,210.09,2026-01-26,EXPENSE,CASH,true
Conta de energia,370.47,2026-01-26,EXPENSE,CREDIT_CARD,true
Curso online,384.56,2026-01-26,EXPENSE,BOLETO,false
Curso online,385.70,2026-01-26,EXPENSE,BANK_TRANSFER,false
Eletronicos,2241.84,2026-01-26,EXPENSE,BOLETO,false
Padaria,32.50,2026-01-26,EXPENSE,CASH,false
Padaria,25.41,2026-01-26,EXPENSE,DEBIT_CARD,false
Restaurante,289.12,2026-01-26,EXPENSE,CASH,false
Restaurante,46.84,2026-01-26,EXPENSE,DEBIT_CARD,false
Salario mensal,6261.78,2026-01-26,INCOME,BANK_TRANSFER,true
Transferencia recebida,1077.14,2026-01-26,INCOME,PIX,false
Academia,137.33,2026-01-27,EXPENSE,BOLETO,true
Academia,160.27,2026-01-27,EXPENSE,BOLETO,true
Aluguel residencial,1883.13,2026-01-27,EXPENSE,PIX,true
Aplicativo de transporte,13.96,2026-01-27,EXPENSE,BOLETO,false
Conta de energia,218.33,2026-01-27,EXPENSE,BOLETO,true
Plano de saude,871.49,2026-01-27,EXPENSE,PIX,true
Restaurante,146.77,2026-01-27,EXPENSE,DEBIT_CARD,false
Seguro do veiculo,275.73,2026-01-27,EXPENSE,CREDIT_CARD,true
Supermercado,547.16,2026-01-27,EXPENSE,BOLETO,false
Veterinario,499.60,2026-01-27,EXPENSE,BANK_TRANSFER,false
Pagamento freelance,1432.40,2026-01-27,INCOME,BANK_TRANSFER,false
Reembolso empresarial,385.72,2026-01-27,INCOME,PIX,false
Rendimento de investimento,466.27,2026-01-27,INCOME,PIX,true
Combustivel,206.83,2026-01-28,EXPENSE,CREDIT_CARD,false
Delivery de comida,187.58,2026-01-28,EXPENSE,PIX,false
Passagem aerea,409.24,2026-01-28,EXPENSE,DEBIT_CARD,false
Supermercado,642.77,2026-01-28,EXPENSE,PIX,false
Supermercado,429.70,2026-01-28,EXPENSE,CREDIT_CARD,false
Viagem e hospedagem,1728.87,2026-01-28,EXPENSE,CASH,false
Aluguel recebido,1653.59,2026-01-28,INCOME,BANK_TRANSFER,true
Pagamento freelance,1304.97,2026-01-28,INCOME,PIX,false
Aluguel residencial,2677.33,2026-01-29,EXPENSE,PIX,false
Cinema e lazer,96.00,2026-01-29,EXPENSE,DEBIT_CARD,false
Combustivel,277.13,2026-01-29,EXPENSE,CREDIT_CARD,false
Conta de energia,483.44,2026-01-29,EXPENSE,BANK_TRANSFER,true
Conta de energia,196.38,2026-01-29,EXPENSE,DEBIT_CARD,true
Farmacia,372.47,2026-01-29,EXPENSE,BOLETO,false
Livraria,269.69,2026-01-29,EXPENSE,BOLETO,false
Livraria,242.71,2026-01-29,EXPENSE,PIX,false
Livraria,93.26,2026-01-29,EXPENSE,BOLETO,false
Manutencao do veiculo,164.44,2026-01-29,EXPENSE,CASH,false
Restaurante,57.68,2026-01-29,EXPENSE,CREDIT_CARD,false
Seguro do veiculo,461.74,2026-01-29,EXPENSE,DEBIT_CARD,true
Veterinario,733.49,2026-01-29,EXPENSE,PIX,false
Veterinario,699.02,2026-01-29,EXPENSE,BANK_TRANSFER,false
Rendimento de investimento,43.02,2026-01-29,INCOME,PIX,false
Academia,98.86,2026-01-30,EXPENSE,BANK_TRANSFER,false
Estacionamento,21.44,2026-01-30,EXPENSE,CASH,false
Pet shop,130.00,2026-01-30,EXPENSE,BOLETO,false
Seguro do veiculo,526.26,2026-01-30,EXPENSE,BANK_TRANSFER,true
Academia,208.26,2026-01-31,EXPENSE,PIX,true
Aluguel residencial,3027.09,2026-01-31,EXPENSE,PIX,true
Combustivel,75.09,2026-01-31,EXPENSE,PIX,false
Combustivel,302.36,2026-01-31,EXPENSE,DEBIT_CARD,false
Eletronicos,2867.00,2026-01-31,EXPENSE,CREDIT_CARD,false
Estacionamento,25.94,2026-01-31,EXPENSE,CASH,false
Farmacia,285.46,2026-01-31,EXPENSE,PIX,false
Passagem aerea,684.11,2026-01-31,EXPENSE,DEBIT_CARD,false
Pagamento freelance,3936.95,2026-01-31,INCOME,BANK_TRANSFER,false
Condominio,894.64,2026-02-01,EXPENSE,CREDIT_CARD,false
Eletronicos,3938.59,2026-02-01,EXPENSE,CASH,false
Farmacia,166.00,2026-02-01,EXPENSE,PIX,false
Manutencao do veiculo,1639.05,2026-02-01,EXPENSE,BANK_TRANSFER,false
Padaria,52.04,2026-02-01,EXPENSE,CREDIT_CARD,false
Plano de celular,179.76,2026-02-01,EXPENSE,CASH,true
Restaurante,135.89,2026-02-01,EXPENSE,CASH,false
Supermercado,448.18,2026-02-01,EXPENSE,PIX,false
Viagem e hospedagem,503.25,2026-02-01,EXPENSE,CREDIT_CARD,false
Aluguel recebido,3383.99,2026-02-01,INCOME,PIX,true
Dividendos,126.00,2026-02-01,INCOME,PIX,true
Pagamento freelance,2198.42,2026-02-01,INCOME,PIX,false
Venda de produto,1729.62,2026-02-01,INCOME,BANK_TRANSFER,false
Academia,197.43,2026-02-02,EXPENSE,CASH,true
Academia,131.61,2026-02-02,EXPENSE,CASH,true
Aluguel residencial,2271.88,2026-02-02,EXPENSE,DEBIT_CARD,false
Cinema e lazer,120.98,2026-02-02,EXPENSE,DEBIT_CARD,false
Combustivel,131.15,2026-02-02,EXPENSE,CREDIT_CARD,false
Combustivel,314.20,2026-02-02,EXPENSE,BOLETO,false
Condominio,661.58,2026-02-02,EXPENSE,CASH,true
Estacionamento,47.61,2026-02-02,EXPENSE,BOLETO,false
Farmacia,229.28,2026-02-02,EXPENSE,PIX,false
Venda de produto,1721.56,2026-02-02,INCOME,BANK_TRANSFER,false
Combustivel,94.51,2026-02-03,EXPENSE,BANK_TRANSFER,false
Conta de energia,90.86,2026-02-03,EXPENSE,DEBIT_CARD,false
Doacao,472.78,2026-02-03,EXPENSE,DEBIT_CARD,false
Estacionamento,45.45,2026-02-03,EXPENSE,BANK_TRANSFER,false
Bonus profissional,3231.86,2026-02-03,INCOME,PIX,false
Reembolso empresarial,430.84,2026-02-03,INCOME,PIX,false
Salario mensal,3575.53,2026-02-03,INCOME,PIX,true
Cinema e lazer,158.89,2026-02-04,EXPENSE,BOLETO,false
Cinema e lazer,219.33,2026-02-04,EXPENSE,CREDIT_CARD,false
Conta de agua,122.25,2026-02-04,EXPENSE,BANK_TRANSFER,false
Eletronicos,1330.87,2026-02-04,EXPENSE,CREDIT_CARD,false
Farmacia,268.13,2026-02-04,EXPENSE,PIX,false
Supermercado,389.90,2026-02-04,EXPENSE,CREDIT_CARD,false
Viagem e hospedagem,4204.32,2026-02-04,EXPENSE,BOLETO,false
Viagem e hospedagem,2672.73,2026-02-04,EXPENSE,BANK_TRANSFER,false
Pagamento freelance,475.39,2026-02-04,INCOME,PIX,false
Venda de produto,1579.39,2026-02-04,INCOME,BANK_TRANSFER,false
Aluguel residencial,2144.43,2026-02-05,EXPENSE,BANK_TRANSFER,true
Aplicativo de transporte,37.49,2026-02-05,EXPENSE,CREDIT_CARD,false
Cinema e lazer,179.05,2026-02-05,EXPENSE,CASH,false
Estacionamento,9.52,2026-02-05,EXPENSE,CASH,false
Pet shop,328.73,2026-02-05,EXPENSE,DEBIT_CARD,false
Seguro do veiculo,540.19,2026-02-05,EXPENSE,PIX,true
Streaming,89.39,2026-02-05,EXPENSE,BOLETO,true
Viagem e hospedagem,1327.94,2026-02-05,EXPENSE,CASH,false
Rendimento de investimento,355.04,2026-02-05,INCOME,PIX,true
Rendimento de investimento,391.75,2026-02-05,INCOME,BANK_TRANSFER,true
Doacao,304.73,2026-02-06,EXPENSE,PIX,false
Doacao,155.57,2026-02-06,EXPENSE,CASH,false
Estacionamento,33.19,2026-02-06,EXPENSE,PIX,false
Farmacia,69.36,2026-02-06,EXPENSE,CASH,false
Manutencao do veiculo,1658.85,2026-02-06,EXPENSE,PIX,false
Passagem aerea,2021.27,2026-02-06,EXPENSE,PIX,false
Pet shop,218.06,2026-02-06,EXPENSE,BANK_TRANSFER,false
Seguro do veiculo,404.87,2026-02-06,EXPENSE,DEBIT_CARD,true
Supermercado,550.75,2026-02-06,EXPENSE,BOLETO,false
Veterinario,463.02,2026-02-06,EXPENSE,CASH,false
Viagem e hospedagem,2798.74,2026-02-06,EXPENSE,BOLETO,false
Combustivel,271.41,2026-02-07,EXPENSE,BANK_TRANSFER,false
Conta de agua,119.66,2026-02-07,EXPENSE,PIX,true
Doacao,208.54,2026-02-07,EXPENSE,BOLETO,false
Farmacia,300.25,2026-02-07,EXPENSE,BOLETO,false
Loja de roupas,780.12,2026-02-07,EXPENSE,DEBIT_CARD,false
Academia,152.05,2026-02-08,EXPENSE,PIX,false
Aluguel residencial,1293.43,2026-02-08,EXPENSE,DEBIT_CARD,true
Aluguel residencial,1286.90,2026-02-08,EXPENSE,BANK_TRANSFER,true
Cinema e lazer,207.62,2026-02-08,EXPENSE,BANK_TRANSFER,false
Loja de roupas,309.25,2026-02-08,EXPENSE,BANK_TRANSFER,false
Padaria,77.15,2026-02-08,EXPENSE,BOLETO,false
Passagem aerea,2906.69,2026-02-08,EXPENSE,BOLETO,false
Passagem aerea,1299.26,2026-02-08,EXPENSE,BANK_TRANSFER,false
Passagem aerea,3077.58,2026-02-08,EXPENSE,DEBIT_CARD,false
Seguro do veiculo,131.91,2026-02-08,EXPENSE,BANK_TRANSFER,true
Bonus profissional,573.74,2026-02-08,INCOME,BANK_TRANSFER,false
Dividendos,251.59,2026-02-08,INCOME,BANK_TRANSFER,true
Livraria,217.75,2026-02-09,EXPENSE,BANK_TRANSFER,false
Loja de roupas,404.78,2026-02-09,EXPENSE,PIX,false
Manutencao do veiculo,1098.54,2026-02-09,EXPENSE,CREDIT_CARD,false
Padaria,14.03,2026-02-09,EXPENSE,DEBIT_CARD,false
Aluguel recebido,2646.97,2026-02-09,INCOME,BANK_TRANSFER,true
Pagamento freelance,4090.93,2026-02-09,INCOME,PIX,false
Aplicativo de transporte,71.35,2026-02-10,EXPENSE,CASH,false
Aplicativo de transporte,16.49,2026-02-10,EXPENSE,CASH,false
Condominio,926.93,2026-02-10,EXPENSE,BANK_TRANSFER,true
Conta de agua,73.19,2026-02-10,EXPENSE,CASH,true
Conta de agua,229.98,2026-02-10,EXPENSE,PIX,true
Conta de energia,183.54,2026-02-10,EXPENSE,DEBIT_CARD,true
Eletronicos,4354.80,2026-02-10,EXPENSE,CASH,false
Pet shop,410.33,2026-02-10,EXPENSE,CASH,false
Pet shop,193.44,2026-02-10,EXPENSE,CASH,false
Plano de celular,165.98,2026-02-10,EXPENSE,CASH,true
Seguro do veiculo,406.67,2026-02-10,EXPENSE,BANK_TRANSFER,true
Academia,145.72,2026-02-11,EXPENSE,BOLETO,true
Aplicativo de transporte,43.38,2026-02-11,EXPENSE,CREDIT_CARD,false
Cinema e lazer,103.70,2026-02-11,EXPENSE,CREDIT_CARD,false
Condominio,1027.06,2026-02-11,EXPENSE,BOLETO,true
Curso online,748.65,2026-02-11,EXPENSE,PIX,false
Eletronicos,3741.99,2026-02-11,EXPENSE,PIX,false
Eletronicos,4737.53,2026-02-11,EXPENSE,BANK_TRANSFER,false
Eletronicos,2060.07,2026-02-11,EXPENSE,PIX,false
Estacionamento,64.69,2026-02-11,EXPENSE,PIX,false
Livraria,80.16,2026-02-11,EXPENSE,CASH,false
Manutencao do veiculo,1745.67,2026-02-11,EXPENSE,CREDIT_CARD,false
Pet shop,299.91,2026-02-11,EXPENSE,PIX,false
Restaurante,244.27,2026-02-11,EXPENSE,BANK_TRANSFER,false
Supermercado,548.05,2026-02-11,EXPENSE,PIX,false
Transferencia recebida,2178.53,2026-02-11,INCOME,PIX,false
Aluguel residencial,1986.35,2026-02-12,EXPENSE,CASH,true
Cinema e lazer,209.17,2026-02-12,EXPENSE,CASH,false
Conta de energia,639.54,2026-02-12,EXPENSE,PIX,false
Farmacia,67.41,2026-02-12,EXPENSE,BANK_TRANSFER,false
Loja de roupas,418.82,2026-02-12,EXPENSE,PIX,false
Passagem aerea,1361.34,2026-02-12,EXPENSE,BOLETO,false
Streaming,40.78,2026-02-12,EXPENSE,BOLETO,true
Supermercado,167.46,2026-02-12,EXPENSE,DEBIT_CARD,false
Supermercado,715.04,2026-02-12,EXPENSE,BANK_TRANSFER,false
Viagem e hospedagem,4262.72,2026-02-12,EXPENSE,CREDIT_CARD,false
Venda de produto,1055.84,2026-02-12,INCOME,PIX,false
Combustivel,194.62,2026-02-13,EXPENSE,CREDIT_CARD,false
Combustivel,214.70,2026-02-13,EXPENSE,BOLETO,false
Curso online,560.81,2026-02-13,EXPENSE,CREDIT_CARD,false
Farmacia,240.25,2026-02-13,EXPENSE,BOLETO,false
Internet residencial,194.18,2026-02-13,EXPENSE,PIX,true
Padaria,84.25,2026-02-13,EXPENSE,DEBIT_CARD,false
Padaria,62.47,2026-02-13,EXPENSE,BANK_TRANSFER,false
Passagem aerea,3223.87,2026-02-13,EXPENSE,DEBIT_CARD,false
Plano de saude,1154.91,2026-02-13,EXPENSE,BOLETO,false
Supermercado,649.38,2026-02-13,EXPENSE,CASH,false
Viagem e hospedagem,4148.69,2026-02-13,EXPENSE,CASH,false
Rendimento de investimento,119.91,2026-02-13,INCOME,PIX,false
Salario mensal,6807.39,2026-02-13,INCOME,PIX,true
Aluguel residencial,901.98,2026-02-14,EXPENSE,BANK_TRANSFER,true
Aluguel residencial,3255.45,2026-02-14,EXPENSE,PIX,true
Aplicativo de transporte,41.32,2026-02-14,EXPENSE,CASH,false
Combustivel,280.50,2026-02-14,EXPENSE,CREDIT_CARD,false
Conta de agua,216.11,2026-02-14,EXPENSE,CREDIT_CARD,true
Doacao,123.76,2026-02-14,EXPENSE,DEBIT_CARD,false
Livraria,108.08,2026-02-14,EXPENSE,PIX,false
Manutencao do veiculo,1632.91,2026-02-14,EXPENSE,DEBIT_CARD,false
Plano de saude,852.00,2026-02-14,EXPENSE,PIX,true
Seguro do veiculo,452.78,2026-02-14,EXPENSE,BANK_TRANSFER,true
Streaming,57.31,2026-02-14,EXPENSE,BOLETO,true
Reembolso empresarial,730.12,2026-02-14,INCOME,PIX,false
Salario mensal,7831.79,2026-02-14,INCOME,PIX,true
Aluguel residencial,1767.30,2026-02-15,EXPENSE,CREDIT_CARD,true
Aplicativo de transporte,79.95,2026-02-15,EXPENSE,PIX,false
Conta de energia,238.05,2026-02-15,EXPENSE,PIX,true
Conta de energia,259.08,2026-02-15,EXPENSE,DEBIT_CARD,true
Estacionamento,63.27,2026-02-15,EXPENSE,PIX,false
Impostos e taxas,207.32,2026-02-15,EXPENSE,BANK_TRANSFER,false
Impostos e taxas,2113.56,2026-02-15,EXPENSE,PIX,false
Impostos e taxas,63.90,2026-02-15,EXPENSE,CASH,false
Internet residencial,157.60,2026-02-15,EXPENSE,PIX,true
Padaria,52.53,2026-02-15,EXPENSE,BOLETO,false
Plano de celular,60.22,2026-02-15,EXPENSE,CREDIT_CARD,true
Veterinario,161.54,2026-02-15,EXPENSE,CREDIT_CARD,false
Dividendos,682.19,2026-02-15,INCOME,BANK_TRANSFER,true
Salario mensal,10933.21,2026-02-15,INCOME,PIX,true
Academia,144.49,2026-02-16,EXPENSE,CREDIT_CARD,true
Aluguel residencial,3140.74,2026-02-16,EXPENSE,BANK_TRANSFER,true
Aluguel residencial,1858.04,2026-02-16,EXPENSE,BANK_TRANSFER,true
Combustivel,224.57,2026-02-16,EXPENSE,BOLETO,false
Farmacia,310.34,2026-02-16,EXPENSE,CASH,false
Plano de celular,141.74,2026-02-16,EXPENSE,CASH,true
Veterinario,940.71,2026-02-16,EXPENSE,DEBIT_CARD,false
Restituicao de imposto,2753.74,2026-02-16,INCOME,PIX,false
Salario mensal,8424.24,2026-02-16,INCOME,BANK_TRANSFER,true
Condominio,828.93,2026-02-17,EXPENSE,DEBIT_CARD,true
Conta de energia,471.93,2026-02-17,EXPENSE,DEBIT_CARD,true
Farmacia,218.72,2026-02-17,EXPENSE,DEBIT_CARD,false
Impostos e taxas,182.45,2026-02-17,EXPENSE,BANK_TRANSFER,false
Livraria,75.15,2026-02-17,EXPENSE,DEBIT_CARD,false
Pet shop,187.64,2026-02-17,EXPENSE,PIX,false
Aluguel residencial,1936.51,2026-02-18,EXPENSE,CREDIT_CARD,true
Conta de energia,132.12,2026-02-18,EXPENSE,BOLETO,true
Conta de energia,261.35,2026-02-18,EXPENSE,DEBIT_CARD,true
Manutencao do veiculo,1147.95,2026-02-18,EXPENSE,DEBIT_CARD,false
Padaria,11.86,2026-02-18,EXPENSE,PIX,false
Padaria,41.94,2026-02-18,EXPENSE,CREDIT_CARD,false
Restituicao de imposto,290.63,2026-02-18,INCOME,PIX,false
Academia,231.92,2026-02-19,EXPENSE,BANK_TRANSFER,false
Delivery de comida,150.87,2026-02-19,EXPENSE,PIX,false
Plano de saude,964.94,2026-02-19,EXPENSE,DEBIT_CARD,false
Streaming,86.26,2026-02-19,EXPENSE,PIX,false
Streaming,86.51,2026-02-19,EXPENSE,CASH,false
Viagem e hospedagem,1095.65,2026-02-19,EXPENSE,CREDIT_CARD,false
Venda de produto,1139.08,2026-02-19,INCOME,BANK_TRANSFER,false
Venda de produto,1660.43,2026-02-19,INCOME,BANK_TRANSFER,false
Academia,257.48,2026-02-20,EXPENSE,DEBIT_CARD,true
Aplicativo de transporte,60.63,2026-02-20,EXPENSE,CREDIT_CARD,false
Cinema e lazer,194.75,2026-02-20,EXPENSE,CASH,false
Manutencao do veiculo,796.82,2026-02-20,EXPENSE,CREDIT_CARD,false
Viagem e hospedagem,2598.99,2026-02-20,EXPENSE,PIX,false
Dividendos,101.88,2026-02-20,INCOME,BANK_TRANSFER,true
Aluguel residencial,2216.29,2026-02-21,EXPENSE,DEBIT_CARD,true
Aplicativo de transporte,39.47,2026-02-21,EXPENSE,BANK_TRANSFER,false
Combustivel,372.67,2026-02-21,EXPENSE,BANK_TRANSFER,false
Condominio,914.68,2026-02-21,EXPENSE,DEBIT_CARD,true
Conta de energia,473.82,2026-02-21,EXPENSE,BANK_TRANSFER,false
Curso online,309.32,2026-02-21,EXPENSE,CREDIT_CARD,false
Doacao,323.09,2026-02-21,EXPENSE,DEBIT_CARD,false
Impostos e taxas,287.26,2026-02-21,EXPENSE,PIX,false
Internet residencial,162.30,2026-02-21,EXPENSE,CASH,true
Passagem aerea,1784.18,2026-02-21,EXPENSE,BOLETO,false
Seguro do veiculo,459.03,2026-02-21,EXPENSE,BOLETO,false
Aluguel recebido,3322.70,2026-02-21,INCOME,PIX,true
Transferencia recebida,694.44,2026-02-21,INCOME,PIX,false
Transferencia recebida,569.97,2026-02-21,INCOME,PIX,false
Venda de produto,982.30,2026-02-21,INCOME,BANK_TRANSFER,false
Aplicativo de transporte,25.17,2026-02-22,EXPENSE,BANK_TRANSFER,false
Cinema e lazer,157.24,2026-02-22,EXPENSE,DEBIT_CARD,false
Estacionamento,27.22,2026-02-22,EXPENSE,CASH,false
Internet residencial,216.60,2026-02-22,EXPENSE,PIX,true
Livraria,204.39,2026-02-22,EXPENSE,BOLETO,false
Loja de roupas,495.90,2026-02-22,EXPENSE,CREDIT_CARD,false
Seguro do veiculo,108.76,2026-02-22,EXPENSE,DEBIT_CARD,true
Supermercado,128.36,2026-02-22,EXPENSE,PIX,false
Veterinario,473.83,2026-02-22,EXPENSE,CREDIT_CARD,false
Veterinario,277.15,2026-02-22,EXPENSE,PIX,false
Doacao,88.84,2026-02-23,EXPENSE,CREDIT_CARD,false
Doacao,322.00,2026-02-23,EXPENSE,BANK_TRANSFER,false
Impostos e taxas,2148.12,2026-02-23,EXPENSE,DEBIT_CARD,false
Livraria,242.39,2026-02-23,EXPENSE,CREDIT_CARD,false
Manutencao do veiculo,790.54,2026-02-23,EXPENSE,BOLETO,false
Pet shop,215.75,2026-02-23,EXPENSE,BANK_TRANSFER,false
Plano de celular,135.08,2026-02-23,EXPENSE,CREDIT_CARD,true
Restaurante,143.30,2026-02-23,EXPENSE,BOLETO,false
Seguro do veiculo,236.40,2026-02-23,EXPENSE,CREDIT_CARD,true
Supermercado,235.91,2026-02-23,EXPENSE,CREDIT_CARD,false
Cinema e lazer,33.37,2026-02-24,EXPENSE,BANK_TRANSFER,false
Cinema e lazer,162.36,2026-02-24,EXPENSE,PIX,false
Combustivel,281.74,2026-02-24,EXPENSE,PIX,false
Delivery de comida,89.47,2026-02-24,EXPENSE,DEBIT_CARD,false
Eletronicos,2221.83,2026-02-24,EXPENSE,BOLETO,false
Estacionamento,26.47,2026-02-24,EXPENSE,BANK_TRANSFER,false
Impostos e taxas,46.65,2026-02-24,EXPENSE,CASH,false
Livraria,180.52,2026-02-24,EXPENSE,CREDIT_CARD,false
Padaria,9.32,2026-02-24,EXPENSE,CREDIT_CARD,false
Plano de saude,1013.79,2026-02-24,EXPENSE,CREDIT_CARD,true
Plano de saude,340.18,2026-02-24,EXPENSE,CASH,false
Plano de saude,1010.31,2026-02-24,EXPENSE,PIX,true
Restaurante,272.92,2026-02-24,EXPENSE,DEBIT_CARD,false
Seguro do veiculo,450.61,2026-02-24,EXPENSE,BANK_TRANSFER,true
Veterinario,941.85,2026-02-24,EXPENSE,DEBIT_CARD,false
Viagem e hospedagem,3520.54,2026-02-24,EXPENSE,CREDIT_CARD,false
Aluguel recebido,1766.41,2026-02-24,INCOME,PIX,true
Transferencia recebida,2059.56,2026-02-24,INCOME,PIX,false
Venda de produto,1128.94,2026-02-24,INCOME,PIX,false
Cinema e lazer,229.14,2026-02-25,EXPENSE,CREDIT_CARD,false
Combustivel,189.85,2026-02-25,EXPENSE,DEBIT_CARD,false
Delivery de comida,147.52,2026-02-25,EXPENSE,CREDIT_CARD,false
Estacionamento,62.02,2026-02-25,EXPENSE,CASH,false
Farmacia,179.50,2026-02-25,EXPENSE,CREDIT_CARD,false
Internet residencial,207.19,2026-02-25,EXPENSE,BOLETO,true
Internet residencial,197.78,2026-02-25,EXPENSE,BANK_TRANSFER,true
Livraria,191.18,2026-02-25,EXPENSE,PIX,false
Loja de roupas,564.24,2026-02-25,EXPENSE,CREDIT_CARD,false
Restaurante,317.91,2026-02-25,EXPENSE,BOLETO,false
Supermercado,53.87,2026-02-25,EXPENSE,CREDIT_CARD,false
Supermercado,614.55,2026-02-25,EXPENSE,DEBIT_CARD,false
Aluguel residencial,1277.27,2026-02-26,EXPENSE,PIX,true
Aplicativo de transporte,24.91,2026-02-26,EXPENSE,DEBIT_CARD,false
Condominio,1215.72,2026-02-26,EXPENSE,PIX,true
Condominio,401.02,2026-02-26,EXPENSE,BOLETO,true
Conta de agua,81.59,2026-02-26,EXPENSE,DEBIT_CARD,true
Curso online,143.30,2026-02-26,EXPENSE,CASH,false
Delivery de comida,156.53,2026-02-26,EXPENSE,DEBIT_CARD,false
Passagem aerea,430.18,2026-02-26,EXPENSE,DEBIT_CARD,false
Plano de celular,84.59,2026-02-26,EXPENSE,PIX,false
Supermercado,817.03,2026-02-26,EXPENSE,PIX,false
Veterinario,564.07,2026-02-26,EXPENSE,PIX,false
Academia,237.70,2026-02-27,EXPENSE,BANK_TRANSFER,true
Condominio,807.57,2026-02-27,EXPENSE,BANK_TRANSFER,true
Conta de agua,58.87,2026-02-27,EXPENSE,BOLETO,true
Conta de energia,529.04,2026-02-27,EXPENSE,CASH,true
Doacao,355.31,2026-02-27,EXPENSE,CASH,false
Farmacia,18.19,2026-02-27,EXPENSE,DEBIT_CARD,false
Internet residencial,178.17,2026-02-27,EXPENSE,BANK_TRANSFER,true
Padaria,31.78,2026-02-27,EXPENSE,BANK_TRANSFER,false
Passagem aerea,1681.61,2026-02-27,EXPENSE,BOLETO,false
Plano de saude,1415.05,2026-02-27,EXPENSE,DEBIT_CARD,true
Viagem e hospedagem,1472.38,2026-02-27,EXPENSE,PIX,false
Venda de produto,1408.87,2026-02-27,INCOME,PIX,false
Venda de produto,1393.63,2026-02-27,INCOME,BANK_TRANSFER,false
Academia,218.01,2026-02-28,EXPENSE,BOLETO,true
Doacao,418.45,2026-02-28,EXPENSE,PIX,false
Eletronicos,188.52,2026-02-28,EXPENSE,DEBIT_CARD,false
Estacionamento,47.56,2026-02-28,EXPENSE,PIX,false
Padaria,52.88,2026-02-28,EXPENSE,PIX,false
Plano de celular,87.20,2026-02-28,EXPENSE,PIX,true
Restaurante,39.11,2026-02-28,EXPENSE,CASH,false
Viagem e hospedagem,2427.82,2026-02-28,EXPENSE,PIX,false
Aluguel residencial,1713.37,2026-03-01,EXPENSE,DEBIT_CARD,true
Cinema e lazer,90.76,2026-03-01,EXPENSE,CASH,false
Cinema e lazer,195.48,2026-03-01,EXPENSE,CREDIT_CARD,false
Cinema e lazer,140.58,2026-03-01,EXPENSE,BOLETO,false
Doacao,115.05,2026-03-01,EXPENSE,PIX,false
Impostos e taxas,879.71,2026-03-01,EXPENSE,BANK_TRANSFER,false
Passagem aerea,3356.40,2026-03-01,EXPENSE,BOLETO,false
Seguro do veiculo,193.12,2026-03-01,EXPENSE,CREDIT_CARD,true
Streaming,44.76,2026-03-01,EXPENSE,PIX,true
Veterinario,546.00,2026-03-01,EXPENSE,BOLETO,false
Rendimento de investimento,116.85,2026-03-01,INCOME,PIX,true
Doacao,161.54,2026-03-02,EXPENSE,DEBIT_CARD,false
Eletronicos,2230.24,2026-03-02,EXPENSE,BOLETO,false
Farmacia,98.69,2026-03-02,EXPENSE,CREDIT_CARD,false
Impostos e taxas,1980.32,2026-03-02,EXPENSE,BANK_TRANSFER,false
Restaurante,290.47,2026-03-02,EXPENSE,CREDIT_CARD,false
Streaming,25.52,2026-03-02,EXPENSE,CREDIT_CARD,true
Viagem e hospedagem,2724.14,2026-03-02,EXPENSE,CASH,false
Manutencao do veiculo,1403.62,2026-03-03,EXPENSE,CREDIT_CARD,false
Restaurante,135.46,2026-03-03,EXPENSE,CASH,false
Supermercado,522.78,2026-03-03,EXPENSE,PIX,false
Supermercado,828.88,2026-03-03,EXPENSE,BOLETO,false
Viagem e hospedagem,1038.31,2026-03-03,EXPENSE,PIX,false
Conta de energia,310.77,2026-03-04,EXPENSE,PIX,false
Curso online,576.32,2026-03-04,EXPENSE,CREDIT_CARD,false
Livraria,85.95,2026-03-04,EXPENSE,BOLETO,false
Passagem aerea,1730.01,2026-03-04,EXPENSE,CREDIT_CARD,false
Passagem aerea,3446.75,2026-03-04,EXPENSE,BOLETO,false
Plano de saude,453.19,2026-03-04,EXPENSE,BANK_TRANSFER,true
Viagem e hospedagem,4245.44,2026-03-04,EXPENSE,CREDIT_CARD,false
Dividendos,257.85,2026-03-04,INCOME,PIX,true
Academia,209.38,2026-03-05,EXPENSE,PIX,true
Conta de energia,633.70,2026-03-05,EXPENSE,DEBIT_CARD,true
Curso online,52.10,2026-03-05,EXPENSE,BANK_TRANSFER,false
Delivery de comida,181.39,2026-03-05,EXPENSE,PIX,false
Passagem aerea,2628.85,2026-03-05,EXPENSE,CREDIT_CARD,false
Pet shop,309.11,2026-03-05,EXPENSE,DEBIT_CARD,false
Plano de celular,172.79,2026-03-05,EXPENSE,DEBIT_CARD,true
Seguro do veiculo,336.66,2026-03-05,EXPENSE,PIX,true
Streaming,70.82,2026-03-05,EXPENSE,BANK_TRANSFER,true
Streaming,65.12,2026-03-05,EXPENSE,BANK_TRANSFER,false
Supermercado,134.94,2026-03-05,EXPENSE,BANK_TRANSFER,false
Veterinario,659.28,2026-03-05,EXPENSE,PIX,false
Bonus profissional,3458.70,2026-03-05,INCOME,BANK_TRANSFER,false
Academia,258.14,2026-03-06,EXPENSE,BOLETO,true
Conta de agua,72.10,2026-03-06,EXPENSE,BOLETO,false
Estacionamento,67.27,2026-03-06,EXPENSE,BANK_TRANSFER,false
Impostos e taxas,697.04,2026-03-06,EXPENSE,DEBIT_CARD,false
Loja de roupas,182.00,2026-03-06,EXPENSE,BOLETO,false
Pet shop,69.89,2026-03-06,EXPENSE,PIX,false
Viagem e hospedagem,602.87,2026-03-06,EXPENSE,BANK_TRANSFER,false
Aluguel recebido,2579.70,2026-03-06,INCOME,BANK_TRANSFER,false
Reembolso empresarial,285.48,2026-03-06,INCOME,PIX,false
Aplicativo de transporte,77.68,2026-03-07,EXPENSE,DEBIT_CARD,false
Cinema e lazer,97.44,2026-03-07,EXPENSE,CREDIT_CARD,false
Combustivel,183.94,2026-03-07,EXPENSE,BOLETO,false
Doacao,177.85,2026-03-07,EXPENSE,DEBIT_CARD,false
Doacao,468.14,2026-03-07,EXPENSE,BOLETO,false
Doacao,11.95,2026-03-07,EXPENSE,BOLETO,false
Eletronicos,915.61,2026-03-07,EXPENSE,DEBIT_CARD,false
Plano de saude,1018.44,2026-03-07,EXPENSE,CASH,true
Restaurante,242.26,2026-03-07,EXPENSE,BOLETO,false
Bonus profissional,4379.27,2026-03-07,INCOME,BANK_TRANSFER,false
Bonus profissional,2336.39,2026-03-07,INCOME,PIX,false
Rendimento de investimento,425.03,2026-03-07,INCOME,PIX,true
Salario mensal,3560.21,2026-03-07,INCOME,BANK_TRANSFER,true
Venda de produto,1499.15,2026-03-07,INCOME,BANK_TRANSFER,false
Aplicativo de transporte,37.21,2026-03-08,EXPENSE,DEBIT_CARD,false
Delivery de comida,159.91,2026-03-08,EXPENSE,BOLETO,false
Delivery de comida,25.75,2026-03-08,EXPENSE,PIX,false
Doacao,142.30,2026-03-08,EXPENSE,BOLETO,false
Farmacia,70.61,2026-03-08,EXPENSE,BOLETO,false
Livraria,85.67,2026-03-08,EXPENSE,BANK_TRANSFER,false
Padaria,25.32,2026-03-08,EXPENSE,BANK_TRANSFER,false
Passagem aerea,2590.65,2026-03-08,EXPENSE,PIX,false
Restaurante,63.87,2026-03-08,EXPENSE,BANK_TRANSFER,false
Streaming,58.73,2026-03-08,EXPENSE,CASH,true
Dividendos,666.06,2026-03-08,INCOME,BANK_TRANSFER,true
Venda de produto,1405.28,2026-03-08,INCOME,PIX,false
Aluguel residencial,3027.88,2026-03-09,EXPENSE,BOLETO,true
Aplicativo de transporte,40.71,2026-03-09,EXPENSE,PIX,false
Conta de agua,236.63,2026-03-09,EXPENSE,CASH,true
Conta de agua,65.49,2026-03-09,EXPENSE,BOLETO,true
Delivery de comida,181.43,2026-03-09,EXPENSE,BOLETO,false
Eletronicos,821.64,2026-03-09,EXPENSE,BOLETO,false
Farmacia,294.46,2026-03-09,EXPENSE,BOLETO,false
Viagem e hospedagem,1297.25,2026-03-09,EXPENSE,BANK_TRANSFER,false
Viagem e hospedagem,4233.22,2026-03-09,EXPENSE,CREDIT_CARD,false
Conta de energia,526.83,2026-03-10,EXPENSE,BANK_TRANSFER,true
Padaria,83.33,2026-03-10,EXPENSE,DEBIT_CARD,false
Passagem aerea,3010.06,2026-03-10,EXPENSE,CREDIT_CARD,false
Pet shop,315.13,2026-03-10,EXPENSE,CREDIT_CARD,false
Streaming,62.39,2026-03-10,EXPENSE,PIX,false
Streaming,54.35,2026-03-10,EXPENSE,BANK_TRANSFER,false
Pagamento freelance,4092.04,2026-03-10,INCOME,PIX,false
Reembolso empresarial,563.90,2026-03-10,INCOME,PIX,false
Restituicao de imposto,1968.52,2026-03-10,INCOME,BANK_TRANSFER,false
Delivery de comida,177.15,2026-03-11,EXPENSE,DEBIT_CARD,false
Livraria,249.79,2026-03-11,EXPENSE,BOLETO,false
Plano de saude,1486.06,2026-03-11,EXPENSE,CREDIT_CARD,true
Plano de saude,887.02,2026-03-11,EXPENSE,CREDIT_CARD,true
Supermercado,588.43,2026-03-11,EXPENSE,CREDIT_CARD,false
Viagem e hospedagem,1473.02,2026-03-11,EXPENSE,BANK_TRANSFER,false
Viagem e hospedagem,3845.67,2026-03-11,EXPENSE,DEBIT_CARD,false
Bonus profissional,3654.20,2026-03-11,INCOME,BANK_TRANSFER,false
Pagamento freelance,1046.26,2026-03-11,INCOME,PIX,false
Aluguel residencial,1577.46,2026-03-12,EXPENSE,DEBIT_CARD,true
Aplicativo de transporte,50.87,2026-03-12,EXPENSE,BOLETO,false
Aplicativo de transporte,73.70,2026-03-12,EXPENSE,CASH,false
Combustivel,364.06,2026-03-12,EXPENSE,DEBIT_CARD,false
Condominio,356.38,2026-03-12,EXPENSE,BANK_TRANSFER,true
Conta de agua,197.12,2026-03-12,EXPENSE,DEBIT_CARD,true
Curso online,164.03,2026-03-12,EXPENSE,CASH,false
Estacionamento,69.55,2026-03-12,EXPENSE,CASH,false
Livraria,38.87,2026-03-12,EXPENSE,BOLETO,false
Plano de celular,93.75,2026-03-12,EXPENSE,PIX,true
Restaurante,272.50,2026-03-12,EXPENSE,CREDIT_CARD,false
Supermercado,36.45,2026-03-12,EXPENSE,BOLETO,false
Reembolso empresarial,296.56,2026-03-12,INCOME,PIX,false
Rendimento de investimento,587.89,2026-03-12,INCOME,PIX,true
Rendimento de investimento,468.88,2026-03-12,INCOME,PIX,true
Cinema e lazer,111.11,2026-03-13,EXPENSE,BOLETO,false
Doacao,318.52,2026-03-13,EXPENSE,BOLETO,false
Estacionamento,54.64,2026-03-13,EXPENSE,CREDIT_CARD,false
Internet residencial,88.97,2026-03-13,EXPENSE,CREDIT_CARD,true
Plano de celular,179.22,2026-03-13,EXPENSE,CASH,true
Plano de saude,744.77,2026-03-13,EXPENSE,BANK_TRANSFER,true
Seguro do veiculo,132.87,2026-03-13,EXPENSE,BANK_TRANSFER,true
Aluguel recebido,2570.37,2026-03-13,INCOME,PIX,false
Bonus profissional,4239.89,2026-03-13,INCOME,BANK_TRANSFER,false
Academia,278.01,2026-03-14,EXPENSE,BOLETO,false
Eletronicos,899.46,2026-03-14,EXPENSE,CREDIT_CARD,false
Padaria,67.39,2026-03-14,EXPENSE,BOLETO,false
Restaurante,46.33,2026-03-14,EXPENSE,BOLETO,false
Bonus profissional,349.67,2026-03-14,INCOME,BANK_TRANSFER,false
Academia,183.34,2026-03-15,EXPENSE,BANK_TRANSFER,true
Academia,149.33,2026-03-15,EXPENSE,CREDIT_CARD,true
Aluguel residencial,2065.72,2026-03-15,EXPENSE,BANK_TRANSFER,true
Conta de agua,235.32,2026-03-15,EXPENSE,CREDIT_CARD,true
Estacionamento,55.23,2026-03-15,EXPENSE,DEBIT_CARD,false
Estacionamento,19.60,2026-03-15,EXPENSE,CREDIT_CARD,false
Farmacia,217.80,2026-03-15,EXPENSE,CREDIT_CARD,false
Viagem e hospedagem,3143.07,2026-03-15,EXPENSE,PIX,false
Condominio,898.25,2026-03-16,EXPENSE,CREDIT_CARD,false
Delivery de comida,65.52,2026-03-16,EXPENSE,BOLETO,false
Eletronicos,1020.42,2026-03-16,EXPENSE,PIX,false
Impostos e taxas,839.09,2026-03-16,EXPENSE,DEBIT_CARD,false
Impostos e taxas,603.37,2026-03-16,EXPENSE,BOLETO,false
Internet residencial,214.65,2026-03-16,EXPENSE,BOLETO,false
Loja de roupas,886.86,2026-03-16,EXPENSE,BOLETO,false
Plano de celular,157.34,2026-03-16,EXPENSE,DEBIT_CARD,true
Streaming,30.96,2026-03-16,EXPENSE,DEBIT_CARD,true
Supermercado,178.64,2026-03-16,EXPENSE,BANK_TRANSFER,false
Veterinario,331.68,2026-03-16,EXPENSE,PIX,false
Bonus profissional,1063.32,2026-03-16,INCOME,BANK_TRANSFER,false
Venda de produto,887.59,2026-03-16,INCOME,BANK_TRANSFER,false
Venda de produto,953.00,2026-03-16,INCOME,BANK_TRANSFER,false
Combustivel,400.94,2026-03-17,EXPENSE,CREDIT_CARD,false
Condominio,1068.15,2026-03-17,EXPENSE,CREDIT_CARD,true
Delivery de comida,98.49,2026-03-17,EXPENSE,BANK_TRANSFER,false
Estacionamento,17.06,2026-03-17,EXPENSE,CASH,false
Passagem aerea,2266.12,2026-03-17,EXPENSE,DEBIT_CARD,false
Passagem aerea,1752.09,2026-03-17,EXPENSE,CASH,false
Seguro do veiculo,329.80,2026-03-17,EXPENSE,BANK_TRANSFER,true
Streaming,21.42,2026-03-17,EXPENSE,BANK_TRANSFER,true
Streaming,36.88,2026-03-17,EXPENSE,BOLETO,true
Supermercado,123.46,2026-03-17,EXPENSE,BANK_TRANSFER,false
Veterinario,785.02,2026-03-17,EXPENSE,CASH,false
Aplicativo de transporte,45.00,2026-03-18,EXPENSE,CREDIT_CARD,false
Curso online,75.78,2026-03-18,EXPENSE,CASH,false
Curso online,428.02,2026-03-18,EXPENSE,BOLETO,false
Delivery de comida,126.62,2026-03-18,EXPENSE,PIX,false
Eletronicos,4545.22,2026-03-18,EXPENSE,PIX,false
Internet residencial,105.69,2026-03-18,EXPENSE,BANK_TRANSFER,true
Manutencao do veiculo,1380.17,2026-03-18,EXPENSE,CASH,false
Seguro do veiculo,174.68,2026-03-18,EXPENSE,PIX,true
Streaming,36.68,2026-03-18,EXPENSE,BANK_TRANSFER,true
Viagem e hospedagem,1792.30,2026-03-18,EXPENSE,DEBIT_CARD,false
Reembolso empresarial,835.65,2026-03-18,INCOME,PIX,false
Reembolso empresarial,62.80,2026-03-18,INCOME,BANK_TRANSFER,false
Combustivel,405.68,2026-03-19,EXPENSE,CREDIT_CARD,false
Eletronicos,2947.07,2026-03-19,EXPENSE,DEBIT_CARD,false
Impostos e taxas,1691.47,2026-03-19,EXPENSE,BANK_TRANSFER,false
Loja de roupas,204.13,2026-03-19,EXPENSE,BOLETO,false
Loja de roupas,768.00,2026-03-19,EXPENSE,CREDIT_CARD,false
Plano de celular,135.51,2026-03-19,EXPENSE,CREDIT_CARD,true
Plano de saude,184.40,2026-03-19,EXPENSE,PIX,true
Supermercado,255.07,2026-03-19,EXPENSE,DEBIT_CARD,false
Veterinario,860.53,2026-03-19,EXPENSE,BANK_TRANSFER,false
Aplicativo de transporte,85.47,2026-03-20,EXPENSE,DEBIT_CARD,false
Cinema e lazer,217.17,2026-03-20,EXPENSE,PIX,false
Cinema e lazer,56.69,2026-03-20,EXPENSE,CREDIT_CARD,false
Condominio,1029.51,2026-03-20,EXPENSE,BANK_TRANSFER,true
Conta de agua,216.67,2026-03-20,EXPENSE,CASH,true
Conta de energia,292.39,2026-03-20,EXPENSE,DEBIT_CARD,true
Eletronicos,3566.17,2026-03-20,EXPENSE,BANK_TRANSFER,false
Passagem aerea,648.91,2026-03-20,EXPENSE,DEBIT_CARD,false
Plano de celular,154.81,2026-03-20,EXPENSE,BOLETO,true
Restaurante,146.53,2026-03-20,EXPENSE,DEBIT_CARD,false
Supermercado,61.77,2026-03-20,EXPENSE,DEBIT_CARD,false
Pagamento freelance,2776.80,2026-03-20,INCOME,PIX,false
Salario mensal,4477.65,2026-03-20,INCOME,PIX,true
Transferencia recebida,2155.07,2026-03-20,INCOME,PIX,false
Aluguel residencial,2411.72,2026-03-21,EXPENSE,CASH,false
Conta de energia,557.95,2026-03-21,EXPENSE,BOLETO,true
Doacao,274.90,2026-03-21,EXPENSE,DEBIT_CARD,false
Doacao,439.40,2026-03-21,EXPENSE,CREDIT_CARD,false
Eletronicos,1434.16,2026-03-21,EXPENSE,CASH,false
Impostos e taxas,1730.86,2026-03-21,EXPENSE,DEBIT_CARD,false
Internet residencial,76.65,2026-03-21,EXPENSE,BANK_TRANSFER,true
Livraria,43.02,2026-03-21,EXPENSE,DEBIT_CARD,false
Livraria,28.06,2026-03-21,EXPENSE,PIX,false
Loja de roupas,166.13,2026-03-21,EXPENSE,CREDIT_CARD,false
Passagem aerea,3197.57,2026-03-21,EXPENSE,DEBIT_CARD,false
Plano de celular,156.64,2026-03-21,EXPENSE,CASH,true
Restaurante,272.54,2026-03-21,EXPENSE,PIX,false
Supermercado,497.74,2026-03-21,EXPENSE,PIX,false
Viagem e hospedagem,4426.33,2026-03-21,EXPENSE,PIX,false
Doacao,284.56,2026-03-22,EXPENSE,PIX,false
Livraria,163.31,2026-03-22,EXPENSE,CASH,false
Manutencao do veiculo,1984.32,2026-03-22,EXPENSE,BANK_TRANSFER,false
Passagem aerea,2201.99,2026-03-22,EXPENSE,BOLETO,false
Aluguel recebido,1238.97,2026-03-22,INCOME,PIX,false
Pagamento freelance,4480.64,2026-03-22,INCOME,BANK_TRANSFER,false
Pagamento freelance,936.20,2026-03-22,INCOME,PIX,false
Pagamento freelance,3189.51,2026-03-22,INCOME,BANK_TRANSFER,false
Condominio,1263.77,2026-03-23,EXPENSE,DEBIT_CARD,true
Conta de agua,233.39,2026-03-23,EXPENSE,BANK_TRANSFER,true
Conta de agua,220.08,2026-03-23,EXPENSE,PIX,true
Curso online,742.12,2026-03-23,EXPENSE,DEBIT_CARD,false
Pet shop,357.85,2026-03-23,EXPENSE,DEBIT_CARD,false
Seguro do veiculo,123.46,2026-03-23,EXPENSE,CREDIT_CARD,true
Bonus profissional,2347.44,2026-03-23,INCOME,BANK_TRANSFER,false
Transferencia recebida,2121.07,2026-03-23,INCOME,BANK_TRANSFER,false
Delivery de comida,160.70,2026-03-24,EXPENSE,CREDIT_CARD,false
Plano de celular,78.45,2026-03-24,EXPENSE,BOLETO,true
Streaming,49.97,2026-03-24,EXPENSE,BANK_TRANSFER,false
Supermercado,726.33,2026-03-24,EXPENSE,PIX,false
Supermercado,74.55,2026-03-24,EXPENSE,CASH,false
Veterinario,658.31,2026-03-24,EXPENSE,BOLETO,false
Conta de agua,198.84,2026-03-25,EXPENSE,DEBIT_CARD,true
Conta de energia,622.33,2026-03-25,EXPENSE,PIX,false
Curso online,631.57,2026-03-25,EXPENSE,CREDIT_CARD,false
Estacionamento,74.11,2026-03-25,EXPENSE,BOLETO,false
Estacionamento,32.28,2026-03-25,EXPENSE,DEBIT_CARD,false
Loja de roupas,108.53,2026-03-25,EXPENSE,CREDIT_CARD,false
Loja de roupas,431.26,2026-03-25,EXPENSE,BANK_TRANSFER,false
Plano de saude,455.52,2026-03-25,EXPENSE,BOLETO,true
Seguro do veiculo,503.88,2026-03-25,EXPENSE,BANK_TRANSFER,true
Streaming,23.30,2026-03-25,EXPENSE,DEBIT_CARD,true
Streaming,59.39,2026-03-25,EXPENSE,PIX,true
Viagem e hospedagem,932.52,2026-03-25,EXPENSE,BOLETO,false
Aluguel recebido,3499.98,2026-03-25,INCOME,PIX,true
Aplicativo de transporte,54.69,2026-03-26,EXPENSE,BOLETO,false
Combustivel,122.37,2026-03-26,EXPENSE,DEBIT_CARD,false
Combustivel,335.39,2026-03-26,EXPENSE,PIX,false
Combustivel,160.90,2026-03-26,EXPENSE,DEBIT_CARD,false
Impostos e taxas,1323.54,2026-03-26,EXPENSE,CASH,false
Livraria,99.33,2026-03-26,EXPENSE,CREDIT_CARD,false
Supermercado,505.03,2026-03-26,EXPENSE,DEBIT_CARD,false
Cinema e lazer,100.06,2026-03-27,EXPENSE,CASH,false
Condominio,720.48,2026-03-27,EXPENSE,BANK_TRANSFER,false
Condominio,977.67,2026-03-27,EXPENSE,DEBIT_CARD,true
Delivery de comida,87.52,2026-03-27,EXPENSE,CASH,false
Doacao,242.95,2026-03-27,EXPENSE,DEBIT_CARD,false
Eletronicos,1818.54,2026-03-27,EXPENSE,CREDIT_CARD,false
Farmacia,116.38,2026-03-27,EXPENSE,BOLETO,false
Impostos e taxas,1392.76,2026-03-27,EXPENSE,CREDIT_CARD,false
Manutencao do veiculo,1260.40,2026-03-27,EXPENSE,CASH,false
Plano de saude,1057.38,2026-03-27,EXPENSE,CREDIT_CARD,true
Supermercado,606.59,2026-03-27,EXPENSE,CREDIT_CARD,false
Bonus profissional,791.00,2026-03-27,INCOME,BANK_TRANSFER,false
Salario mensal,4816.53,2026-03-27,INCOME,BANK_TRANSFER,false
Transferencia recebida,1855.87,2026-03-27,INCOME,BANK_TRANSFER,false
Cinema e lazer,48.57,2026-03-28,EXPENSE,BANK_TRANSFER,false
Conta de energia,643.43,2026-03-28,EXPENSE,BANK_TRANSFER,false
Livraria,64.26,2026-03-28,EXPENSE,CREDIT_CARD,false
Veterinario,917.28,2026-03-28,EXPENSE,DEBIT_CARD,false
Transferencia recebida,477.85,2026-03-28,INCOME,BANK_TRANSFER,false
Condominio,365.31,2026-03-29,EXPENSE,CREDIT_CARD,true
Condominio,1179.83,2026-03-29,EXPENSE,CREDIT_CARD,true
Delivery de comida,148.33,2026-03-29,EXPENSE,CASH,false
Estacionamento,33.03,2026-03-29,EXPENSE,DEBIT_CARD,false
Estacionamento,13.69,2026-03-29,EXPENSE,BANK_TRANSFER,false
Manutencao do veiculo,2249.82,2026-03-29,EXPENSE,CASH,false
Manutencao do veiculo,671.18,2026-03-29,EXPENSE,BANK_TRANSFER,false
Manutencao do veiculo,2247.86,2026-03-29,EXPENSE,CREDIT_CARD,false
Streaming,51.03,2026-03-29,EXPENSE,CREDIT_CARD,true
Supermercado,460.57,2026-03-29,EXPENSE,BANK_TRANSFER,false
Veterinario,258.08,2026-03-29,EXPENSE,DEBIT_CARD,false
Reembolso empresarial,72.70,2026-03-29,INCOME,BANK_TRANSFER,false
Rendimento de investimento,271.61,2026-03-29,INCOME,BANK_TRANSFER,true
Restituicao de imposto,240.53,2026-03-29,INCOME,PIX,false
Conta de agua,130.55,2026-03-30,EXPENSE,CASH,true
Pet shop,98.50,2026-03-30,EXPENSE,BOLETO,false
Streaming,45.68,2026-03-30,EXPENSE,PIX,true
Streaming,32.85,2026-03-30,EXPENSE,PIX,true
Rendimento de investimento,345.46,2026-03-30,INCOME,PIX,true
Academia,273.87,2026-03-31,EXPENSE,BOLETO,true
Aplicativo de transporte,59.31,2026-03-31,EXPENSE,CASH,false
Cinema e lazer,59.02,2026-03-31,EXPENSE,DEBIT_CARD,false
Combustivel,334.38,2026-03-31,EXPENSE,PIX,false
Curso online,451.57,2026-03-31,EXPENSE,BOLETO,false
Eletronicos,3969.98,2026-03-31,EXPENSE,CASH,false
Impostos e taxas,1151.56,2026-03-31,EXPENSE,CASH,false
Livraria,206.70,2026-03-31,EXPENSE,BANK_TRANSFER,false
Livraria,247.71,2026-03-31,EXPENSE,PIX,false
Livraria,25.60,2026-03-31,EXPENSE,CREDIT_CARD,false
Livraria,88.02,2026-03-31,EXPENSE,PIX,false
Streaming,42.99,2026-03-31,EXPENSE,PIX,true
Restituicao de imposto,1161.13,2026-03-31,INCOME,BANK_TRANSFER,false
Condominio,1224.92,2026-04-01,EXPENSE,CREDIT_CARD,true
Conta de energia,250.12,2026-04-01,EXPENSE,DEBIT_CARD,true
Farmacia,130.60,2026-04-01,EXPENSE,BANK_TRANSFER,false
Farmacia,310.68,2026-04-01,EXPENSE,CASH,false
Impostos e taxas,1192.18,2026-04-01,EXPENSE,BOLETO,false
Manutencao do veiculo,1510.24,2026-04-01,EXPENSE,CASH,false
Padaria,60.50,2026-04-01,EXPENSE,BANK_TRANSFER,false
Streaming,79.10,2026-04-01,EXPENSE,BOLETO,false
Streaming,61.61,2026-04-01,EXPENSE,BOLETO,false
Bonus profissional,1605.56,2026-04-01,INCOME,PIX,false
Restituicao de imposto,2293.79,2026-04-01,INCOME,PIX,false
Academia,84.95,2026-04-02,EXPENSE,PIX,true
Academia,209.76,2026-04-02,EXPENSE,BOLETO,true
Conta de agua,92.61,2026-04-02,EXPENSE,CASH,true
Curso online,249.61,2026-04-02,EXPENSE,CREDIT_CARD,false
Delivery de comida,163.54,2026-04-02,EXPENSE,CASH,false
Eletronicos,4612.69,2026-04-02,EXPENSE,BOLETO,false
Estacionamento,18.73,2026-04-02,EXPENSE,BANK_TRANSFER,false
Impostos e taxas,365.57,2026-04-02,EXPENSE,CASH,false
Impostos e taxas,908.97,2026-04-02,EXPENSE,DEBIT_CARD,false
Passagem aerea,767.67,2026-04-02,EXPENSE,BOLETO,false
Plano de saude,1251.29,2026-04-02,EXPENSE,PIX,true
Seguro do veiculo,540.02,2026-04-02,EXPENSE,PIX,true
Veterinario,654.36,2026-04-02,EXPENSE,CASH,false
Veterinario,803.43,2026-04-02,EXPENSE,DEBIT_CARD,false
Viagem e hospedagem,2161.81,2026-04-02,EXPENSE,BANK_TRANSFER,false
Aluguel recebido,2871.49,2026-04-02,INCOME,BANK_TRANSFER,true
Bonus profissional,2276.95,2026-04-02,INCOME,BANK_TRANSFER,false
Dividendos,266.10,2026-04-02,INCOME,PIX,true
Cinema e lazer,202.62,2026-04-03,EXPENSE,CREDIT_CARD,false
Cinema e lazer,118.03,2026-04-03,EXPENSE,BANK_TRANSFER,false
Combustivel,203.33,2026-04-03,EXPENSE,BOLETO,false
Delivery de comida,123.66,2026-04-03,EXPENSE,BOLETO,false
Eletronicos,598.47,2026-04-03,EXPENSE,DEBIT_CARD,false
Estacionamento,11.74,2026-04-03,EXPENSE,BANK_TRANSFER,false
Manutencao do veiculo,480.97,2026-04-03,EXPENSE,CREDIT_CARD,false
Plano de celular,60.56,2026-04-03,EXPENSE,BANK_TRANSFER,true
Reembolso empresarial,624.80,2026-04-03,INCOME,BANK_TRANSFER,false
Cinema e lazer,218.29,2026-04-04,EXPENSE,CREDIT_CARD,false
Combustivel,162.18,2026-04-04,EXPENSE,CASH,false
Farmacia,194.02,2026-04-04,EXPENSE,BOLETO,false
Impostos e taxas,188.38,2026-04-04,EXPENSE,PIX,false
Livraria,223.01,2026-04-04,EXPENSE,BOLETO,false
Supermercado,222.58,2026-04-04,EXPENSE,DEBIT_CARD,false
Transferencia recebida,711.03,2026-04-04,INCOME,PIX,false
Combustivel,310.64,2026-04-05,EXPENSE,DEBIT_CARD,false
Impostos e taxas,211.78,2026-04-05,EXPENSE,BANK_TRANSFER,false
Livraria,174.75,2026-04-05,EXPENSE,BOLETO,false
Passagem aerea,3575.95,2026-04-05,EXPENSE,PIX,false
Pet shop,40.80,2026-04-05,EXPENSE,BANK_TRANSFER,false
Viagem e hospedagem,2654.67,2026-04-05,EXPENSE,PIX,false
Bonus profissional,4951.95,2026-04-05,INCOME,BANK_TRANSFER,false
Restituicao de imposto,2447.45,2026-04-05,INCOME,BANK_TRANSFER,false
Aplicativo de transporte,79.26,2026-04-06,EXPENSE,DEBIT_CARD,false
Curso online,388.90,2026-04-06,EXPENSE,PIX,false
Curso online,414.43,2026-04-06,EXPENSE,CASH,false
Internet residencial,89.17,2026-04-06,EXPENSE,DEBIT_CARD,true
Livraria,163.48,2026-04-06,EXPENSE,DEBIT_CARD,false
Loja de roupas,200.54,2026-04-06,EXPENSE,BOLETO,false
Restaurante,180.10,2026-04-06,EXPENSE,CASH,false
Restaurante,205.98,2026-04-06,EXPENSE,DEBIT_CARD,false
Seguro do veiculo,377.75,2026-04-06,EXPENSE,DEBIT_CARD,true
Streaming,52.37,2026-04-06,EXPENSE,CREDIT_CARD,true
Aluguel recebido,2422.95,2026-04-06,INCOME,BANK_TRANSFER,true
Pagamento freelance,561.06,2026-04-06,INCOME,BANK_TRANSFER,false
Restituicao de imposto,2609.39,2026-04-06,INCOME,BANK_TRANSFER,false
Academia,192.92,2026-04-07,EXPENSE,PIX,true
Aluguel residencial,2743.61,2026-04-07,EXPENSE,CASH,true
Eletronicos,4696.80,2026-04-07,EXPENSE,PIX,false
Livraria,144.36,2026-04-07,EXPENSE,DEBIT_CARD,false
Livraria,188.92,2026-04-07,EXPENSE,DEBIT_CARD,false
Livraria,271.21,2026-04-07,EXPENSE,BANK_TRANSFER,false
Plano de saude,868.10,2026-04-07,EXPENSE,CREDIT_CARD,true
Plano de saude,592.56,2026-04-07,EXPENSE,CREDIT_CARD,true
Restaurante,146.77,2026-04-07,EXPENSE,CREDIT_CARD,false
Seguro do veiculo,396.49,2026-04-07,EXPENSE,DEBIT_CARD,true
Veterinario,361.18,2026-04-07,EXPENSE,BOLETO,false
Viagem e hospedagem,1789.14,2026-04-07,EXPENSE,CASH,false
Restituicao de imposto,999.37,2026-04-07,INCOME,BANK_TRANSFER,false
Aplicativo de transporte,54.23,2026-04-08,EXPENSE,CASH,false
Conta de agua,160.68,2026-04-08,EXPENSE,CASH,true
Curso online,259.82,2026-04-08,EXPENSE,BANK_TRANSFER,false
Eletronicos,283.93,2026-04-08,EXPENSE,CREDIT_CARD,false
Livraria,86.85,2026-04-08,EXPENSE,PIX,false
Pet shop,319.31,2026-04-08,EXPENSE,PIX,false
Restaurante,278.03,2026-04-08,EXPENSE,BOLETO,false
Supermercado,214.96,2026-04-08,EXPENSE,BANK_TRANSFER,false
Transferencia recebida,1686.38,2026-04-08,INCOME,BANK_TRANSFER,false
Transferencia recebida,1180.96,2026-04-08,INCOME,PIX,false
Academia,150.70,2026-04-09,EXPENSE,DEBIT_CARD,false
Aplicativo de transporte,67.37,2026-04-09,EXPENSE,CASH,false
Curso online,424.14,2026-04-09,EXPENSE,CASH,false
Delivery de comida,140.51,2026-04-09,EXPENSE,CASH,false
Pet shop,323.85,2026-04-09,EXPENSE,CREDIT_CARD,false
Plano de celular,91.53,2026-04-09,EXPENSE,CREDIT_CARD,true
Veterinario,488.65,2026-04-09,EXPENSE,PIX,false
Bonus profissional,3250.14,2026-04-09,INCOME,PIX,false
Restituicao de imposto,2550.97,2026-04-09,INCOME,BANK_TRANSFER,false
Academia,257.83,2026-04-10,EXPENSE,CASH,false
Cinema e lazer,47.46,2026-04-10,EXPENSE,CASH,false
Cinema e lazer,116.91,2026-04-10,EXPENSE,BANK_TRANSFER,false
Eletronicos,2565.75,2026-04-10,EXPENSE,BANK_TRANSFER,false
Estacionamento,59.10,2026-04-10,EXPENSE,BOLETO,false
Internet residencial,114.54,2026-04-10,EXPENSE,BANK_TRANSFER,true
Livraria,51.44,2026-04-10,EXPENSE,PIX,false
Manutencao do veiculo,319.23,2026-04-10,EXPENSE,CREDIT_CARD,false
Manutencao do veiculo,1454.57,2026-04-10,EXPENSE,PIX,false
Passagem aerea,749.73,2026-04-10,EXPENSE,CASH,false
Plano de saude,1137.73,2026-04-10,EXPENSE,DEBIT_CARD,false
Reembolso empresarial,734.41,2026-04-10,INCOME,BANK_TRANSFER,false
Aplicativo de transporte,80.46,2026-04-11,EXPENSE,CREDIT_CARD,false
Combustivel,110.70,2026-04-11,EXPENSE,BOLETO,false
Conta de energia,152.53,2026-04-11,EXPENSE,BANK_TRANSFER,true
Eletronicos,4953.31,2026-04-11,EXPENSE,PIX,false
Seguro do veiculo,249.18,2026-04-11,EXPENSE,BANK_TRANSFER,true
Supermercado,495.08,2026-04-11,EXPENSE,BOLETO,false
Rendimento de investimento,169.01,2026-04-11,INCOME,PIX,true
Academia,215.08,2026-04-12,EXPENSE,CASH,false
Academia,186.53,2026-04-12,EXPENSE,BANK_TRANSFER,true
Conta de agua,246.10,2026-04-12,EXPENSE,CASH,true
Estacionamento,55.02,2026-04-12,EXPENSE,CREDIT_CARD,false
Farmacia,248.20,2026-04-12,EXPENSE,PIX,false
Internet residencial,98.84,2026-04-12,EXPENSE,BOLETO,false
Livraria,68.67,2026-04-12,EXPENSE,BOLETO,false
Manutencao do veiculo,2110.31,2026-04-12,EXPENSE,BANK_TRANSFER,false
Manutencao do veiculo,1752.64,2026-04-12,EXPENSE,CASH,false
Restaurante,231.83,2026-04-12,EXPENSE,CASH,false
Streaming,72.65,2026-04-12,EXPENSE,BOLETO,true
Streaming,85.46,2026-04-12,EXPENSE,PIX,true
Supermercado,799.58,2026-04-12,EXPENSE,CASH,false
Supermercado,787.04,2026-04-12,EXPENSE,CREDIT_CARD,false
Veterinario,259.62,2026-04-12,EXPENSE,BANK_TRANSFER,false
Bonus profissional,2033.95,2026-04-12,INCOME,PIX,false
Aluguel residencial,2800.63,2026-04-13,EXPENSE,CASH,true
Combustivel,220.54,2026-04-13,EXPENSE,PIX,false
Conta de energia,618.81,2026-04-13,EXPENSE,CREDIT_CARD,true
Livraria,168.74,2026-04-13,EXPENSE,BANK_TRANSFER,false
Padaria,50.07,2026-04-13,EXPENSE,CREDIT_CARD,false
Plano de celular,160.61,2026-04-13,EXPENSE,PIX,true
Plano de celular,63.17,2026-04-13,EXPENSE,BOLETO,true
Restaurante,240.41,2026-04-13,EXPENSE,CREDIT_CARD,false
Restaurante,249.43,2026-04-13,EXPENSE,PIX,false
Veterinario,119.53,2026-04-13,EXPENSE,CASH,false
Veterinario,942.53,2026-04-13,EXPENSE,PIX,false
Viagem e hospedagem,4232.97,2026-04-13,EXPENSE,DEBIT_CARD,false
Academia,276.85,2026-04-14,EXPENSE,DEBIT_CARD,false
Aluguel residencial,3246.07,2026-04-14,EXPENSE,DEBIT_CARD,true
Cinema e lazer,158.41,2026-04-14,EXPENSE,BOLETO,false
Estacionamento,31.91,2026-04-14,EXPENSE,DEBIT_CARD,false
Passagem aerea,2269.98,2026-04-14,EXPENSE,BOLETO,false
Pet shop,145.50,2026-04-14,EXPENSE,CREDIT_CARD,false
Plano de saude,673.50,2026-04-14,EXPENSE,DEBIT_CARD,true
Streaming,50.10,2026-04-14,EXPENSE,PIX,true
Veterinario,575.10,2026-04-14,EXPENSE,CASH,false
Veterinario,195.17,2026-04-14,EXPENSE,CASH,false
Veterinario,142.58,2026-04-14,EXPENSE,DEBIT_CARD,false
Dividendos,17.42,2026-04-14,INCOME,PIX,false
Aluguel residencial,1176.71,2026-04-15,EXPENSE,BOLETO,true
Aplicativo de transporte,53.58,2026-04-15,EXPENSE,BANK_TRANSFER,false
Doacao,343.49,2026-04-15,EXPENSE,CASH,false
Livraria,257.66,2026-04-15,EXPENSE,CASH,false
Manutencao do veiculo,1070.32,2026-04-15,EXPENSE,PIX,false
Passagem aerea,2915.64,2026-04-15,EXPENSE,BANK_TRANSFER,false
Plano de celular,107.85,2026-04-15,EXPENSE,CASH,true
Seguro do veiculo,118.72,2026-04-15,EXPENSE,CASH,true
Aluguel recebido,1080.39,2026-04-15,INCOME,BANK_TRANSFER,true
Reembolso empresarial,490.00,2026-04-15,INCOME,BANK_TRANSFER,false
Transferencia recebida,382.82,2026-04-15,INCOME,PIX,false
Cinema e lazer,188.81,2026-04-16,EXPENSE,CREDIT_CARD,false
Curso online,516.85,2026-04-16,EXPENSE,PIX,false
Delivery de comida,117.05,2026-04-16,EXPENSE,BANK_TRANSFER,false
Doacao,247.55,2026-04-16,EXPENSE,CASH,false
Estacionamento,67.38,2026-04-16,EXPENSE,BOLETO,false
Seguro do veiculo,315.15,2026-04-16,EXPENSE,BOLETO,true
Dividendos,244.58,2026-04-16,INCOME,BANK_TRANSFER,true
Transferencia recebida,1945.05,2026-04-16,INCOME,BANK_TRANSFER,false
Conta de energia,440.97,2026-04-17,EXPENSE,DEBIT_CARD,true
Conta de energia,593.92,2026-04-17,EXPENSE,PIX,true
Doacao,146.16,2026-04-17,EXPENSE,BOLETO,false
Impostos e taxas,951.53,2026-04-17,EXPENSE,BANK_TRANSFER,false
Internet residencial,202.27,2026-04-17,EXPENSE,PIX,true
Manutencao do veiculo,288.80,2026-04-17,EXPENSE,CASH,false
Plano de saude,941.48,2026-04-17,EXPENSE,CREDIT_CARD,true
Dividendos,746.06,2026-04-17,INCOME,PIX,true
Restituicao de imposto,2575.26,2026-04-17,INCOME,BANK_TRANSFER,false
Aluguel residencial,1320.72,2026-04-18,EXPENSE,PIX,true
Cinema e lazer,58.18,2026-04-18,EXPENSE,BOLETO,false
Cinema e lazer,128.99,2026-04-18,EXPENSE,BANK_TRANSFER,false
Loja de roupas,310.08,2026-04-18,EXPENSE,BOLETO,false
Manutencao do veiculo,1175.69,2026-04-18,EXPENSE,BOLETO,false
Padaria,51.12,2026-04-18,EXPENSE,CREDIT_CARD,false
Padaria,12.14,2026-04-18,EXPENSE,BANK_TRANSFER,false
Streaming,49.13,2026-04-18,EXPENSE,BANK_TRANSFER,true
Streaming,80.32,2026-04-18,EXPENSE,CASH,true
Supermercado,655.09,2026-04-18,EXPENSE,CASH,false
Viagem e hospedagem,678.92,2026-04-18,EXPENSE,BOLETO,false
Dividendos,214.11,2026-04-18,INCOME,PIX,true
Academia,218.18,2026-04-19,EXPENSE,CREDIT_CARD,true
Cinema e lazer,231.44,2026-04-19,EXPENSE,CASH,false
Conta de agua,90.28,2026-04-19,EXPENSE,BANK_TRANSFER,true
Conta de energia,252.21,2026-04-19,EXPENSE,DEBIT_CARD,false
Eletronicos,1048.32,2026-04-19,EXPENSE,CREDIT_CARD,false
Loja de roupas,847.94,2026-04-19,EXPENSE,CREDIT_CARD,false
Plano de celular,104.67,2026-04-19,EXPENSE,BANK_TRANSFER,true
Plano de saude,937.41,2026-04-19,EXPENSE,CASH,true
Supermercado,322.66,2026-04-19,EXPENSE,DEBIT_CARD,false
Restituicao de imposto,1226.17,2026-04-19,INCOME,PIX,false
Condominio,718.01,2026-04-20,EXPENSE,CREDIT_CARD,false
Condominio,853.62,2026-04-20,EXPENSE,DEBIT_CARD,true
Conta de energia,199.90,2026-04-20,EXPENSE,BANK_TRANSFER,true
Padaria,28.02,2026-04-20,EXPENSE,PIX,false
Passagem aerea,2394.01,2026-04-20,EXPENSE,DEBIT_CARD,false
Pet shop,325.00,2026-04-20,EXPENSE,BANK_TRANSFER,false
Supermercado,449.06,2026-04-20,EXPENSE,BANK_TRANSFER,false
Aluguel recebido,3473.97,2026-04-20,INCOME,PIX,true
Aluguel residencial,2688.65,2026-04-21,EXPENSE,CASH,true
Cinema e lazer,46.35,2026-04-21,EXPENSE,BOLETO,false
Condominio,415.45,2026-04-21,EXPENSE,BANK_TRANSFER,true
Condominio,641.98,2026-04-21,EXPENSE,DEBIT_CARD,true
Conta de energia,173.31,2026-04-21,EXPENSE,BANK_TRANSFER,true
Eletronicos,3220.73,2026-04-21,EXPENSE,CASH,false
Estacionamento,46.70,2026-04-21,EXPENSE,PIX,false
Farmacia,344.72,2026-04-21,EXPENSE,CREDIT_CARD,false
Impostos e taxas,1195.40,2026-04-21,EXPENSE,BANK_TRANSFER,false
Passagem aerea,2402.07,2026-04-21,EXPENSE,BANK_TRANSFER,false
Pet shop,220.65,2026-04-21,EXPENSE,BOLETO,false
Plano de celular,106.69,2026-04-21,EXPENSE,BANK_TRANSFER,true
Veterinario,443.50,2026-04-21,EXPENSE,CREDIT_CARD,false
Restituicao de imposto,2298.95,2026-04-21,INCOME,PIX,false
Restituicao de imposto,2050.54,2026-04-21,INCOME,PIX,false
Academia,203.81,2026-04-22,EXPENSE,BOLETO,true
Aplicativo de transporte,45.78,2026-04-22,EXPENSE,BOLETO,false
Cinema e lazer,32.22,2026-04-22,EXPENSE,CASH,false
Combustivel,198.73,2026-04-22,EXPENSE,CASH,false
Combustivel,106.93,2026-04-22,EXPENSE,CREDIT_CARD,false
Conta de energia,261.84,2026-04-22,EXPENSE,CASH,true
Doacao,12.35,2026-04-22,EXPENSE,BANK_TRANSFER,false
Internet residencial,173.82,2026-04-22,EXPENSE,BOLETO,false
Loja de roupas,245.02,2026-04-22,EXPENSE,BANK_TRANSFER,false
Streaming,84.20,2026-04-22,EXPENSE,CASH,false
Supermercado,598.55,2026-04-22,EXPENSE,CASH,false
Condominio,436.57,2026-04-23,EXPENSE,CREDIT_CARD,false
Conta de agua,73.08,2026-04-23,EXPENSE,DEBIT_CARD,true
Viagem e hospedagem,2131.44,2026-04-23,EXPENSE,PIX,false
Aluguel recebido,1899.14,2026-04-23,INCOME,BANK_TRANSFER,false
Bonus profissional,4759.86,2026-04-23,INCOME,PIX,false
Reembolso empresarial,327.77,2026-04-23,INCOME,PIX,false
Restituicao de imposto,1580.06,2026-04-23,INCOME,PIX,false
Aluguel residencial,1206.61,2026-04-24,EXPENSE,BOLETO,true
Delivery de comida,116.34,2026-04-24,EXPENSE,CASH,false
Doacao,35.83,2026-04-24,EXPENSE,CASH,false
Estacionamento,29.41,2026-04-24,EXPENSE,BOLETO,false
Livraria,139.71,2026-04-24,EXPENSE,PIX,false
Manutencao do veiculo,2142.94,2026-04-24,EXPENSE,DEBIT_CARD,false
Pet shop,304.84,2026-04-24,EXPENSE,PIX,false
Plano de saude,688.12,2026-04-24,EXPENSE,CREDIT_CARD,true
Supermercado,157.18,2026-04-24,EXPENSE,PIX,false
Viagem e hospedagem,2079.37,2026-04-24,EXPENSE,DEBIT_CARD,false
Transferencia recebida,29.23,2026-04-24,INCOME,PIX,false
Combustivel,351.80,2026-04-25,EXPENSE,PIX,false
Curso online,473.80,2026-04-25,EXPENSE,CREDIT_CARD,false
Delivery de comida,185.38,2026-04-25,EXPENSE,DEBIT_CARD,false
Impostos e taxas,604.59,2026-04-25,EXPENSE,PIX,false
Impostos e taxas,870.22,2026-04-25,EXPENSE,DEBIT_CARD,false
Loja de roupas,680.07,2026-04-25,EXPENSE,BANK_TRANSFER,false
Manutencao do veiculo,645.36,2026-04-25,EXPENSE,DEBIT_CARD,false
Padaria,77.33,2026-04-25,EXPENSE,BANK_TRANSFER,false
Passagem aerea,3084.49,2026-04-25,EXPENSE,BOLETO,false
Plano de celular,126.19,2026-04-25,EXPENSE,PIX,true
Seguro do veiculo,432.24,2026-04-25,EXPENSE,PIX,true
Pagamento freelance,1980.31,2026-04-25,INCOME,PIX,false
Pagamento freelance,3851.44,2026-04-25,INCOME,BANK_TRANSFER,false
Restituicao de imposto,1299.05,2026-04-25,INCOME,BANK_TRANSFER,false
Restituicao de imposto,1882.87,2026-04-25,INCOME,PIX,false
Salario mensal,7192.12,2026-04-25,INCOME,BANK_TRANSFER,true
Conta de energia,621.05,2026-04-26,EXPENSE,CREDIT_CARD,true
Farmacia,365.89,2026-04-26,EXPENSE,PIX,false
Manutencao do veiculo,2155.78,2026-04-26,EXPENSE,BOLETO,false
Passagem aerea,885.66,2026-04-26,EXPENSE,CASH,false
Pet shop,203.81,2026-04-26,EXPENSE,CASH,false
Plano de saude,402.29,2026-04-26,EXPENSE,DEBIT_CARD,true
Seguro do veiculo,179.45,2026-04-26,EXPENSE,BANK_TRANSFER,false
Veterinario,479.61,2026-04-26,EXPENSE,DEBIT_CARD,false
Viagem e hospedagem,3920.28,2026-04-26,EXPENSE,CREDIT_CARD,false
Viagem e hospedagem,2446.62,2026-04-26,EXPENSE,CASH,false
Aluguel recebido,1309.44,2026-04-26,INCOME,BANK_TRANSFER,true
Dividendos,362.22,2026-04-26,INCOME,BANK_TRANSFER,true
Aluguel residencial,1890.35,2026-04-27,EXPENSE,BANK_TRANSFER,false
Aplicativo de transporte,39.35,2026-04-27,EXPENSE,BOLETO,false
Conta de energia,413.69,2026-04-27,EXPENSE,BOLETO,false
Farmacia,376.61,2026-04-27,EXPENSE,BANK_TRANSFER,false
Internet residencial,132.07,2026-04-27,EXPENSE,PIX,true
Loja de roupas,536.94,2026-04-27,EXPENSE,BANK_TRANSFER,false
Passagem aerea,1682.78,2026-04-27,EXPENSE,CREDIT_CARD,false
Loja de roupas,671.96,2026-04-28,EXPENSE,PIX,false
Plano de saude,1248.20,2026-04-28,EXPENSE,DEBIT_CARD,true
Restaurante,209.94,2026-04-28,EXPENSE,BOLETO,false
Streaming,86.29,2026-04-28,EXPENSE,BANK_TRANSFER,true
Streaming,76.81,2026-04-28,EXPENSE,CASH,true
Venda de produto,1562.18,2026-04-28,INCOME,PIX,false
Combustivel,276.78,2026-04-29,EXPENSE,BANK_TRANSFER,false
Combustivel,136.51,2026-04-29,EXPENSE,CASH,false
Conta de agua,69.26,2026-04-29,EXPENSE,CASH,true
Eletronicos,365.80,2026-04-29,EXPENSE,CREDIT_CARD,false
Manutencao do veiculo,1532.41,2026-04-29,EXPENSE,PIX,false
Padaria,11.82,2026-04-29,EXPENSE,DEBIT_CARD,false
Restaurante,69.33,2026-04-29,EXPENSE,CREDIT_CARD,false
Dividendos,239.11,2026-04-29,INCOME,BANK_TRANSFER,true
Restituicao de imposto,681.37,2026-04-29,INCOME,BANK_TRANSFER,false
Doacao,483.11,2026-04-30,EXPENSE,CREDIT_CARD,false
Estacionamento,8.44,2026-04-30,EXPENSE,CREDIT_CARD,false
Internet residencial,177.50,2026-04-30,EXPENSE,CREDIT_CARD,false
Loja de roupas,200.71,2026-04-30,EXPENSE,CASH,false
Passagem aerea,3551.19,2026-04-30,EXPENSE,PIX,false
Pet shop,228.29,2026-04-30,EXPENSE,BOLETO,false
Plano de saude,275.68,2026-04-30,EXPENSE,CASH,true
Veterinario,633.74,2026-04-30,EXPENSE,DEBIT_CARD,false
Bonus profissional,3417.61,2026-04-30,INCOME,PIX,false
Dividendos,374.49,2026-04-30,INCOME,BANK_TRANSFER,true
Aluguel residencial,1025.98,2026-05-01,EXPENSE,DEBIT_CARD,true
Cinema e lazer,174.67,2026-05-01,EXPENSE,CREDIT_CARD,false
Conta de agua,71.57,2026-05-01,EXPENSE,CASH,true
Curso online,458.71,2026-05-01,EXPENSE,BANK_TRANSFER,false
Loja de roupas,195.90,2026-05-01,EXPENSE,CASH,false
Veterinario,787.90,2026-05-01,EXPENSE,DEBIT_CARD,false
Pagamento freelance,3569.24,2026-05-01,INCOME,PIX,false
Aluguel residencial,4041.36,2026-05-02,EXPENSE,DEBIT_CARD,false
Condominio,969.46,2026-05-02,EXPENSE,BANK_TRANSFER,false
Curso online,673.53,2026-05-02,EXPENSE,BOLETO,false
Doacao,74.37,2026-05-02,EXPENSE,CREDIT_CARD,false
Doacao,357.22,2026-05-02,EXPENSE,DEBIT_CARD,false
Farmacia,317.19,2026-05-02,EXPENSE,BANK_TRANSFER,false
Padaria,18.58,2026-05-02,EXPENSE,CREDIT_CARD,false
Padaria,42.68,2026-05-02,EXPENSE,CASH,false
Plano de celular,175.65,2026-05-02,EXPENSE,PIX,false
Restaurante,306.38,2026-05-02,EXPENSE,PIX,false
Streaming,80.50,2026-05-02,EXPENSE,CREDIT_CARD,true
Reembolso empresarial,435.47,2026-05-02,INCOME,PIX,false
Academia,137.12,2026-05-03,EXPENSE,CREDIT_CARD,true
Aluguel residencial,2648.65,2026-05-03,EXPENSE,BANK_TRANSFER,true
Condominio,688.89,2026-05-03,EXPENSE,BOLETO,true
Conta de agua,41.47,2026-05-03,EXPENSE,BANK_TRANSFER,true
Curso online,519.18,2026-05-03,EXPENSE,BANK_TRANSFER,false
Estacionamento,59.04,2026-05-03,EXPENSE,DEBIT_CARD,false
Livraria,111.20,2026-05-03,EXPENSE,DEBIT_CARD,false
Manutencao do veiculo,1661.98,2026-05-03,EXPENSE,CREDIT_CARD,false
Manutencao do veiculo,659.31,2026-05-03,EXPENSE,PIX,false
Pet shop,218.16,2026-05-03,EXPENSE,CREDIT_CARD,false
Streaming,40.12,2026-05-03,EXPENSE,PIX,true
Pagamento freelance,2554.92,2026-05-03,INCOME,BANK_TRANSFER,false
Transferencia recebida,379.20,2026-05-03,INCOME,PIX,false
Cinema e lazer,170.27,2026-05-04,EXPENSE,CREDIT_CARD,false
Curso online,379.61,2026-05-04,EXPENSE,DEBIT_CARD,false
Passagem aerea,901.20,2026-05-04,EXPENSE,BOLETO,false
Plano de celular,145.79,2026-05-04,EXPENSE,CREDIT_CARD,true
Streaming,41.97,2026-05-04,EXPENSE,PIX,true
Veterinario,674.41,2026-05-04,EXPENSE,CREDIT_CARD,false
Rendimento de investimento,422.48,2026-05-04,INCOME,PIX,true
Transferencia recebida,2126.13,2026-05-04,INCOME,PIX,false
Aplicativo de transporte,53.76,2026-05-05,EXPENSE,BANK_TRANSFER,false
Aplicativo de transporte,86.87,2026-05-05,EXPENSE,BOLETO,false
Delivery de comida,30.73,2026-05-05,EXPENSE,PIX,false
Delivery de comida,165.34,2026-05-05,EXPENSE,CREDIT_CARD,false
Estacionamento,30.09,2026-05-05,EXPENSE,BANK_TRANSFER,false
Pet shop,175.42,2026-05-05,EXPENSE,CASH,false
Plano de saude,694.61,2026-05-05,EXPENSE,CREDIT_CARD,true
Plano de saude,799.28,2026-05-05,EXPENSE,CASH,true
Restaurante,156.51,2026-05-05,EXPENSE,CASH,false
Restaurante,106.72,2026-05-05,EXPENSE,DEBIT_CARD,false
Salario mensal,4229.27,2026-05-05,INCOME,PIX,false
Venda de produto,1010.12,2026-05-05,INCOME,PIX,false
Cinema e lazer,156.85,2026-05-06,EXPENSE,CASH,false
Combustivel,304.11,2026-05-06,EXPENSE,BANK_TRANSFER,false
Conta de energia,644.76,2026-05-06,EXPENSE,CREDIT_CARD,true
Doacao,366.57,2026-05-06,EXPENSE,CASH,false
Loja de roupas,316.53,2026-05-06,EXPENSE,DEBIT_CARD,false
Padaria,14.44,2026-05-06,EXPENSE,CREDIT_CARD,false
Supermercado,520.46,2026-05-06,EXPENSE,BOLETO,false
Pagamento freelance,2711.83,2026-05-06,INCOME,PIX,false
Rendimento de investimento,511.90,2026-05-06,INCOME,BANK_TRANSFER,false
Condominio,280.86,2026-05-07,EXPENSE,BOLETO,true
Conta de agua,51.34,2026-05-07,EXPENSE,BOLETO,false
Conta de energia,395.23,2026-05-07,EXPENSE,PIX,true
Delivery de comida,152.85,2026-05-07,EXPENSE,PIX,false
Impostos e taxas,557.47,2026-05-07,EXPENSE,BANK_TRANSFER,false
Impostos e taxas,1792.94,2026-05-07,EXPENSE,PIX,false
Loja de roupas,890.85,2026-05-07,EXPENSE,BANK_TRANSFER,false
Pet shop,292.34,2026-05-07,EXPENSE,BANK_TRANSFER,false
Academia,86.59,2026-05-08,EXPENSE,DEBIT_CARD,true
Cinema e lazer,191.80,2026-05-08,EXPENSE,PIX,false
Combustivel,217.61,2026-05-08,EXPENSE,DEBIT_CARD,false
Conta de agua,228.14,2026-05-08,EXPENSE,BOLETO,true
Delivery de comida,134.17,2026-05-08,EXPENSE,BOLETO,false
Eletronicos,4266.31,2026-05-08,EXPENSE,CREDIT_CARD,false
Internet residencial,138.21,2026-05-08,EXPENSE,PIX,true
Manutencao do veiculo,536.12,2026-05-08,EXPENSE,CASH,false
Streaming,71.17,2026-05-08,EXPENSE,CREDIT_CARD,true
Supermercado,67.83,2026-05-08,EXPENSE,BOLETO,false
Combustivel,331.12,2026-05-09,EXPENSE,BANK_TRANSFER,false
Eletronicos,2499.30,2026-05-09,EXPENSE,CREDIT_CARD,false
Farmacia,69.15,2026-05-09,EXPENSE,BANK_TRANSFER,false
Impostos e taxas,2187.47,2026-05-09,EXPENSE,CASH,false
Internet residencial,166.63,2026-05-09,EXPENSE,CREDIT_CARD,true
Loja de roupas,811.80,2026-05-09,EXPENSE,CASH,false
Rendimento de investimento,188.45,2026-05-09,INCOME,PIX,true
Restituicao de imposto,355.83,2026-05-09,INCOME,PIX,false
Condominio,715.70,2026-05-10,EXPENSE,PIX,false
Impostos e taxas,267.75,2026-05-10,EXPENSE,DEBIT_CARD,false
Impostos e taxas,1505.81,2026-05-10,EXPENSE,DEBIT_CARD,false
Livraria,34.27,2026-05-10,EXPENSE,PIX,false
Pet shop,413.25,2026-05-10,EXPENSE,CASH,false
Pet shop,305.46,2026-05-10,EXPENSE,PIX,false
Plano de saude,1090.89,2026-05-10,EXPENSE,CREDIT_CARD,true
Seguro do veiculo,421.76,2026-05-10,EXPENSE,BANK_TRANSFER,true
Veterinario,309.44,2026-05-10,EXPENSE,BANK_TRANSFER,false
Restituicao de imposto,567.95,2026-05-10,INCOME,BANK_TRANSFER,false
Venda de produto,273.98,2026-05-10,INCOME,PIX,false
Aluguel residencial,2700.79,2026-05-11,EXPENSE,CASH,true
Aplicativo de transporte,39.20,2026-05-11,EXPENSE,CREDIT_CARD,false
Aplicativo de transporte,38.05,2026-05-11,EXPENSE,BANK_TRANSFER,false
Conta de energia,103.62,2026-05-11,EXPENSE,CASH,true
Curso online,297.63,2026-05-11,EXPENSE,CREDIT_CARD,false
Manutencao do veiculo,2341.01,2026-05-11,EXPENSE,CASH,false
Padaria,25.29,2026-05-11,EXPENSE,BOLETO,false
Passagem aerea,2372.68,2026-05-11,EXPENSE,DEBIT_CARD,false
Seguro do veiculo,434.50,2026-05-11,EXPENSE,CASH,true
Aluguel recebido,1429.13,2026-05-11,INCOME,PIX,true
Salario mensal,5293.88,2026-05-11,INCOME,BANK_TRANSFER,true
Aplicativo de transporte,44.69,2026-05-12,EXPENSE,DEBIT_CARD,false
Combustivel,313.12,2026-05-12,EXPENSE,DEBIT_CARD,false
Combustivel,106.94,2026-05-12,EXPENSE,BANK_TRANSFER,false
Streaming,48.45,2026-05-12,EXPENSE,CREDIT_CARD,true
Rendimento de investimento,259.80,2026-05-12,INCOME,BANK_TRANSFER,true
Salario mensal,3110.41,2026-05-12,INCOME,BANK_TRANSFER,false
Aluguel residencial,3211.20,2026-05-13,EXPENSE,CREDIT_CARD,true
Aplicativo de transporte,51.64,2026-05-13,EXPENSE,CASH,false
Aplicativo de transporte,77.91,2026-05-13,EXPENSE,BANK_TRANSFER,false
Conta de energia,580.00,2026-05-13,EXPENSE,BOLETO,true
Delivery de comida,77.56,2026-05-13,EXPENSE,BOLETO,false
Eletronicos,207.01,2026-05-13,EXPENSE,BOLETO,false
Farmacia,261.47,2026-05-13,EXPENSE,DEBIT_CARD,false
Pet shop,194.35,2026-05-13,EXPENSE,BANK_TRANSFER,false
Pet shop,273.05,2026-05-13,EXPENSE,DEBIT_CARD,false
Plano de celular,61.67,2026-05-13,EXPENSE,CREDIT_CARD,true
Veterinario,247.85,2026-05-13,EXPENSE,CREDIT_CARD,false
Aluguel recebido,2402.75,2026-05-13,INCOME,PIX,false
Rendimento de investimento,574.01,2026-05-13,INCOME,PIX,true
Academia,162.16,2026-05-14,EXPENSE,BOLETO,false
Combustivel,324.73,2026-05-14,EXPENSE,BANK_TRANSFER,false
Conta de agua,240.09,2026-05-14,EXPENSE,BANK_TRANSFER,false
Curso online,386.94,2026-05-14,EXPENSE,CREDIT_CARD,false
Doacao,77.46,2026-05-14,EXPENSE,CREDIT_CARD,false
Livraria,54.99,2026-05-14,EXPENSE,DEBIT_CARD,false
Padaria,83.52,2026-05-14,EXPENSE,BOLETO,false
Restaurante,48.26,2026-05-14,EXPENSE,CREDIT_CARD,false
Streaming,24.73,2026-05-14,EXPENSE,DEBIT_CARD,true
Pagamento freelance,2943.38,2026-05-14,INCOME,BANK_TRANSFER,false
Transferencia recebida,190.32,2026-05-14,INCOME,BANK_TRANSFER,false
Aplicativo de transporte,28.67,2026-05-15,EXPENSE,BOLETO,false
Cinema e lazer,204.53,2026-05-15,EXPENSE,BANK_TRANSFER,false
Conta de agua,67.69,2026-05-15,EXPENSE,BOLETO,true
Conta de agua,229.56,2026-05-15,EXPENSE,DEBIT_CARD,true
Conta de agua,107.11,2026-05-15,EXPENSE,BANK_TRANSFER,true
Curso online,743.50,2026-05-15,EXPENSE,CREDIT_CARD,false
Curso online,156.44,2026-05-15,EXPENSE,BOLETO,false
Farmacia,297.95,2026-05-15,EXPENSE,CREDIT_CARD,false
Loja de roupas,188.19,2026-05-15,EXPENSE,BOLETO,false
Padaria,35.03,2026-05-15,EXPENSE,DEBIT_CARD,false
Pet shop,180.23,2026-05-15,EXPENSE,BANK_TRANSFER,false
Pet shop,187.79,2026-05-15,EXPENSE,BOLETO,false
Plano de saude,436.28,2026-05-15,EXPENSE,BOLETO,true
Plano de saude,1458.22,2026-05-15,EXPENSE,BANK_TRANSFER,true
Veterinario,610.33,2026-05-15,EXPENSE,CREDIT_CARD,false
Aluguel recebido,3308.64,2026-05-15,INCOME,BANK_TRANSFER,false
Academia,236.07,2026-05-16,EXPENSE,CASH,false
Aluguel residencial,1462.76,2026-05-16,EXPENSE,CASH,false
Conta de agua,195.38,2026-05-16,EXPENSE,BANK_TRANSFER,false
Delivery de comida,189.76,2026-05-16,EXPENSE,BOLETO,false
Doacao,438.25,2026-05-16,EXPENSE,BANK_TRANSFER,false
Internet residencial,215.25,2026-05-16,EXPENSE,BOLETO,true
Veterinario,327.65,2026-05-16,EXPENSE,BANK_TRANSFER,false
Academia,169.95,2026-05-17,EXPENSE,CASH,true
Estacionamento,66.48,2026-05-17,EXPENSE,BANK_TRANSFER,false
Manutencao do veiculo,215.33,2026-05-17,EXPENSE,CREDIT_CARD,false
Pet shop,390.04,2026-05-17,EXPENSE,BANK_TRANSFER,false
Plano de celular,126.26,2026-05-17,EXPENSE,DEBIT_CARD,false
Restaurante,254.45,2026-05-17,EXPENSE,CASH,false
Restaurante,56.07,2026-05-17,EXPENSE,DEBIT_CARD,false
Restaurante,94.99,2026-05-17,EXPENSE,BANK_TRANSFER,false
Seguro do veiculo,437.40,2026-05-17,EXPENSE,BANK_TRANSFER,true
Supermercado,79.43,2026-05-17,EXPENSE,CASH,false
Restituicao de imposto,2152.14,2026-05-17,INCOME,BANK_TRANSFER,false
Restituicao de imposto,1689.81,2026-05-17,INCOME,BANK_TRANSFER,false
Academia,191.29,2026-05-18,EXPENSE,BANK_TRANSFER,true
Academia,208.94,2026-05-18,EXPENSE,PIX,true
Aplicativo de transporte,12.01,2026-05-18,EXPENSE,DEBIT_CARD,false
Combustivel,132.43,2026-05-18,EXPENSE,PIX,false
Conta de agua,210.22,2026-05-18,EXPENSE,CASH,true
Conta de energia,505.21,2026-05-18,EXPENSE,BANK_TRANSFER,true
Estacionamento,55.89,2026-05-18,EXPENSE,CREDIT_CARD,false
Internet residencial,122.92,2026-05-18,EXPENSE,PIX,true
Manutencao do veiculo,1235.62,2026-05-18,EXPENSE,CASH,false
Padaria,9.54,2026-05-18,EXPENSE,DEBIT_CARD,false
Passagem aerea,2004.82,2026-05-18,EXPENSE,DEBIT_CARD,false
Plano de celular,128.91,2026-05-18,EXPENSE,PIX,true
Plano de saude,320.45,2026-05-18,EXPENSE,CASH,true
Restaurante,41.88,2026-05-18,EXPENSE,BOLETO,false
Streaming,54.97,2026-05-18,EXPENSE,BOLETO,true
Aluguel recebido,3038.10,2026-05-18,INCOME,BANK_TRANSFER,true
Dividendos,177.76,2026-05-18,INCOME,BANK_TRANSFER,false
Restituicao de imposto,769.54,2026-05-18,INCOME,PIX,false
Academia,200.43,2026-05-19,EXPENSE,CASH,true
Condominio,454.57,2026-05-19,EXPENSE,BANK_TRANSFER,true
Conta de energia,110.74,2026-05-19,EXPENSE,DEBIT_CARD,true
Doacao,366.74,2026-05-19,EXPENSE,CASH,false
Eletronicos,4315.66,2026-05-19,EXPENSE,CREDIT_CARD,false
Estacionamento,38.86,2026-05-19,EXPENSE,CASH,false
Internet residencial,151.64,2026-05-19,EXPENSE,DEBIT_CARD,false
Padaria,81.38,2026-05-19,EXPENSE,BANK_TRANSFER,false
Passagem aerea,1036.67,2026-05-19,EXPENSE,BOLETO,false
Passagem aerea,569.41,2026-05-19,EXPENSE,CASH,false
Veterinario,239.79,2026-05-19,EXPENSE,CASH,false
Bonus profissional,930.23,2026-05-19,INCOME,PIX,false
Aluguel residencial,3720.69,2026-05-20,EXPENSE,CASH,true
Aplicativo de transporte,55.51,2026-05-20,EXPENSE,PIX,false
Aplicativo de transporte,73.32,2026-05-20,EXPENSE,DEBIT_CARD,false
Cinema e lazer,130.17,2026-05-20,EXPENSE,CASH,false
Combustivel,90.38,2026-05-20,EXPENSE,CASH,false
Condominio,442.05,2026-05-20,EXPENSE,CASH,false
Conta de energia,548.40,2026-05-20,EXPENSE,BOLETO,true
Impostos e taxas,163.95,2026-05-20,EXPENSE,BOLETO,false
Internet residencial,203.57,2026-05-20,EXPENSE,CASH,true
Veterinario,438.78,2026-05-20,EXPENSE,CASH,false
Pagamento freelance,2600.70,2026-05-20,INCOME,PIX,false
Aluguel residencial,3758.60,2026-05-21,EXPENSE,PIX,true
Doacao,122.78,2026-05-21,EXPENSE,CASH,false
Eletronicos,415.91,2026-05-21,EXPENSE,BANK_TRANSFER,false
Livraria,181.23,2026-05-21,EXPENSE,CASH,false
Padaria,77.49,2026-05-21,EXPENSE,BANK_TRANSFER,false
Passagem aerea,2326.54,2026-05-21,EXPENSE,CASH,false
Pet shop,215.98,2026-05-21,EXPENSE,PIX,false
Streaming,72.58,2026-05-21,EXPENSE,CREDIT_CARD,true
Combustivel,210.22,2026-05-22,EXPENSE,DEBIT_CARD,false
Curso online,552.62,2026-05-22,EXPENSE,DEBIT_CARD,false
Internet residencial,110.26,2026-05-22,EXPENSE,BANK_TRANSFER,true
Manutencao do veiculo,1638.71,2026-05-22,EXPENSE,CREDIT_CARD,false
Padaria,59.33,2026-05-22,EXPENSE,CREDIT_CARD,false
Supermercado,811.63,2026-05-22,EXPENSE,PIX,false
Pagamento freelance,581.49,2026-05-22,INCOME,BANK_TRANSFER,false
Academia,142.80,2026-05-23,EXPENSE,BOLETO,true
Conta de agua,54.57,2026-05-23,EXPENSE,CREDIT_CARD,true
Conta de agua,101.85,2026-05-23,EXPENSE,BANK_TRANSFER,false
Conta de agua,126.90,2026-05-23,EXPENSE,CREDIT_CARD,true
Impostos e taxas,1748.55,2026-05-23,EXPENSE,CREDIT_CARD,false
Passagem aerea,3423.06,2026-05-23,EXPENSE,PIX,false
Aluguel recebido,3422.55,2026-05-23,INCOME,PIX,true
Aluguel recebido,2274.41,2026-05-23,INCOME,PIX,true
Conta de energia,221.47,2026-05-24,EXPENSE,CASH,true
Delivery de comida,22.58,2026-05-24,EXPENSE,CASH,false
Impostos e taxas,1464.33,2026-05-24,EXPENSE,DEBIT_CARD,false
Livraria,60.91,2026-05-24,EXPENSE,CASH,false
Manutencao do veiculo,2194.29,2026-05-24,EXPENSE,CASH,false
Padaria,9.38,2026-05-24,EXPENSE,BANK_TRANSFER,false
Padaria,26.18,2026-05-24,EXPENSE,PIX,false
Plano de saude,1417.85,2026-05-24,EXPENSE,CASH,true
Supermercado,287.96,2026-05-24,EXPENSE,BANK_TRANSFER,false
Viagem e hospedagem,787.75,2026-05-24,EXPENSE,PIX,false
Condominio,975.09,2026-05-25,EXPENSE,CREDIT_CARD,true
Conta de agua,218.14,2026-05-25,EXPENSE,BANK_TRANSFER,true
Curso online,260.40,2026-05-25,EXPENSE,PIX,false
Farmacia,95.00,2026-05-25,EXPENSE,BOLETO,false
Impostos e taxas,1149.51,2026-05-25,EXPENSE,DEBIT_CARD,false
Internet residencial,206.88,2026-05-25,EXPENSE,PIX,false
Pet shop,229.59,2026-05-25,EXPENSE,CREDIT_CARD,false
Plano de celular,90.70,2026-05-25,EXPENSE,BOLETO,true
Viagem e hospedagem,1764.45,2026-05-25,EXPENSE,CASH,false
Transferencia recebida,1605.32,2026-05-25,INCOME,BANK_TRANSFER,false
Academia,172.68,2026-05-26,EXPENSE,BOLETO,true
Combustivel,157.05,2026-05-26,EXPENSE,BANK_TRANSFER,false
Combustivel,344.83,2026-05-26,EXPENSE,BOLETO,false
Condominio,524.94,2026-05-26,EXPENSE,BANK_TRANSFER,true
Condominio,545.50,2026-05-26,EXPENSE,CASH,true
Conta de agua,119.22,2026-05-26,EXPENSE,CREDIT_CARD,true
Curso online,228.17,2026-05-26,EXPENSE,DEBIT_CARD,false
Curso online,467.77,2026-05-26,EXPENSE,CASH,false
Doacao,486.23,2026-05-26,EXPENSE,BANK_TRANSFER,false
Loja de roupas,303.04,2026-05-26,EXPENSE,CREDIT_CARD,false
Manutencao do veiculo,1036.23,2026-05-26,EXPENSE,CASH,false
Passagem aerea,2277.03,2026-05-26,EXPENSE,CASH,false
Pet shop,281.34,2026-05-26,EXPENSE,CASH,false
Plano de celular,92.69,2026-05-26,EXPENSE,BOLETO,true
Viagem e hospedagem,4194.05,2026-05-26,EXPENSE,PIX,false
Viagem e hospedagem,4389.33,2026-05-26,EXPENSE,BANK_TRANSFER,false
Combustivel,79.10,2026-05-27,EXPENSE,PIX,false
Conta de agua,37.52,2026-05-27,EXPENSE,DEBIT_CARD,true
Conta de energia,373.77,2026-05-27,EXPENSE,CASH,true
Impostos e taxas,630.73,2026-05-27,EXPENSE,DEBIT_CARD,false
Livraria,180.64,2026-05-27,EXPENSE,CREDIT_CARD,false
Loja de roupas,118.94,2026-05-27,EXPENSE,DEBIT_CARD,false
Loja de roupas,829.44,2026-05-27,EXPENSE,DEBIT_CARD,false
Plano de saude,1351.14,2026-05-27,EXPENSE,DEBIT_CARD,true
Seguro do veiculo,263.18,2026-05-27,EXPENSE,PIX,false
Veterinario,341.10,2026-05-27,EXPENSE,PIX,false
Veterinario,521.47,2026-05-27,EXPENSE,BANK_TRANSFER,false
Combustivel,221.97,2026-05-28,EXPENSE,CREDIT_CARD,false
Conta de energia,519.76,2026-05-28,EXPENSE,BANK_TRANSFER,false
Delivery de comida,178.51,2026-05-28,EXPENSE,CREDIT_CARD,false
Eletronicos,1378.66,2026-05-28,EXPENSE,BOLETO,false
Livraria,30.54,2026-05-28,EXPENSE,CASH,false
Loja de roupas,406.06,2026-05-28,EXPENSE,CASH,false
Loja de roupas,654.19,2026-05-28,EXPENSE,PIX,false
Passagem aerea,3373.57,2026-05-28,EXPENSE,BOLETO,false
Passagem aerea,1148.47,2026-05-28,EXPENSE,BOLETO,false
Plano de celular,88.84,2026-05-28,EXPENSE,BOLETO,true
Supermercado,790.85,2026-05-28,EXPENSE,BOLETO,false
Veterinario,136.67,2026-05-28,EXPENSE,BOLETO,false
Viagem e hospedagem,1063.04,2026-05-28,EXPENSE,BANK_TRANSFER,false
Padaria,29.63,2026-05-29,EXPENSE,CASH,false
Padaria,74.43,2026-05-29,EXPENSE,DEBIT_CARD,false
Plano de celular,92.12,2026-05-29,EXPENSE,PIX,true
Restaurante,266.73,2026-05-29,EXPENSE,BANK_TRANSFER,false
Restaurante,304.54,2026-05-29,EXPENSE,BANK_TRANSFER,false
Viagem e hospedagem,673.52,2026-05-29,EXPENSE,BANK_TRANSFER,false
Bonus profissional,4195.65,2026-05-29,INCOME,BANK_TRANSFER,false
Academia,120.39,2026-05-30,EXPENSE,PIX,true
Conta de energia,222.23,2026-05-30,EXPENSE,CASH,true
Conta de energia,142.18,2026-05-30,EXPENSE,DEBIT_CARD,true
Impostos e taxas,914.11,2026-05-30,EXPENSE,PIX,false
Impostos e taxas,1278.54,2026-05-30,EXPENSE,DEBIT_CARD,false
Impostos e taxas,888.67,2026-05-30,EXPENSE,BOLETO,false
Livraria,256.98,2026-05-30,EXPENSE,BOLETO,false
Loja de roupas,239.15,2026-05-30,EXPENSE,DEBIT_CARD,false
Manutencao do veiculo,1238.74,2026-05-30,EXPENSE,CASH,false
Restaurante,198.22,2026-05-30,EXPENSE,BANK_TRANSFER,false
Streaming,60.25,2026-05-30,EXPENSE,PIX,true
Reembolso empresarial,385.14,2026-05-30,INCOME,BANK_TRANSFER,false
Academia,255.40,2026-05-31,EXPENSE,DEBIT_CARD,true
Condominio,458.43,2026-05-31,EXPENSE,CASH,true
Curso online,586.27,2026-05-31,EXPENSE,CREDIT_CARD,false
Eletronicos,1066.34,2026-05-31,EXPENSE,CASH,false
Manutencao do veiculo,935.77,2026-05-31,EXPENSE,DEBIT_CARD,false
Passagem aerea,3455.46,2026-05-31,EXPENSE,CASH,false
Pet shop,150.02,2026-05-31,EXPENSE,DEBIT_CARD,false
Academia,241.16,2026-06-01,EXPENSE,DEBIT_CARD,true
Aplicativo de transporte,61.85,2026-06-01,EXPENSE,CASH,false
Cinema e lazer,174.86,2026-06-01,EXPENSE,CREDIT_CARD,false
Combustivel,99.88,2026-06-01,EXPENSE,BANK_TRANSFER,false
Conta de agua,239.34,2026-06-01,EXPENSE,DEBIT_CARD,true
Eletronicos,3931.94,2026-06-01,EXPENSE,DEBIT_CARD,false
Manutencao do veiculo,259.15,2026-06-01,EXPENSE,PIX,false
Manutencao do veiculo,449.85,2026-06-01,EXPENSE,CREDIT_CARD,false
Padaria,78.22,2026-06-01,EXPENSE,CREDIT_CARD,false
Plano de celular,93.45,2026-06-01,EXPENSE,CREDIT_CARD,true
Seguro do veiculo,493.03,2026-06-01,EXPENSE,CASH,true
Veterinario,325.03,2026-06-01,EXPENSE,BANK_TRANSFER,false
Rendimento de investimento,45.68,2026-06-01,INCOME,PIX,false
Aluguel residencial,2986.59,2026-06-02,EXPENSE,DEBIT_CARD,true
Aluguel residencial,2325.24,2026-06-02,EXPENSE,DEBIT_CARD,true
Aplicativo de transporte,53.71,2026-06-02,EXPENSE,BANK_TRANSFER,false
Cinema e lazer,231.75,2026-06-02,EXPENSE,PIX,false
Combustivel,133.90,2026-06-02,EXPENSE,BANK_TRANSFER,false
Condominio,1166.26,2026-06-02,EXPENSE,DEBIT_CARD,true
Curso online,147.69,2026-06-02,EXPENSE,CREDIT_CARD,false
Curso online,369.51,2026-06-02,EXPENSE,CASH,false
Delivery de comida,81.04,2026-06-02,EXPENSE,BOLETO,false
Doacao,416.72,2026-06-02,EXPENSE,PIX,false
Farmacia,182.95,2026-06-02,EXPENSE,CASH,false
Manutencao do veiculo,1749.42,2026-06-02,EXPENSE,BOLETO,false
Manutencao do veiculo,1645.64,2026-06-02,EXPENSE,CASH,false
Manutencao do veiculo,1257.58,2026-06-02,EXPENSE,BANK_TRANSFER,false
Plano de celular,152.86,2026-06-02,EXPENSE,PIX,true
Restituicao de imposto,1162.78,2026-06-02,INCOME,BANK_TRANSFER,false
Venda de produto,1380.87,2026-06-02,INCOME,BANK_TRANSFER,false
Estacionamento,53.94,2026-06-03,EXPENSE,BOLETO,false
Farmacia,38.95,2026-06-03,EXPENSE,BOLETO,false
Internet residencial,147.89,2026-06-03,EXPENSE,CASH,true
Manutencao do veiculo,1215.31,2026-06-03,EXPENSE,CREDIT_CARD,false
Padaria,53.70,2026-06-03,EXPENSE,BANK_TRANSFER,false
Plano de saude,1396.25,2026-06-03,EXPENSE,BANK_TRANSFER,false
Supermercado,186.00,2026-06-03,EXPENSE,CASH,false
Supermercado,291.36,2026-06-03,EXPENSE,DEBIT_CARD,false
Rendimento de investimento,103.43,2026-06-03,INCOME,BANK_TRANSFER,true
Academia,68.57,2026-06-04,EXPENSE,BOLETO,false
Academia,81.49,2026-06-04,EXPENSE,CASH,true
Eletronicos,840.52,2026-06-04,EXPENSE,DEBIT_CARD,false
Internet residencial,106.18,2026-06-04,EXPENSE,CREDIT_CARD,true
Loja de roupas,172.09,2026-06-04,EXPENSE,CASH,false
Pet shop,282.55,2026-06-04,EXPENSE,CASH,false
Plano de celular,90.96,2026-06-04,EXPENSE,BOLETO,true
Plano de saude,463.51,2026-06-04,EXPENSE,BOLETO,true
Restituicao de imposto,2369.47,2026-06-04,INCOME,PIX,false
Condominio,862.09,2026-06-05,EXPENSE,PIX,true
Conta de agua,257.68,2026-06-05,EXPENSE,PIX,false
Delivery de comida,111.15,2026-06-05,EXPENSE,BOLETO,false
Estacionamento,49.50,2026-06-05,EXPENSE,CASH,false
Manutencao do veiculo,1024.95,2026-06-05,EXPENSE,CREDIT_CARD,false
Manutencao do veiculo,188.03,2026-06-05,EXPENSE,CREDIT_CARD,false
Padaria,12.67,2026-06-05,EXPENSE,PIX,false
Pet shop,280.73,2026-06-05,EXPENSE,PIX,false
Streaming,38.92,2026-06-05,EXPENSE,CREDIT_CARD,true
Viagem e hospedagem,1088.49,2026-06-05,EXPENSE,BANK_TRANSFER,false
Viagem e hospedagem,4403.90,2026-06-05,EXPENSE,CREDIT_CARD,false
Aluguel recebido,2461.59,2026-06-05,INCOME,PIX,false
Bonus profissional,4145.25,2026-06-05,INCOME,BANK_TRANSFER,false
Dividendos,269.75,2026-06-05,INCOME,BANK_TRANSFER,true
Aluguel residencial,1917.50,2026-06-06,EXPENSE,PIX,false
Condominio,562.24,2026-06-06,EXPENSE,BOLETO,true
Delivery de comida,169.08,2026-06-06,EXPENSE,CREDIT_CARD,false
Doacao,352.59,2026-06-06,EXPENSE,DEBIT_CARD,false
Loja de roupas,127.35,2026-06-06,EXPENSE,DEBIT_CARD,false
Manutencao do veiculo,1010.82,2026-06-06,EXPENSE,BOLETO,false
Plano de celular,155.67,2026-06-06,EXPENSE,DEBIT_CARD,true
Plano de saude,1005.76,2026-06-06,EXPENSE,BOLETO,true
Veterinario,819.84,2026-06-06,EXPENSE,BOLETO,false
Aluguel recebido,1829.66,2026-06-06,INCOME,PIX,true
Dividendos,287.66,2026-06-06,INCOME,BANK_TRANSFER,true
Restituicao de imposto,1805.79,2026-06-06,INCOME,PIX,false
Restituicao de imposto,2354.91,2026-06-06,INCOME,BANK_TRANSFER,false
Transferencia recebida,739.79,2026-06-06,INCOME,BANK_TRANSFER,false
Aluguel residencial,2938.32,2026-06-07,EXPENSE,CASH,true
Aplicativo de transporte,30.47,2026-06-07,EXPENSE,BOLETO,false
Cinema e lazer,123.23,2026-06-07,EXPENSE,DEBIT_CARD,false
Conta de agua,191.69,2026-06-07,EXPENSE,BOLETO,false
Conta de agua,245.63,2026-06-07,EXPENSE,PIX,true
Delivery de comida,116.36,2026-06-07,EXPENSE,BANK_TRANSFER,false
Eletronicos,2948.03,2026-06-07,EXPENSE,CASH,false
Estacionamento,74.18,2026-06-07,EXPENSE,PIX,false
Estacionamento,22.95,2026-06-07,EXPENSE,CREDIT_CARD,false
Farmacia,256.66,2026-06-07,EXPENSE,CREDIT_CARD,false
Internet residencial,117.63,2026-06-07,EXPENSE,CREDIT_CARD,true
Supermercado,838.84,2026-06-07,EXPENSE,PIX,false
Veterinario,913.93,2026-06-07,EXPENSE,BANK_TRANSFER,false
Combustivel,189.06,2026-06-08,EXPENSE,BOLETO,false
Conta de agua,113.76,2026-06-08,EXPENSE,BANK_TRANSFER,true
Conta de energia,637.34,2026-06-08,EXPENSE,CREDIT_CARD,false
Livraria,82.76,2026-06-08,EXPENSE,BOLETO,false
Restaurante,44.23,2026-06-08,EXPENSE,CREDIT_CARD,false
Restaurante,271.30,2026-06-08,EXPENSE,PIX,false
Pagamento freelance,1100.73,2026-06-08,INCOME,PIX,false
Reembolso empresarial,553.21,2026-06-08,INCOME,BANK_TRANSFER,false
Aplicativo de transporte,20.42,2026-06-09,EXPENSE,BOLETO,false
Condominio,798.36,2026-06-09,EXPENSE,CREDIT_CARD,true
Condominio,514.01,2026-06-09,EXPENSE,BOLETO,true
Padaria,11.54,2026-06-09,EXPENSE,PIX,false
Supermercado,503.83,2026-06-09,EXPENSE,CASH,false
Pagamento freelance,2404.33,2026-06-09,INCOME,BANK_TRANSFER,false
Rendimento de investimento,193.57,2026-06-09,INCOME,BANK_TRANSFER,true
Restituicao de imposto,2783.09,2026-06-09,INCOME,BANK_TRANSFER,false
Academia,125.67,2026-06-10,EXPENSE,CASH,true
Academia,143.33,2026-06-10,EXPENSE,CASH,true
Aluguel residencial,3147.52,2026-06-10,EXPENSE,BOLETO,true
Aluguel residencial,3161.49,2026-06-10,EXPENSE,PIX,true
Doacao,364.55,2026-06-10,EXPENSE,PIX,false
Padaria,51.79,2026-06-10,EXPENSE,CREDIT_CARD,false
Pet shop,249.27,2026-06-10,EXPENSE,BANK_TRANSFER,false
Plano de celular,131.08,2026-06-10,EXPENSE,DEBIT_CARD,true
Plano de saude,770.78,2026-06-10,EXPENSE,PIX,true
Supermercado,697.23,2026-06-10,EXPENSE,CREDIT_CARD,false
Aluguel recebido,3373.27,2026-06-10,INCOME,BANK_TRANSFER,true
Bonus profissional,3302.31,2026-06-10,INCOME,BANK_TRANSFER,false
Bonus profissional,2955.17,2026-06-10,INCOME,PIX,false
Rendimento de investimento,385.39,2026-06-10,INCOME,BANK_TRANSFER,true
Aplicativo de transporte,22.00,2026-06-11,EXPENSE,BOLETO,false
Cinema e lazer,202.31,2026-06-11,EXPENSE,DEBIT_CARD,false
Cinema e lazer,52.34,2026-06-11,EXPENSE,CREDIT_CARD,false
Cinema e lazer,111.14,2026-06-11,EXPENSE,DEBIT_CARD,false
Doacao,79.77,2026-06-11,EXPENSE,DEBIT_CARD,false
Doacao,274.51,2026-06-11,EXPENSE,CREDIT_CARD,false
Eletronicos,3627.29,2026-06-11,EXPENSE,BANK_TRANSFER,false
Livraria,183.68,2026-06-11,EXPENSE,BOLETO,false
Padaria,76.15,2026-06-11,EXPENSE,BANK_TRANSFER,false
Pet shop,45.41,2026-06-11,EXPENSE,BANK_TRANSFER,false
Plano de celular,87.96,2026-06-11,EXPENSE,PIX,true
Plano de saude,346.34,2026-06-11,EXPENSE,CASH,true
Bonus profissional,1559.72,2026-06-11,INCOME,PIX,false
Reembolso empresarial,505.61,2026-06-11,INCOME,PIX,false
Salario mensal,8914.63,2026-06-11,INCOME,BANK_TRANSFER,true
Academia,251.98,2026-06-12,EXPENSE,DEBIT_CARD,true
Academia,194.08,2026-06-12,EXPENSE,PIX,true
Aluguel residencial,3646.59,2026-06-12,EXPENSE,BOLETO,true
Aluguel residencial,1605.56,2026-06-12,EXPENSE,PIX,true
Condominio,897.16,2026-06-12,EXPENSE,BANK_TRANSFER,true
Conta de agua,194.43,2026-06-12,EXPENSE,CASH,true
Delivery de comida,119.37,2026-06-12,EXPENSE,PIX,false
Passagem aerea,1745.24,2026-06-12,EXPENSE,CREDIT_CARD,false
Pet shop,405.19,2026-06-12,EXPENSE,CREDIT_CARD,false
Veterinario,836.91,2026-06-12,EXPENSE,CASH,false
Veterinario,571.17,2026-06-12,EXPENSE,BANK_TRANSFER,false
Viagem e hospedagem,494.88,2026-06-12,EXPENSE,PIX,false
Pagamento freelance,3252.85,2026-06-12,INCOME,PIX,false
Combustivel,295.24,2026-06-13,EXPENSE,CREDIT_CARD,false
Combustivel,321.37,2026-06-13,EXPENSE,PIX,false
Conta de agua,91.67,2026-06-13,EXPENSE,PIX,true
Conta de energia,261.55,2026-06-13,EXPENSE,BANK_TRANSFER,false
Doacao,124.34,2026-06-13,EXPENSE,DEBIT_CARD,false
Farmacia,61.70,2026-06-13,EXPENSE,BANK_TRANSFER,false
Internet residencial,137.01,2026-06-13,EXPENSE,BANK_TRANSFER,true
Livraria,114.56,2026-06-13,EXPENSE,BANK_TRANSFER,false
Passagem aerea,1979.71,2026-06-13,EXPENSE,CREDIT_CARD,false
Restaurante,158.57,2026-06-13,EXPENSE,BOLETO,false
Streaming,45.32,2026-06-13,EXPENSE,BOLETO,true
Viagem e hospedagem,1953.48,2026-06-13,EXPENSE,CASH,false
Pagamento freelance,3435.70,2026-06-13,INCOME,BANK_TRANSFER,false
Pagamento freelance,1082.17,2026-06-13,INCOME,BANK_TRANSFER,false
Venda de produto,920.90,2026-06-13,INCOME,BANK_TRANSFER,false
Estacionamento,39.30,2026-06-14,EXPENSE,PIX,false
Estacionamento,70.01,2026-06-14,EXPENSE,CASH,false
Internet residencial,215.30,2026-06-14,EXPENSE,CASH,true
Manutencao do veiculo,889.93,2026-06-14,EXPENSE,CASH,false
Pet shop,407.36,2026-06-14,EXPENSE,DEBIT_CARD,false
Plano de saude,217.11,2026-06-14,EXPENSE,BOLETO,true
Seguro do veiculo,127.04,2026-06-14,EXPENSE,PIX,true
Streaming,81.56,2026-06-14,EXPENSE,BANK_TRANSFER,true
Veterinario,514.84,2026-06-14,EXPENSE,CREDIT_CARD,false
Veterinario,695.13,2026-06-14,EXPENSE,BANK_TRANSFER,false
Veterinario,503.23,2026-06-14,EXPENSE,BANK_TRANSFER,false
Dividendos,194.80,2026-06-14,INCOME,PIX,true
Dividendos,395.31,2026-06-14,INCOME,PIX,true
Aluguel residencial,3312.70,2026-06-15,EXPENSE,BANK_TRANSFER,false
Condominio,737.89,2026-06-15,EXPENSE,CASH,true
Conta de energia,487.23,2026-06-15,EXPENSE,CASH,true
Estacionamento,8.81,2026-06-15,EXPENSE,PIX,false
Farmacia,267.09,2026-06-15,EXPENSE,BANK_TRANSFER,false
Internet residencial,200.68,2026-06-15,EXPENSE,CASH,true
Manutencao do veiculo,1080.33,2026-06-15,EXPENSE,CASH,false
Manutencao do veiculo,312.19,2026-06-15,EXPENSE,PIX,false
Pet shop,359.53,2026-06-15,EXPENSE,DEBIT_CARD,false
Plano de celular,47.49,2026-06-15,EXPENSE,BOLETO,false
Plano de celular,139.79,2026-06-15,EXPENSE,CASH,true
Plano de saude,1370.64,2026-06-15,EXPENSE,PIX,true
Veterinario,820.40,2026-06-15,EXPENSE,DEBIT_CARD,false
Dividendos,533.60,2026-06-15,INCOME,PIX,true
Aluguel residencial,1854.63,2026-06-16,EXPENSE,DEBIT_CARD,true
Aluguel residencial,1749.03,2026-06-16,EXPENSE,CASH,false
Condominio,331.85,2026-06-16,EXPENSE,PIX,true
Conta de agua,170.46,2026-06-16,EXPENSE,CREDIT_CARD,true
Doacao,75.02,2026-06-16,EXPENSE,BANK_TRANSFER,false
Farmacia,106.86,2026-06-16,EXPENSE,CREDIT_CARD,false
Impostos e taxas,374.06,2026-06-16,EXPENSE,BANK_TRANSFER,false
Internet residencial,191.01,2026-06-16,EXPENSE,PIX,true
Passagem aerea,1484.09,2026-06-16,EXPENSE,CREDIT_CARD,false
Streaming,65.45,2026-06-16,EXPENSE,DEBIT_CARD,true
Viagem e hospedagem,2946.09,2026-06-16,EXPENSE,DEBIT_CARD,false
Transferencia recebida,140.78,2026-06-16,INCOME,PIX,false
Academia,63.47,2026-06-17,EXPENSE,BANK_TRANSFER,false
Curso online,340.79,2026-06-17,EXPENSE,DEBIT_CARD,false
Delivery de comida,43.10,2026-06-17,EXPENSE,PIX,false
Passagem aerea,1223.17,2026-06-17,EXPENSE,BANK_TRANSFER,false
Aluguel recebido,988.17,2026-06-17,INCOME,PIX,true
Restituicao de imposto,213.30,2026-06-17,INCOME,PIX,false
Aluguel residencial,2082.95,2026-06-18,EXPENSE,BANK_TRANSFER,true
Cinema e lazer,191.80,2026-06-18,EXPENSE,CREDIT_CARD,false
Condominio,1088.65,2026-06-18,EXPENSE,CREDIT_CARD,true
Conta de agua,174.20,2026-06-18,EXPENSE,CASH,true
Curso online,458.27,2026-06-18,EXPENSE,BANK_TRANSFER,false
Impostos e taxas,1415.38,2026-06-18,EXPENSE,PIX,false
Internet residencial,105.86,2026-06-18,EXPENSE,BANK_TRANSFER,true
Manutencao do veiculo,806.91,2026-06-18,EXPENSE,CREDIT_CARD,false
Padaria,58.83,2026-06-18,EXPENSE,BOLETO,false
Salario mensal,3371.87,2026-06-18,INCOME,PIX,true
Academia,184.83,2026-06-19,EXPENSE,DEBIT_CARD,true
Conta de agua,90.90,2026-06-19,EXPENSE,PIX,true
Doacao,294.04,2026-06-19,EXPENSE,PIX,false
Estacionamento,26.15,2026-06-19,EXPENSE,CREDIT_CARD,false
Loja de roupas,828.52,2026-06-19,EXPENSE,PIX,false
Loja de roupas,340.06,2026-06-19,EXPENSE,BOLETO,false
Pet shop,124.90,2026-06-19,EXPENSE,CREDIT_CARD,false
Streaming,38.47,2026-06-19,EXPENSE,BOLETO,true
Reembolso empresarial,488.57,2026-06-19,INCOME,PIX,false
Reembolso empresarial,196.46,2026-06-19,INCOME,BANK_TRANSFER,false
Reembolso empresarial,237.97,2026-06-19,INCOME,BANK_TRANSFER,false
Transferencia recebida,537.67,2026-06-19,INCOME,PIX,false
Transferencia recebida,1069.48,2026-06-19,INCOME,BANK_TRANSFER,false
Aplicativo de transporte,86.45,2026-06-20,EXPENSE,BANK_TRANSFER,false
Conta de agua,116.28,2026-06-20,EXPENSE,PIX,true
Conta de agua,183.11,2026-06-20,EXPENSE,PIX,true
Impostos e taxas,2147.02,2026-06-20,EXPENSE,CREDIT_CARD,false
Loja de roupas,510.28,2026-06-20,EXPENSE,CASH,false
Loja de roupas,369.73,2026-06-20,EXPENSE,BANK_TRANSFER,false
Pet shop,111.54,2026-06-20,EXPENSE,DEBIT_CARD,false
Restaurante,158.30,2026-06-20,EXPENSE,BOLETO,false
Viagem e hospedagem,3395.89,2026-06-20,EXPENSE,BOLETO,false
Pagamento freelance,1109.64,2026-06-20,INCOME,PIX,false
Salario mensal,5922.16,2026-06-20,INCOME,PIX,true
Transferencia recebida,2045.96,2026-06-20,INCOME,BANK_TRANSFER,false
Combustivel,406.06,2026-06-21,EXPENSE,PIX,false
Delivery de comida,87.25,2026-06-21,EXPENSE,BOLETO,false
Delivery de comida,109.28,2026-06-21,EXPENSE,BANK_TRANSFER,false
Internet residencial,177.24,2026-06-21,EXPENSE,CREDIT_CARD,true
Manutencao do veiculo,1692.69,2026-06-21,EXPENSE,CASH,false
Padaria,37.37,2026-06-21,EXPENSE,BOLETO,false
Plano de saude,721.02,2026-06-21,EXPENSE,PIX,true
Restaurante,214.94,2026-06-21,EXPENSE,BOLETO,false
Seguro do veiculo,152.19,2026-06-21,EXPENSE,BOLETO,true
Streaming,56.73,2026-06-21,EXPENSE,PIX,true
Supermercado,499.15,2026-06-21,EXPENSE,DEBIT_CARD,false
Pagamento freelance,2544.79,2026-06-21,INCOME,BANK_TRANSFER,false
Rendimento de investimento,404.24,2026-06-21,INCOME,BANK_TRANSFER,true
Aluguel residencial,1846.60,2026-06-22,EXPENSE,BOLETO,true
Combustivel,106.56,2026-06-22,EXPENSE,CREDIT_CARD,false
Conta de agua,91.99,2026-06-22,EXPENSE,BOLETO,true
Conta de energia,181.32,2026-06-22,EXPENSE,CASH,false
Curso online,130.57,2026-06-22,EXPENSE,DEBIT_CARD,false
Farmacia,31.00,2026-06-22,EXPENSE,BANK_TRANSFER,false
Farmacia,279.71,2026-06-22,EXPENSE,BANK_TRANSFER,false
Impostos e taxas,680.89,2026-06-22,EXPENSE,PIX,false
Impostos e taxas,386.71,2026-06-22,EXPENSE,BOLETO,false
Livraria,114.46,2026-06-22,EXPENSE,BOLETO,false
Loja de roupas,125.37,2026-06-22,EXPENSE,PIX,false
Loja de roupas,589.77,2026-06-22,EXPENSE,CASH,false
Manutencao do veiculo,740.30,2026-06-22,EXPENSE,BANK_TRANSFER,false
Padaria,34.30,2026-06-22,EXPENSE,CASH,false
Passagem aerea,1712.63,2026-06-22,EXPENSE,CREDIT_CARD,false
Plano de saude,942.03,2026-06-22,EXPENSE,BANK_TRANSFER,false
Restaurante,79.91,2026-06-22,EXPENSE,CASH,false
Dividendos,347.02,2026-06-22,INCOME,BANK_TRANSFER,true
Reembolso empresarial,795.02,2026-06-22,INCOME,PIX,false
Cinema e lazer,70.82,2026-06-23,EXPENSE,BOLETO,false
Condominio,400.80,2026-06-23,EXPENSE,BANK_TRANSFER,false
Condominio,811.67,2026-06-23,EXPENSE,BOLETO,true
Delivery de comida,78.04,2026-06-23,EXPENSE,BOLETO,false
Delivery de comida,149.43,2026-06-23,EXPENSE,CASH,false
Farmacia,334.08,2026-06-23,EXPENSE,PIX,false
Farmacia,47.63,2026-06-23,EXPENSE,BANK_TRANSFER,false
Impostos e taxas,31.58,2026-06-23,EXPENSE,CREDIT_CARD,false
Manutencao do veiculo,581.31,2026-06-23,EXPENSE,BANK_TRANSFER,false
Pet shop,137.87,2026-06-23,EXPENSE,DEBIT_CARD,false
Rendimento de investimento,163.87,2026-06-23,INCOME,PIX,true
Transferencia recebida,538.90,2026-06-23,INCOME,BANK_TRANSFER,false
Aluguel residencial,1557.11,2026-06-24,EXPENSE,CASH,true
Aplicativo de transporte,48.38,2026-06-24,EXPENSE,CREDIT_CARD,false
Cinema e lazer,140.32,2026-06-24,EXPENSE,DEBIT_CARD,false
Cinema e lazer,180.28,2026-06-24,EXPENSE,BOLETO,false
Combustivel,245.42,2026-06-24,EXPENSE,CASH,false
Combustivel,243.93,2026-06-24,EXPENSE,CASH,false
Condominio,890.89,2026-06-24,EXPENSE,CREDIT_CARD,true
Condominio,982.78,2026-06-24,EXPENSE,BOLETO,true
Eletronicos,139.78,2026-06-24,EXPENSE,DEBIT_CARD,false
Estacionamento,15.71,2026-06-24,EXPENSE,BANK_TRANSFER,false
Impostos e taxas,488.90,2026-06-24,EXPENSE,PIX,false
Impostos e taxas,2091.71,2026-06-24,EXPENSE,CASH,false
Loja de roupas,90.93,2026-06-24,EXPENSE,DEBIT_CARD,false
Padaria,39.22,2026-06-24,EXPENSE,PIX,false
Passagem aerea,366.23,2026-06-24,EXPENSE,CASH,false
Bonus profissional,499.63,2026-06-24,INCOME,PIX,false
Pagamento freelance,391.83,2026-06-24,INCOME,BANK_TRANSFER,false
Salario mensal,9896.69,2026-06-24,INCOME,PIX,true
Academia,239.91,2026-06-25,EXPENSE,PIX,true
Aluguel residencial,4115.45,2026-06-25,EXPENSE,CASH,true
Aplicativo de transporte,47.78,2026-06-25,EXPENSE,CREDIT_CARD,false
Curso online,671.47,2026-06-25,EXPENSE,PIX,false
Eletronicos,2415.32,2026-06-25,EXPENSE,PIX,false
Plano de celular,84.60,2026-06-25,EXPENSE,PIX,true
Seguro do veiculo,382.91,2026-06-25,EXPENSE,DEBIT_CARD,true
Streaming,35.16,2026-06-25,EXPENSE,BOLETO,true
Restituicao de imposto,544.36,2026-06-25,INCOME,BANK_TRANSFER,false
Venda de produto,1444.36,2026-06-25,INCOME,BANK_TRANSFER,false
Academia,163.90,2026-06-26,EXPENSE,CREDIT_CARD,true
Academia,275.35,2026-06-26,EXPENSE,CASH,true
Academia,210.78,2026-06-26,EXPENSE,DEBIT_CARD,true
Aplicativo de transporte,39.68,2026-06-26,EXPENSE,BANK_TRANSFER,false
Combustivel,316.14,2026-06-26,EXPENSE,PIX,false
Conta de energia,206.10,2026-06-26,EXPENSE,CREDIT_CARD,true
Livraria,189.81,2026-06-26,EXPENSE,BANK_TRANSFER,false
Loja de roupas,557.02,2026-06-26,EXPENSE,CASH,false
Manutencao do veiculo,788.98,2026-06-26,EXPENSE,BANK_TRANSFER,false
Plano de saude,678.75,2026-06-26,EXPENSE,BOLETO,true
Aluguel recebido,2383.70,2026-06-26,INCOME,PIX,false
Aluguel recebido,2246.35,2026-06-26,INCOME,PIX,false
Reembolso empresarial,240.19,2026-06-26,INCOME,PIX,false
Salario mensal,7918.03,2026-06-26,INCOME,PIX,true
Doacao,287.76,2026-06-27,EXPENSE,CREDIT_CARD,false
Supermercado,804.48,2026-06-27,EXPENSE,BANK_TRANSFER,false
Veterinario,146.67,2026-06-27,EXPENSE,PIX,false
Rendimento de investimento,551.94,2026-06-27,INCOME,PIX,false
Curso online,591.04,2026-06-28,EXPENSE,PIX,false
Delivery de comida,186.45,2026-06-28,EXPENSE,BOLETO,false
Doacao,357.71,2026-06-28,EXPENSE,DEBIT_CARD,false
Farmacia,330.91,2026-06-28,EXPENSE,BANK_TRANSFER,false
Impostos e taxas,951.90,2026-06-28,EXPENSE,BOLETO,false
Manutencao do veiculo,379.56,2026-06-28,EXPENSE,CASH,false
Passagem aerea,3413.78,2026-06-28,EXPENSE,DEBIT_CARD,false
Plano de celular,159.00,2026-06-28,EXPENSE,BANK_TRANSFER,true
Plano de saude,783.91,2026-06-28,EXPENSE,CREDIT_CARD,true
Dividendos,129.00,2026-06-28,INCOME,BANK_TRANSFER,true
Reembolso empresarial,246.18,2026-06-28,INCOME,PIX,false
Cinema e lazer,20.37,2026-06-29,EXPENSE,PIX,false
Condominio,844.86,2026-06-29,EXPENSE,CREDIT_CARD,true
Conta de energia,83.71,2026-06-29,EXPENSE,BANK_TRANSFER,true
Delivery de comida,124.73,2026-06-29,EXPENSE,BOLETO,false
Delivery de comida,90.17,2026-06-29,EXPENSE,DEBIT_CARD,false
Impostos e taxas,423.45,2026-06-29,EXPENSE,PIX,false
Internet residencial,111.05,2026-06-29,EXPENSE,BOLETO,true
Seguro do veiculo,361.81,2026-06-29,EXPENSE,PIX,true
Dividendos,366.16,2026-06-29,INCOME,PIX,true
Aplicativo de transporte,61.64,2026-06-30,EXPENSE,BOLETO,false
Conta de agua,115.48,2026-06-30,EXPENSE,BOLETO,true
Conta de agua,217.90,2026-06-30,EXPENSE,CREDIT_CARD,true
Doacao,430.06,2026-06-30,EXPENSE,CREDIT_CARD,false
Estacionamento,56.00,2026-06-30,EXPENSE,BANK_TRANSFER,false
Farmacia,149.84,2026-06-30,EXPENSE,BANK_TRANSFER,false
Livraria,196.34,2026-06-30,EXPENSE,DEBIT_CARD,false
Pet shop,237.84,2026-06-30,EXPENSE,BOLETO,false
Pet shop,371.78,2026-06-30,EXPENSE,BOLETO,false
Restaurante,139.90,2026-06-30,EXPENSE,CREDIT_CARD,false
Seguro do veiculo,256.68,2026-06-30,EXPENSE,CREDIT_CARD,true
Bonus profissional,3427.32,2026-06-30,INCOME,BANK_TRANSFER,false
Transferencia recebida,1649.05,2026-06-30,INCOME,PIX,false
Doacao,454.42,2026-07-01,EXPENSE,CASH,false
Eletronicos,128.69,2026-07-01,EXPENSE,DEBIT_CARD,false
Impostos e taxas,2035.97,2026-07-01,EXPENSE,CASH,false
Veterinario,939.97,2026-07-01,EXPENSE,BOLETO,false
Veterinario,380.30,2026-07-01,EXPENSE,PIX,false
Aluguel recebido,3090.69,2026-07-01,INCOME,BANK_TRANSFER,true
Transferencia recebida,680.95,2026-07-01,INCOME,PIX,false
Academia,119.44,2026-07-02,EXPENSE,DEBIT_CARD,true
Aluguel residencial,3818.01,2026-07-02,EXPENSE,BANK_TRANSFER,true
Aplicativo de transporte,25.52,2026-07-02,EXPENSE,BOLETO,false
Impostos e taxas,2010.15,2026-07-02,EXPENSE,PIX,false
Passagem aerea,3680.63,2026-07-02,EXPENSE,BOLETO,false
Seguro do veiculo,443.25,2026-07-02,EXPENSE,BOLETO,true
Seguro do veiculo,111.21,2026-07-02,EXPENSE,BANK_TRANSFER,true
Supermercado,567.60,2026-07-02,EXPENSE,PIX,false
Supermercado,762.24,2026-07-02,EXPENSE,DEBIT_CARD,false
Supermercado,754.44,2026-07-02,EXPENSE,CASH,false
Veterinario,143.78,2026-07-02,EXPENSE,CREDIT_CARD,false
Aluguel recebido,1916.07,2026-07-02,INCOME,BANK_TRANSFER,true
Transferencia recebida,1525.99,2026-07-02,INCOME,PIX,false
Aplicativo de transporte,62.34,2026-07-03,EXPENSE,PIX,false
Curso online,221.94,2026-07-03,EXPENSE,BANK_TRANSFER,false
Internet residencial,96.90,2026-07-03,EXPENSE,CASH,true
Internet residencial,82.25,2026-07-03,EXPENSE,BOLETO,true
Livraria,50.79,2026-07-03,EXPENSE,BOLETO,false
Loja de roupas,57.26,2026-07-03,EXPENSE,CREDIT_CARD,false
Plano de celular,119.35,2026-07-03,EXPENSE,CASH,false
Streaming,70.80,2026-07-03,EXPENSE,PIX,true
Streaming,20.29,2026-07-03,EXPENSE,BOLETO,true
Viagem e hospedagem,927.19,2026-07-03,EXPENSE,PIX,false
Restituicao de imposto,686.80,2026-07-03,INCOME,PIX,false
Restituicao de imposto,997.11,2026-07-03,INCOME,PIX,false
Academia,95.57,2026-07-04,EXPENSE,PIX,false
Aluguel residencial,2590.31,2026-07-04,EXPENSE,CREDIT_CARD,true
Curso online,741.16,2026-07-04,EXPENSE,DEBIT_CARD,false
Eletronicos,4152.57,2026-07-04,EXPENSE,BOLETO,false
Estacionamento,35.49,2026-07-04,EXPENSE,CREDIT_CARD,false
Internet residencial,132.66,2026-07-04,EXPENSE,DEBIT_CARD,true
Pet shop,55.45,2026-07-04,EXPENSE,CREDIT_CARD,false
Plano de saude,925.13,2026-07-04,EXPENSE,DEBIT_CARD,false
Seguro do veiculo,384.21,2026-07-04,EXPENSE,BOLETO,true
Viagem e hospedagem,753.99,2026-07-04,EXPENSE,DEBIT_CARD,false
Academia,60.04,2026-07-05,EXPENSE,CREDIT_CARD,false
Academia,184.81,2026-07-05,EXPENSE,CASH,true
Aluguel residencial,1098.83,2026-07-05,EXPENSE,CREDIT_CARD,true
Aluguel residencial,1500.73,2026-07-05,EXPENSE,PIX,false
Aluguel residencial,2947.89,2026-07-05,EXPENSE,BOLETO,true
Cinema e lazer,176.08,2026-07-05,EXPENSE,BANK_TRANSFER,false
Conta de agua,181.49,2026-07-05,EXPENSE,BANK_TRANSFER,true
Internet residencial,181.03,2026-07-05,EXPENSE,CASH,true
Livraria,170.44,2026-07-05,EXPENSE,PIX,false
Padaria,83.16,2026-07-05,EXPENSE,BOLETO,false
Passagem aerea,2942.82,2026-07-05,EXPENSE,CASH,false
Pet shop,303.26,2026-07-05,EXPENSE,BOLETO,false
Restaurante,86.64,2026-07-05,EXPENSE,CASH,false
Seguro do veiculo,239.49,2026-07-05,EXPENSE,CASH,false
Streaming,41.30,2026-07-05,EXPENSE,PIX,false
Veterinario,457.97,2026-07-05,EXPENSE,PIX,false
Academia,244.42,2026-07-06,EXPENSE,DEBIT_CARD,true
Aluguel residencial,4102.73,2026-07-06,EXPENSE,BANK_TRANSFER,false
Aplicativo de transporte,79.91,2026-07-06,EXPENSE,DEBIT_CARD,false
Curso online,715.67,2026-07-06,EXPENSE,BANK_TRANSFER,false
Estacionamento,57.35,2026-07-06,EXPENSE,BOLETO,false
Padaria,36.92,2026-07-06,EXPENSE,BANK_TRANSFER,false
Padaria,59.99,2026-07-06,EXPENSE,BOLETO,false
Pet shop,175.90,2026-07-06,EXPENSE,CASH,false
Plano de celular,153.14,2026-07-06,EXPENSE,CREDIT_CARD,true
Restaurante,65.96,2026-07-06,EXPENSE,CREDIT_CARD,false
Streaming,37.58,2026-07-06,EXPENSE,CASH,false
Streaming,81.08,2026-07-06,EXPENSE,BANK_TRANSFER,true
Streaming,40.40,2026-07-06,EXPENSE,CREDIT_CARD,true
Veterinario,241.08,2026-07-06,EXPENSE,PIX,false
Salario mensal,9185.71,2026-07-06,INCOME,PIX,true
Academia,110.06,2026-07-07,EXPENSE,PIX,false
Academia,177.37,2026-07-07,EXPENSE,CASH,true
Doacao,54.29,2026-07-07,EXPENSE,BOLETO,false
Estacionamento,27.20,2026-07-07,EXPENSE,CREDIT_CARD,false
Livraria,137.13,2026-07-07,EXPENSE,CREDIT_CARD,false
Livraria,146.37,2026-07-07,EXPENSE,PIX,false
Livraria,139.22,2026-07-07,EXPENSE,DEBIT_CARD,false
Restaurante,121.07,2026-07-07,EXPENSE,BANK_TRANSFER,false
Supermercado,575.57,2026-07-07,EXPENSE,BANK_TRANSFER,false
Pagamento freelance,2543.73,2026-07-07,INCOME,BANK_TRANSFER,false
Aluguel residencial,4173.12,2026-07-08,EXPENSE,BANK_TRANSFER,true
Cinema e lazer,141.42,2026-07-08,EXPENSE,DEBIT_CARD,false
Cinema e lazer,104.73,2026-07-08,EXPENSE,DEBIT_CARD,false
Conta de agua,242.18,2026-07-08,EXPENSE,BOLETO,false
Delivery de comida,53.38,2026-07-08,EXPENSE,BOLETO,false
Farmacia,41.65,2026-07-08,EXPENSE,CASH,false
Internet residencial,114.75,2026-07-08,EXPENSE,BOLETO,false
Padaria,42.61,2026-07-08,EXPENSE,CREDIT_CARD,false
Plano de saude,751.93,2026-07-08,EXPENSE,CASH,true
Veterinario,555.49,2026-07-08,EXPENSE,PIX,false
Viagem e hospedagem,1492.91,2026-07-08,EXPENSE,BOLETO,false
Aluguel residencial,3214.65,2026-07-09,EXPENSE,BOLETO,true
Combustivel,288.38,2026-07-09,EXPENSE,BOLETO,false
Combustivel,247.24,2026-07-09,EXPENSE,CASH,false
Doacao,408.74,2026-07-09,EXPENSE,BANK_TRANSFER,false
Estacionamento,34.66,2026-07-09,EXPENSE,BOLETO,false
Manutencao do veiculo,1363.04,2026-07-09,EXPENSE,DEBIT_CARD,false
Padaria,14.42,2026-07-09,EXPENSE,CREDIT_CARD,false
Seguro do veiculo,463.91,2026-07-09,EXPENSE,DEBIT_CARD,true
Seguro do veiculo,431.02,2026-07-09,EXPENSE,DEBIT_CARD,false
Streaming,79.35,2026-07-09,EXPENSE,CREDIT_CARD,true
Streaming,39.31,2026-07-09,EXPENSE,BANK_TRANSFER,true
Streaming,41.57,2026-07-09,EXPENSE,DEBIT_CARD,false
Supermercado,498.64,2026-07-09,EXPENSE,PIX,false
Veterinario,273.60,2026-07-09,EXPENSE,BANK_TRANSFER,false
Aluguel recebido,2158.33,2026-07-09,INCOME,PIX,true
Aluguel residencial,3707.67,2026-07-10,EXPENSE,BOLETO,true
Farmacia,130.90,2026-07-10,EXPENSE,CASH,false
Farmacia,54.13,2026-07-10,EXPENSE,PIX,false
Bonus profissional,4141.80,2026-07-10,INCOME,PIX,false
Pagamento freelance,4336.18,2026-07-10,INCOME,PIX,false
Condominio,1297.64,2026-07-11,EXPENSE,BANK_TRANSFER,true
Conta de energia,517.49,2026-07-11,EXPENSE,CASH,true
Internet residencial,198.84,2026-07-11,EXPENSE,PIX,true
Livraria,176.45,2026-07-11,EXPENSE,CASH,false
Livraria,135.24,2026-07-11,EXPENSE,CREDIT_CARD,false
Supermercado,61.56,2026-07-11,EXPENSE,PIX,false
Veterinario,572.26,2026-07-11,EXPENSE,CASH,false
Dividendos,574.53,2026-07-11,INCOME,PIX,true
Aluguel residencial,941.11,2026-07-12,EXPENSE,BOLETO,true
Aluguel residencial,1835.54,2026-07-12,EXPENSE,CASH,false
Aplicativo de transporte,46.37,2026-07-12,EXPENSE,BOLETO,false
Aplicativo de transporte,80.60,2026-07-12,EXPENSE,DEBIT_CARD,false
Cinema e lazer,146.96,2026-07-12,EXPENSE,BOLETO,false
Conta de agua,138.74,2026-07-12,EXPENSE,BANK_TRANSFER,true
Conta de energia,294.69,2026-07-12,EXPENSE,BANK_TRANSFER,true
Conta de energia,629.23,2026-07-12,EXPENSE,PIX,true
Impostos e taxas,1827.38,2026-07-12,EXPENSE,BOLETO,false
Plano de celular,107.85,2026-07-12,EXPENSE,CASH,true
Plano de celular,83.65,2026-07-12,EXPENSE,DEBIT_CARD,true
Plano de celular,154.56,2026-07-12,EXPENSE,DEBIT_CARD,true
Plano de celular,147.05,2026-07-12,EXPENSE,BOLETO,false
Seguro do veiculo,452.72,2026-07-12,EXPENSE,CASH,true
Supermercado,530.60,2026-07-12,EXPENSE,BOLETO,false
Supermercado,147.93,2026-07-12,EXPENSE,BANK_TRANSFER,false
Supermercado,746.58,2026-07-12,EXPENSE,DEBIT_CARD,false
Veterinario,551.48,2026-07-12,EXPENSE,BANK_TRANSFER,false
Veterinario,828.47,2026-07-12,EXPENSE,CREDIT_CARD,false
Transferencia recebida,1994.46,2026-07-12,INCOME,BANK_TRANSFER,false
Aplicativo de transporte,70.23,2026-07-13,EXPENSE,DEBIT_CARD,false
Aplicativo de transporte,68.33,2026-07-13,EXPENSE,BANK_TRANSFER,false
Combustivel,120.37,2026-07-13,EXPENSE,BOLETO,false
Curso online,457.76,2026-07-13,EXPENSE,CASH,false
Impostos e taxas,1108.16,2026-07-13,EXPENSE,BANK_TRANSFER,false
Manutencao do veiculo,1488.62,2026-07-13,EXPENSE,CASH,false
Pet shop,276.93,2026-07-13,EXPENSE,CREDIT_CARD,false
Plano de celular,50.04,2026-07-13,EXPENSE,CREDIT_CARD,false
Seguro do veiculo,476.76,2026-07-13,EXPENSE,CASH,false
Streaming,71.16,2026-07-13,EXPENSE,DEBIT_CARD,true
Streaming,34.82,2026-07-13,EXPENSE,DEBIT_CARD,true
Veterinario,833.52,2026-07-13,EXPENSE,BOLETO,false
Veterinario,773.39,2026-07-13,EXPENSE,DEBIT_CARD,false
Pagamento freelance,2387.65,2026-07-13,INCOME,BANK_TRANSFER,false
Academia,221.18,2026-07-14,EXPENSE,BOLETO,true
Curso online,397.55,2026-07-14,EXPENSE,BANK_TRANSFER,false
Delivery de comida,70.18,2026-07-14,EXPENSE,CASH,false
Internet residencial,134.04,2026-07-14,EXPENSE,PIX,true
Pet shop,212.37,2026-07-14,EXPENSE,CREDIT_CARD,false
Aluguel residencial,3035.34,2026-07-15,EXPENSE,CREDIT_CARD,true
Impostos e taxas,218.18,2026-07-15,EXPENSE,BOLETO,false
Internet residencial,89.69,2026-07-15,EXPENSE,CREDIT_CARD,true
Internet residencial,81.20,2026-07-15,EXPENSE,BANK_TRANSFER,true
Plano de saude,1441.16,2026-07-15,EXPENSE,CASH,true
Aluguel recebido,1327.12,2026-07-15,INCOME,PIX,true
Reembolso empresarial,592.19,2026-07-15,INCOME,BANK_TRANSFER,false
