description,amount,date,type,payment_method,recurrent
Streaming,30.51,2024-01-01,EXPENSE,CREDIT_CARD,True
Plano de celular,169.24,2024-01-01,EXPENSE,DEBIT_CARD,True
Restaurante,162.12,2024-01-01,EXPENSE,BANK_TRANSFER,False
Impostos e taxas,773.33,2024-01-01,EXPENSE,BOLETO,False
Internet residencial,98.94,2024-01-01,EXPENSE,BOLETO,True
Streaming,24.18,2024-01-01,EXPENSE,BOLETO,True
Cinema e lazer,88.06,2024-01-01,EXPENSE,BOLETO,False
Seguro do veiculo,279.49,2024-01-02,EXPENSE,DEBIT_CARD,True
Plano de saude,911.04,2024-01-02,EXPENSE,BOLETO,False
Condominio,564.54,2024-01-02,EXPENSE,DEBIT_CARD,True
Conta de energia,156.51,2024-01-02,EXPENSE,PIX,True
Salario mensal,8653.74,2024-01-02,INCOME,BANK_TRANSFER,True
Dividendos,280.85,2024-01-02,INCOME,PIX,True
Viagem e hospedagem,2521.31,2024-01-02,EXPENSE,DEBIT_CARD,False
Padaria,49.81,2024-01-02,EXPENSE,DEBIT_CARD,False
Aplicativo de transporte,38.46,2024-01-02,EXPENSE,DEBIT_CARD,False
Rendimento de investimento,546.93,2024-01-03,INCOME,BANK_TRANSFER,True
Transferencia recebida,1783.81,2024-01-03,INCOME,PIX,False
Cinema e lazer,167.56,2024-01-03,EXPENSE,CASH,False
Loja de roupas,622.11,2024-01-03,EXPENSE,BOLETO,False
Aluguel residencial,1776.48,2024-01-03,EXPENSE,BANK_TRANSFER,True
Loja de roupas,124.57,2024-01-03,EXPENSE,BOLETO,False
Restaurante,245.8,2024-01-03,EXPENSE,PIX,False
Impostos e taxas,1244.93,2024-01-03,EXPENSE,BOLETO,False
Plano de saude,1166.29,2024-01-03,EXPENSE,CREDIT_CARD,True
Veterinario,351.31,2024-01-03,EXPENSE,BOLETO,False
Manutencao do veiculo,2064.95,2024-01-04,EXPENSE,CREDIT_CARD,False
Aplicativo de transporte,34.85,2024-01-04,EXPENSE,CASH,False
Estacionamento,55.15,2024-01-04,EXPENSE,PIX,False
Aluguel recebido,2388.43,2024-01-04,INCOME,PIX,True
Transferencia recebida,1435.66,2024-01-04,INCOME,PIX,False
Livraria,157.06,2024-01-04,EXPENSE,CASH,False
Aluguel recebido,2712.99,2024-01-04,INCOME,PIX,True
Restaurante,106.24,2024-01-04,EXPENSE,CREDIT_CARD,False
Plano de saude,254.68,2024-01-04,EXPENSE,CASH,True
Rendimento de investimento,222.53,2024-01-04,INCOME,BANK_TRANSFER,True
Conta de energia,115.51,2024-01-04,EXPENSE,CASH,True
Cinema e lazer,153.8,2024-01-04,EXPENSE,PIX,False
Farmacia,280.79,2024-01-05,EXPENSE,BOLETO,False
Loja de roupas,540.16,2024-01-05,EXPENSE,DEBIT_CARD,False
Dividendos,667.94,2024-01-05,INCOME,PIX,True
Academia,110.47,2024-01-05,EXPENSE,DEBIT_CARD,True
Restituicao de imposto,2047.24,2024-01-05,INCOME,PIX,False
Plano de celular,68.03,2024-01-05,EXPENSE,PIX,True
Estacionamento,27.81,2024-01-05,EXPENSE,BANK_TRANSFER,False
Combustivel,103.19,2024-01-05,EXPENSE,CREDIT_CARD,False
Salario mensal,7831.36,2024-01-05,INCOME,PIX,True
Venda de produto,1401.28,2024-01-05,INCOME,BANK_TRANSFER,False
Pet shop,125.33,2024-01-05,EXPENSE,CASH,False
Loja de roupas,592.62,2024-01-05,EXPENSE,PIX,False
Impostos e taxas,216.13,2024-01-05,EXPENSE,BOLETO,False
Doacao,77.32,2024-01-05,EXPENSE,PIX,False
Transferencia recebida,943.79,2024-01-05,INCOME,PIX,False
Rendimento de investimento,210.09,2024-01-05,INCOME,PIX,True
Restituicao de imposto,514.47,2024-01-05,INCOME,PIX,False
Streaming,58.92,2024-01-06,EXPENSE,PIX,True
Reembolso empresarial,601.02,2024-01-06,INCOME,BANK_TRANSFER,False
Manutencao do veiculo,851.13,2024-01-06,EXPENSE,BANK_TRANSFER,False
Supermercado,762.42,2024-01-06,EXPENSE,CASH,False
Pagamento freelance,1209.18,2024-01-07,INCOME,PIX,False
Veterinario,431.45,2024-01-07,EXPENSE,BOLETO,False
Aplicativo de transporte,63.63,2024-01-07,EXPENSE,DEBIT_CARD,False
Padaria,22.27,2024-01-07,EXPENSE,PIX,False
Eletronicos,2052.13,2024-01-07,EXPENSE,DEBIT_CARD,False
Eletronicos,1491.66,2024-01-07,EXPENSE,BOLETO,False
Livraria,95.47,2024-01-07,EXPENSE,PIX,False
Streaming,41.83,2024-01-07,EXPENSE,DEBIT_CARD,True
Supermercado,173.93,2024-01-07,EXPENSE,PIX,False
Impostos e taxas,749.22,2024-01-08,EXPENSE,DEBIT_CARD,False
Academia,163.97,2024-01-08,EXPENSE,PIX,True
Salario mensal,10562.18,2024-01-08,INCOME,PIX,True
Veterinario,195.81,2024-01-08,EXPENSE,DEBIT_CARD,False
Farmacia,159.58,2024-01-08,EXPENSE,PIX,False
Farmacia,173.77,2024-01-08,EXPENSE,CREDIT_CARD,False
Combustivel,127.06,2024-01-08,EXPENSE,BOLETO,False
Estacionamento,20.52,2024-01-08,EXPENSE,BOLETO,False
Manutencao do veiculo,1165.4,2024-01-08,EXPENSE,PIX,False
Plano de celular,112.8,2024-01-08,EXPENSE,BANK_TRANSFER,True
Eletronicos,1507.37,2024-01-08,EXPENSE,CREDIT_CARD,False
Eletronicos,1618.82,2024-01-08,EXPENSE,BANK_TRANSFER,False
Padaria,12.11,2024-01-08,EXPENSE,CREDIT_CARD,False
Curso online,448.85,2024-01-09,EXPENSE,CASH,False
Loja de roupas,245.1,2024-01-09,EXPENSE,CREDIT_CARD,False
Condominio,557.36,2024-01-09,EXPENSE,BOLETO,True
Aplicativo de transporte,72.2,2024-01-09,EXPENSE,CREDIT_CARD,False
Plano de saude,579.95,2024-01-09,EXPENSE,PIX,True
Restaurante,122.62,2024-01-09,EXPENSE,DEBIT_CARD,False
Passagem aerea,1619.02,2024-01-09,EXPENSE,DEBIT_CARD,False
Supermercado,118.94,2024-01-09,EXPENSE,CREDIT_CARD,False
Conta de agua,129.94,2024-01-09,EXPENSE,CREDIT_CARD,True
Pet shop,106.62,2024-01-09,EXPENSE,CREDIT_CARD,False
Conta de energia,121.08,2024-01-09,EXPENSE,CASH,True
Dividendos,234.76,2024-01-09,INCOME,PIX,True
Combustivel,179.72,2024-01-09,EXPENSE,DEBIT_CARD,False
Delivery de comida,140.81,2024-01-09,EXPENSE,CASH,False
Plano de celular,136.51,2024-01-09,EXPENSE,PIX,False
Reembolso empresarial,826.11,2024-01-09,INCOME,PIX,False
Plano de saude,511.93,2024-01-10,EXPENSE,CASH,True
Streaming,58.13,2024-01-10,EXPENSE,BOLETO,True
Viagem e hospedagem,2039.75,2024-01-10,EXPENSE,CREDIT_CARD,False
Manutencao do veiculo,1237.63,2024-01-10,EXPENSE,BOLETO,False
Restaurante,233.06,2024-01-10,EXPENSE,BANK_TRANSFER,False
Pet shop,237.74,2024-01-10,EXPENSE,BANK_TRANSFER,False
Plano de celular,150.08,2024-01-10,EXPENSE,DEBIT_CARD,True
Plano de celular,49.63,2024-01-10,EXPENSE,BOLETO,True
Aluguel residencial,2230.04,2024-01-10,EXPENSE,BOLETO,True
Conta de agua,116.55,2024-01-10,EXPENSE,DEBIT_CARD,True
Aluguel recebido,2067.85,2024-01-10,INCOME,BANK_TRANSFER,True
Aplicativo de transporte,32.92,2024-01-10,EXPENSE,CASH,False
Eletronicos,2073.48,2024-01-10,EXPENSE,BOLETO,False
Dividendos,390.82,2024-01-11,INCOME,PIX,True
Bonus profissional,4626.55,2024-01-11,INCOME,PIX,False
Estacionamento,17.65,2024-01-11,EXPENSE,DEBIT_CARD,False
Salario mensal,4225.33,2024-01-11,INCOME,PIX,False
Aluguel residencial,3452.67,2024-01-11,EXPENSE,BOLETO,True
Aplicativo de transporte,53.71,2024-01-11,EXPENSE,PIX,False
Internet residencial,159.05,2024-01-11,EXPENSE,DEBIT_CARD,True
Cinema e lazer,69.71,2024-01-11,EXPENSE,PIX,False
Loja de roupas,431.79,2024-01-11,EXPENSE,BOLETO,False
Conta de energia,427.23,2024-01-11,EXPENSE,CREDIT_CARD,True
Padaria,27.24,2024-01-11,EXPENSE,CREDIT_CARD,False
Plano de saude,362.64,2024-01-12,EXPENSE,BOLETO,True
Reembolso empresarial,559.07,2024-01-12,INCOME,PIX,False
Reembolso empresarial,384.93,2024-01-12,INCOME,BANK_TRANSFER,False
Reembolso empresarial,431.63,2024-01-12,INCOME,BANK_TRANSFER,False
Conta de agua,80.46,2024-01-12,EXPENSE,PIX,True
Delivery de comida,56.9,2024-01-12,EXPENSE,CREDIT_CARD,False
Venda de produto,1286.7,2024-01-12,INCOME,BANK_TRANSFER,False
Passagem aerea,1376.67,2024-01-12,EXPENSE,CASH,False
Doacao,219.37,2024-01-12,EXPENSE,BOLETO,False
Combustivel,295.71,2024-01-12,EXPENSE,BOLETO,False
Aplicativo de transporte,42.57,2024-01-12,EXPENSE,BOLETO,False
Doacao,186.91,2024-01-12,EXPENSE,PIX,False
Dividendos,459.64,2024-01-13,INCOME,BANK_TRANSFER,True
Delivery de comida,89.36,2024-01-13,EXPENSE,PIX,False
Restituicao de imposto,2006.63,2024-01-13,INCOME,BANK_TRANSFER,False
Pagamento freelance,2868.38,2024-01-13,INCOME,BANK_TRANSFER,False
Plano de celular,70.1,2024-01-13,EXPENSE,PIX,False
Combustivel,312.77,2024-01-13,EXPENSE,CASH,False
Supermercado,276.63,2024-01-14,EXPENSE,CREDIT_CARD,False
Delivery de comida,56.37,2024-01-14,EXPENSE,CASH,False
Seguro do veiculo,404.97,2024-01-14,EXPENSE,DEBIT_CARD,True
Estacionamento,38.63,2024-01-14,EXPENSE,BANK_TRANSFER,False
Rendimento de investimento,271.18,2024-01-14,INCOME,BANK_TRANSFER,True
Restituicao de imposto,2229.76,2024-01-14,INCOME,BANK_TRANSFER,False
Supermercado,264.46,2024-01-14,EXPENSE,BANK_TRANSFER,False
Livraria,212.11,2024-01-14,EXPENSE,BANK_TRANSFER,False
Reembolso empresarial,347.08,2024-01-14,INCOME,BANK_TRANSFER,False
Aplicativo de transporte,15.15,2024-01-14,EXPENSE,PIX,False
Academia,130.11,2024-01-14,EXPENSE,BANK_TRANSFER,True
Livraria,197.53,2024-01-15,EXPENSE,CASH,False
Viagem e hospedagem,1941.63,2024-01-15,EXPENSE,CASH,False
Padaria,27.04,2024-01-15,EXPENSE,BOLETO,False
Venda de produto,784.6,2024-01-15,INCOME,BANK_TRANSFER,False
Aplicativo de transporte,23.19,2024-01-15,EXPENSE,BANK_TRANSFER,False
Viagem e hospedagem,946.45,2024-01-15,EXPENSE,BANK_TRANSFER,False
Internet residencial,96.73,2024-01-15,EXPENSE,CREDIT_CARD,True
Doacao,123.14,2024-01-15,EXPENSE,DEBIT_CARD,False
Plano de celular,91.86,2024-01-15,EXPENSE,CREDIT_CARD,False
Pet shop,66.3,2024-01-15,EXPENSE,BANK_TRANSFER,False
Estacionamento,14.94,2024-01-15,EXPENSE,BANK_TRANSFER,False
Farmacia,159.42,2024-01-15,EXPENSE,BANK_TRANSFER,False
Passagem aerea,1482.96,2024-01-15,EXPENSE,PIX,False
Academia,173.48,2024-01-16,EXPENSE,PIX,True
Internet residencial,76.39,2024-01-16,EXPENSE,CASH,True
Seguro do veiculo,356.45,2024-01-16,EXPENSE,BANK_TRANSFER,True
Salario mensal,6462.72,2024-01-16,INCOME,PIX,True
Plano de saude,581.36,2024-01-16,EXPENSE,DEBIT_CARD,True
Cinema e lazer,181.98,2024-01-16,EXPENSE,CREDIT_CARD,False
Padaria,29.57,2024-01-16,EXPENSE,CASH,False
Loja de roupas,334.45,2024-01-16,EXPENSE,BANK_TRANSFER,False
Curso online,338.72,2024-01-16,EXPENSE,BANK_TRANSFER,False
Seguro do veiculo,240.32,2024-01-17,EXPENSE,PIX,False
Aluguel residencial,3398.79,2024-01-17,EXPENSE,CREDIT_CARD,True
Manutencao do veiculo,894.44,2024-01-17,EXPENSE,DEBIT_CARD,False
Reembolso empresarial,415.02,2024-01-17,INCOME,BANK_TRANSFER,False
Veterinario,285.79,2024-01-17,EXPENSE,DEBIT_CARD,False
Impostos e taxas,715.7,2024-01-17,EXPENSE,BANK_TRANSFER,False
Pet shop,232.43,2024-01-17,EXPENSE,CASH,False
Bonus profissional,3787.96,2024-01-17,INCOME,PIX,False
Plano de celular,135.22,2024-01-17,EXPENSE,PIX,True
Streaming,57.56,2024-01-17,EXPENSE,DEBIT_CARD,True
Eletronicos,1850.59,2024-01-17,EXPENSE,PIX,False
Estacionamento,48.89,2024-01-18,EXPENSE,BOLETO,False
Delivery de comida,86.04,2024-01-18,EXPENSE,PIX,False
Reembolso empresarial,829.37,2024-01-18,INCOME,BANK_TRANSFER,False
Curso online,201.74,2024-01-18,EXPENSE,DEBIT_CARD,False
Doacao,200.83,2024-01-18,EXPENSE,CREDIT_CARD,False
Supermercado,196.02,2024-01-18,EXPENSE,CASH,False
Passagem aerea,1212.58,2024-01-18,EXPENSE,BANK_TRANSFER,False
Delivery de comida,70.35,2024-01-18,EXPENSE,CREDIT_CARD,False
Supermercado,262.7,2024-01-19,EXPENSE,CASH,False
Veterinario,746.38,2024-01-19,EXPENSE,DEBIT_CARD,False
Veterinario,484.04,2024-01-19,EXPENSE,PIX,False
Pagamento freelance,1414.65,2024-01-19,INCOME,PIX,False
Curso online,249.87,2024-01-19,EXPENSE,BOLETO,False
Combustivel,205.19,2024-01-19,EXPENSE,BOLETO,False
Combustivel,226.45,2024-01-19,EXPENSE,BANK_TRANSFER,False
Curso online,208.22,2024-01-19,EXPENSE,PIX,False
Bonus profissional,3524.72,2024-01-20,INCOME,BANK_TRANSFER,False
Aplicativo de transporte,35.52,2024-01-20,EXPENSE,DEBIT_CARD,False
Dividendos,564.33,2024-01-20,INCOME,PIX,True
Viagem e hospedagem,630.25,2024-01-20,EXPENSE,BANK_TRANSFER,False
Combustivel,134.04,2024-01-20,EXPENSE,BANK_TRANSFER,False
Transferencia recebida,1284.23,2024-01-20,INCOME,PIX,False
Pagamento freelance,2097.53,2024-01-20,INCOME,BANK_TRANSFER,False
Aluguel residencial,2240.02,2024-01-20,EXPENSE,DEBIT_CARD,True
Pet shop,244.43,2024-01-21,EXPENSE,CASH,False
Conta de energia,460.57,2024-01-21,EXPENSE,CREDIT_CARD,True
Conta de energia,407.48,2024-01-21,EXPENSE,BANK_TRANSFER,False
Aluguel recebido,1825.79,2024-01-21,INCOME,BANK_TRANSFER,True
Eletronicos,1515.04,2024-01-21,EXPENSE,BOLETO,False
Rendimento de investimento,395.12,2024-01-21,INCOME,BANK_TRANSFER,True
Pet shop,350.14,2024-01-22,EXPENSE,PIX,False
Internet residencial,100.55,2024-01-22,EXPENSE,CASH,True
Bonus profissional,2554.46,2024-01-22,INCOME,BANK_TRANSFER,False
Reembolso empresarial,349.28,2024-01-22,INCOME,PIX,False
Cinema e lazer,87.33,2024-01-22,EXPENSE,CASH,False
Seguro do veiculo,166.49,2024-01-22,EXPENSE,BOLETO,True
Academia,198.1,2024-01-22,EXPENSE,CREDIT_CARD,True
Delivery de comida,50.93,2024-01-22,EXPENSE,BOLETO,False
Passagem aerea,1887.15,2024-01-22,EXPENSE,CREDIT_CARD,False
Farmacia,123.73,2024-01-22,EXPENSE,CREDIT_CARD,False
Estacionamento,55.92,2024-01-22,EXPENSE,DEBIT_CARD,False
Aluguel residencial,2792.4,2024-01-22,EXPENSE,BANK_TRANSFER,True
Doacao,235.35,2024-01-22,EXPENSE,CASH,False
Farmacia,251.42,2024-01-23,EXPENSE,CASH,False
Conta de energia,541.32,2024-01-23,EXPENSE,CASH,False
Venda de produto,1695.09,2024-01-23,INCOME,PIX,False
Doacao,244.31,2024-01-23,EXPENSE,DEBIT_CARD,False
Bonus profissional,1641.09,2024-01-23,INCOME,PIX,False
Veterinario,232.97,2024-01-23,EXPENSE,DEBIT_CARD,False
Pet shop,89.16,2024-01-23,EXPENSE,PIX,False
Seguro do veiculo,355.56,2024-01-23,EXPENSE,BANK_TRANSFER,True
Transferencia recebida,1626.24,2024-01-23,INCOME,BANK_TRANSFER,False
Plano de saude,709.27,2024-01-23,EXPENSE,DEBIT_CARD,True
Bonus profissional,4313.12,2024-01-23,INCOME,PIX,False
Doacao,195.87,2024-01-24,EXPENSE,CASH,False
Farmacia,163.97,2024-01-24,EXPENSE,CASH,False
Aluguel residencial,1925.13,2024-01-24,EXPENSE,BANK_TRANSFER,True
Restituicao de imposto,1662.34,2024-01-24,INCOME,PIX,False
Conta de agua,187.06,2024-01-24,EXPENSE,BANK_TRANSFER,True
Eletronicos,2989.32,2024-01-24,EXPENSE,BANK_TRANSFER,False
Impostos e taxas,1206.88,2024-01-24,EXPENSE,PIX,False
Cinema e lazer,87.22,2024-01-24,EXPENSE,BOLETO,False
Salario mensal,6695.6,2024-01-24,INCOME,BANK_TRANSFER,True
Condominio,638.21,2024-01-24,EXPENSE,PIX,False
Restaurante,119.46,2024-01-24,EXPENSE,CASH,False
Viagem e hospedagem,1840.14,2024-01-25,EXPENSE,DEBIT_CARD,False
Condominio,355.95,2024-01-25,EXPENSE,BOLETO,True
Conta de energia,249.47,2024-01-25,EXPENSE,BANK_TRANSFER,True
Restituicao de imposto,2379.93,2024-01-25,INCOME,PIX,False
Delivery de comida,118.72,2024-01-25,EXPENSE,BANK_TRANSFER,False
Curso online,286.83,2024-01-25,EXPENSE,CREDIT_CARD,False
Academia,94.69,2024-01-25,EXPENSE,BOLETO,True
Academia,163.62,2024-01-25,EXPENSE,BANK_TRANSFER,True
Delivery de comida,40.06,2024-01-25,EXPENSE,BANK_TRANSFER,False
Pagamento freelance,3109.81,2024-01-25,INCOME,BANK_TRANSFER,False
Curso online,287.69,2024-01-26,EXPENSE,CASH,False
Reembolso empresarial,132.08,2024-01-26,INCOME,PIX,False
Seguro do veiculo,158.86,2024-01-26,EXPENSE,CREDIT_CARD,False
Pagamento freelance,1598.87,2024-01-26,INCOME,BANK_TRANSFER,False
Impostos e taxas,1287.3,2024-01-26,EXPENSE,BANK_TRANSFER,False
Conta de agua,205.69,2024-01-26,EXPENSE,BANK_TRANSFER,True
Bonus profissional,1922.85,2024-01-26,INCOME,BANK_TRANSFER,False
Internet residencial,177.06,2024-01-26,EXPENSE,BANK_TRANSFER,True
Farmacia,83.21,2024-01-26,EXPENSE,PIX,False
Livraria,63.73,2024-01-26,EXPENSE,BOLETO,False
Livraria,82.89,2024-01-26,EXPENSE,CASH,False
Padaria,50.79,2024-01-27,EXPENSE,BANK_TRANSFER,False
Impostos e taxas,595.56,2024-01-27,EXPENSE,CREDIT_CARD,False
Seguro do veiculo,195.42,2024-01-27,EXPENSE,DEBIT_CARD,True
Restaurante,110.77,2024-01-27,EXPENSE,DEBIT_CARD,False
Supermercado,274.45,2024-01-27,EXPENSE,BANK_TRANSFER,False
Livraria,138.48,2024-01-27,EXPENSE,BOLETO,False
Livraria,43.55,2024-01-27,EXPENSE,DEBIT_CARD,False
Condominio,726.43,2024-01-27,EXPENSE,CREDIT_CARD,True
Aluguel recebido,2468.25,2024-01-27,INCOME,PIX,True
Pet shop,147.06,2024-01-27,EXPENSE,BOLETO,False
Aluguel recebido,2588.26,2024-01-27,INCOME,PIX,True
Passagem aerea,735.95,2024-01-27,EXPENSE,CREDIT_CARD,False
Manutencao do veiculo,1090.93,2024-01-27,EXPENSE,CASH,False
Viagem e hospedagem,2240.86,2024-01-27,EXPENSE,BANK_TRANSFER,False
Streaming,45.1,2024-01-27,EXPENSE,BOLETO,True
Academia,170.88,2024-01-27,EXPENSE,CREDIT_CARD,True
Salario mensal,8807.17,2024-01-27,INCOME,BANK_TRANSFER,True
Venda de produto,915.12,2024-01-27,INCOME,BANK_TRANSFER,False
Venda de produto,733.61,2024-01-28,INCOME,BANK_TRANSFER,False
Padaria,27.71,2024-01-28,EXPENSE,CREDIT_CARD,False
Conta de agua,96.6,2024-01-28,EXPENSE,PIX,True
Rendimento de investimento,510.83,2024-01-28,INCOME,BANK_TRANSFER,True
Delivery de comida,115.11,2024-01-28,EXPENSE,DEBIT_CARD,False
Aluguel recebido,1704.2,2024-01-28,INCOME,PIX,True
Condominio,494.5,2024-01-28,EXPENSE,BOLETO,True
Academia,152.33,2024-01-28,EXPENSE,BANK_TRANSFER,True
Loja de roupas,477.58,2024-01-28,EXPENSE,BANK_TRANSFER,False
Curso online,259.64,2024-01-28,EXPENSE,CASH,False
Conta de agua,214.27,2024-01-29,EXPENSE,CASH,True
Manutencao do veiculo,1639.46,2024-01-29,EXPENSE,DEBIT_CARD,False
Condominio,530.41,2024-01-29,EXPENSE,BANK_TRANSFER,False
Condominio,438.22,2024-01-29,EXPENSE,PIX,True
Streaming,61.0,2024-01-29,EXPENSE,PIX,True
Passagem aerea,1813.79,2024-01-29,EXPENSE,CREDIT_CARD,False
Internet residencial,108.58,2024-01-29,EXPENSE,BOLETO,True
Dividendos,424.57,2024-01-29,INCOME,PIX,True
Transferencia recebida,1534.45,2024-01-29,INCOME,BANK_TRANSFER,False
Dividendos,189.11,2024-01-29,INCOME,PIX,True
Transferencia recebida,1043.44,2024-01-30,INCOME,PIX,False
Venda de produto,992.78,2024-01-30,INCOME,PIX,False
Viagem e hospedagem,966.71,2024-01-30,EXPENSE,BOLETO,False
Conta de agua,162.97,2024-01-30,EXPENSE,PIX,True
Veterinario,143.29,2024-01-30,EXPENSE,CREDIT_CARD,False
Internet residencial,139.02,2024-01-30,EXPENSE,BANK_TRANSFER,True
Supermercado,188.87,2024-01-30,EXPENSE,DEBIT_CARD,False
Pagamento freelance,3164.94,2024-01-30,INCOME,BANK_TRANSFER,False
Reembolso empresarial,161.59,2024-01-30,INCOME,BANK_TRANSFER,False
Restituicao de imposto,903.95,2024-01-30,INCOME,PIX,False
Cinema e lazer,77.55,2024-01-31,EXPENSE,CASH,False
Passagem aerea,1224.44,2024-01-31,EXPENSE,CASH,False
Passagem aerea,1353.08,2024-01-31,EXPENSE,BOLETO,False
Aluguel residencial,1740.07,2024-01-31,EXPENSE,BANK_TRANSFER,True
Restaurante,89.91,2024-01-31,EXPENSE,DEBIT_CARD,False
Restaurante,169.86,2024-01-31,EXPENSE,DEBIT_CARD,False
Conta de energia,418.0,2024-01-31,EXPENSE,DEBIT_CARD,True
Condominio,631.82,2024-01-31,EXPENSE,BOLETO,True
Rendimento de investimento,313.56,2024-01-31,INCOME,BANK_TRANSFER,True
Conta de agua,177.63,2024-02-01,EXPENSE,BOLETO,False
Delivery de comida,89.55,2024-02-01,EXPENSE,CREDIT_CARD,False
Streaming,55.36,2024-02-01,EXPENSE,CREDIT_CARD,True
Streaming,36.6,2024-02-01,EXPENSE,CASH,False
Seguro do veiculo,416.6,2024-02-01,EXPENSE,CREDIT_CARD,False
Padaria,53.64,2024-02-01,EXPENSE,CREDIT_CARD,False
Restaurante,129.01,2024-02-01,EXPENSE,BANK_TRANSFER,False
Restaurante,135.47,2024-02-01,EXPENSE,DEBIT_CARD,False
Conta de energia,347.82,2024-02-01,EXPENSE,CASH,True
Aluguel residencial,1897.75,2024-02-01,EXPENSE,CASH,True
Curso online,204.12,2024-02-01,EXPENSE,DEBIT_CARD,False
Livraria,99.62,2024-02-01,EXPENSE,CREDIT_CARD,False
Salario mensal,7520.28,2024-02-01,INCOME,BANK_TRANSFER,True
Combustivel,182.78,2024-02-01,EXPENSE,CREDIT_CARD,False
Viagem e hospedagem,1515.21,2024-02-02,EXPENSE,CASH,False
Curso online,165.69,2024-02-02,EXPENSE,BANK_TRANSFER,False
Bonus profissional,1441.44,2024-02-02,INCOME,BANK_TRANSFER,False
Pagamento freelance,2934.77,2024-02-02,INCOME,BANK_TRANSFER,False
Loja de roupas,399.09,2024-02-02,EXPENSE,BOLETO,False
Condominio,510.44,2024-02-02,EXPENSE,CREDIT_CARD,True
Plano de celular,90.0,2024-02-02,EXPENSE,DEBIT_CARD,True
Pet shop,134.12,2024-02-02,EXPENSE,DEBIT_CARD,False
Transferencia recebida,1928.47,2024-02-02,INCOME,BANK_TRANSFER,False
Manutencao do veiculo,380.82,2024-02-03,EXPENSE,BANK_TRANSFER,False
Impostos e taxas,453.96,2024-02-03,EXPENSE,CREDIT_CARD,False
Reembolso empresarial,514.35,2024-02-03,INCOME,PIX,False
Cinema e lazer,144.45,2024-02-03,EXPENSE,CREDIT_CARD,False
Viagem e hospedagem,1460.73,2024-02-03,EXPENSE,CASH,False
Seguro do veiculo,296.71,2024-02-03,EXPENSE,BOLETO,True
Plano de celular,72.21,2024-02-03,EXPENSE,BOLETO,True
Doacao,292.81,2024-02-03,EXPENSE,DEBIT_CARD,False
Manutencao do veiculo,1615.17,2024-02-03,EXPENSE,CREDIT_CARD,False
Aluguel recebido,2426.01,2024-02-03,INCOME,PIX,True
Curso online,482.27,2024-02-03,EXPENSE,BANK_TRANSFER,False
Eletronicos,3453.6,2024-02-03,EXPENSE,BOLETO,False
Conta de agua,66.94,2024-02-03,EXPENSE,CREDIT_CARD,True
Aplicativo de transporte,25.59,2024-02-03,EXPENSE,BOLETO,False
Dividendos,266.96,2024-02-04,INCOME,BANK_TRANSFER,True
Condominio,394.15,2024-02-04,EXPENSE,CREDIT_CARD,True
Supermercado,364.11,2024-02-04,EXPENSE,CASH,False
Venda de produto,869.91,2024-02-04,INCOME,PIX,False
Combustivel,153.97,2024-02-04,EXPENSE,CREDIT_CARD,False
Restituicao de imposto,952.46,2024-02-04,INCOME,PIX,False
Restituicao de imposto,2489.24,2024-02-04,INCOME,BANK_TRANSFER,False
Curso online,294.52,2024-02-04,EXPENSE,CASH,False
Aplicativo de transporte,58.82,2024-02-04,EXPENSE,CASH,False
Passagem aerea,1202.39,2024-02-04,EXPENSE,BANK_TRANSFER,False
Manutencao do veiculo,483.65,2024-02-04,EXPENSE,CASH,False
Seguro do veiculo,312.06,2024-02-05,EXPENSE,DEBIT_CARD,True
Livraria,67.77,2024-02-05,EXPENSE,CREDIT_CARD,False
Cinema e lazer,107.42,2024-02-05,EXPENSE,PIX,False
Eletronicos,2370.05,2024-02-05,EXPENSE,DEBIT_CARD,False
Livraria,46.61,2024-02-05,EXPENSE,BANK_TRANSFER,False
Internet residencial,124.98,2024-02-05,EXPENSE,BANK_TRANSFER,True
Aluguel residencial,2370.1,2024-02-05,EXPENSE,BANK_TRANSFER,False
Veterinario,224.69,2024-02-05,EXPENSE,BOLETO,False
Passagem aerea,1498.09,2024-02-05,EXPENSE,DEBIT_CARD,False
Passagem aerea,1066.06,2024-02-05,EXPENSE,BANK_TRANSFER,False
Dividendos,538.55,2024-02-05,INCOME,PIX,True
Condominio,425.01,2024-02-06,EXPENSE,BOLETO,True
Condominio,703.17,2024-02-06,EXPENSE,BANK_TRANSFER,True
Supermercado,381.2,2024-02-06,EXPENSE,BOLETO,False
Transferencia recebida,1694.18,2024-02-06,INCOME,PIX,False
Restaurante,187.17,2024-02-06,EXPENSE,BANK_TRANSFER,False
Internet residencial,109.8,2024-02-06,EXPENSE,DEBIT_CARD,True
Streaming,51.83,2024-02-06,EXPENSE,PIX,True
Delivery de comida,68.46,2024-02-06,EXPENSE,PIX,False
Condominio,719.92,2024-02-06,EXPENSE,DEBIT_CARD,False
Seguro do veiculo,255.57,2024-02-06,EXPENSE,CREDIT_CARD,True
Pagamento freelance,1925.73,2024-02-06,INCOME,BANK_TRANSFER,False
Cinema e lazer,93.14,2024-02-06,EXPENSE,CREDIT_CARD,False
Aluguel recebido,1578.89,2024-02-07,INCOME,PIX,True
Rendimento de investimento,295.74,2024-02-07,INCOME,PIX,False
Streaming,36.12,2024-02-07,EXPENSE,DEBIT_CARD,True
Delivery de comida,42.16,2024-02-07,EXPENSE,PIX,False
Plano de celular,41.79,2024-02-07,EXPENSE,DEBIT_CARD,True
Aluguel residencial,3048.44,2024-02-07,EXPENSE,BANK_TRANSFER,True
Condominio,461.91,2024-02-07,EXPENSE,CREDIT_CARD,False
Plano de saude,1150.65,2024-02-07,EXPENSE,BANK_TRANSFER,True
Plano de saude,685.43,2024-02-07,EXPENSE,CASH,True
Curso online,149.45,2024-02-08,EXPENSE,DEBIT_CARD,False
Impostos e taxas,786.86,2024-02-08,EXPENSE,BOLETO,False
Livraria,92.45,2024-02-08,EXPENSE,DEBIT_CARD,False
Plano de saude,528.72,2024-02-08,EXPENSE,PIX,True
Farmacia,277.46,2024-02-08,EXPENSE,BANK_TRANSFER,False
Plano de celular,84.59,2024-02-08,EXPENSE,CASH,False
Aluguel recebido,1981.64,2024-02-08,INCOME,BANK_TRANSFER,True
Streaming,51.84,2024-02-08,EXPENSE,BANK_TRANSFER,False
Reembolso empresarial,297.18,2024-02-08,INCOME,PIX,False
Impostos e taxas,1068.41,2024-02-08,EXPENSE,CREDIT_CARD,False
Viagem e hospedagem,2934.7,2024-02-08,EXPENSE,DEBIT_CARD,False
Eletronicos,3335.59,2024-02-09,EXPENSE,BANK_TRANSFER,False
Restituicao de imposto,2529.9,2024-02-09,INCOME,PIX,False
Passagem aerea,1890.94,2024-02-09,EXPENSE,PIX,False
Veterinario,318.34,2024-02-09,EXPENSE,CASH,False
Bonus profissional,2728.71,2024-02-09,INCOME,PIX,False
Academia,112.82,2024-02-09,EXPENSE,CREDIT_CARD,True
Restituicao de imposto,2171.12,2024-02-09,INCOME,PIX,False
Aluguel recebido,2978.83,2024-02-09,INCOME,PIX,True
Streaming,62.16,2024-02-09,EXPENSE,CREDIT_CARD,False
Plano de saude,939.21,2024-02-09,EXPENSE,CASH,True
Plano de saude,638.58,2024-02-09,EXPENSE,CREDIT_CARD,True
Venda de produto,1436.81,2024-02-09,INCOME,PIX,False
Plano de saude,906.75,2024-02-10,EXPENSE,CREDIT_CARD,True
Cinema e lazer,44.12,2024-02-10,EXPENSE,CREDIT_CARD,False
Rendimento de investimento,186.1,2024-02-10,INCOME,PIX,True
Loja de roupas,177.25,2024-02-10,EXPENSE,PIX,False
Livraria,79.21,2024-02-10,EXPENSE,BOLETO,False
Bonus profissional,1559.75,2024-02-10,INCOME,BANK_TRANSFER,False
Reembolso empresarial,596.68,2024-02-10,INCOME,BANK_TRANSFER,False
Reembolso empresarial,586.4,2024-02-10,INCOME,BANK_TRANSFER,False
Viagem e hospedagem,1488.71,2024-02-10,EXPENSE,CASH,False
Aluguel recebido,2829.56,2024-02-10,INCOME,BANK_TRANSFER,False
Impostos e taxas,1549.17,2024-02-10,EXPENSE,CREDIT_CARD,False
Supermercado,417.97,2024-02-10,EXPENSE,BOLETO,False
Livraria,111.43,2024-02-10,EXPENSE,BANK_TRANSFER,False
Estacionamento,26.37,2024-02-10,EXPENSE,BOLETO,False
Curso online,117.42,2024-02-10,EXPENSE,BANK_TRANSFER,False
Livraria,49.68,2024-02-10,EXPENSE,CREDIT_CARD,False
Condominio,943.75,2024-02-10,EXPENSE,BOLETO,True
Bonus profissional,4095.05,2024-02-10,INCOME,PIX,False
Academia,167.33,2024-02-10,EXPENSE,BANK_TRANSFER,True
Condominio,978.66,2024-02-11,EXPENSE,CREDIT_CARD,True
Aluguel residencial,1203.62,2024-02-11,EXPENSE,DEBIT_CARD,False
Pet shop,80.7,2024-02-11,EXPENSE,PIX,False
Condominio,822.86,2024-02-11,EXPENSE,DEBIT_CARD,False
Livraria,180.81,2024-02-11,EXPENSE,BANK_TRANSFER,False
Estacionamento,22.02,2024-02-11,EXPENSE,BANK_TRANSFER,False
Farmacia,164.2,2024-02-11,EXPENSE,DEBIT_CARD,False
Aplicativo de transporte,34.33,2024-02-11,EXPENSE,PIX,False
Conta de energia,143.4,2024-02-11,EXPENSE,CASH,True
Pet shop,99.51,2024-02-11,EXPENSE,CREDIT_CARD,False
Loja de roupas,678.88,2024-02-11,EXPENSE,CREDIT_CARD,False
Rendimento de investimento,132.69,2024-02-12,INCOME,PIX,True
Delivery de comida,99.94,2024-02-12,EXPENSE,CREDIT_CARD,False
Veterinario,440.01,2024-02-12,EXPENSE,CREDIT_CARD,False
Conta de agua,100.94,2024-02-13,EXPENSE,DEBIT_CARD,True
Venda de produto,1573.28,2024-02-13,INCOME,BANK_TRANSFER,False
Estacionamento,24.5,2024-02-13,EXPENSE,CASH,False
Livraria,93.43,2024-02-13,EXPENSE,BANK_TRANSFER,False
Salario mensal,9136.41,2024-02-13,INCOME,PIX,True
Pet shop,93.35,2024-02-13,EXPENSE,PIX,False
Loja de roupas,234.13,2024-02-13,EXPENSE,CASH,False
Aluguel recebido,1844.85,2024-02-13,INCOME,PIX,True
Seguro do veiculo,327.08,2024-02-13,EXPENSE,BANK_TRANSFER,True
Plano de celular,75.45,2024-02-13,EXPENSE,CASH,True
Estacionamento,25.61,2024-02-13,EXPENSE,BOLETO,False
Salario mensal,5762.1,2024-02-13,INCOME,PIX,True
Academia,108.94,2024-02-13,EXPENSE,BOLETO,True
Curso online,208.52,2024-02-13,EXPENSE,CREDIT_CARD,False
Restaurante,184.17,2024-02-14,EXPENSE,CREDIT_CARD,False
Combustivel,145.25,2024-02-14,EXPENSE,BANK_TRANSFER,False
Manutencao do veiculo,1481.74,2024-02-14,EXPENSE,DEBIT_CARD,False
Eletronicos,1702.42,2024-02-14,EXPENSE,CREDIT_CARD,False
Internet residencial,153.19,2024-02-14,EXPENSE,BOLETO,True
Manutencao do veiculo,733.03,2024-02-14,EXPENSE,BOLETO,False
Doacao,319.78,2024-02-14,EXPENSE,BANK_TRANSFER,False
Padaria,31.28,2024-02-14,EXPENSE,CASH,False
Conta de agua,129.52,2024-02-14,EXPENSE,DEBIT_CARD,False
Rendimento de investimento,464.85,2024-02-14,INCOME,PIX,True
Streaming,73.74,2024-02-14,EXPENSE,CREDIT_CARD,True
Supermercado,366.48,2024-02-14,EXPENSE,BANK_TRANSFER,False
Conta de energia,250.1,2024-02-14,EXPENSE,PIX,True
Padaria,31.16,2024-02-14,EXPENSE,BANK_TRANSFER,False
Internet residencial,109.36,2024-02-15,EXPENSE,BANK_TRANSFER,True
Aplicativo de transporte,32.76,2024-02-15,EXPENSE,PIX,False
Restituicao de imposto,1800.58,2024-02-15,INCOME,BANK_TRANSFER,False
Pet shop,349.85,2024-02-15,EXPENSE,BOLETO,False
Conta de energia,213.24,2024-02-15,EXPENSE,BANK_TRANSFER,False
Passagem aerea,2011.55,2024-02-15,EXPENSE,BOLETO,False
Aluguel residencial,3221.16,2024-02-15,EXPENSE,CREDIT_CARD,True
Doacao,362.73,2024-02-15,EXPENSE,CASH,False
Cinema e lazer,87.58,2024-02-15,EXPENSE,PIX,False
Academia,135.72,2024-02-15,EXPENSE,DEBIT_CARD,True
Delivery de comida,98.45,2024-02-15,EXPENSE,CASH,False
Plano de saude,423.89,2024-02-15,EXPENSE,BOLETO,True
Supermercado,384.33,2024-02-15,EXPENSE,CASH,False
Dividendos,426.36,2024-02-15,INCOME,PIX,True
Manutencao do veiculo,203.62,2024-02-15,EXPENSE,CASH,False
Pagamento freelance,2840.87,2024-02-16,INCOME,BANK_TRANSFER,False
Seguro do veiculo,370.02,2024-02-16,EXPENSE,CASH,True
Farmacia,35.76,2024-02-16,EXPENSE,BANK_TRANSFER,False
Veterinario,593.06,2024-02-16,EXPENSE,DEBIT_CARD,False
Aplicativo de transporte,32.93,2024-02-16,EXPENSE,CASH,False
Padaria,39.41,2024-02-16,EXPENSE,PIX,False
Passagem aerea,2010.85,2024-02-16,EXPENSE,BOLETO,False
Pet shop,283.39,2024-02-16,EXPENSE,BOLETO,False
Manutencao do veiculo,971.87,2024-02-16,EXPENSE,CASH,False
Seguro do veiculo,234.24,2024-02-16,EXPENSE,PIX,False
Pagamento freelance,3755.67,2024-02-16,INCOME,PIX,False
Eletronicos,562.52,2024-02-16,EXPENSE,DEBIT_CARD,False
Eletronicos,3112.48,2024-02-16,EXPENSE,BANK_TRANSFER,False
Internet residencial,132.26,2024-02-16,EXPENSE,PIX,True
Pet shop,166.4,2024-02-17,EXPENSE,DEBIT_CARD,False
Livraria,67.03,2024-02-17,EXPENSE,BOLETO,False
Padaria,34.79,2024-02-17,EXPENSE,PIX,False
Restaurante,107.33,2024-02-17,EXPENSE,BANK_TRANSFER,False
Viagem e hospedagem,920.71,2024-02-17,EXPENSE,DEBIT_CARD,False
Delivery de comida,96.96,2024-02-17,EXPENSE,PIX,False
Internet residencial,132.94,2024-02-17,EXPENSE,BOLETO,False
Internet residencial,177.25,2024-02-17,EXPENSE,BOLETO,True
Bonus profissional,2143.86,2024-02-17,INCOME,BANK_TRANSFER,False
Eletronicos,1472.67,2024-02-17,EXPENSE,BANK_TRANSFER,False
Academia,178.71,2024-02-17,EXPENSE,BOLETO,True
Estacionamento,41.32,2024-02-17,EXPENSE,BANK_TRANSFER,False
Loja de roupas,361.52,2024-02-17,EXPENSE,DEBIT_CARD,False
Combustivel,254.87,2024-02-17,EXPENSE,PIX,False
Internet residencial,79.45,2024-02-17,EXPENSE,BANK_TRANSFER,False
Transferencia recebida,1640.25,2024-02-18,INCOME,BANK_TRANSFER,False
Aplicativo de transporte,38.16,2024-02-18,EXPENSE,BANK_TRANSFER,False
Farmacia,273.72,2024-02-18,EXPENSE,PIX,False
Loja de roupas,336.59,2024-02-18,EXPENSE,DEBIT_CARD,False
Conta de agua,42.8,2024-02-18,EXPENSE,BOLETO,True
Venda de produto,1404.27,2024-02-18,INCOME,BANK_TRANSFER,False
Reembolso empresarial,710.21,2024-02-18,INCOME,PIX,False
Doacao,270.08,2024-02-18,EXPENSE,PIX,False
Delivery de comida,165.62,2024-02-18,EXPENSE,PIX,False
Veterinario,193.94,2024-02-18,EXPENSE,BOLETO,False
Restaurante,83.22,2024-02-18,EXPENSE,BANK_TRANSFER,False
Pagamento freelance,3298.69,2024-02-18,INCOME,PIX,False
Impostos e taxas,405.74,2024-02-19,EXPENSE,BOLETO,False
Bonus profissional,983.73,2024-02-19,INCOME,PIX,False
Venda de produto,366.66,2024-02-19,INCOME,PIX,False
Plano de celular,58.87,2024-02-19,EXPENSE,BOLETO,True
Livraria,80.32,2024-02-19,EXPENSE,CREDIT_CARD,False
Farmacia,313.44,2024-02-19,EXPENSE,BOLETO,False
Estacionamento,27.23,2024-02-19,EXPENSE,BANK_TRANSFER,False
Cinema e lazer,132.9,2024-02-20,EXPENSE,CREDIT_CARD,False
Loja de roupas,404.39,2024-02-20,EXPENSE,PIX,False
Impostos e taxas,942.43,2024-02-20,EXPENSE,CASH,False
Restituicao de imposto,742.78,2024-02-20,INCOME,PIX,False
Impostos e taxas,1128.19,2024-02-20,EXPENSE,BANK_TRANSFER,False
Rendimento de investimento,340.97,2024-02-20,INCOME,BANK_TRANSFER,True
Academia,104.81,2024-02-20,EXPENSE,BOLETO,False
Conta de agua,87.38,2024-02-20,EXPENSE,PIX,True
Delivery de comida,143.67,2024-02-20,EXPENSE,DEBIT_CARD,False
Estacionamento,41.5,2024-02-20,EXPENSE,DEBIT_CARD,False
Bonus profissional,2049.64,2024-02-20,INCOME,PIX,False
Conta de energia,427.02,2024-02-20,EXPENSE,PIX,True
Internet residencial,106.12,2024-02-21,EXPENSE,CREDIT_CARD,True
Padaria,29.99,2024-02-21,EXPENSE,BOLETO,False
Viagem e hospedagem,2330.49,2024-02-21,EXPENSE,BANK_TRANSFER,False
Venda de produto,1247.74,2024-02-21,INCOME,BANK_TRANSFER,False
Salario mensal,6504.68,2024-02-21,INCOME,PIX,True
Cinema e lazer,155.4,2024-02-21,EXPENSE,CREDIT_CARD,False
Farmacia,204.29,2024-02-21,EXPENSE,CREDIT_CARD,False
Conta de agua,66.0,2024-02-21,EXPENSE,DEBIT_CARD,True
Restituicao de imposto,1440.59,2024-02-21,INCOME,PIX,False
Combustivel,218.33,2024-02-21,EXPENSE,PIX,False
Transferencia recebida,835.07,2024-02-21,INCOME,PIX,False
Padaria,46.87,2024-02-22,EXPENSE,BANK_TRANSFER,False
Conta de agua,241.0,2024-02-22,EXPENSE,PIX,False
Doacao,182.04,2024-02-22,EXPENSE,BOLETO,False
Venda de produto,317.85,2024-02-22,INCOME,PIX,False
Academia,89.78,2024-02-22,EXPENSE,BANK_TRANSFER,True
Combustivel,288.2,2024-02-22,EXPENSE,CASH,False
Padaria,61.09,2024-02-22,EXPENSE,CASH,False
Passagem aerea,2346.59,2024-02-22,EXPENSE,DEBIT_CARD,False
Aplicativo de transporte,40.23,2024-02-22,EXPENSE,CREDIT_CARD,False
Dividendos,627.41,2024-02-22,INCOME,BANK_TRANSFER,True
Veterinario,307.72,2024-02-22,EXPENSE,PIX,False
Restaurante,176.31,2024-02-22,EXPENSE,CASH,False
Rendimento de investimento,222.03,2024-02-23,INCOME,PIX,True
Estacionamento,16.13,2024-02-23,EXPENSE,BANK_TRANSFER,False
Seguro do veiculo,422.09,2024-02-23,EXPENSE,PIX,True
Manutencao do veiculo,1893.12,2024-02-23,EXPENSE,BOLETO,False
Internet residencial,82.93,2024-02-23,EXPENSE,CREDIT_CARD,True
Conta de energia,366.76,2024-02-23,EXPENSE,PIX,True
Curso online,350.6,2024-02-23,EXPENSE,PIX,False
Farmacia,56.88,2024-02-23,EXPENSE,DEBIT_CARD,False
Salario mensal,4278.47,2024-02-23,INCOME,PIX,True
Pagamento freelance,3108.27,2024-02-23,INCOME,PIX,False
Plano de saude,511.35,2024-02-23,EXPENSE,BOLETO,True
Aplicativo de transporte,38.55,2024-02-24,EXPENSE,BOLETO,False
Viagem e hospedagem,1499.64,2024-02-24,EXPENSE,CASH,False
Reembolso empresarial,493.24,2024-02-24,INCOME,PIX,False
Salario mensal,7616.89,2024-02-24,INCOME,PIX,True
Venda de produto,736.96,2024-02-24,INCOME,PIX,False
Aluguel residencial,2194.69,2024-02-24,EXPENSE,BANK_TRANSFER,False
Padaria,16.97,2024-02-24,EXPENSE,BANK_TRANSFER,False
Academia,115.16,2024-02-24,EXPENSE,BOLETO,True
Farmacia,188.87,2024-02-24,EXPENSE,DEBIT_CARD,False
Delivery de comida,53.97,2024-02-25,EXPENSE,CREDIT_CARD,False
Restaurante,42.0,2024-02-25,EXPENSE,BOLETO,False
Combustivel,162.82,2024-02-25,EXPENSE,BANK_TRANSFER,False
Aluguel recebido,2112.58,2024-02-25,INCOME,PIX,True
Combustivel,140.24,2024-02-25,EXPENSE,CASH,False
Manutencao do veiculo,941.71,2024-02-25,EXPENSE,CASH,False
Cinema e lazer,60.93,2024-02-25,EXPENSE,BANK_TRANSFER,False
Conta de energia,308.86,2024-02-25,EXPENSE,CREDIT_CARD,True
Transferencia recebida,1970.99,2024-02-25,INCOME,BANK_TRANSFER,False
Veterinario,605.88,2024-02-26,EXPENSE,DEBIT_CARD,False
Transferencia recebida,949.16,2024-02-26,INCOME,BANK_TRANSFER,False
Passagem aerea,1556.2,2024-02-26,EXPENSE,BANK_TRANSFER,False
Restaurante,186.34,2024-02-26,EXPENSE,CASH,False
Dividendos,597.69,2024-02-26,INCOME,BANK_TRANSFER,True
Dividendos,527.31,2024-02-26,INCOME,BANK_TRANSFER,True
Eletronicos,2872.84,2024-02-26,EXPENSE,BANK_TRANSFER,False
Loja de roupas,394.28,2024-02-26,EXPENSE,DEBIT_CARD,False
Veterinario,538.54,2024-02-26,EXPENSE,CASH,False
Doacao,347.78,2024-02-26,EXPENSE,DEBIT_CARD,False
Supermercado,160.1,2024-02-26,EXPENSE,CREDIT_CARD,False
Streaming,32.59,2024-02-26,EXPENSE,BOLETO,True
Impostos e taxas,1358.89,2024-02-26,EXPENSE,CASH,False
Conta de energia,206.64,2024-02-26,EXPENSE,CREDIT_CARD,True
Salario mensal,8967.69,2024-02-26,INCOME,BANK_TRANSFER,True
Venda de produto,1073.22,2024-02-26,INCOME,PIX,False
Doacao,168.93,2024-02-27,EXPENSE,DEBIT_CARD,False
Supermercado,272.14,2024-02-27,EXPENSE,BANK_TRANSFER,False
Aplicativo de transporte,59.45,2024-02-27,EXPENSE,CREDIT_CARD,False
Manutencao do veiculo,1306.56,2024-02-27,EXPENSE,DEBIT_CARD,False
Pet shop,118.1,2024-02-27,EXPENSE,BOLETO,False
Pagamento freelance,2987.68,2024-02-27,INCOME,PIX,False
Pagamento freelance,1666.87,2024-02-27,INCOME,PIX,False
Academia,139.3,2024-02-27,EXPENSE,BOLETO,True
Aluguel recebido,2887.4,2024-02-27,INCOME,BANK_TRANSFER,True
Salario mensal,9836.29,2024-02-28,INCOME,PIX,True
Cinema e lazer,79.31,2024-02-28,EXPENSE,PIX,False
Dividendos,145.58,2024-02-28,INCOME,BANK_TRANSFER,False
Pet shop,255.91,2024-02-28,EXPENSE,BOLETO,False
Supermercado,251.29,2024-02-28,EXPENSE,CREDIT_CARD,False
Dividendos,378.09,2024-02-28,INCOME,PIX,True
Restituicao de imposto,1974.27,2024-02-28,INCOME,PIX,False
Transferencia recebida,1609.27,2024-02-28,INCOME,BANK_TRANSFER,False
Conta de agua,189.42,2024-02-28,EXPENSE,BANK_TRANSFER,True
Livraria,101.24,2024-02-28,EXPENSE,PIX,False
Transferencia recebida,1612.99,2024-02-29,INCOME,PIX,False
Cinema e lazer,103.57,2024-02-29,EXPENSE,CREDIT_CARD,False
Rendimento de investimento,487.98,2024-02-29,INCOME,PIX,True
Cinema e lazer,69.98,2024-02-29,EXPENSE,BOLETO,False
Aluguel residencial,2259.75,2024-02-29,EXPENSE,DEBIT_CARD,False
Aluguel residencial,2232.91,2024-02-29,EXPENSE,BANK_TRANSFER,True
Farmacia,117.65,2024-02-29,EXPENSE,PIX,False
Plano de celular,76.59,2024-02-29,EXPENSE,CASH,True
Plano de celular,110.1,2024-02-29,EXPENSE,BOLETO,True
Plano de saude,787.75,2024-02-29,EXPENSE,BANK_TRANSFER,True
Doacao,345.26,2024-02-29,EXPENSE,BANK_TRANSFER,False
Combustivel,257.83,2024-02-29,EXPENSE,PIX,False
Reembolso empresarial,589.6,2024-02-29,INCOME,PIX,False
Conta de energia,179.7,2024-03-01,EXPENSE,BOLETO,True
Impostos e taxas,1056.11,2024-03-01,EXPENSE,BOLETO,False
Reembolso empresarial,432.07,2024-03-01,INCOME,BANK_TRANSFER,False
Aluguel recebido,2723.26,2024-03-01,INCOME,PIX,True
Curso online,349.32,2024-03-01,EXPENSE,DEBIT_CARD,False
Plano de celular,49.89,2024-03-01,EXPENSE,PIX,True
Venda de produto,1010.37,2024-03-01,INCOME,PIX,False
Pagamento freelance,2231.71,2024-03-01,INCOME,BANK_TRANSFER,False
Streaming,47.32,2024-03-02,EXPENSE,CREDIT_CARD,True
Seguro do veiculo,430.92,2024-03-02,EXPENSE,CREDIT_CARD,True
Plano de celular,112.18,2024-03-02,EXPENSE,DEBIT_CARD,True
Seguro do veiculo,248.06,2024-03-02,EXPENSE,DEBIT_CARD,True
Doacao,272.99,2024-03-02,EXPENSE,PIX,False
Doacao,89.3,2024-03-02,EXPENSE,PIX,False
Loja de roupas,659.07,2024-03-02,EXPENSE,DEBIT_CARD,False
Internet residencial,148.51,2024-03-02,EXPENSE,CASH,True
Conta de agua,114.08,2024-03-02,EXPENSE,CREDIT_CARD,True
Bonus profissional,1409.53,2024-03-02,INCOME,PIX,False
Passagem aerea,2027.14,2024-03-02,EXPENSE,CREDIT_CARD,False
Viagem e hospedagem,3082.6,2024-03-02,EXPENSE,CREDIT_CARD,False
Rendimento de investimento,231.62,2024-03-02,INCOME,BANK_TRANSFER,True
Venda de produto,1043.43,2024-03-02,INCOME,BANK_TRANSFER,False
Restaurante,133.06,2024-03-02,EXPENSE,BANK_TRANSFER,False
Streaming,45.82,2024-03-02,EXPENSE,BOLETO,True
Loja de roupas,225.2,2024-03-03,EXPENSE,PIX,False
Passagem aerea,1640.47,2024-03-03,EXPENSE,PIX,False
Loja de roupas,336.18,2024-03-03,EXPENSE,BOLETO,False
Restaurante,59.18,2024-03-03,EXPENSE,CASH,False
Padaria,42.42,2024-03-03,EXPENSE,CASH,False
Aluguel recebido,2748.01,2024-03-03,INCOME,PIX,True
Streaming,33.8,2024-03-03,EXPENSE,CASH,True
Pet shop,198.29,2024-03-03,EXPENSE,DEBIT_CARD,False
Transferencia recebida,1279.26,2024-03-03,INCOME,PIX,False
Condominio,768.75,2024-03-03,EXPENSE,CREDIT_CARD,True
Manutencao do veiculo,803.01,2024-03-03,EXPENSE,DEBIT_CARD,False
Pet shop,156.03,2024-03-03,EXPENSE,CASH,False
Loja de roupas,366.84,2024-03-04,EXPENSE,BOLETO,False
Delivery de comida,36.62,2024-03-04,EXPENSE,CREDIT_CARD,False
Eletronicos,4773.62,2024-03-04,EXPENSE,PIX,False
Dividendos,560.22,2024-03-04,INCOME,PIX,True
Cinema e lazer,156.04,2024-03-04,EXPENSE,CASH,False
Internet residencial,142.04,2024-03-04,EXPENSE,CREDIT_CARD,True
Curso online,78.15,2024-03-04,EXPENSE,BOLETO,False
Passagem aerea,917.51,2024-03-04,EXPENSE,CREDIT_CARD,False
Rendimento de investimento,250.84,2024-03-05,INCOME,PIX,False
Rendimento de investimento,195.84,2024-03-05,INCOME,BANK_TRANSFER,True
Restaurante,238.37,2024-03-05,EXPENSE,BANK_TRANSFER,False
Pagamento freelance,3107.74,2024-03-05,INCOME,PIX,False
Seguro do veiculo,202.07,2024-03-05,EXPENSE,CREDIT_CARD,True
Academia,77.89,2024-03-05,EXPENSE,BOLETO,True
Condominio,785.02,2024-03-05,EXPENSE,BANK_TRANSFER,False
Livraria,219.07,2024-03-05,EXPENSE,DEBIT_CARD,False
Veterinario,393.0,2024-03-05,EXPENSE,BOLETO,False
Viagem e hospedagem,2244.51,2024-03-05,EXPENSE,CREDIT_CARD,False
Aplicativo de transporte,12.82,2024-03-06,EXPENSE,PIX,False
Curso online,187.88,2024-03-06,EXPENSE,BANK_TRANSFER,False
Combustivel,284.24,2024-03-06,EXPENSE,DEBIT_CARD,False
Academia,131.64,2024-03-06,EXPENSE,CREDIT_CARD,True
Academia,166.49,2024-03-06,EXPENSE,PIX,True
Cinema e lazer,87.84,2024-03-06,EXPENSE,PIX,False
Delivery de comida,57.41,2024-03-06,EXPENSE,DEBIT_CARD,False
Farmacia,208.31,2024-03-06,EXPENSE,BOLETO,False
Condominio,537.38,2024-03-06,EXPENSE,DEBIT_CARD,True
Pagamento freelance,3493.5,2024-03-06,INCOME,BANK_TRANSFER,False
Internet residencial,130.53,2024-03-06,EXPENSE,BOLETO,True
Eletronicos,1597.38,2024-03-06,EXPENSE,DEBIT_CARD,False
Cinema e lazer,132.91,2024-03-06,EXPENSE,DEBIT_CARD,False
Veterinario,359.1,2024-03-07,EXPENSE,DEBIT_CARD,False
Dividendos,512.98,2024-03-07,INCOME,PIX,True
Plano de celular,95.13,2024-03-07,EXPENSE,CASH,True
Salario mensal,8078.04,2024-03-07,INCOME,PIX,True
Plano de celular,46.74,2024-03-07,EXPENSE,CASH,True
Dividendos,329.7,2024-03-07,INCOME,BANK_TRANSFER,True
Aluguel residencial,1326.93,2024-03-07,EXPENSE,BOLETO,True
Plano de celular,92.2,2024-03-07,EXPENSE,BANK_TRANSFER,True
Restaurante,195.04,2024-03-07,EXPENSE,CREDIT_CARD,False
Padaria,17.32,2024-03-07,EXPENSE,DEBIT_CARD,False
Restaurante,147.53,2024-03-07,EXPENSE,BANK_TRANSFER,False
Viagem e hospedagem,3192.33,2024-03-08,EXPENSE,BANK_TRANSFER,False
Estacionamento,24.58,2024-03-08,EXPENSE,PIX,False
Reembolso empresarial,649.31,2024-03-08,INCOME,PIX,False
Aplicativo de transporte,24.27,2024-03-08,EXPENSE,BANK_TRANSFER,False
Farmacia,141.62,2024-03-08,EXPENSE,BANK_TRANSFER,False
Conta de energia,310.83,2024-03-08,EXPENSE,DEBIT_CARD,True
Rendimento de investimento,389.44,2024-03-08,INCOME,PIX,True
Conta de agua,133.29,2024-03-08,EXPENSE,DEBIT_CARD,True
Passagem aerea,725.63,2024-03-08,EXPENSE,BANK_TRANSFER,False
Delivery de comida,43.93,2024-03-08,EXPENSE,DEBIT_CARD,False
Doacao,20.19,2024-03-08,EXPENSE,BOLETO,False
Internet residencial,104.68,2024-03-08,EXPENSE,DEBIT_CARD,True
Livraria,94.04,2024-03-09,EXPENSE,CREDIT_CARD,False
Aluguel recebido,3242.66,2024-03-09,INCOME,PIX,True
Combustivel,196.25,2024-03-09,EXPENSE,DEBIT_CARD,False
Pet shop,170.8,2024-03-09,EXPENSE,BOLETO,False
Reembolso empresarial,522.24,2024-03-09,INCOME,PIX,False
Pet shop,60.93,2024-03-09,EXPENSE,PIX,False
Aplicativo de transporte,41.75,2024-03-09,EXPENSE,BANK_TRANSFER,False
Seguro do veiculo,116.76,2024-03-09,EXPENSE,CREDIT_CARD,True
Academia,184.38,2024-03-09,EXPENSE,PIX,True
Conta de agua,65.1,2024-03-09,EXPENSE,BOLETO,True
Conta de energia,410.15,2024-03-09,EXPENSE,BOLETO,True
Eletronicos,1617.31,2024-03-09,EXPENSE,DEBIT_CARD,False
Cinema e lazer,213.99,2024-03-10,EXPENSE,BANK_TRANSFER,False
Academia,226.53,2024-03-10,EXPENSE,BOLETO,True
Salario mensal,7192.2,2024-03-10,INCOME,PIX,True
Restituicao de imposto,2084.85,2024-03-10,INCOME,PIX,False
Academia,109.98,2024-03-10,EXPENSE,CASH,False
Loja de roupas,457.73,2024-03-10,EXPENSE,BANK_TRANSFER,False
Viagem e hospedagem,1876.98,2024-03-10,EXPENSE,CREDIT_CARD,False
Salario mensal,5786.93,2024-03-10,INCOME,BANK_TRANSFER,True
Dividendos,244.98,2024-03-10,INCOME,BANK_TRANSFER,True
Passagem aerea,1782.61,2024-03-10,EXPENSE,CASH,False
Supermercado,337.71,2024-03-11,EXPENSE,CASH,False
Restaurante,259.75,2024-03-11,EXPENSE,CREDIT_CARD,False
Veterinario,407.68,2024-03-11,EXPENSE,BANK_TRANSFER,False
Veterinario,618.56,2024-03-11,EXPENSE,PIX,False
Eletronicos,2869.32,2024-03-11,EXPENSE,BANK_TRANSFER,False
Bonus profissional,2341.44,2024-03-11,INCOME,BANK_TRANSFER,False
Streaming,36.91,2024-03-12,EXPENSE,CREDIT_CARD,True
Supermercado,428.61,2024-03-12,EXPENSE,PIX,False
Viagem e hospedagem,4184.64,2024-03-12,EXPENSE,BANK_TRANSFER,False
Curso online,357.04,2024-03-12,EXPENSE,CASH,False
Dividendos,417.84,2024-03-12,INCOME,PIX,True
Condominio,436.54,2024-03-12,EXPENSE,DEBIT_CARD,True
Reembolso empresarial,531.25,2024-03-12,INCOME,BANK_TRANSFER,False
Aluguel recebido,2807.59,2024-03-12,INCOME,PIX,True
Veterinario,837.17,2024-03-12,EXPENSE,PIX,False
Impostos e taxas,1343.18,2024-03-12,EXPENSE,CREDIT_CARD,False
Farmacia,157.31,2024-03-12,EXPENSE,BOLETO,False
Internet residencial,90.26,2024-03-12,EXPENSE,BOLETO,True
Internet residencial,152.22,2024-03-12,EXPENSE,BANK_TRANSFER,False
Rendimento de investimento,427.03,2024-03-13,INCOME,PIX,True
Venda de produto,786.79,2024-03-13,INCOME,BANK_TRANSFER,False
Eletronicos,539.41,2024-03-13,EXPENSE,BOLETO,False
Cinema e lazer,109.02,2024-03-13,EXPENSE,PIX,False
Pet shop,186.5,2024-03-13,EXPENSE,PIX,False
Plano de saude,806.37,2024-03-13,EXPENSE,BANK_TRANSFER,True
Padaria,26.17,2024-03-13,EXPENSE,BOLETO,False
Aluguel residencial,3171.0,2024-03-13,EXPENSE,CREDIT_CARD,True
Supermercado,169.27,2024-03-13,EXPENSE,BANK_TRANSFER,False
Padaria,38.71,2024-03-13,EXPENSE,BANK_TRANSFER,False
Cinema e lazer,84.85,2024-03-13,EXPENSE,CREDIT_CARD,False
Farmacia,66.33,2024-03-13,EXPENSE,BANK_TRANSFER,False
Seguro do veiculo,288.48,2024-03-13,EXPENSE,CASH,True
Impostos e taxas,344.26,2024-03-13,EXPENSE,BOLETO,False
Rendimento de investimento,386.3,2024-03-13,INCOME,PIX,True
Academia,106.63,2024-03-13,EXPENSE,CREDIT_CARD,False
Aplicativo de transporte,15.59,2024-03-13,EXPENSE,CASH,False
Farmacia,186.15,2024-03-14,EXPENSE,CASH,False
Padaria,56.65,2024-03-14,EXPENSE,PIX,False
Pagamento freelance,617.45,2024-03-14,INCOME,PIX,False
Aluguel recebido,1580.19,2024-03-14,INCOME,BANK_TRANSFER,True
Transferencia recebida,1139.6,2024-03-14,INCOME,BANK_TRANSFER,False
Aplicativo de transporte,41.14,2024-03-14,EXPENSE,DEBIT_CARD,False
Farmacia,69.91,2024-03-14,EXPENSE,DEBIT_CARD,False
Streaming,42.09,2024-03-14,EXPENSE,PIX,True
Doacao,46.86,2024-03-15,EXPENSE,CASH,False
Seguro do veiculo,284.25,2024-03-15,EXPENSE,CASH,True
Supermercado,288.34,2024-03-15,EXPENSE,BANK_TRANSFER,False
Veterinario,411.95,2024-03-15,EXPENSE,CREDIT_CARD,False
Delivery de comida,83.14,2024-03-15,EXPENSE,DEBIT_CARD,False
Eletronicos,1853.58,2024-03-15,EXPENSE,CASH,False
Farmacia,230.71,2024-03-15,EXPENSE,PIX,False
Curso online,91.8,2024-03-15,EXPENSE,PIX,False
Padaria,36.46,2024-03-16,EXPENSE,BOLETO,False
Internet residencial,155.19,2024-03-16,EXPENSE,DEBIT_CARD,True
Reembolso empresarial,401.97,2024-03-16,INCOME,PIX,False
Conta de agua,170.44,2024-03-16,EXPENSE,CREDIT_CARD,True
Livraria,132.42,2024-03-16,EXPENSE,CREDIT_CARD,False
Condominio,641.02,2024-03-16,EXPENSE,CASH,True
Passagem aerea,1546.47,2024-03-16,EXPENSE,BOLETO,False
Doacao,96.79,2024-03-16,EXPENSE,CREDIT_CARD,False
Cinema e lazer,143.02,2024-03-17,EXPENSE,CASH,False
Internet residencial,109.15,2024-03-17,EXPENSE,CREDIT_CARD,True
Aluguel residencial,2220.32,2024-03-17,EXPENSE,BOLETO,True
Viagem e hospedagem,2027.93,2024-03-17,EXPENSE,BANK_TRANSFER,False
Aluguel residencial,1368.82,2024-03-17,EXPENSE,CASH,True
Farmacia,245.69,2024-03-17,EXPENSE,PIX,False
Combustivel,119.81,2024-03-17,EXPENSE,CASH,False
Salario mensal,6440.7,2024-03-17,INCOME,BANK_TRANSFER,True
Curso online,502.99,2024-03-17,EXPENSE,DEBIT_CARD,False
Estacionamento,18.79,2024-03-17,EXPENSE,BANK_TRANSFER,False
Conta de energia,353.88,2024-03-17,EXPENSE,CASH,True
Streaming,46.94,2024-03-17,EXPENSE,BANK_TRANSFER,False
Streaming,49.65,2024-03-17,EXPENSE,CREDIT_CARD,True
Streaming,80.45,2024-03-17,EXPENSE,DEBIT_CARD,True
Aplicativo de transporte,31.9,2024-03-17,EXPENSE,DEBIT_CARD,False
Viagem e hospedagem,1426.28,2024-03-17,EXPENSE,PIX,False
Aluguel recebido,3221.7,2024-03-17,INCOME,BANK_TRANSFER,True
Passagem aerea,701.62,2024-03-18,EXPENSE,CASH,False
Streaming,24.63,2024-03-18,EXPENSE,PIX,True
Conta de agua,139.06,2024-03-18,EXPENSE,DEBIT_CARD,True
Aplicativo de transporte,42.28,2024-03-18,EXPENSE,CASH,False
Plano de celular,48.51,2024-03-18,EXPENSE,PIX,True
Conta de energia,194.63,2024-03-18,EXPENSE,DEBIT_CARD,False
Manutencao do veiculo,1009.8,2024-03-18,EXPENSE,CREDIT_CARD,False
Supermercado,182.09,2024-03-18,EXPENSE,PIX,False
Aluguel residencial,1596.36,2024-03-19,EXPENSE,CASH,True
Curso online,331.01,2024-03-19,EXPENSE,BANK_TRANSFER,False
Loja de roupas,444.47,2024-03-19,EXPENSE,BOLETO,False
Conta de agua,95.15,2024-03-19,EXPENSE,PIX,True
Manutencao do veiculo,1048.85,2024-03-19,EXPENSE,CREDIT_CARD,False
Estacionamento,47.37,2024-03-19,EXPENSE,CASH,False
Veterinario,582.9,2024-03-19,EXPENSE,BOLETO,False
Veterinario,675.14,2024-03-19,EXPENSE,BOLETO,False
Condominio,818.79,2024-03-20,EXPENSE,CREDIT_CARD,True
Supermercado,546.28,2024-03-20,EXPENSE,BOLETO,False
Condominio,776.8,2024-03-20,EXPENSE,DEBIT_CARD,True
Doacao,153.45,2024-03-20,EXPENSE,PIX,False
Plano de saude,550.15,2024-03-20,EXPENSE,BOLETO,True
Impostos e taxas,1868.38,2024-03-20,EXPENSE,CREDIT_CARD,False
Plano de saude,978.5,2024-03-20,EXPENSE,BOLETO,True
Padaria,32.38,2024-03-20,EXPENSE,BOLETO,False
Seguro do veiculo,224.39,2024-03-21,EXPENSE,PIX,True
Restaurante,102.43,2024-03-21,EXPENSE,DEBIT_CARD,False
Combustivel,141.93,2024-03-21,EXPENSE,CREDIT_CARD,False
Plano de saude,426.72,2024-03-21,EXPENSE,DEBIT_CARD,True
Aluguel residencial,2731.79,2024-03-21,EXPENSE,CREDIT_CARD,True
Eletronicos,3066.27,2024-03-21,EXPENSE,PIX,False
Estacionamento,14.92,2024-03-21,EXPENSE,DEBIT_CARD,False
Streaming,38.28,2024-03-21,EXPENSE,BOLETO,True
Academia,134.35,2024-03-21,EXPENSE,DEBIT_CARD,False
Pet shop,64.43,2024-03-22,EXPENSE,BANK_TRANSFER,False
Conta de energia,216.29,2024-03-22,EXPENSE,PIX,True
Loja de roupas,617.67,2024-03-22,EXPENSE,CREDIT_CARD,False
Salario mensal,11087.72,2024-03-22,INCOME,BANK_TRANSFER,True
Supermercado,299.09,2024-03-22,EXPENSE,CASH,False
Eletronicos,1713.27,2024-03-22,EXPENSE,CASH,False
Plano de saude,856.27,2024-03-22,EXPENSE,BOLETO,True
Conta de agua,109.63,2024-03-22,EXPENSE,CREDIT_CARD,True
Pet shop,192.24,2024-03-22,EXPENSE,DEBIT_CARD,False
Estacionamento,58.64,2024-03-23,EXPENSE,CASH,False
Transferencia recebida,1176.98,2024-03-23,INCOME,BANK_TRANSFER,False
Transferencia recebida,1438.3,2024-03-23,INCOME,PIX,False
Combustivel,325.75,2024-03-23,EXPENSE,CASH,False
Aluguel residencial,2757.01,2024-03-23,EXPENSE,BANK_TRANSFER,True
Pet shop,179.54,2024-03-23,EXPENSE,BOLETO,False
Venda de produto,1378.11,2024-03-23,INCOME,BANK_TRANSFER,False
Conta de agua,162.66,2024-03-23,EXPENSE,BANK_TRANSFER,True
Aluguel recebido,1380.82,2024-03-23,INCOME,PIX,False
Aplicativo de transporte,49.01,2024-03-23,EXPENSE,DEBIT_CARD,False
Manutencao do veiculo,1153.66,2024-03-23,EXPENSE,DEBIT_CARD,False
Delivery de comida,136.97,2024-03-23,EXPENSE,DEBIT_CARD,False
Pet shop,197.21,2024-03-23,EXPENSE,DEBIT_CARD,False
Viagem e hospedagem,2405.03,2024-03-24,EXPENSE,BANK_TRANSFER,False
Plano de celular,66.45,2024-03-24,EXPENSE,DEBIT_CARD,True
Pet shop,145.98,2024-03-24,EXPENSE,DEBIT_CARD,False
Impostos e taxas,1197.14,2024-03-24,EXPENSE,DEBIT_CARD,False
Combustivel,155.61,2024-03-24,EXPENSE,DEBIT_CARD,False
Padaria,24.33,2024-03-24,EXPENSE,BOLETO,False
Impostos e taxas,775.01,2024-03-24,EXPENSE,CASH,False
Delivery de comida,81.08,2024-03-24,EXPENSE,DEBIT_CARD,False
Plano de celular,53.42,2024-03-24,EXPENSE,DEBIT_CARD,True
Cinema e lazer,77.63,2024-03-24,EXPENSE,CASH,False
Aplicativo de transporte,52.88,2024-03-25,EXPENSE,CASH,False
Restituicao de imposto,1260.91,2024-03-25,INCOME,PIX,False
Plano de saude,699.35,2024-03-25,EXPENSE,PIX,True
Dividendos,606.08,2024-03-25,INCOME,PIX,True
Restaurante,84.74,2024-03-25,EXPENSE,PIX,False
Manutencao do veiculo,1111.08,2024-03-25,EXPENSE,DEBIT_CARD,False
Eletronicos,2303.96,2024-03-25,EXPENSE,CASH,False
Estacionamento,31.76,2024-03-25,EXPENSE,DEBIT_CARD,False
Bonus profissional,2901.41,2024-03-25,INCOME,BANK_TRANSFER,False
Impostos e taxas,739.38,2024-03-26,EXPENSE,DEBIT_CARD,False
Farmacia,202.7,2024-03-26,EXPENSE,DEBIT_CARD,False
Combustivel,246.64,2024-03-26,EXPENSE,CASH,False
Viagem e hospedagem,1118.02,2024-03-26,EXPENSE,DEBIT_CARD,False
Plano de saude,668.02,2024-03-26,EXPENSE,BANK_TRANSFER,True
Manutencao do veiculo,1197.0,2024-03-26,EXPENSE,CASH,False
Salario mensal,7857.78,2024-03-26,INCOME,BANK_TRANSFER,True
Condominio,623.71,2024-03-26,EXPENSE,CASH,True
Delivery de comida,125.67,2024-03-26,EXPENSE,PIX,False
Viagem e hospedagem,2701.04,2024-03-26,EXPENSE,CASH,False
Padaria,24.58,2024-03-27,EXPENSE,PIX,False
Delivery de comida,48.85,2024-03-27,EXPENSE,BANK_TRANSFER,False
Aluguel residencial,1541.23,2024-03-27,EXPENSE,CREDIT_CARD,True
Restituicao de imposto,1349.38,2024-03-27,INCOME,PIX,False
Salario mensal,10727.32,2024-03-27,INCOME,BANK_TRANSFER,True
Dividendos,183.5,2024-03-27,INCOME,PIX,True
Impostos e taxas,690.46,2024-03-27,EXPENSE,CASH,False
Delivery de comida,49.62,2024-03-28,EXPENSE,PIX,False
Manutencao do veiculo,683.64,2024-03-28,EXPENSE,PIX,False
Impostos e taxas,1400.92,2024-03-28,EXPENSE,PIX,False
Livraria,94.1,2024-03-28,EXPENSE,PIX,False
Combustivel,269.82,2024-03-28,EXPENSE,BANK_TRANSFER,False
Supermercado,316.53,2024-03-28,EXPENSE,DEBIT_CARD,False
Livraria,91.46,2024-03-28,EXPENSE,BANK_TRANSFER,False
Livraria,239.9,2024-03-28,EXPENSE,PIX,False
Loja de roupas,185.16,2024-03-29,EXPENSE,BANK_TRANSFER,False
Plano de saude,488.64,2024-03-29,EXPENSE,CREDIT_CARD,True
Aluguel residencial,1853.88,2024-03-29,EXPENSE,BOLETO,True
Manutencao do veiculo,674.8,2024-03-29,EXPENSE,CREDIT_CARD,False
Conta de energia,296.3,2024-03-29,EXPENSE,BANK_TRANSFER,True
Transferencia recebida,1110.27,2024-03-29,INCOME,BANK_TRANSFER,False
Curso online,503.1,2024-03-29,EXPENSE,DEBIT_CARD,False
Aluguel residencial,1335.18,2024-03-30,EXPENSE,BANK_TRANSFER,True
Padaria,44.59,2024-03-30,EXPENSE,DEBIT_CARD,False
Plano de celular,106.07,2024-03-30,EXPENSE,BOLETO,True
Estacionamento,25.93,2024-03-30,EXPENSE,PIX,False
Doacao,95.18,2024-03-30,EXPENSE,PIX,False
Conta de energia,286.45,2024-03-30,EXPENSE,BOLETO,True
Academia,179.87,2024-03-30,EXPENSE,BANK_TRANSFER,False
Passagem aerea,1622.57,2024-03-30,EXPENSE,PIX,False
Impostos e taxas,852.39,2024-03-30,EXPENSE,PIX,False
Doacao,165.36,2024-03-30,EXPENSE,CREDIT_CARD,False
Restituicao de imposto,605.05,2024-03-31,INCOME,PIX,False
Academia,77.33,2024-03-31,EXPENSE,BANK_TRANSFER,True
Livraria,202.12,2024-03-31,EXPENSE,BANK_TRANSFER,False
Livraria,100.19,2024-03-31,EXPENSE,BOLETO,False
Estacionamento,12.24,2024-03-31,EXPENSE,BANK_TRANSFER,False
Internet residencial,127.46,2024-03-31,EXPENSE,BOLETO,True
Aluguel residencial,1851.36,2024-03-31,EXPENSE,BANK_TRANSFER,True
Reembolso empresarial,567.75,2024-04-01,INCOME,PIX,False
Rendimento de investimento,412.79,2024-04-01,INCOME,PIX,True
Passagem aerea,1431.16,2024-04-01,EXPENSE,DEBIT_CARD,False
Aplicativo de transporte,49.89,2024-04-01,EXPENSE,BOLETO,False
Seguro do veiculo,296.64,2024-04-01,EXPENSE,DEBIT_CARD,True
Eletronicos,839.61,2024-04-01,EXPENSE,PIX,False
Eletronicos,2284.51,2024-04-01,EXPENSE,CASH,False
Bonus profissional,4485.27,2024-04-01,INCOME,BANK_TRANSFER,False
Conta de agua,83.07,2024-04-01,EXPENSE,BANK_TRANSFER,True
Veterinario,441.93,2024-04-01,EXPENSE,PIX,False
Salario mensal,7516.56,2024-04-01,INCOME,BANK_TRANSFER,True
Academia,210.41,2024-04-01,EXPENSE,PIX,False
Manutencao do veiculo,200.56,2024-04-02,EXPENSE,DEBIT_CARD,False
Supermercado,344.94,2024-04-02,EXPENSE,BOLETO,False
Condominio,492.51,2024-04-02,EXPENSE,CREDIT_CARD,True
Plano de saude,600.88,2024-04-02,EXPENSE,PIX,True
Academia,115.01,2024-04-02,EXPENSE,BANK_TRANSFER,True
Internet residencial,141.22,2024-04-02,EXPENSE,PIX,True
Restituicao de imposto,1870.84,2024-04-02,INCOME,BANK_TRANSFER,False
Passagem aerea,1922.76,2024-04-02,EXPENSE,PIX,False
Eletronicos,1301.63,2024-04-02,EXPENSE,BOLETO,False
Dividendos,311.22,2024-04-02,INCOME,PIX,True
Combustivel,159.17,2024-04-03,EXPENSE,PIX,False
Condominio,673.59,2024-04-03,EXPENSE,DEBIT_CARD,True
Farmacia,76.19,2024-04-03,EXPENSE,PIX,False
Manutencao do veiculo,1293.31,2024-04-03,EXPENSE,PIX,False
Curso online,342.76,2024-04-03,EXPENSE,CASH,False
Internet residencial,112.19,2024-04-03,EXPENSE,PIX,True
Plano de saude,730.49,2024-04-03,EXPENSE,PIX,True
Veterinario,378.29,2024-04-03,EXPENSE,DEBIT_CARD,False
Cinema e lazer,96.07,2024-04-03,EXPENSE,CASH,False
Pagamento freelance,3914.34,2024-04-03,INCOME,BANK_TRANSFER,False
Rendimento de investimento,290.2,2024-04-03,INCOME,PIX,True
Pagamento freelance,2110.84,2024-04-03,INCOME,PIX,False
Restaurante,61.16,2024-04-03,EXPENSE,DEBIT_CARD,False
Veterinario,308.22,2024-04-03,EXPENSE,BANK_TRANSFER,False
Aluguel recebido,2818.95,2024-04-04,INCOME,BANK_TRANSFER,True
Aluguel residencial,3490.8,2024-04-04,EXPENSE,DEBIT_CARD,False
Curso online,251.91,2024-04-04,EXPENSE,CREDIT_CARD,False
Padaria,33.67,2024-04-04,EXPENSE,CREDIT_CARD,False
Supermercado,454.74,2024-04-04,EXPENSE,PIX,False
Aluguel recebido,1839.29,2024-04-04,INCOME,BANK_TRANSFER,True
Conta de agua,169.36,2024-04-04,EXPENSE,CASH,False
Salario mensal,5860.03,2024-04-04,INCOME,BANK_TRANSFER,True
Doacao,71.84,2024-04-04,EXPENSE,DEBIT_CARD,False
Padaria,31.23,2024-04-04,EXPENSE,DEBIT_CARD,False
Reembolso empresarial,627.53,2024-04-04,INCOME,BANK_TRANSFER,False
Curso online,420.57,2024-04-04,EXPENSE,CASH,False
Aluguel recebido,2874.74,2024-04-04,INCOME,PIX,True
Pet shop,107.21,2024-04-04,EXPENSE,CREDIT_CARD,False
Loja de roupas,207.44,2024-04-04,EXPENSE,CASH,False
Dividendos,223.1,2024-04-04,INCOME,BANK_TRANSFER,True
Streaming,34.56,2024-04-04,EXPENSE,BOLETO,True
Dividendos,630.53,2024-04-04,INCOME,PIX,True
Impostos e taxas,1378.51,2024-04-05,EXPENSE,BOLETO,False
Internet residencial,150.34,2024-04-05,EXPENSE,CASH,True
Restaurante,168.88,2024-04-05,EXPENSE,BOLETO,False
Pet shop,220.04,2024-04-05,EXPENSE,CASH,False
Curso online,348.14,2024-04-05,EXPENSE,CREDIT_CARD,False
Aluguel residencial,2094.37,2024-04-05,EXPENSE,CREDIT_CARD,False
Transferencia recebida,2118.04,2024-04-05,INCOME,BANK_TRANSFER,False
Cinema e lazer,125.98,2024-04-05,EXPENSE,CREDIT_CARD,False
Estacionamento,51.44,2024-04-05,EXPENSE,BANK_TRANSFER,False
Padaria,33.84,2024-04-06,EXPENSE,PIX,False
Loja de roupas,471.14,2024-04-06,EXPENSE,BANK_TRANSFER,False
Seguro do veiculo,218.75,2024-04-06,EXPENSE,BOLETO,True
Supermercado,280.45,2024-04-06,EXPENSE,PIX,False
Loja de roupas,434.27,2024-04-06,EXPENSE,PIX,False
Conta de agua,59.43,2024-04-06,EXPENSE,CASH,False
Delivery de comida,37.42,2024-04-06,EXPENSE,PIX,False
Aluguel residencial,1489.54,2024-04-06,EXPENSE,CASH,True
Delivery de comida,75.89,2024-04-06,EXPENSE,BANK_TRANSFER,False
Conta de energia,214.76,2024-04-06,EXPENSE,PIX,False
Rendimento de investimento,281.99,2024-04-07,INCOME,PIX,True
Transferencia recebida,852.04,2024-04-07,INCOME,PIX,False
Streaming,53.33,2024-04-07,EXPENSE,BOLETO,True
Condominio,665.68,2024-04-07,EXPENSE,DEBIT_CARD,True
Conta de energia,221.69,2024-04-07,EXPENSE,CREDIT_CARD,True
Reembolso empresarial,633.56,2024-04-07,INCOME,BANK_TRANSFER,False
Reembolso empresarial,373.02,2024-04-07,INCOME,BANK_TRANSFER,False
Conta de agua,183.87,2024-04-07,EXPENSE,CASH,False
Impostos e taxas,1304.31,2024-04-07,EXPENSE,DEBIT_CARD,False
Veterinario,800.8,2024-04-07,EXPENSE,PIX,False
Plano de celular,62.3,2024-04-07,EXPENSE,CREDIT_CARD,True
Passagem aerea,1679.05,2024-04-07,EXPENSE,CASH,False
Supermercado,468.21,2024-04-07,EXPENSE,CASH,False
Doacao,216.71,2024-04-07,EXPENSE,CASH,False
Padaria,59.41,2024-04-08,EXPENSE,CREDIT_CARD,False
Transferencia recebida,1139.98,2024-04-08,INCOME,BANK_TRANSFER,False
Pet shop,286.26,2024-04-08,EXPENSE,BOLETO,False
Aluguel recebido,2936.52,2024-04-08,INCOME,PIX,True
Plano de saude,505.41,2024-04-08,EXPENSE,PIX,True
Salario mensal,10534.68,2024-04-08,INCOME,BANK_TRANSFER,True
Conta de agua,87.97,2024-04-08,EXPENSE,CREDIT_CARD,True
Aplicativo de transporte,32.48,2024-04-08,EXPENSE,DEBIT_CARD,False
Viagem e hospedagem,1986.98,2024-04-08,EXPENSE,CREDIT_CARD,False
Manutencao do veiculo,489.06,2024-04-09,EXPENSE,CREDIT_CARD,False
Pet shop,209.02,2024-04-09,EXPENSE,CASH,False
Cinema e lazer,143.68,2024-04-09,EXPENSE,DEBIT_CARD,False
Passagem aerea,1794.77,2024-04-09,EXPENSE,CASH,False
Viagem e hospedagem,1890.16,2024-04-09,EXPENSE,PIX,False
Supermercado,544.09,2024-04-09,EXPENSE,BOLETO,False
Delivery de comida,55.28,2024-04-09,EXPENSE,DEBIT_CARD,False
Viagem e hospedagem,1743.46,2024-04-09,EXPENSE,CREDIT_CARD,False
Passagem aerea,899.43,2024-04-09,EXPENSE,BOLETO,False
Restituicao de imposto,2463.47,2024-04-09,INCOME,BANK_TRANSFER,False
Restituicao de imposto,1844.49,2024-04-09,INCOME,PIX,False
Seguro do veiculo,174.9,2024-04-10,EXPENSE,BOLETO,False
Delivery de comida,115.64,2024-04-10,EXPENSE,BOLETO,False
Livraria,151.09,2024-04-10,EXPENSE,CASH,False
Condominio,430.25,2024-04-10,EXPENSE,CASH,True
Conta de agua,149.03,2024-04-10,EXPENSE,PIX,True
Delivery de comida,53.62,2024-04-10,EXPENSE,CASH,False
Pagamento freelance,2372.89,2024-04-11,INCOME,PIX,False
Cinema e lazer,107.18,2024-04-11,EXPENSE,PIX,False
Aluguel recebido,2887.01,2024-04-11,INCOME,PIX,True
Manutencao do veiculo,386.85,2024-04-11,EXPENSE,CASH,False
Reembolso empresarial,582.15,2024-04-11,INCOME,PIX,False
Plano de celular,116.7,2024-04-11,EXPENSE,CREDIT_CARD,True
Plano de celular,111.03,2024-04-11,EXPENSE,BOLETO,False
Transferencia recebida,1880.77,2024-04-11,INCOME,PIX,False
Livraria,86.2,2024-04-11,EXPENSE,BOLETO,False
Bonus profissional,2731.47,2024-04-11,INCOME,PIX,False
Plano de celular,82.84,2024-04-12,EXPENSE,CREDIT_CARD,True
Restaurante,162.16,2024-04-12,EXPENSE,CREDIT_CARD,False
Cinema e lazer,137.98,2024-04-12,EXPENSE,CREDIT_CARD,False
Conta de energia,107.37,2024-04-12,EXPENSE,BOLETO,True
Combustivel,183.86,2024-04-12,EXPENSE,DEBIT_CARD,False
Curso online,181.89,2024-04-13,EXPENSE,BOLETO,False
Condominio,346.82,2024-04-13,EXPENSE,PIX,True
Rendimento de investimento,420.36,2024-04-13,INCOME,PIX,True
Farmacia,203.58,2024-04-13,EXPENSE,CASH,False
Academia,94.37,2024-04-13,EXPENSE,CREDIT_CARD,True
Transferencia recebida,1752.64,2024-04-13,INCOME,PIX,False
Livraria,65.41,2024-04-13,EXPENSE,BANK_TRANSFER,False
Academia,151.07,2024-04-13,EXPENSE,CREDIT_CARD,True
Restaurante,270.91,2024-04-13,EXPENSE,CREDIT_CARD,False
Livraria,94.31,2024-04-13,EXPENSE,BOLETO,False
Rendimento de investimento,116.59,2024-04-13,INCOME,BANK_TRANSFER,False
Eletronicos,2167.14,2024-04-13,EXPENSE,BANK_TRANSFER,False
Plano de celular,88.61,2024-04-13,EXPENSE,PIX,True
Aplicativo de transporte,44.43,2024-04-14,EXPENSE,PIX,False
Combustivel,217.02,2024-04-14,EXPENSE,CREDIT_CARD,False
Eletronicos,2087.91,2024-04-14,EXPENSE,DEBIT_CARD,False
Aluguel residencial,2049.4,2024-04-14,EXPENSE,PIX,True
Venda de produto,1407.89,2024-04-14,INCOME,BANK_TRANSFER,False
Condominio,760.94,2024-04-15,EXPENSE,BOLETO,True
Curso online,215.18,2024-04-15,EXPENSE,PIX,False
Venda de produto,1468.8,2024-04-15,INCOME,PIX,False
Plano de saude,283.55,2024-04-15,EXPENSE,BANK_TRANSFER,True
Conta de energia,151.59,2024-04-15,EXPENSE,BANK_TRANSFER,True
Impostos e taxas,1109.18,2024-04-15,EXPENSE,BANK_TRANSFER,False
Aluguel recebido,2683.43,2024-04-15,INCOME,PIX,True
Impostos e taxas,683.97,2024-04-15,EXPENSE,DEBIT_CARD,False
Rendimento de investimento,270.5,2024-04-15,INCOME,PIX,False
Curso online,273.49,2024-04-15,EXPENSE,CASH,False
Internet residencial,107.55,2024-04-16,EXPENSE,CASH,True
Delivery de comida,79.76,2024-04-16,EXPENSE,CREDIT_CARD,False
Academia,107.62,2024-04-16,EXPENSE,BANK_TRANSFER,True
Aluguel residencial,1365.63,2024-04-16,EXPENSE,DEBIT_CARD,True
Passagem aerea,1792.61,2024-04-16,EXPENSE,BOLETO,False
Farmacia,322.65,2024-04-16,EXPENSE,CREDIT_CARD,False
Aplicativo de transporte,65.73,2024-04-16,EXPENSE,BOLETO,False
Aluguel residencial,2452.4,2024-04-16,EXPENSE,PIX,False
Dividendos,566.14,2024-04-16,INCOME,PIX,True
Manutencao do veiculo,1934.9,2024-04-16,EXPENSE,BOLETO,False
Aplicativo de transporte,45.77,2024-04-16,EXPENSE,BOLETO,False
Bonus profissional,1898.64,2024-04-16,INCOME,BANK_TRANSFER,False
Estacionamento,21.38,2024-04-16,EXPENSE,CASH,False
Reembolso empresarial,762.3,2024-04-16,INCOME,BANK_TRANSFER,False
Bonus profissional,3819.72,2024-04-17,INCOME,BANK_TRANSFER,False
Restituicao de imposto,2217.08,2024-04-17,INCOME,PIX,False
Streaming,62.12,2024-04-17,EXPENSE,BOLETO,False
Farmacia,73.79,2024-04-17,EXPENSE,CREDIT_CARD,False
Estacionamento,29.87,2024-04-17,EXPENSE,PIX,False
Pet shop,208.77,2024-04-17,EXPENSE,CASH,False
Impostos e taxas,524.04,2024-04-17,EXPENSE,CASH,False
Doacao,159.39,2024-04-17,EXPENSE,DEBIT_CARD,False
Farmacia,135.19,2024-04-17,EXPENSE,CASH,False
Conta de energia,284.96,2024-04-17,EXPENSE,DEBIT_CARD,True
Livraria,69.32,2024-04-18,EXPENSE,DEBIT_CARD,False
Viagem e hospedagem,1408.47,2024-04-18,EXPENSE,DEBIT_CARD,False
Restaurante,109.88,2024-04-18,EXPENSE,PIX,False
Doacao,183.65,2024-04-18,EXPENSE,DEBIT_CARD,False
Restituicao de imposto,2735.42,2024-04-18,INCOME,PIX,False
Combustivel,217.4,2024-04-18,EXPENSE,BANK_TRANSFER,False
Aluguel residencial,1847.21,2024-04-18,EXPENSE,BOLETO,True
Conta de agua,121.38,2024-04-18,EXPENSE,BANK_TRANSFER,True
Condominio,627.69,2024-04-18,EXPENSE,CREDIT_CARD,True
Eletronicos,422.12,2024-04-18,EXPENSE,BANK_TRANSFER,False
Loja de roupas,317.81,2024-04-18,EXPENSE,PIX,False
Impostos e taxas,594.28,2024-04-19,EXPENSE,DEBIT_CARD,False
Plano de celular,112.1,2024-04-19,EXPENSE,PIX,True
Plano de celular,58.49,2024-04-19,EXPENSE,BANK_TRANSFER,True
Veterinario,336.52,2024-04-19,EXPENSE,CREDIT_CARD,False
Cinema e lazer,147.81,2024-04-19,EXPENSE,BOLETO,False
Conta de energia,328.05,2024-04-19,EXPENSE,CASH,True
Loja de roupas,662.81,2024-04-19,EXPENSE,BOLETO,False
Aluguel recebido,2932.2,2024-04-19,INCOME,PIX,True
Aplicativo de transporte,77.68,2024-04-19,EXPENSE,BANK_TRANSFER,False
Plano de saude,918.37,2024-04-19,EXPENSE,CASH,True
Pet shop,109.06,2024-04-19,EXPENSE,BOLETO,False
Seguro do veiculo,238.73,2024-04-19,EXPENSE,BOLETO,True
Livraria,106.08,2024-04-19,EXPENSE,CASH,False
Seguro do veiculo,351.05,2024-04-19,EXPENSE,DEBIT_CARD,True
Delivery de comida,145.72,2024-04-20,EXPENSE,CASH,False
Plano de saude,1120.01,2024-04-20,EXPENSE,BOLETO,False
Salario mensal,11666.8,2024-04-20,INCOME,BANK_TRANSFER,True
Curso online,287.77,2024-04-20,EXPENSE,BANK_TRANSFER,False
Passagem aerea,2162.08,2024-04-20,EXPENSE,BANK_TRANSFER,False
Estacionamento,11.34,2024-04-20,EXPENSE,BANK_TRANSFER,False
Loja de roupas,138.64,2024-04-20,EXPENSE,BANK_TRANSFER,False
Seguro do veiculo,236.05,2024-04-20,EXPENSE,CREDIT_CARD,True
Venda de produto,1414.38,2024-04-21,INCOME,PIX,False
Loja de roupas,170.48,2024-04-21,EXPENSE,CASH,False
Cinema e lazer,126.06,2024-04-21,EXPENSE,PIX,False
Transferencia recebida,831.24,2024-04-21,INCOME,BANK_TRANSFER,False
Internet residencial,145.56,2024-04-21,EXPENSE,PIX,True
Doacao,140.91,2024-04-21,EXPENSE,PIX,False
Restituicao de imposto,2388.21,2024-04-21,INCOME,BANK_TRANSFER,False
Livraria,140.81,2024-04-21,EXPENSE,BANK_TRANSFER,False
Loja de roupas,203.06,2024-04-21,EXPENSE,BANK_TRANSFER,False
Padaria,37.39,2024-04-21,EXPENSE,BOLETO,False
Pet shop,72.15,2024-04-21,EXPENSE,DEBIT_CARD,False
Aluguel residencial,1136.94,2024-04-22,EXPENSE,DEBIT_CARD,False
Academia,106.24,2024-04-22,EXPENSE,PIX,True
Farmacia,190.25,2024-04-22,EXPENSE,PIX,False
Viagem e hospedagem,1277.16,2024-04-22,EXPENSE,DEBIT_CARD,False
Salario mensal,10394.65,2024-04-22,INCOME,PIX,True
Pagamento freelance,1968.68,2024-04-22,INCOME,BANK_TRANSFER,False
Combustivel,189.95,2024-04-22,EXPENSE,DEBIT_CARD,False
Restaurante,50.64,2024-04-22,EXPENSE,CASH,False
Venda de produto,1657.45,2024-04-22,INCOME,PIX,False
Streaming,67.71,2024-04-23,EXPENSE,PIX,True
Delivery de comida,114.93,2024-04-23,EXPENSE,CASH,False
Combustivel,119.71,2024-04-23,EXPENSE,DEBIT_CARD,False
Estacionamento,43.45,2024-04-23,EXPENSE,DEBIT_CARD,False
Pagamento freelance,2124.68,2024-04-23,INCOME,PIX,False
Doacao,138.37,2024-04-23,EXPENSE,DEBIT_CARD,False
Aplicativo de transporte,18.3,2024-04-23,EXPENSE,BANK_TRANSFER,False
Veterinario,716.04,2024-04-23,EXPENSE,CASH,False
Livraria,104.6,2024-04-23,EXPENSE,CASH,False
Restaurante,190.16,2024-04-23,EXPENSE,CREDIT_CARD,False
Restituicao de imposto,1702.42,2024-04-23,INCOME,BANK_TRANSFER,False
Cinema e lazer,104.44,2024-04-23,EXPENSE,DEBIT_CARD,False
Loja de roupas,279.15,2024-04-24,EXPENSE,CREDIT_CARD,False
Plano de saude,695.19,2024-04-24,EXPENSE,CASH,True
Seguro do veiculo,144.01,2024-04-24,EXPENSE,BOLETO,True
Streaming,45.86,2024-04-24,EXPENSE,BANK_TRANSFER,True
Aplicativo de transporte,55.5,2024-04-24,EXPENSE,CASH,False
Pagamento freelance,2844.65,2024-04-24,INCOME,BANK_TRANSFER,False
Bonus profissional,4064.63,2024-04-24,INCOME,BANK_TRANSFER,False
Rendimento de investimento,213.15,2024-04-24,INCOME,PIX,True
Plano de celular,87.37,2024-04-24,EXPENSE,CASH,True
Combustivel,304.54,2024-04-24,EXPENSE,DEBIT_CARD,False
Restituicao de imposto,1965.08,2024-04-24,INCOME,BANK_TRANSFER,False
Estacionamento,45.72,2024-04-24,EXPENSE,CASH,False
Padaria,64.88,2024-04-25,EXPENSE,CASH,False
Academia,100.37,2024-04-25,EXPENSE,PIX,False
Padaria,35.71,2024-04-25,EXPENSE,DEBIT_CARD,False
Conta de energia,288.63,2024-04-25,EXPENSE,CREDIT_CARD,True
Streaming,31.48,2024-04-25,EXPENSE,BANK_TRANSFER,True
Supermercado,288.56,2024-04-25,EXPENSE,BANK_TRANSFER,False
Conta de energia,345.55,2024-04-25,EXPENSE,DEBIT_CARD,True
Pagamento freelance,1515.77,2024-04-25,INCOME,PIX,False
Supermercado,263.42,2024-04-25,EXPENSE,PIX,False
Pagamento freelance,3766.86,2024-04-25,INCOME,BANK_TRANSFER,False
Conta de agua,57.98,2024-04-25,EXPENSE,BANK_TRANSFER,True
Salario mensal,5030.52,2024-04-25,INCOME,PIX,True
Condominio,503.32,2024-04-26,EXPENSE,CREDIT_CARD,True
Venda de produto,890.5,2024-04-26,INCOME,PIX,False
Venda de produto,745.24,2024-04-26,INCOME,PIX,False
Estacionamento,56.16,2024-04-26,EXPENSE,PIX,False
Academia,105.94,2024-04-26,EXPENSE,CASH,True
Veterinario,471.35,2024-04-26,EXPENSE,BOLETO,False
Dividendos,333.81,2024-04-26,INCOME,BANK_TRANSFER,True
Internet residencial,103.09,2024-04-26,EXPENSE,CREDIT_CARD,False
Viagem e hospedagem,2134.51,2024-04-26,EXPENSE,CREDIT_CARD,False
Dividendos,619.04,2024-04-26,INCOME,BANK_TRANSFER,True
Conta de agua,79.32,2024-04-26,EXPENSE,CREDIT_CARD,False
Delivery de comida,105.1,2024-04-27,EXPENSE,BANK_TRANSFER,False
Streaming,45.82,2024-04-27,EXPENSE,BANK_TRANSFER,True
Manutencao do veiculo,653.62,2024-04-27,EXPENSE,PIX,False
Impostos e taxas,1655.86,2024-04-27,EXPENSE,DEBIT_CARD,False
Viagem e hospedagem,2186.82,2024-04-27,EXPENSE,PIX,False
Pet shop,351.98,2024-04-27,EXPENSE,PIX,False
Veterinario,359.76,2024-04-27,EXPENSE,BANK_TRANSFER,False
Supermercado,611.1,2024-04-27,EXPENSE,DEBIT_CARD,False
Veterinario,243.71,2024-04-28,EXPENSE,BANK_TRANSFER,False
Academia,100.75,2024-04-28,EXPENSE,DEBIT_CARD,True
Reembolso empresarial,684.06,2024-04-28,INCOME,BANK_TRANSFER,False
Passagem aerea,2421.92,2024-04-28,EXPENSE,CREDIT_CARD,False
Aplicativo de transporte,33.98,2024-04-28,EXPENSE,BOLETO,False
Pet shop,232.36,2024-04-28,EXPENSE,PIX,False
Eletronicos,2530.76,2024-04-29,EXPENSE,BOLETO,False
Aluguel residencial,1875.08,2024-04-29,EXPENSE,BOLETO,True
Streaming,50.4,2024-04-29,EXPENSE,BANK_TRANSFER,True
Plano de celular,90.59,2024-04-29,EXPENSE,BANK_TRANSFER,True
Academia,170.71,2024-04-29,EXPENSE,PIX,True
Restaurante,217.02,2024-04-29,EXPENSE,CREDIT_CARD,False
Internet residencial,86.99,2024-04-29,EXPENSE,BANK_TRANSFER,True
Estacionamento,44.08,2024-04-29,EXPENSE,PIX,False
Padaria,62.36,2024-04-29,EXPENSE,CREDIT_CARD,False
Doacao,61.83,2024-04-29,EXPENSE,PIX,False
Manutencao do veiculo,354.8,2024-04-29,EXPENSE,CREDIT_CARD,False
Internet residencial,134.05,2024-04-30,EXPENSE,DEBIT_CARD,True
Farmacia,65.5,2024-04-30,EXPENSE,BANK_TRANSFER,False
Impostos e taxas,1319.85,2024-04-30,EXPENSE,PIX,False
Venda de produto,422.59,2024-04-30,INCOME,PIX,False
Plano de saude,449.73,2024-04-30,EXPENSE,BANK_TRANSFER,True
Aluguel recebido,1983.74,2024-04-30,INCOME,BANK_TRANSFER,True
Bonus profissional,3450.83,2024-04-30,INCOME,BANK_TRANSFER,False
Salario mensal,7217.89,2024-04-30,INCOME,PIX,True
Seguro do veiculo,175.5,2024-04-30,EXPENSE,BANK_TRANSFER,False
Eletronicos,1190.27,2024-04-30,EXPENSE,DEBIT_CARD,False
Doacao,315.71,2024-04-30,EXPENSE,BANK_TRANSFER,False
Dividendos,504.55,2024-04-30,INCOME,BANK_TRANSFER,True
Transferencia recebida,1804.69,2024-04-30,INCOME,PIX,False
Combustivel,141.95,2024-04-30,EXPENSE,BOLETO,False
Aplicativo de transporte,21.72,2024-05-01,EXPENSE,BANK_TRANSFER,False
Curso online,182.15,2024-05-01,EXPENSE,PIX,False
Conta de energia,121.83,2024-05-01,EXPENSE,CREDIT_CARD,True
Loja de roupas,635.64,2024-05-01,EXPENSE,BOLETO,False
Academia,119.62,2024-05-01,EXPENSE,CREDIT_CARD,False
Estacionamento,63.59,2024-05-01,EXPENSE,CASH,False
Delivery de comida,100.65,2024-05-01,EXPENSE,CREDIT_CARD,False
Plano de saude,408.06,2024-05-01,EXPENSE,CREDIT_CARD,False
Condominio,658.85,2024-05-01,EXPENSE,BOLETO,True
Aplicativo de transporte,33.63,2024-05-02,EXPENSE,CREDIT_CARD,False
Seguro do veiculo,429.1,2024-05-02,EXPENSE,CREDIT_CARD,True
Conta de agua,135.67,2024-05-02,EXPENSE,BANK_TRANSFER,False
Conta de agua,59.58,2024-05-02,EXPENSE,CREDIT_CARD,False
Transferencia recebida,1008.03,2024-05-02,INCOME,BANK_TRANSFER,False
Pagamento freelance,1743.34,2024-05-02,INCOME,PIX,False
Pagamento freelance,3232.6,2024-05-02,INCOME,PIX,False
Combustivel,217.58,2024-05-02,EXPENSE,PIX,False
Estacionamento,24.61,2024-05-02,EXPENSE,BOLETO,False
Eletronicos,4524.33,2024-05-02,EXPENSE,DEBIT_CARD,False
Viagem e hospedagem,1839.92,2024-05-02,EXPENSE,DEBIT_CARD,False
Pet shop,152.33,2024-05-03,EXPENSE,CREDIT_CARD,False
Pet shop,195.96,2024-05-03,EXPENSE,BOLETO,False
Aplicativo de transporte,44.31,2024-05-03,EXPENSE,PIX,False
Plano de saude,886.82,2024-05-03,EXPENSE,CASH,True
Aluguel residencial,1636.87,2024-05-03,EXPENSE,CASH,True
Pet shop,110.62,2024-05-03,EXPENSE,BANK_TRANSFER,False
Condominio,833.9,2024-05-03,EXPENSE,DEBIT_CARD,True
Seguro do veiculo,345.5,2024-05-03,EXPENSE,PIX,True
Farmacia,203.41,2024-05-03,EXPENSE,PIX,False
Viagem e hospedagem,2762.75,2024-05-03,EXPENSE,BOLETO,False
Impostos e taxas,102.88,2024-05-03,EXPENSE,CREDIT_CARD,False
Restaurante,105.64,2024-05-03,EXPENSE,PIX,False
Impostos e taxas,126.41,2024-05-03,EXPENSE,DEBIT_CARD,False
Doacao,260.08,2024-05-03,EXPENSE,CASH,False
Loja de roupas,296.59,2024-05-03,EXPENSE,BANK_TRANSFER,False
Restaurante,156.18,2024-05-03,EXPENSE,PIX,False
Plano de saude,1141.35,2024-05-03,EXPENSE,CASH,True
Restituicao de imposto,663.52,2024-05-03,INCOME,PIX,False
Padaria,53.34,2024-05-03,EXPENSE,DEBIT_CARD,False
Loja de roupas,642.66,2024-05-03,EXPENSE,DEBIT_CARD,False
Pagamento freelance,1710.05,2024-05-04,INCOME,BANK_TRANSFER,False
Transferencia recebida,958.2,2024-05-04,INCOME,PIX,False
Livraria,105.22,2024-05-04,EXPENSE,BANK_TRANSFER,False
Aluguel recebido,1931.56,2024-05-04,INCOME,BANK_TRANSFER,True
Passagem aerea,2552.18,2024-05-04,EXPENSE,BANK_TRANSFER,False
Passagem aerea,903.93,2024-05-04,EXPENSE,PIX,False
Rendimento de investimento,309.48,2024-05-04,INCOME,BANK_TRANSFER,True
Aplicativo de transporte,64.57,2024-05-04,EXPENSE,BOLETO,False
Academia,67.04,2024-05-04,EXPENSE,BOLETO,True
Transferencia recebida,600.66,2024-05-04,INCOME,BANK_TRANSFER,False
Viagem e hospedagem,1158.42,2024-05-04,EXPENSE,CASH,False
Reembolso empresarial,597.28,2024-05-05,INCOME,BANK_TRANSFER,False
Curso online,195.1,2024-05-05,EXPENSE,CREDIT_CARD,False
Impostos e taxas,953.28,2024-05-05,EXPENSE,CREDIT_CARD,False
Salario mensal,9361.93,2024-05-05,INCOME,PIX,True
Transferencia recebida,1307.27,2024-05-05,INCOME,BANK_TRANSFER,False
Conta de agua,190.84,2024-05-05,EXPENSE,BOLETO,True
Aluguel residencial,1149.89,2024-05-05,EXPENSE,BANK_TRANSFER,True
Dividendos,555.37,2024-05-05,INCOME,BANK_TRANSFER,True
Reembolso empresarial,497.38,2024-05-05,INCOME,PIX,False
Aluguel recebido,2323.98,2024-05-06,INCOME,PIX,True
Combustivel,298.35,2024-05-06,EXPENSE,PIX,False
Salario mensal,9106.62,2024-05-06,INCOME,PIX,False
Farmacia,169.05,2024-05-06,EXPENSE,CASH,False
Supermercado,602.97,2024-05-06,EXPENSE,BANK_TRANSFER,False
Farmacia,71.47,2024-05-06,EXPENSE,BANK_TRANSFER,False
Bonus profissional,3147.48,2024-05-06,INCOME,PIX,False
Bonus profissional,1689.08,2024-05-07,INCOME,PIX,False
Rendimento de investimento,84.42,2024-05-07,INCOME,PIX,True
Doacao,138.32,2024-05-07,EXPENSE,CREDIT_CARD,False
Manutencao do veiculo,1073.74,2024-05-07,EXPENSE,BANK_TRANSFER,False
Doacao,28.49,2024-05-07,EXPENSE,PIX,False
Delivery de comida,38.89,2024-05-07,EXPENSE,BOLETO,False
Restaurante,70.29,2024-05-07,EXPENSE,PIX,False
Seguro do veiculo,277.98,2024-05-07,EXPENSE,CREDIT_CARD,True
Supermercado,434.63,2024-05-07,EXPENSE,PIX,False
Estacionamento,26.34,2024-05-07,EXPENSE,PIX,False
Veterinario,496.83,2024-05-07,EXPENSE,PIX,False
Condominio,618.6,2024-05-07,EXPENSE,BOLETO,True
Aluguel recebido,2950.64,2024-05-08,INCOME,BANK_TRANSFER,True
Plano de saude,982.91,2024-05-08,EXPENSE,BOLETO,True
Internet residencial,120.89,2024-05-08,EXPENSE,CASH,True
Passagem aerea,2210.44,2024-05-08,EXPENSE,CREDIT_CARD,False
Aplicativo de transporte,13.78,2024-05-08,EXPENSE,DEBIT_CARD,False
Doacao,142.48,2024-05-08,EXPENSE,CREDIT_CARD,False
Pet shop,214.19,2024-05-08,EXPENSE,PIX,False
Curso online,433.41,2024-05-08,EXPENSE,CREDIT_CARD,False
Veterinario,295.79,2024-05-09,EXPENSE,BOLETO,False
Restaurante,118.19,2024-05-09,EXPENSE,DEBIT_CARD,False
Restaurante,240.03,2024-05-09,EXPENSE,BOLETO,False
Estacionamento,41.92,2024-05-09,EXPENSE,BANK_TRANSFER,False
Seguro do veiculo,122.96,2024-05-09,EXPENSE,CASH,True
Farmacia,208.07,2024-05-09,EXPENSE,CREDIT_CARD,False
Conta de energia,288.18,2024-05-09,EXPENSE,CREDIT_CARD,True
Rendimento de investimento,184.73,2024-05-09,INCOME,BANK_TRANSFER,False
Doacao,74.25,2024-05-09,EXPENSE,CREDIT_CARD,False
Cinema e lazer,120.27,2024-05-09,EXPENSE,BANK_TRANSFER,False
Internet residencial,104.22,2024-05-09,EXPENSE,BANK_TRANSFER,True
Reembolso empresarial,419.47,2024-05-09,INCOME,PIX,False
Cinema e lazer,82.52,2024-05-09,EXPENSE,DEBIT_CARD,False
Plano de celular,59.95,2024-05-09,EXPENSE,CREDIT_CARD,True
Loja de roupas,299.41,2024-05-09,EXPENSE,BOLETO,False
Cinema e lazer,110.05,2024-05-09,EXPENSE,CASH,False
Aluguel residencial,1601.21,2024-05-09,EXPENSE,PIX,True
Rendimento de investimento,448.97,2024-05-09,INCOME,PIX,True
Doacao,285.92,2024-05-09,EXPENSE,DEBIT_CARD,False
Seguro do veiculo,259.63,2024-05-10,EXPENSE,BOLETO,True
Livraria,145.02,2024-05-10,EXPENSE,CASH,False
Academia,119.35,2024-05-10,EXPENSE,BANK_TRANSFER,True
Veterinario,329.64,2024-05-10,EXPENSE,PIX,False
Estacionamento,19.26,2024-05-10,EXPENSE,BANK_TRANSFER,False
Padaria,25.52,2024-05-10,EXPENSE,CASH,False
Delivery de comida,103.22,2024-05-10,EXPENSE,DEBIT_CARD,False
Restaurante,54.42,2024-05-10,EXPENSE,CREDIT_CARD,False
Padaria,43.07,2024-05-11,EXPENSE,BANK_TRANSFER,False
Passagem aerea,1124.69,2024-05-11,EXPENSE,BOLETO,False
Conta de energia,363.39,2024-05-11,EXPENSE,CREDIT_CARD,True
Loja de roupas,525.88,2024-05-11,EXPENSE,BOLETO,False
Rendimento de investimento,118.95,2024-05-11,INCOME,PIX,True
Conta de energia,326.08,2024-05-11,EXPENSE,CASH,True
Veterinario,325.08,2024-05-11,EXPENSE,DEBIT_CARD,False
Plano de celular,44.31,2024-05-11,EXPENSE,BANK_TRANSFER,False
Aluguel residencial,1011.9,2024-05-11,EXPENSE,BOLETO,True
Bonus profissional,3543.99,2024-05-11,INCOME,BANK_TRANSFER,False
Plano de celular,98.74,2024-05-11,EXPENSE,CREDIT_CARD,True
Salario mensal,9263.06,2024-05-11,INCOME,PIX,True
Estacionamento,18.67,2024-05-11,EXPENSE,BANK_TRANSFER,False
Eletronicos,2128.88,2024-05-12,EXPENSE,PIX,False
Venda de produto,1431.06,2024-05-12,INCOME,BANK_TRANSFER,False
Doacao,77.77,2024-05-12,EXPENSE,CREDIT_CARD,False
Conta de energia,423.79,2024-05-12,EXPENSE,CREDIT_CARD,True
Restaurante,173.95,2024-05-12,EXPENSE,PIX,False
Delivery de comida,104.03,2024-05-12,EXPENSE,DEBIT_CARD,False
Manutencao do veiculo,634.65,2024-05-12,EXPENSE,PIX,False
Farmacia,189.61,2024-05-12,EXPENSE,DEBIT_CARD,False
Veterinario,238.43,2024-05-12,EXPENSE,BANK_TRANSFER,False
Manutencao do veiculo,448.77,2024-05-12,EXPENSE,BANK_TRANSFER,False
Aplicativo de transporte,51.4,2024-05-12,EXPENSE,CASH,False
Combustivel,159.38,2024-05-13,EXPENSE,BOLETO,False
Livraria,125.71,2024-05-13,EXPENSE,BOLETO,False
Curso online,347.89,2024-05-13,EXPENSE,CREDIT_CARD,False
Manutencao do veiculo,807.31,2024-05-13,EXPENSE,PIX,False
Streaming,31.22,2024-05-13,EXPENSE,CREDIT_CARD,True
Viagem e hospedagem,2895.56,2024-05-13,EXPENSE,DEBIT_CARD,False
Bonus profissional,2010.53,2024-05-13,INCOME,BANK_TRANSFER,False
Restaurante,92.87,2024-05-13,EXPENSE,DEBIT_CARD,False
Farmacia,158.04,2024-05-13,EXPENSE,BOLETO,False
Combustivel,189.1,2024-05-13,EXPENSE,PIX,False
Internet residencial,139.8,2024-05-13,EXPENSE,CREDIT_CARD,True
Livraria,152.01,2024-05-14,EXPENSE,BANK_TRANSFER,False
Livraria,140.45,2024-05-14,EXPENSE,BANK_TRANSFER,False
Cinema e lazer,57.43,2024-05-14,EXPENSE,CASH,False
Seguro do veiculo,394.31,2024-05-14,EXPENSE,BANK_TRANSFER,True
Reembolso empresarial,385.22,2024-05-14,INCOME,PIX,False
Passagem aerea,1121.9,2024-05-14,EXPENSE,BOLETO,False
Viagem e hospedagem,1492.82,2024-05-14,EXPENSE,BANK_TRANSFER,False
Curso online,441.31,2024-05-14,EXPENSE,CREDIT_CARD,False
Condominio,540.31,2024-05-14,EXPENSE,CASH,True
Conta de agua,110.31,2024-05-14,EXPENSE,BANK_TRANSFER,True
Plano de celular,48.22,2024-05-15,EXPENSE,PIX,True
Plano de saude,536.93,2024-05-15,EXPENSE,CASH,True
Academia,124.58,2024-05-15,EXPENSE,PIX,True
Curso online,213.44,2024-05-15,EXPENSE,PIX,False
Bonus profissional,2287.08,2024-05-15,INCOME,PIX,False
Restituicao de imposto,1900.16,2024-05-15,INCOME,PIX,False
Estacionamento,34.88,2024-05-15,EXPENSE,CASH,False
Venda de produto,697.29,2024-05-15,INCOME,PIX,False
Academia,150.69,2024-05-15,EXPENSE,BANK_TRANSFER,True
Pagamento freelance,2219.11,2024-05-15,INCOME,BANK_TRANSFER,False
Manutencao do veiculo,393.05,2024-05-15,EXPENSE,BOLETO,False
Estacionamento,17.92,2024-05-16,EXPENSE,CASH,False
Viagem e hospedagem,2964.7,2024-05-16,EXPENSE,CASH,False
Cinema e lazer,83.1,2024-05-16,EXPENSE,CASH,False
Academia,144.68,2024-05-16,EXPENSE,DEBIT_CARD,False
Aplicativo de transporte,68.35,2024-05-16,EXPENSE,PIX,False
Dividendos,569.58,2024-05-16,INCOME,PIX,True
Reembolso empresarial,651.51,2024-05-16,INCOME,PIX,False
Conta de agua,58.99,2024-05-17,EXPENSE,PIX,False
Curso online,347.1,2024-05-17,EXPENSE,PIX,False
Combustivel,376.48,2024-05-17,EXPENSE,PIX,False
Delivery de comida,149.77,2024-05-17,EXPENSE,BOLETO,False
Viagem e hospedagem,1620.15,2024-05-17,EXPENSE,BOLETO,False
Venda de produto,804.81,2024-05-17,INCOME,BANK_TRANSFER,False
Padaria,63.15,2024-05-17,EXPENSE,BOLETO,False
Aluguel recebido,1691.64,2024-05-17,INCOME,PIX,True
Academia,102.22,2024-05-17,EXPENSE,PIX,True
Curso online,288.78,2024-05-17,EXPENSE,DEBIT_CARD,False
Livraria,133.67,2024-05-17,EXPENSE,BANK_TRANSFER,False
Livraria,231.34,2024-05-17,EXPENSE,BOLETO,False
Restituicao de imposto,1469.14,2024-05-17,INCOME,BANK_TRANSFER,False
Eletronicos,1035.15,2024-05-18,EXPENSE,CREDIT_CARD,False
Dividendos,467.49,2024-05-18,INCOME,PIX,True
Passagem aerea,1049.96,2024-05-18,EXPENSE,PIX,False
Loja de roupas,672.24,2024-05-18,EXPENSE,BANK_TRANSFER,False
Streaming,51.9,2024-05-18,EXPENSE,BANK_TRANSFER,True
Condominio,665.66,2024-05-18,EXPENSE,PIX,True
Combustivel,180.08,2024-05-19,EXPENSE,PIX,False
Internet residencial,162.11,2024-05-19,EXPENSE,DEBIT_CARD,False
Combustivel,259.96,2024-05-19,EXPENSE,PIX,False
Veterinario,182.51,2024-05-19,EXPENSE,DEBIT_CARD,False
Pet shop,302.99,2024-05-19,EXPENSE,CREDIT_CARD,False
Bonus profissional,2102.69,2024-05-19,INCOME,BANK_TRANSFER,False
Venda de produto,785.12,2024-05-19,INCOME,PIX,False
Streaming,28.38,2024-05-19,EXPENSE,CASH,False
Internet residencial,159.06,2024-05-19,EXPENSE,PIX,True
Supermercado,106.16,2024-05-20,EXPENSE,CASH,False
Transferencia recebida,516.53,2024-05-20,INCOME,PIX,False
Conta de agua,168.97,2024-05-20,EXPENSE,BOLETO,True
Aluguel recebido,1160.65,2024-05-20,INCOME,PIX,True
Padaria,43.43,2024-05-20,EXPENSE,CASH,False
Veterinario,546.24,2024-05-20,EXPENSE,DEBIT_CARD,False
Veterinario,446.93,2024-05-20,EXPENSE,CREDIT_CARD,False
Streaming,69.2,2024-05-20,EXPENSE,CREDIT_CARD,True
Cinema e lazer,154.56,2024-05-20,EXPENSE,CREDIT_CARD,False
Supermercado,357.75,2024-05-20,EXPENSE,DEBIT_CARD,False
Doacao,196.18,2024-05-20,EXPENSE,PIX,False
Venda de produto,1005.97,2024-05-20,INCOME,BANK_TRANSFER,False
Eletronicos,2261.6,2024-05-20,EXPENSE,BANK_TRANSFER,False
Internet residencial,146.59,2024-05-20,EXPENSE,PIX,True
Pagamento freelance,2934.81,2024-05-20,INCOME,PIX,False
Restituicao de imposto,2107.09,2024-05-21,INCOME,PIX,False
Conta de energia,183.64,2024-05-21,EXPENSE,DEBIT_CARD,True
Padaria,44.75,2024-05-21,EXPENSE,BOLETO,False
Rendimento de investimento,153.46,2024-05-21,INCOME,PIX,True
Passagem aerea,2991.73,2024-05-21,EXPENSE,PIX,False
Dividendos,543.76,2024-05-21,INCOME,BANK_TRANSFER,True
Aluguel recebido,3029.13,2024-05-21,INCOME,BANK_TRANSFER,True
Plano de celular,155.36,2024-05-21,EXPENSE,BANK_TRANSFER,True
Internet residencial,95.88,2024-05-21,EXPENSE,PIX,True
Transferencia recebida,1041.67,2024-05-21,INCOME,PIX,False
Reembolso empresarial,416.24,2024-05-21,INCOME,BANK_TRANSFER,False
Delivery de comida,158.16,2024-05-22,EXPENSE,DEBIT_CARD,False
Eletronicos,3432.63,2024-05-22,EXPENSE,BANK_TRANSFER,False
Plano de saude,305.64,2024-05-22,EXPENSE,BOLETO,True
Delivery de comida,54.52,2024-05-22,EXPENSE,CREDIT_CARD,False
Impostos e taxas,1854.69,2024-05-22,EXPENSE,CREDIT_CARD,False
Manutencao do veiculo,1101.34,2024-05-22,EXPENSE,PIX,False
Manutencao do veiculo,1350.87,2024-05-22,EXPENSE,CREDIT_CARD,False
Restituicao de imposto,2188.23,2024-05-22,INCOME,PIX,False
Academia,212.46,2024-05-22,EXPENSE,PIX,True
Aluguel residencial,1928.35,2024-05-22,EXPENSE,CREDIT_CARD,True
Pagamento freelance,2580.66,2024-05-22,INCOME,BANK_TRANSFER,False
Doacao,271.77,2024-05-22,EXPENSE,CREDIT_CARD,False
Conta de agua,133.63,2024-05-22,EXPENSE,BOLETO,False
Livraria,108.24,2024-05-22,EXPENSE,BANK_TRANSFER,False
Doacao,381.43,2024-05-23,EXPENSE,BOLETO,False
Loja de roupas,422.64,2024-05-23,EXPENSE,CREDIT_CARD,False
Supermercado,224.15,2024-05-23,EXPENSE,BOLETO,False
Seguro do veiculo,183.68,2024-05-23,EXPENSE,CREDIT_CARD,True
Streaming,40.99,2024-05-23,EXPENSE,CREDIT_CARD,True
Conta de agua,85.14,2024-05-23,EXPENSE,BANK_TRANSFER,False
Manutencao do veiculo,334.27,2024-05-23,EXPENSE,BOLETO,False
Condominio,727.81,2024-05-23,EXPENSE,DEBIT_CARD,True
Cinema e lazer,136.67,2024-05-23,EXPENSE,DEBIT_CARD,False
Eletronicos,628.08,2024-05-23,EXPENSE,BOLETO,False
Aluguel recebido,1786.68,2024-05-24,INCOME,BANK_TRANSFER,True
Conta de energia,345.25,2024-05-24,EXPENSE,BANK_TRANSFER,True
Aluguel residencial,1520.02,2024-05-24,EXPENSE,CREDIT_CARD,True
Conta de agua,147.59,2024-05-24,EXPENSE,CREDIT_CARD,True
Reembolso empresarial,433.49,2024-05-24,INCOME,BANK_TRANSFER,False
Aluguel residencial,2536.63,2024-05-24,EXPENSE,DEBIT_CARD,True
Loja de roupas,152.91,2024-05-24,EXPENSE,BOLETO,False
Manutencao do veiculo,1255.44,2024-05-24,EXPENSE,BANK_TRANSFER,False
Passagem aerea,2111.1,2024-05-24,EXPENSE,DEBIT_CARD,False
Restituicao de imposto,2203.32,2024-05-24,INCOME,BANK_TRANSFER,False
Condominio,679.16,2024-05-24,EXPENSE,CREDIT_CARD,True
Venda de produto,1380.36,2024-05-24,INCOME,BANK_TRANSFER,False
Supermercado,408.87,2024-05-24,EXPENSE,BOLETO,False
Conta de energia,188.51,2024-05-25,EXPENSE,CREDIT_CARD,True
Dividendos,268.44,2024-05-25,INCOME,PIX,False
Aplicativo de transporte,50.18,2024-05-25,EXPENSE,BOLETO,False
Salario mensal,6202.13,2024-05-25,INCOME,BANK_TRANSFER,True
Restituicao de imposto,1455.39,2024-05-25,INCOME,BANK_TRANSFER,False
Salario mensal,6812.9,2024-05-25,INCOME,PIX,True
Pet shop,213.66,2024-05-25,EXPENSE,DEBIT_CARD,False
Aplicativo de transporte,54.09,2024-05-25,EXPENSE,CASH,False
Livraria,174.26,2024-05-25,EXPENSE,BANK_TRANSFER,False
Farmacia,88.78,2024-05-25,EXPENSE,CASH,False
Impostos e taxas,332.98,2024-05-25,EXPENSE,BOLETO,False
Transferencia recebida,981.87,2024-05-25,INCOME,PIX,False
Farmacia,145.08,2024-05-25,EXPENSE,PIX,False
Pagamento freelance,2776.04,2024-05-25,INCOME,PIX,False
Aluguel residencial,1875.25,2024-05-25,EXPENSE,CASH,True
Combustivel,206.18,2024-05-26,EXPENSE,DEBIT_CARD,False
Restaurante,99.09,2024-05-26,EXPENSE,BOLETO,False
Combustivel,95.75,2024-05-26,EXPENSE,PIX,False
Streaming,70.33,2024-05-26,EXPENSE,PIX,True
Manutencao do veiculo,829.21,2024-05-26,EXPENSE,DEBIT_CARD,False
Viagem e hospedagem,1164.58,2024-05-26,EXPENSE,DEBIT_CARD,False
Rendimento de investimento,371.24,2024-05-26,INCOME,BANK_TRANSFER,True
Restituicao de imposto,1796.26,2024-05-26,INCOME,PIX,False
Academia,233.69,2024-05-27,EXPENSE,DEBIT_CARD,False
Reembolso empresarial,426.16,2024-05-27,INCOME,BANK_TRANSFER,False
Supermercado,548.93,2024-05-27,EXPENSE,CREDIT_CARD,False
Pet shop,222.47,2024-05-27,EXPENSE,PIX,False
Restituicao de imposto,2292.4,2024-05-27,INCOME,BANK_TRANSFER,False
Plano de celular,143.2,2024-05-27,EXPENSE,PIX,True
Conta de agua,192.15,2024-05-28,EXPENSE,DEBIT_CARD,True
Supermercado,365.64,2024-05-28,EXPENSE,BANK_TRANSFER,False
Plano de saude,842.25,2024-05-28,EXPENSE,BOLETO,True
Farmacia,97.15,2024-05-28,EXPENSE,BANK_TRANSFER,False
Impostos e taxas,224.55,2024-05-28,EXPENSE,CREDIT_CARD,False
Venda de produto,981.74,2024-05-28,INCOME,BANK_TRANSFER,False
Delivery de comida,53.71,2024-05-28,EXPENSE,CASH,False
Plano de celular,132.81,2024-05-28,EXPENSE,DEBIT_CARD,True
Eletronicos,2719.4,2024-05-28,EXPENSE,CREDIT_CARD,False
Padaria,51.14,2024-05-28,EXPENSE,DEBIT_CARD,False
Plano de celular,96.09,2024-05-28,EXPENSE,BOLETO,True
Pagamento freelance,1904.45,2024-05-28,INCOME,PIX,False
Aluguel recebido,2882.13,2024-05-28,INCOME,PIX,True
Plano de celular,77.63,2024-05-28,EXPENSE,BANK_TRANSFER,True
Streaming,58.71,2024-05-29,EXPENSE,BANK_TRANSFER,True
Padaria,67.81,2024-05-29,EXPENSE,DEBIT_CARD,False
Rendimento de investimento,431.39,2024-05-29,INCOME,BANK_TRANSFER,True
Pet shop,150.4,2024-05-29,EXPENSE,PIX,False
Internet residencial,148.1,2024-05-29,EXPENSE,DEBIT_CARD,True
Salario mensal,6909.14,2024-05-29,INCOME,PIX,True
Dividendos,202.27,2024-05-29,INCOME,PIX,True
Restituicao de imposto,858.18,2024-05-29,INCOME,BANK_TRANSFER,False
Eletronicos,502.14,2024-05-29,EXPENSE,PIX,False
Delivery de comida,93.93,2024-05-29,EXPENSE,PIX,False
Seguro do veiculo,166.63,2024-05-29,EXPENSE,BANK_TRANSFER,False
Seguro do veiculo,147.92,2024-05-30,EXPENSE,CASH,True
Cinema e lazer,40.42,2024-05-30,EXPENSE,BANK_TRANSFER,False
Plano de celular,66.72,2024-05-30,EXPENSE,PIX,True
Dividendos,346.67,2024-05-30,INCOME,BANK_TRANSFER,True
Supermercado,168.03,2024-05-30,EXPENSE,PIX,False
Streaming,62.1,2024-05-30,EXPENSE,BOLETO,True
Impostos e taxas,542.11,2024-05-30,EXPENSE,CREDIT_CARD,False
Loja de roupas,501.21,2024-05-30,EXPENSE,CASH,False
Estacionamento,59.17,2024-05-31,EXPENSE,DEBIT_CARD,False
Impostos e taxas,915.06,2024-05-31,EXPENSE,BOLETO,False
Seguro do veiculo,164.5,2024-05-31,EXPENSE,BANK_TRANSFER,True
Aluguel residencial,2031.75,2024-05-31,EXPENSE,BOLETO,False
Aluguel residencial,1687.44,2024-05-31,EXPENSE,CASH,True
Condominio,1121.4,2024-05-31,EXPENSE,PIX,True
Plano de saude,264.92,2024-05-31,EXPENSE,DEBIT_CARD,True
Cinema e lazer,30.67,2024-06-01,EXPENSE,DEBIT_CARD,False
Dividendos,695.0,2024-06-01,INCOME,BANK_TRANSFER,True
Farmacia,194.78,2024-06-01,EXPENSE,PIX,False
Eletronicos,3113.0,2024-06-01,EXPENSE,DEBIT_CARD,False
Condominio,499.77,2024-06-01,EXPENSE,BANK_TRANSFER,True
Curso online,178.8,2024-06-01,EXPENSE,BOLETO,False
Condominio,591.44,2024-06-01,EXPENSE,PIX,True
Seguro do veiculo,334.24,2024-06-01,EXPENSE,CASH,True
Veterinario,274.19,2024-06-01,EXPENSE,PIX,False
Supermercado,249.07,2024-06-01,EXPENSE,DEBIT_CARD,False
Supermercado,390.19,2024-06-01,EXPENSE,BOLETO,False
Internet residencial,108.78,2024-06-01,EXPENSE,DEBIT_CARD,False
Padaria,33.17,2024-06-01,EXPENSE,CASH,False
Cinema e lazer,73.11,2024-06-01,EXPENSE,CREDIT_CARD,False
Streaming,35.22,2024-06-01,EXPENSE,BANK_TRANSFER,True
Veterinario,565.92,2024-06-02,EXPENSE,CREDIT_CARD,False
Dividendos,177.22,2024-06-02,INCOME,BANK_TRANSFER,True
Farmacia,144.28,2024-06-02,EXPENSE,BANK_TRANSFER,False
Veterinario,470.3,2024-06-02,EXPENSE,CREDIT_CARD,False
Livraria,125.16,2024-06-02,EXPENSE,BOLETO,False
Curso online,459.66,2024-06-02,EXPENSE,PIX,False
Pet shop,69.94,2024-06-02,EXPENSE,PIX,False
Pet shop,51.21,2024-06-02,EXPENSE,CREDIT_CARD,False
Aluguel residencial,1964.1,2024-06-02,EXPENSE,CASH,True
Pet shop,273.25,2024-06-02,EXPENSE,DEBIT_CARD,False
Restituicao de imposto,1476.32,2024-06-02,INCOME,BANK_TRANSFER,False
Pagamento freelance,1516.97,2024-06-02,INCOME,PIX,False
Aluguel recebido,2183.18,2024-06-02,INCOME,BANK_TRANSFER,True
Cinema e lazer,130.39,2024-06-02,EXPENSE,CREDIT_CARD,False
Salario mensal,8273.9,2024-06-02,INCOME,BANK_TRANSFER,True
Padaria,15.28,2024-06-02,EXPENSE,CREDIT_CARD,False
Salario mensal,9891.94,2024-06-02,INCOME,BANK_TRANSFER,True
Seguro do veiculo,190.79,2024-06-03,EXPENSE,CASH,True
Seguro do veiculo,340.14,2024-06-03,EXPENSE,CREDIT_CARD,True
Bonus profissional,4767.26,2024-06-03,INCOME,BANK_TRANSFER,False
Conta de agua,85.53,2024-06-03,EXPENSE,DEBIT_CARD,True
Academia,89.62,2024-06-03,EXPENSE,BANK_TRANSFER,True
Curso online,501.5,2024-06-03,EXPENSE,PIX,False
Manutencao do veiculo,958.97,2024-06-03,EXPENSE,CREDIT_CARD,False
Academia,153.42,2024-06-03,EXPENSE,BANK_TRANSFER,True
Aluguel recebido,2970.71,2024-06-03,INCOME,PIX,True
Reembolso empresarial,347.78,2024-06-03,INCOME,PIX,False
Salario mensal,4096.39,2024-06-03,INCOME,PIX,True
Cinema e lazer,53.09,2024-06-04,EXPENSE,BOLETO,False
Viagem e hospedagem,1139.08,2024-06-04,EXPENSE,BOLETO,False
Aplicativo de transporte,50.66,2024-06-04,EXPENSE,DEBIT_CARD,False
Estacionamento,30.71,2024-06-04,EXPENSE,CREDIT_CARD,False
Passagem aerea,2854.87,2024-06-04,EXPENSE,BOLETO,False
Curso online,466.85,2024-06-04,EXPENSE,BOLETO,False
Plano de saude,527.27,2024-06-04,EXPENSE,CREDIT_CARD,True
Restaurante,63.31,2024-06-04,EXPENSE,CREDIT_CARD,False
Curso online,225.54,2024-06-04,EXPENSE,BOLETO,False
Padaria,39.11,2024-06-05,EXPENSE,CREDIT_CARD,False
Academia,174.16,2024-06-05,EXPENSE,CREDIT_CARD,True
Aluguel residencial,2413.75,2024-06-05,EXPENSE,CASH,True
Doacao,280.01,2024-06-05,EXPENSE,CREDIT_CARD,False
Streaming,64.05,2024-06-05,EXPENSE,BOLETO,True
Supermercado,281.61,2024-06-05,EXPENSE,PIX,False
Rendimento de investimento,282.96,2024-06-05,INCOME,PIX,True
Delivery de comida,90.32,2024-06-05,EXPENSE,BOLETO,False
Aplicativo de transporte,23.13,2024-06-05,EXPENSE,DEBIT_CARD,False
Loja de roupas,461.52,2024-06-05,EXPENSE,CREDIT_CARD,False
Condominio,408.67,2024-06-05,EXPENSE,BANK_TRANSFER,False
Venda de produto,1559.27,2024-06-05,INCOME,BANK_TRANSFER,False
Cinema e lazer,56.97,2024-06-05,EXPENSE,PIX,False
Combustivel,150.7,2024-06-05,EXPENSE,CREDIT_CARD,False
Conta de agua,143.01,2024-06-05,EXPENSE,PIX,True
Curso online,439.62,2024-06-05,EXPENSE,CASH,False
Aplicativo de transporte,76.08,2024-06-05,EXPENSE,CREDIT_CARD,False
Loja de roupas,319.77,2024-06-06,EXPENSE,DEBIT_CARD,False
Viagem e hospedagem,836.12,2024-06-06,EXPENSE,PIX,False
Passagem aerea,2159.97,2024-06-06,EXPENSE,CASH,False
Aplicativo de transporte,76.82,2024-06-06,EXPENSE,DEBIT_CARD,False
Restaurante,84.9,2024-06-06,EXPENSE,BOLETO,False
Delivery de comida,145.98,2024-06-06,EXPENSE,CASH,False
Conta de energia,337.63,2024-06-06,EXPENSE,PIX,True
Academia,112.93,2024-06-06,EXPENSE,DEBIT_CARD,True
Loja de roupas,286.38,2024-06-06,EXPENSE,BANK_TRANSFER,False
Conta de energia,193.02,2024-06-06,EXPENSE,DEBIT_CARD,True
Loja de roupas,647.19,2024-06-06,EXPENSE,BANK_TRANSFER,False
Restaurante,54.89,2024-06-07,EXPENSE,PIX,False
Pet shop,105.48,2024-06-07,EXPENSE,BOLETO,False
Venda de produto,756.09,2024-06-07,INCOME,PIX,False
Plano de saude,662.6,2024-06-07,EXPENSE,CREDIT_CARD,True
Salario mensal,6125.79,2024-06-07,INCOME,BANK_TRANSFER,True
Padaria,27.75,2024-06-07,EXPENSE,PIX,False
Impostos e taxas,1053.76,2024-06-07,EXPENSE,CASH,False
Seguro do veiculo,264.41,2024-06-07,EXPENSE,CREDIT_CARD,False
Passagem aerea,968.75,2024-06-07,EXPENSE,BOLETO,False
Pagamento freelance,1613.51,2024-06-07,INCOME,PIX,False
Restituicao de imposto,1582.24,2024-06-07,INCOME,BANK_TRANSFER,False
Eletronicos,3273.36,2024-06-08,EXPENSE,CASH,False
Bonus profissional,3691.27,2024-06-08,INCOME,BANK_TRANSFER,False
Delivery de comida,38.25,2024-06-08,EXPENSE,CREDIT_CARD,False
Condominio,650.54,2024-06-08,EXPENSE,CASH,True
Passagem aerea,2785.16,2024-06-08,EXPENSE,CASH,False
Aplicativo de transporte,11.28,2024-06-08,EXPENSE,PIX,False
Streaming,66.4,2024-06-08,EXPENSE,CASH,True
Supermercado,313.86,2024-06-08,EXPENSE,BANK_TRANSFER,False
Transferencia recebida,1521.4,2024-06-09,INCOME,PIX,False
Venda de produto,1166.24,2024-06-09,INCOME,PIX,False
Plano de celular,72.61,2024-06-09,EXPENSE,BOLETO,True
Venda de produto,1362.8,2024-06-09,INCOME,PIX,False
Restituicao de imposto,1989.84,2024-06-09,INCOME,BANK_TRANSFER,False
Curso online,292.72,2024-06-09,EXPENSE,CREDIT_CARD,False
Livraria,160.06,2024-06-09,EXPENSE,CREDIT_CARD,False
Internet residencial,122.47,2024-06-09,EXPENSE,PIX,True
Livraria,173.42,2024-06-09,EXPENSE,DEBIT_CARD,False
Livraria,122.2,2024-06-09,EXPENSE,PIX,False
Seguro do veiculo,291.72,2024-06-10,EXPENSE,CREDIT_CARD,True
Transferencia recebida,1829.85,2024-06-10,INCOME,BANK_TRANSFER,False
Padaria,17.2,2024-06-10,EXPENSE,PIX,False
Conta de energia,228.92,2024-06-10,EXPENSE,BANK_TRANSFER,True
Pet shop,145.46,2024-06-10,EXPENSE,PIX,False
Rendimento de investimento,470.34,2024-06-10,INCOME,PIX,True
Plano de celular,67.67,2024-06-10,EXPENSE,CASH,True
Delivery de comida,80.93,2024-06-10,EXPENSE,CREDIT_CARD,False
Farmacia,217.97,2024-06-10,EXPENSE,BOLETO,False
Manutencao do veiculo,625.88,2024-06-10,EXPENSE,BANK_TRANSFER,False
Rendimento de investimento,430.91,2024-06-10,INCOME,PIX,True
Loja de roupas,548.32,2024-06-10,EXPENSE,CASH,False
Aluguel recebido,2895.55,2024-06-10,INCOME,PIX,True
Aluguel residencial,2108.54,2024-06-10,EXPENSE,DEBIT_CARD,True
Plano de saude,763.08,2024-06-10,EXPENSE,DEBIT_CARD,True
Pet shop,229.76,2024-06-11,EXPENSE,CREDIT_CARD,False
Plano de saude,650.78,2024-06-11,EXPENSE,DEBIT_CARD,True
Manutencao do veiculo,806.4,2024-06-11,EXPENSE,PIX,False
Eletronicos,1775.8,2024-06-11,EXPENSE,DEBIT_CARD,False
Viagem e hospedagem,565.03,2024-06-11,EXPENSE,PIX,False
Plano de celular,136.02,2024-06-12,EXPENSE,CREDIT_CARD,True
Combustivel,110.49,2024-06-12,EXPENSE,CREDIT_CARD,False
Bonus profissional,1556.52,2024-06-12,INCOME,BANK_TRANSFER,False
Livraria,45.88,2024-06-12,EXPENSE,BANK_TRANSFER,False
Farmacia,202.43,2024-06-12,EXPENSE,BANK_TRANSFER,False
Combustivel,191.13,2024-06-12,EXPENSE,PIX,False
Aluguel recebido,2931.23,2024-06-12,INCOME,BANK_TRANSFER,False
Impostos e taxas,991.9,2024-06-12,EXPENSE,CREDIT_CARD,False
Streaming,62.76,2024-06-12,EXPENSE,PIX,False
Estacionamento,59.87,2024-06-13,EXPENSE,DEBIT_CARD,False
Plano de celular,47.82,2024-06-13,EXPENSE,DEBIT_CARD,False
Loja de roupas,423.37,2024-06-13,EXPENSE,BOLETO,False
Venda de produto,1441.91,2024-06-13,INCOME,PIX,False
Estacionamento,29.28,2024-06-13,EXPENSE,PIX,False
Aplicativo de transporte,59.14,2024-06-13,EXPENSE,DEBIT_CARD,False
Aluguel residencial,1260.32,2024-06-13,EXPENSE,DEBIT_CARD,True
Eletronicos,729.14,2024-06-13,EXPENSE,CREDIT_CARD,False
Doacao,184.82,2024-06-14,EXPENSE,PIX,False
Combustivel,266.97,2024-06-14,EXPENSE,BANK_TRANSFER,False
Aplicativo de transporte,28.22,2024-06-14,EXPENSE,BANK_TRANSFER,False
Impostos e taxas,1664.0,2024-06-14,EXPENSE,DEBIT_CARD,False
Eletronicos,986.51,2024-06-14,EXPENSE,PIX,False
Viagem e hospedagem,1916.49,2024-06-14,EXPENSE,DEBIT_CARD,False
Livraria,160.9,2024-06-14,EXPENSE,CREDIT_CARD,False
Academia,175.63,2024-06-14,EXPENSE,BOLETO,True
Condominio,603.57,2024-06-15,EXPENSE,DEBIT_CARD,False
Impostos e taxas,675.75,2024-06-15,EXPENSE,PIX,False
Veterinario,683.48,2024-06-15,EXPENSE,CASH,False
Pagamento freelance,2326.9,2024-06-15,INCOME,BANK_TRANSFER,False
Estacionamento,24.23,2024-06-15,EXPENSE,PIX,False
Streaming,45.01,2024-06-15,EXPENSE,BOLETO,True
Conta de energia,209.31,2024-06-15,EXPENSE,CREDIT_CARD,True
Conta de energia,137.45,2024-06-15,EXPENSE,BANK_TRANSFER,True
Cinema e lazer,120.73,2024-06-15,EXPENSE,BANK_TRANSFER,False
Restaurante,234.08,2024-06-15,EXPENSE,BANK_TRANSFER,False
Restituicao de imposto,1652.8,2024-06-16,INCOME,PIX,False
Manutencao do veiculo,1372.31,2024-06-16,EXPENSE,BANK_TRANSFER,False
Viagem e hospedagem,1343.67,2024-06-16,EXPENSE,BOLETO,False
Viagem e hospedagem,1024.02,2024-06-16,EXPENSE,DEBIT_CARD,False
Farmacia,132.21,2024-06-16,EXPENSE,CREDIT_CARD,False
Restituicao de imposto,1667.26,2024-06-16,INCOME,BANK_TRANSFER,False
Internet residencial,99.48,2024-06-16,EXPENSE,CREDIT_CARD,True
Bonus profissional,1431.29,2024-06-16,INCOME,PIX,False
Venda de produto,582.65,2024-06-17,INCOME,PIX,False
Aluguel residencial,2803.71,2024-06-17,EXPENSE,CREDIT_CARD,True
Dividendos,476.03,2024-06-17,INCOME,PIX,False
Aluguel recebido,2499.49,2024-06-17,INCOME,BANK_TRANSFER,False
Bonus profissional,2844.83,2024-06-18,INCOME,BANK_TRANSFER,False
Doacao,349.01,2024-06-18,EXPENSE,BOLETO,False
Internet residencial,119.27,2024-06-18,EXPENSE,BOLETO,False
Condominio,675.97,2024-06-18,EXPENSE,BOLETO,True
Rendimento de investimento,455.27,2024-06-18,INCOME,BANK_TRANSFER,False
Conta de agua,153.91,2024-06-18,EXPENSE,CASH,True
Manutencao do veiculo,520.93,2024-06-18,EXPENSE,BOLETO,False
Cinema e lazer,120.65,2024-06-18,EXPENSE,BANK_TRANSFER,False
Plano de celular,60.0,2024-06-18,EXPENSE,PIX,False
Restaurante,177.18,2024-06-18,EXPENSE,BANK_TRANSFER,False
Conta de energia,280.28,2024-06-18,EXPENSE,PIX,False
Delivery de comida,127.45,2024-06-18,EXPENSE,BOLETO,False
Venda de produto,1168.33,2024-06-18,INCOME,BANK_TRANSFER,False
Curso online,228.53,2024-06-19,EXPENSE,CASH,False
Reembolso empresarial,399.48,2024-06-19,INCOME,PIX,False
Streaming,41.85,2024-06-19,EXPENSE,CASH,True
Cinema e lazer,106.68,2024-06-19,EXPENSE,BOLETO,False
Rendimento de investimento,350.97,2024-06-19,INCOME,PIX,True
Internet residencial,108.9,2024-06-19,EXPENSE,CASH,True
Combustivel,229.81,2024-06-19,EXPENSE,BANK_TRANSFER,False
Restaurante,100.37,2024-06-19,EXPENSE,CREDIT_CARD,False
Manutencao do veiculo,1108.99,2024-06-19,EXPENSE,CREDIT_CARD,False
Padaria,59.65,2024-06-19,EXPENSE,CASH,False
Delivery de comida,76.04,2024-06-19,EXPENSE,CASH,False
Academia,136.08,2024-06-19,EXPENSE,BOLETO,False
Combustivel,287.51,2024-06-19,EXPENSE,CREDIT_CARD,False
Loja de roupas,376.12,2024-06-19,EXPENSE,BANK_TRANSFER,False
Reembolso empresarial,689.9,2024-06-20,INCOME,PIX,False
Dividendos,349.61,2024-06-20,INCOME,BANK_TRANSFER,False
Streaming,28.55,2024-06-20,EXPENSE,DEBIT_CARD,True
Impostos e taxas,1379.58,2024-06-20,EXPENSE,DEBIT_CARD,False
Padaria,22.79,2024-06-20,EXPENSE,DEBIT_CARD,False
Pagamento freelance,1664.5,2024-06-20,INCOME,BANK_TRANSFER,False
Conta de agua,157.06,2024-06-20,EXPENSE,BANK_TRANSFER,True
Dividendos,427.61,2024-06-20,INCOME,BANK_TRANSFER,True
Pet shop,272.85,2024-06-20,EXPENSE,BOLETO,False
Passagem aerea,1246.24,2024-06-20,EXPENSE,PIX,False
Farmacia,199.89,2024-06-20,EXPENSE,PIX,False
Doacao,171.89,2024-06-20,EXPENSE,BOLETO,False
Cinema e lazer,59.26,2024-06-20,EXPENSE,CREDIT_CARD,False
Passagem aerea,2223.27,2024-06-21,EXPENSE,BANK_TRANSFER,False
Reembolso empresarial,799.27,2024-06-21,INCOME,PIX,False
Internet residencial,173.27,2024-06-21,EXPENSE,PIX,True
Reembolso empresarial,264.02,2024-06-21,INCOME,BANK_TRANSFER,False
Supermercado,316.26,2024-06-21,EXPENSE,DEBIT_CARD,False
Restituicao de imposto,1201.66,2024-06-21,INCOME,BANK_TRANSFER,False
Rendimento de investimento,472.58,2024-06-21,INCOME,PIX,True
Aluguel residencial,2388.39,2024-06-21,EXPENSE,DEBIT_CARD,True
Streaming,62.19,2024-06-21,EXPENSE,BANK_TRANSFER,True
Pagamento freelance,3488.65,2024-06-21,INCOME,PIX,False
Pagamento freelance,3544.83,2024-06-21,INCOME,BANK_TRANSFER,False
Veterinario,335.34,2024-06-21,EXPENSE,CASH,False
Estacionamento,44.02,2024-06-21,EXPENSE,CASH,False
Conta de agua,148.5,2024-06-21,EXPENSE,BOLETO,True
Salario mensal,11189.38,2024-06-21,INCOME,PIX,True
Salario mensal,7665.13,2024-06-21,INCOME,PIX,True
Bonus profissional,2878.36,2024-06-21,INCOME,BANK_TRANSFER,False
Manutencao do veiculo,641.69,2024-06-21,EXPENSE,DEBIT_CARD,False
Delivery de comida,111.97,2024-06-21,EXPENSE,PIX,False
Bonus profissional,2009.56,2024-06-22,INCOME,BANK_TRANSFER,False
Dividendos,353.37,2024-06-22,INCOME,PIX,True
Veterinario,577.04,2024-06-22,EXPENSE,BANK_TRANSFER,False
Padaria,29.81,2024-06-22,EXPENSE,BOLETO,False
Restaurante,84.81,2024-06-22,EXPENSE,BANK_TRANSFER,False
Salario mensal,7544.5,2024-06-22,INCOME,PIX,False
Restaurante,275.72,2024-06-22,EXPENSE,CASH,False
Reembolso empresarial,733.61,2024-06-22,INCOME,PIX,False
Impostos e taxas,1954.68,2024-06-22,EXPENSE,BOLETO,False
Aplicativo de transporte,38.45,2024-06-22,EXPENSE,CASH,False
Aluguel residencial,2527.99,2024-06-22,EXPENSE,DEBIT_CARD,True
Aluguel residencial,2693.74,2024-06-22,EXPENSE,CASH,True
Conta de agua,107.69,2024-06-22,EXPENSE,PIX,True
Passagem aerea,1235.61,2024-06-23,EXPENSE,DEBIT_CARD,False
Restituicao de imposto,1536.72,2024-06-23,INCOME,PIX,False
Transferencia recebida,1885.28,2024-06-23,INCOME,BANK_TRANSFER,False
Conta de agua,108.9,2024-06-23,EXPENSE,BOLETO,True
Conta de energia,458.99,2024-06-23,EXPENSE,CASH,True
Plano de celular,121.07,2024-06-23,EXPENSE,BOLETO,True
Plano de saude,651.56,2024-06-23,EXPENSE,BANK_TRANSFER,True
Manutencao do veiculo,1702.22,2024-06-23,EXPENSE,BANK_TRANSFER,False
Viagem e hospedagem,2844.5,2024-06-23,EXPENSE,DEBIT_CARD,False
Aluguel recebido,2135.61,2024-06-24,INCOME,BANK_TRANSFER,False
Condominio,960.24,2024-06-24,EXPENSE,BOLETO,True
Plano de saude,399.89,2024-06-24,EXPENSE,PIX,True
Dividendos,347.57,2024-06-24,INCOME,BANK_TRANSFER,True
Reembolso empresarial,747.17,2024-06-24,INCOME,PIX,False
Loja de roupas,295.34,2024-06-24,EXPENSE,BANK_TRANSFER,False
Doacao,129.15,2024-06-24,EXPENSE,DEBIT_CARD,False
Passagem aerea,2847.67,2024-06-24,EXPENSE,BOLETO,False
Conta de agua,119.26,2024-06-25,EXPENSE,PIX,True
Transferencia recebida,1498.83,2024-06-25,INCOME,PIX,False
Conta de energia,337.97,2024-06-25,EXPENSE,DEBIT_CARD,True
Combustivel,142.43,2024-06-25,EXPENSE,BOLETO,False
Farmacia,189.44,2024-06-25,EXPENSE,DEBIT_CARD,False
Plano de celular,55.9,2024-06-25,EXPENSE,CREDIT_CARD,True
Aluguel recebido,2595.36,2024-06-25,INCOME,PIX,True
Doacao,173.07,2024-06-25,EXPENSE,CREDIT_CARD,False
Plano de saude,976.48,2024-06-25,EXPENSE,PIX,True
Internet residencial,91.16,2024-06-25,EXPENSE,BOLETO,True
Internet residencial,94.46,2024-06-25,EXPENSE,CREDIT_CARD,False
Restaurante,67.74,2024-06-25,EXPENSE,BOLETO,False
Plano de saude,562.06,2024-06-25,EXPENSE,DEBIT_CARD,False
Estacionamento,41.96,2024-06-25,EXPENSE,CASH,False
Venda de produto,892.82,2024-06-25,INCOME,BANK_TRANSFER,False
Doacao,201.06,2024-06-25,EXPENSE,CREDIT_CARD,False
Academia,123.02,2024-06-26,EXPENSE,CREDIT_CARD,True
Transferencia recebida,1665.85,2024-06-26,INCOME,PIX,False
Aplicativo de transporte,42.94,2024-06-26,EXPENSE,CASH,False
Aluguel recebido,2777.35,2024-06-26,INCOME,BANK_TRANSFER,True
Supermercado,212.69,2024-06-26,EXPENSE,CREDIT_CARD,False
Viagem e hospedagem,2378.76,2024-06-26,EXPENSE,CASH,False
Restaurante,230.92,2024-06-26,EXPENSE,CASH,False
Livraria,88.91,2024-06-26,EXPENSE,CREDIT_CARD,False
Veterinario,156.52,2024-06-26,EXPENSE,BANK_TRANSFER,False
Passagem aerea,631.14,2024-06-26,EXPENSE,BANK_TRANSFER,False
Supermercado,235.82,2024-06-26,EXPENSE,DEBIT_CARD,False
Aluguel recebido,1256.56,2024-06-26,INCOME,BANK_TRANSFER,True
Eletronicos,1169.11,2024-06-27,EXPENSE,PIX,False
Combustivel,141.57,2024-06-27,EXPENSE,DEBIT_CARD,False
Aluguel recebido,3067.52,2024-06-27,INCOME,BANK_TRANSFER,True
Streaming,48.16,2024-06-27,EXPENSE,BANK_TRANSFER,True
Farmacia,99.51,2024-06-27,EXPENSE,DEBIT_CARD,False
Seguro do veiculo,229.14,2024-06-27,EXPENSE,DEBIT_CARD,True
Transferencia recebida,1569.42,2024-06-27,INCOME,PIX,False
Veterinario,728.05,2024-06-27,EXPENSE,BANK_TRANSFER,False
Padaria,45.64,2024-06-27,EXPENSE,CASH,False
Condominio,726.09,2024-06-27,EXPENSE,BANK_TRANSFER,True
Padaria,28.2,2024-06-28,EXPENSE,DEBIT_CARD,False
Impostos e taxas,1112.59,2024-06-28,EXPENSE,CASH,False
Aluguel recebido,2964.33,2024-06-28,INCOME,PIX,False
Impostos e taxas,1720.12,2024-06-28,EXPENSE,CASH,False
Aluguel residencial,1989.26,2024-06-28,EXPENSE,CASH,True
Estacionamento,16.78,2024-06-28,EXPENSE,DEBIT_CARD,False
Pagamento freelance,3990.21,2024-06-28,INCOME,BANK_TRANSFER,False
Condominio,752.62,2024-06-28,EXPENSE,CASH,True
Eletronicos,970.45,2024-06-28,EXPENSE,BANK_TRANSFER,False
Seguro do veiculo,286.55,2024-06-28,EXPENSE,BOLETO,True
Transferencia recebida,622.59,2024-06-29,INCOME,PIX,False
Academia,146.84,2024-06-29,EXPENSE,BOLETO,True
Academia,105.73,2024-06-29,EXPENSE,CASH,False
Loja de roupas,757.87,2024-06-29,EXPENSE,CASH,False
Supermercado,450.94,2024-06-29,EXPENSE,BANK_TRANSFER,False
Plano de celular,85.57,2024-06-29,EXPENSE,PIX,True
Combustivel,174.37,2024-06-29,EXPENSE,BOLETO,False
Doacao,256.06,2024-06-29,EXPENSE,CREDIT_CARD,False
Dividendos,372.72,2024-06-30,INCOME,BANK_TRANSFER,True
Pet shop,179.7,2024-06-30,EXPENSE,BANK_TRANSFER,False
Livraria,69.55,2024-06-30,EXPENSE,CASH,False
Estacionamento,21.9,2024-06-30,EXPENSE,BANK_TRANSFER,False
Estacionamento,11.75,2024-06-30,EXPENSE,PIX,False
Delivery de comida,127.89,2024-06-30,EXPENSE,BANK_TRANSFER,False
Eletronicos,3410.31,2024-06-30,EXPENSE,BANK_TRANSFER,False
Salario mensal,6241.03,2024-06-30,INCOME,PIX,True
Rendimento de investimento,497.36,2024-06-30,INCOME,PIX,True
Pet shop,195.25,2024-06-30,EXPENSE,CREDIT_CARD,False
Restaurante,80.77,2024-07-01,EXPENSE,BOLETO,False
Salario mensal,4367.44,2024-07-01,INCOME,PIX,True
Plano de saude,897.6,2024-07-01,EXPENSE,BANK_TRANSFER,True
Conta de agua,86.48,2024-07-01,EXPENSE,CASH,True
Streaming,42.78,2024-07-01,EXPENSE,BOLETO,True
Rendimento de investimento,355.95,2024-07-01,INCOME,BANK_TRANSFER,True
Transferencia recebida,664.24,2024-07-01,INCOME,BANK_TRANSFER,False
Delivery de comida,38.9,2024-07-02,EXPENSE,BOLETO,False
Farmacia,131.24,2024-07-02,EXPENSE,DEBIT_CARD,False
Eletronicos,745.48,2024-07-02,EXPENSE,CREDIT_CARD,False
Livraria,136.59,2024-07-02,EXPENSE,PIX,False
Bonus profissional,4164.31,2024-07-02,INCOME,PIX,False
Aluguel residencial,2166.91,2024-07-02,EXPENSE,DEBIT_CARD,True
Livraria,138.27,2024-07-02,EXPENSE,BANK_TRANSFER,False
Streaming,44.79,2024-07-02,EXPENSE,PIX,True
Streaming,32.4,2024-07-02,EXPENSE,BANK_TRANSFER,True
Viagem e hospedagem,2907.19,2024-07-03,EXPENSE,CASH,False
Impostos e taxas,337.36,2024-07-03,EXPENSE,PIX,False
Curso online,131.66,2024-07-04,EXPENSE,BANK_TRANSFER,False
Streaming,65.57,2024-07-04,EXPENSE,CASH,False
Passagem aerea,556.02,2024-07-04,EXPENSE,BANK_TRANSFER,False
Passagem aerea,2353.39,2024-07-04,EXPENSE,BOLETO,False
Plano de celular,74.5,2024-07-04,EXPENSE,DEBIT_CARD,True
Passagem aerea,1521.04,2024-07-04,EXPENSE,PIX,False
Aplicativo de transporte,37.35,2024-07-04,EXPENSE,DEBIT_CARD,False
Rendimento de investimento,208.69,2024-07-04,INCOME,BANK_TRANSFER,True
Aluguel recebido,3292.59,2024-07-04,INCOME,BANK_TRANSFER,True
Restaurante,86.02,2024-07-04,EXPENSE,PIX,False
Manutencao do veiculo,814.91,2024-07-04,EXPENSE,CREDIT_CARD,False
Dividendos,434.88,2024-07-04,INCOME,PIX,True
Pet shop,231.47,2024-07-04,EXPENSE,DEBIT_CARD,False
Restituicao de imposto,713.61,2024-07-04,INCOME,PIX,False
Padaria,50.59,2024-07-04,EXPENSE,DEBIT_CARD,False
Aplicativo de transporte,29.87,2024-07-04,EXPENSE,BOLETO,False
Conta de agua,103.5,2024-07-04,EXPENSE,CREDIT_CARD,True
Transferencia recebida,1157.04,2024-07-05,INCOME,BANK_TRANSFER,False
Pet shop,100.74,2024-07-05,EXPENSE,CASH,False
Aluguel residencial,1503.63,2024-07-05,EXPENSE,PIX,True
Pagamento freelance,2977.86,2024-07-05,INCOME,PIX,False
Academia,162.7,2024-07-05,EXPENSE,CREDIT_CARD,False
Academia,123.91,2024-07-05,EXPENSE,CASH,True
Impostos e taxas,378.4,2024-07-06,EXPENSE,BOLETO,False
Padaria,32.27,2024-07-06,EXPENSE,BOLETO,False
Supermercado,683.29,2024-07-06,EXPENSE,DEBIT_CARD,False
Eletronicos,1139.17,2024-07-06,EXPENSE,BOLETO,False
Condominio,751.94,2024-07-06,EXPENSE,CASH,True
Conta de energia,397.79,2024-07-06,EXPENSE,PIX,True
Farmacia,126.35,2024-07-06,EXPENSE,BOLETO,False
Pagamento freelance,2815.61,2024-07-06,INCOME,PIX,False
Pet shop,245.42,2024-07-06,EXPENSE,CASH,False
Reembolso empresarial,645.52,2024-07-06,INCOME,PIX,False
Dividendos,641.77,2024-07-06,INCOME,PIX,True
Restaurante,205.8,2024-07-07,EXPENSE,BANK_TRANSFER,False
Transferencia recebida,1572.23,2024-07-07,INCOME,BANK_TRANSFER,False
Impostos e taxas,422.14,2024-07-07,EXPENSE,BOLETO,False
Aplicativo de transporte,47.01,2024-07-07,EXPENSE,PIX,False
Viagem e hospedagem,1137.21,2024-07-07,EXPENSE,BANK_TRANSFER,False
Estacionamento,51.75,2024-07-07,EXPENSE,BOLETO,False
Combustivel,155.98,2024-07-07,EXPENSE,BOLETO,False
Streaming,38.74,2024-07-07,EXPENSE,BOLETO,True
Streaming,35.51,2024-07-07,EXPENSE,BOLETO,True
Conta de agua,71.75,2024-07-07,EXPENSE,BANK_TRANSFER,True
Venda de produto,937.79,2024-07-07,INCOME,PIX,False
Transferencia recebida,800.86,2024-07-07,INCOME,BANK_TRANSFER,False
Loja de roupas,596.44,2024-07-07,EXPENSE,DEBIT_CARD,False
Manutencao do veiculo,552.76,2024-07-07,EXPENSE,BOLETO,False
Seguro do veiculo,220.91,2024-07-07,EXPENSE,PIX,True
Delivery de comida,124.84,2024-07-07,EXPENSE,BANK_TRANSFER,False
Delivery de comida,87.51,2024-07-07,EXPENSE,CREDIT_CARD,False
Doacao,171.48,2024-07-08,EXPENSE,CREDIT_CARD,False
Salario mensal,9321.91,2024-07-08,INCOME,BANK_TRANSFER,True
Restaurante,197.26,2024-07-08,EXPENSE,CASH,False
Bonus profissional,2420.98,2024-07-08,INCOME,BANK_TRANSFER,False
Conta de agua,112.96,2024-07-08,EXPENSE,PIX,True
Plano de saude,848.63,2024-07-08,EXPENSE,BOLETO,True
Rendimento de investimento,156.41,2024-07-08,INCOME,PIX,True
Padaria,51.04,2024-07-09,EXPENSE,BANK_TRANSFER,False
Viagem e hospedagem,1354.01,2024-07-09,EXPENSE,CREDIT_CARD,False
Condominio,586.14,2024-07-09,EXPENSE,DEBIT_CARD,True
Supermercado,369.48,2024-07-09,EXPENSE,CREDIT_CARD,False
Supermercado,485.25,2024-07-09,EXPENSE,BANK_TRANSFER,False
Aplicativo de transporte,24.06,2024-07-09,EXPENSE,BANK_TRANSFER,False
Cinema e lazer,91.68,2024-07-09,EXPENSE,CASH,False
Restituicao de imposto,1433.18,2024-07-09,INCOME,PIX,False
Plano de saude,788.38,2024-07-09,EXPENSE,CASH,True
Combustivel,135.14,2024-07-09,EXPENSE,DEBIT_CARD,False
Internet residencial,93.14,2024-07-09,EXPENSE,BOLETO,False
Restituicao de imposto,1489.29,2024-07-09,INCOME,BANK_TRANSFER,False
Cinema e lazer,134.3,2024-07-10,EXPENSE,BANK_TRANSFER,False
Impostos e taxas,268.06,2024-07-10,EXPENSE,PIX,False
Aluguel residencial,2726.34,2024-07-10,EXPENSE,DEBIT_CARD,True
Plano de celular,45.73,2024-07-10,EXPENSE,CREDIT_CARD,True
Conta de agua,67.59,2024-07-10,EXPENSE,PIX,False
Venda de produto,269.68,2024-07-10,INCOME,PIX,False
Passagem aerea,1776.15,2024-07-10,EXPENSE,PIX,False
Curso online,482.76,2024-07-10,EXPENSE,DEBIT_CARD,False
Reembolso empresarial,531.09,2024-07-10,INCOME,BANK_TRANSFER,False
Aluguel recebido,2827.62,2024-07-10,INCOME,PIX,True
Transferencia recebida,981.84,2024-07-10,INCOME,BANK_TRANSFER,False
Supermercado,249.77,2024-07-10,EXPENSE,CASH,False
Pet shop,128.94,2024-07-10,EXPENSE,BOLETO,False
Passagem aerea,1950.51,2024-07-10,EXPENSE,CASH,False
Loja de roupas,709.89,2024-07-10,EXPENSE,CREDIT_CARD,False
Supermercado,462.64,2024-07-10,EXPENSE,BANK_TRANSFER,False
Livraria,218.12,2024-07-11,EXPENSE,DEBIT_CARD,False
Plano de celular,119.97,2024-07-11,EXPENSE,CASH,True
Eletronicos,1682.78,2024-07-11,EXPENSE,DEBIT_CARD,False
Doacao,53.05,2024-07-11,EXPENSE,CASH,False
Plano de celular,127.15,2024-07-12,EXPENSE,CASH,True
Venda de produto,695.23,2024-07-12,INCOME,PIX,False
Manutencao do veiculo,508.42,2024-07-12,EXPENSE,CASH,False
Aplicativo de transporte,39.75,2024-07-12,EXPENSE,CASH,False
Veterinario,321.29,2024-07-12,EXPENSE,CREDIT_CARD,False
Transferencia recebida,1744.75,2024-07-12,INCOME,PIX,False
Transferencia recebida,1209.87,2024-07-12,INCOME,BANK_TRANSFER,False
Impostos e taxas,563.85,2024-07-12,EXPENSE,BOLETO,False
Doacao,303.61,2024-07-13,EXPENSE,DEBIT_CARD,False
Restaurante,111.45,2024-07-13,EXPENSE,CASH,False
Loja de roupas,176.13,2024-07-13,EXPENSE,BANK_TRANSFER,False
Restaurante,134.06,2024-07-13,EXPENSE,CREDIT_CARD,False
Transferencia recebida,663.51,2024-07-13,INCOME,PIX,False
Dividendos,630.56,2024-07-13,INCOME,BANK_TRANSFER,True
Aplicativo de transporte,55.29,2024-07-13,EXPENSE,BANK_TRANSFER,False
Plano de saude,464.21,2024-07-13,EXPENSE,CREDIT_CARD,True
Padaria,34.66,2024-07-13,EXPENSE,PIX,False
Doacao,59.11,2024-07-13,EXPENSE,BOLETO,False
Bonus profissional,2742.91,2024-07-13,INCOME,BANK_TRANSFER,False
Aluguel residencial,1029.2,2024-07-13,EXPENSE,CREDIT_CARD,True
Supermercado,150.17,2024-07-13,EXPENSE,BANK_TRANSFER,False
Combustivel,228.13,2024-07-14,EXPENSE,BANK_TRANSFER,False
Restituicao de imposto,2385.2,2024-07-14,INCOME,PIX,False
Eletronicos,2443.83,2024-07-14,EXPENSE,BANK_TRANSFER,False
Cinema e lazer,99.21,2024-07-14,EXPENSE,DEBIT_CARD,False
Aplicativo de transporte,35.71,2024-07-14,EXPENSE,DEBIT_CARD,False
Estacionamento,41.2,2024-07-14,EXPENSE,DEBIT_CARD,False
Manutencao do veiculo,691.74,2024-07-14,EXPENSE,CASH,False
Plano de saude,545.9,2024-07-14,EXPENSE,BOLETO,True
Bonus profissional,2201.84,2024-07-14,INCOME,PIX,False
Conta de energia,245.92,2024-07-14,EXPENSE,DEBIT_CARD,True
Cinema e lazer,142.41,2024-07-15,EXPENSE,BANK_TRANSFER,False
Estacionamento,18.7,2024-07-15,EXPENSE,DEBIT_CARD,False
Padaria,15.82,2024-07-15,EXPENSE,CASH,False
Pet shop,229.69,2024-07-15,EXPENSE,PIX,False
Pagamento freelance,2059.67,2024-07-15,INCOME,PIX,False
Cinema e lazer,66.0,2024-07-15,EXPENSE,BOLETO,False
Cinema e lazer,108.17,2024-07-15,EXPENSE,PIX,False
Pet shop,175.54,2024-07-15,EXPENSE,BOLETO,False
Livraria,88.28,2024-07-15,EXPENSE,CASH,False
Academia,139.82,2024-07-15,EXPENSE,CREDIT_CARD,True
Bonus profissional,4383.39,2024-07-16,INCOME,PIX,False
Estacionamento,30.35,2024-07-16,EXPENSE,CASH,False
Salario mensal,10475.1,2024-07-16,INCOME,BANK_TRANSFER,True
Padaria,29.69,2024-07-16,EXPENSE,CREDIT_CARD,False
Delivery de comida,131.18,2024-07-16,EXPENSE,CASH,False
Reembolso empresarial,535.09,2024-07-16,INCOME,BANK_TRANSFER,False
Pet shop,218.66,2024-07-16,EXPENSE,BANK_TRANSFER,False
Seguro do veiculo,373.38,2024-07-16,EXPENSE,CASH,True
Pagamento freelance,3132.02,2024-07-16,INCOME,PIX,False
Delivery de comida,99.42,2024-07-16,EXPENSE,CASH,False
Pagamento freelance,1633.89,2024-07-16,INCOME,PIX,False
Reembolso empresarial,505.8,2024-07-17,INCOME,PIX,False
Eletronicos,1506.73,2024-07-17,EXPENSE,PIX,False
Doacao,115.32,2024-07-17,EXPENSE,CREDIT_CARD,False
Dividendos,512.97,2024-07-17,INCOME,BANK_TRANSFER,True
Viagem e hospedagem,1165.97,2024-07-17,EXPENSE,PIX,False
Veterinario,162.34,2024-07-17,EXPENSE,CREDIT_CARD,False
Plano de celular,76.18,2024-07-17,EXPENSE,BOLETO,True
Livraria,71.35,2024-07-17,EXPENSE,BANK_TRANSFER,False
Conta de energia,384.19,2024-07-17,EXPENSE,BANK_TRANSFER,True
Farmacia,133.62,2024-07-18,EXPENSE,BANK_TRANSFER,False
Pet shop,403.89,2024-07-18,EXPENSE,DEBIT_CARD,False
Curso online,576.44,2024-07-18,EXPENSE,DEBIT_CARD,False
Livraria,81.15,2024-07-18,EXPENSE,BANK_TRANSFER,False
Seguro do veiculo,182.19,2024-07-18,EXPENSE,CREDIT_CARD,True
Passagem aerea,2998.76,2024-07-18,EXPENSE,BANK_TRANSFER,False
Restituicao de imposto,2519.61,2024-07-18,INCOME,PIX,False
Condominio,851.06,2024-07-19,EXPENSE,CASH,True
Veterinario,305.02,2024-07-19,EXPENSE,CASH,False
Doacao,205.74,2024-07-19,EXPENSE,BOLETO,False
Salario mensal,8104.95,2024-07-19,INCOME,PIX,True
Livraria,133.46,2024-07-19,EXPENSE,CREDIT_CARD,False
Passagem aerea,2969.05,2024-07-19,EXPENSE,CASH,False
Manutencao do veiculo,1156.74,2024-07-19,EXPENSE,BOLETO,False
Curso online,292.53,2024-07-19,EXPENSE,PIX,False
Passagem aerea,3300.62,2024-07-19,EXPENSE,CASH,False
Eletronicos,3365.99,2024-07-19,EXPENSE,BANK_TRANSFER,False
Pet shop,182.52,2024-07-19,EXPENSE,DEBIT_CARD,False
Aluguel recebido,3077.52,2024-07-19,INCOME,BANK_TRANSFER,True
Conta de energia,158.83,2024-07-19,EXPENSE,CREDIT_CARD,True
Condominio,617.4,2024-07-19,EXPENSE,BANK_TRANSFER,True
Aplicativo de transporte,58.24,2024-07-20,EXPENSE,PIX,False
Conta de energia,352.98,2024-07-20,EXPENSE,CASH,True
Reembolso empresarial,412.39,2024-07-20,INCOME,BANK_TRANSFER,False
Salario mensal,9170.58,2024-07-20,INCOME,BANK_TRANSFER,True
Salario mensal,9142.48,2024-07-20,INCOME,PIX,False
Loja de roupas,209.38,2024-07-20,EXPENSE,BANK_TRANSFER,False
Doacao,229.23,2024-07-20,EXPENSE,BOLETO,False
Internet residencial,135.19,2024-07-20,EXPENSE,CASH,True
Aplicativo de transporte,30.81,2024-07-20,EXPENSE,DEBIT_CARD,False
Viagem e hospedagem,863.52,2024-07-20,EXPENSE,DEBIT_CARD,False
Impostos e taxas,1433.2,2024-07-20,EXPENSE,CREDIT_CARD,False
Cinema e lazer,121.04,2024-07-20,EXPENSE,PIX,False
Viagem e hospedagem,687.53,2024-07-20,EXPENSE,DEBIT_CARD,False
Seguro do veiculo,293.05,2024-07-20,EXPENSE,BANK_TRANSFER,True
Dividendos,305.79,2024-07-20,INCOME,PIX,True
Cinema e lazer,72.04,2024-07-21,EXPENSE,CASH,False
Passagem aerea,2611.44,2024-07-21,EXPENSE,BOLETO,False
Impostos e taxas,603.03,2024-07-21,EXPENSE,DEBIT_CARD,False
Venda de produto,803.07,2024-07-21,INCOME,BANK_TRANSFER,False
Veterinario,320.81,2024-07-21,EXPENSE,DEBIT_CARD,False
Condominio,556.42,2024-07-21,EXPENSE,BOLETO,True
Cinema e lazer,84.91,2024-07-21,EXPENSE,BOLETO,False
Plano de celular,90.42,2024-07-22,EXPENSE,DEBIT_CARD,False
Padaria,58.66,2024-07-22,EXPENSE,BOLETO,False
Streaming,34.63,2024-07-22,EXPENSE,DEBIT_CARD,False
Internet residencial,176.74,2024-07-22,EXPENSE,BANK_TRANSFER,True
Delivery de comida,64.75,2024-07-22,EXPENSE,BANK_TRANSFER,False
Veterinario,287.42,2024-07-22,EXPENSE,CREDIT_CARD,False
Seguro do veiculo,269.17,2024-07-23,EXPENSE,CASH,True
Estacionamento,33.61,2024-07-23,EXPENSE,CASH,False
Aluguel residencial,1647.36,2024-07-23,EXPENSE,BOLETO,True
Livraria,96.87,2024-07-23,EXPENSE,PIX,False
Academia,129.53,2024-07-23,EXPENSE,DEBIT_CARD,False
Loja de roupas,745.97,2024-07-23,EXPENSE,BANK_TRANSFER,False
Rendimento de investimento,273.18,2024-07-23,INCOME,PIX,True
Academia,217.72,2024-07-23,EXPENSE,CREDIT_CARD,True
Academia,110.4,2024-07-23,EXPENSE,DEBIT_CARD,False
Aluguel residencial,2480.92,2024-07-23,EXPENSE,DEBIT_CARD,True
Veterinario,287.17,2024-07-23,EXPENSE,BOLETO,False
Condominio,677.94,2024-07-23,EXPENSE,CASH,False
Doacao,147.93,2024-07-24,EXPENSE,DEBIT_CARD,False
Combustivel,138.33,2024-07-24,EXPENSE,CREDIT_CARD,False
Conta de energia,138.65,2024-07-24,EXPENSE,CASH,True
Conta de energia,188.73,2024-07-24,EXPENSE,CASH,True
Aluguel residencial,1958.84,2024-07-24,EXPENSE,BANK_TRANSFER,True
Padaria,20.59,2024-07-24,EXPENSE,PIX,False
Estacionamento,27.13,2024-07-24,EXPENSE,CASH,False
Venda de produto,902.52,2024-07-24,INCOME,BANK_TRANSFER,False
Manutencao do veiculo,463.35,2024-07-24,EXPENSE,CASH,False
Rendimento de investimento,417.39,2024-07-24,INCOME,PIX,False
Reembolso empresarial,422.72,2024-07-24,INCOME,PIX,False
Plano de saude,557.01,2024-07-24,EXPENSE,BOLETO,True
Aluguel recebido,2110.73,2024-07-24,INCOME,BANK_TRANSFER,True
Veterinario,483.94,2024-07-24,EXPENSE,BOLETO,False
Farmacia,233.72,2024-07-24,EXPENSE,BANK_TRANSFER,False
Farmacia,209.17,2024-07-24,EXPENSE,DEBIT_CARD,False
Supermercado,169.24,2024-07-24,EXPENSE,BOLETO,False
Livraria,81.15,2024-07-24,EXPENSE,PIX,False
Impostos e taxas,1565.51,2024-07-24,EXPENSE,DEBIT_CARD,False
Combustivel,230.52,2024-07-25,EXPENSE,DEBIT_CARD,False
Salario mensal,6023.72,2024-07-25,INCOME,BANK_TRANSFER,True
Academia,124.11,2024-07-25,EXPENSE,CREDIT_CARD,True
Supermercado,349.04,2024-07-25,EXPENSE,CREDIT_CARD,False
Supermercado,536.8,2024-07-25,EXPENSE,CASH,False
Dividendos,361.28,2024-07-25,INCOME,BANK_TRANSFER,True
Loja de roupas,136.07,2024-07-25,EXPENSE,BANK_TRANSFER,False
Combustivel,309.16,2024-07-25,EXPENSE,CASH,False
Plano de celular,130.76,2024-07-25,EXPENSE,BOLETO,True
Aluguel residencial,2405.89,2024-07-25,EXPENSE,BANK_TRANSFER,True
Transferencia recebida,1638.44,2024-07-25,INCOME,BANK_TRANSFER,False
Cinema e lazer,139.68,2024-07-25,EXPENSE,BANK_TRANSFER,False
Pagamento freelance,1328.37,2024-07-25,INCOME,BANK_TRANSFER,False
Eletronicos,2909.98,2024-07-25,EXPENSE,BOLETO,False
Manutencao do veiculo,1431.14,2024-07-25,EXPENSE,CASH,False
Aplicativo de transporte,40.6,2024-07-25,EXPENSE,BOLETO,False
Streaming,26.14,2024-07-25,EXPENSE,BOLETO,True
Aluguel recebido,1480.28,2024-07-25,INCOME,PIX,True
Restaurante,108.68,2024-07-25,EXPENSE,BOLETO,False
Delivery de comida,99.44,2024-07-25,EXPENSE,DEBIT_CARD,False
Rendimento de investimento,480.73,2024-07-26,INCOME,PIX,True
Curso online,152.62,2024-07-26,EXPENSE,CREDIT_CARD,False
Aluguel recebido,2742.9,2024-07-26,INCOME,PIX,True
Internet residencial,189.52,2024-07-26,EXPENSE,CREDIT_CARD,True
Internet residencial,109.07,2024-07-26,EXPENSE,DEBIT_CARD,True
Eletronicos,1189.77,2024-07-26,EXPENSE,PIX,False
Estacionamento,11.99,2024-07-26,EXPENSE,CREDIT_CARD,False
Veterinario,274.33,2024-07-27,EXPENSE,BANK_TRANSFER,False
Veterinario,346.36,2024-07-27,EXPENSE,BOLETO,False
Plano de saude,325.35,2024-07-27,EXPENSE,BOLETO,True
Aluguel residencial,2054.67,2024-07-27,EXPENSE,CREDIT_CARD,True
Impostos e taxas,446.58,2024-07-28,EXPENSE,CREDIT_CARD,False
Condominio,573.03,2024-07-28,EXPENSE,BOLETO,True
Combustivel,247.84,2024-07-28,EXPENSE,BANK_TRANSFER,False
Internet residencial,132.08,2024-07-28,EXPENSE,CREDIT_CARD,False
Pagamento freelance,2632.46,2024-07-28,INCOME,BANK_TRANSFER,False
Farmacia,213.18,2024-07-28,EXPENSE,CASH,False
Delivery de comida,63.9,2024-07-28,EXPENSE,BANK_TRANSFER,False
Internet residencial,194.57,2024-07-28,EXPENSE,BOLETO,True
Aluguel recebido,1252.59,2024-07-28,INCOME,PIX,True
Academia,77.46,2024-07-28,EXPENSE,BOLETO,True
Bonus profissional,2030.63,2024-07-28,INCOME,BANK_TRANSFER,False
Curso online,379.08,2024-07-29,EXPENSE,BOLETO,False
Academia,163.39,2024-07-29,EXPENSE,DEBIT_CARD,True
Venda de produto,987.42,2024-07-29,INCOME,PIX,False
Venda de produto,891.92,2024-07-29,INCOME,PIX,False
Restaurante,109.57,2024-07-29,EXPENSE,DEBIT_CARD,False
Aplicativo de transporte,39.59,2024-07-29,EXPENSE,PIX,False
Loja de roupas,176.62,2024-07-29,EXPENSE,BANK_TRANSFER,False
Conta de energia,205.91,2024-07-29,EXPENSE,BOLETO,True
Estacionamento,21.02,2024-07-29,EXPENSE,BANK_TRANSFER,False
Seguro do veiculo,208.41,2024-07-29,EXPENSE,BANK_TRANSFER,True
Condominio,393.79,2024-07-29,EXPENSE,CASH,True
Pet shop,239.8,2024-07-29,EXPENSE,PIX,False
Farmacia,212.47,2024-07-29,EXPENSE,CREDIT_CARD,False
Cinema e lazer,118.32,2024-07-29,EXPENSE,BOLETO,False
Padaria,70.06,2024-07-29,EXPENSE,DEBIT_CARD,False
Conta de agua,88.69,2024-07-29,EXPENSE,CASH,False
Curso online,452.95,2024-07-30,EXPENSE,BOLETO,False
Plano de celular,65.4,2024-07-30,EXPENSE,CREDIT_CARD,True
Seguro do veiculo,210.41,2024-07-30,EXPENSE,CASH,True
Dividendos,163.47,2024-07-30,INCOME,BANK_TRANSFER,True
Aluguel residencial,1105.55,2024-07-30,EXPENSE,PIX,True
Reembolso empresarial,609.35,2024-07-30,INCOME,BANK_TRANSFER,False
Rendimento de investimento,451.19,2024-07-30,INCOME,BANK_TRANSFER,True
Conta de agua,152.82,2024-07-30,EXPENSE,PIX,True
Combustivel,213.61,2024-07-30,EXPENSE,PIX,False
Internet residencial,96.86,2024-07-30,EXPENSE,PIX,True
Aluguel recebido,1064.67,2024-07-31,INCOME,PIX,True
Curso online,557.55,2024-07-31,EXPENSE,BOLETO,False
Restituicao de imposto,1342.81,2024-07-31,INCOME,PIX,False
Condominio,613.04,2024-07-31,EXPENSE,BANK_TRANSFER,False
Restituicao de imposto,2513.42,2024-07-31,INCOME,BANK_TRANSFER,False
Venda de produto,492.72,2024-07-31,INCOME,BANK_TRANSFER,False
Farmacia,125.0,2024-07-31,EXPENSE,BANK_TRANSFER,False
Conta de energia,420.07,2024-07-31,EXPENSE,BANK_TRANSFER,True
Livraria,140.07,2024-07-31,EXPENSE,CREDIT_CARD,False
Seguro do veiculo,309.91,2024-07-31,EXPENSE,BANK_TRANSFER,True
Loja de roupas,540.17,2024-07-31,EXPENSE,PIX,False
Plano de saude,537.68,2024-07-31,EXPENSE,BOLETO,True
Viagem e hospedagem,2453.14,2024-07-31,EXPENSE,PIX,False
Conta de agua,148.63,2024-07-31,EXPENSE,BOLETO,True
Rendimento de investimento,236.92,2024-07-31,INCOME,PIX,True
Academia,138.85,2024-08-01,EXPENSE,BOLETO,True
Internet residencial,106.34,2024-08-01,EXPENSE,CREDIT_CARD,True
Passagem aerea,1466.2,2024-08-01,EXPENSE,BOLETO,False
Transferencia recebida,1612.02,2024-08-01,INCOME,PIX,False
Academia,216.17,2024-08-01,EXPENSE,PIX,False
Restituicao de imposto,2530.96,2024-08-01,INCOME,BANK_TRANSFER,False
Passagem aerea,2134.12,2024-08-01,EXPENSE,BOLETO,False
Bonus profissional,3947.06,2024-08-01,INCOME,BANK_TRANSFER,False
Padaria,60.09,2024-08-01,EXPENSE,CREDIT_CARD,False
Doacao,269.17,2024-08-01,EXPENSE,CASH,False
Aluguel recebido,1910.22,2024-08-01,INCOME,BANK_TRANSFER,True
Conta de energia,125.2,2024-08-01,EXPENSE,BOLETO,True
Conta de agua,144.22,2024-08-01,EXPENSE,DEBIT_CARD,True
Combustivel,180.01,2024-08-01,EXPENSE,CASH,False
Rendimento de investimento,189.31,2024-08-01,INCOME,PIX,True
Conta de energia,392.98,2024-08-02,EXPENSE,PIX,True
Plano de celular,56.17,2024-08-02,EXPENSE,CASH,True
Curso online,303.29,2024-08-02,EXPENSE,PIX,False
Restaurante,175.66,2024-08-02,EXPENSE,DEBIT_CARD,False
Pagamento freelance,4147.5,2024-08-02,INCOME,BANK_TRANSFER,False
Condominio,729.44,2024-08-02,EXPENSE,DEBIT_CARD,True
Aluguel recebido,2014.81,2024-08-02,INCOME,BANK_TRANSFER,True
Curso online,238.25,2024-08-02,EXPENSE,CREDIT_CARD,False
Rendimento de investimento,215.46,2024-08-02,INCOME,BANK_TRANSFER,True
Bonus profissional,4332.2,2024-08-02,INCOME,BANK_TRANSFER,False
Combustivel,90.56,2024-08-03,EXPENSE,CREDIT_CARD,False
Aplicativo de transporte,34.14,2024-08-03,EXPENSE,BOLETO,False
Plano de celular,39.94,2024-08-03,EXPENSE,CASH,False
Rendimento de investimento,502.54,2024-08-03,INCOME,PIX,True
Conta de agua,104.72,2024-08-03,EXPENSE,CREDIT_CARD,True
Loja de roupas,325.49,2024-08-03,EXPENSE,DEBIT_CARD,False
Academia,144.16,2024-08-03,EXPENSE,CASH,True
Seguro do veiculo,161.23,2024-08-03,EXPENSE,CREDIT_CARD,True
Aluguel residencial,1546.99,2024-08-03,EXPENSE,BOLETO,True
Reembolso empresarial,526.45,2024-08-03,INCOME,BANK_TRANSFER,False
Aluguel recebido,3042.31,2024-08-03,INCOME,BANK_TRANSFER,False
Condominio,603.8,2024-08-03,EXPENSE,DEBIT_CARD,True
Padaria,37.51,2024-08-03,EXPENSE,BOLETO,False
Bonus profissional,2859.42,2024-08-04,INCOME,BANK_TRANSFER,False
Viagem e hospedagem,943.14,2024-08-04,EXPENSE,CREDIT_CARD,False
Viagem e hospedagem,1168.01,2024-08-04,EXPENSE,BOLETO,False
Dividendos,653.4,2024-08-04,INCOME,BANK_TRANSFER,True
Delivery de comida,111.66,2024-08-04,EXPENSE,PIX,False
Streaming,27.04,2024-08-04,EXPENSE,CREDIT_CARD,True
Eletronicos,2049.79,2024-08-04,EXPENSE,PIX,False
Supermercado,346.91,2024-08-04,EXPENSE,BOLETO,False
Seguro do veiculo,215.51,2024-08-04,EXPENSE,PIX,False
Streaming,66.83,2024-08-04,EXPENSE,CASH,False
Pet shop,236.88,2024-08-04,EXPENSE,PIX,False
Plano de saude,890.67,2024-08-04,EXPENSE,BANK_TRANSFER,True
Aluguel residencial,2766.1,2024-08-04,EXPENSE,BOLETO,False
Reembolso empresarial,398.57,2024-08-04,INCOME,PIX,False
Venda de produto,163.38,2024-08-04,INCOME,PIX,False
Plano de celular,79.21,2024-08-05,EXPENSE,BOLETO,True
Dividendos,692.96,2024-08-05,INCOME,BANK_TRANSFER,True
Transferencia recebida,1354.25,2024-08-05,INCOME,BANK_TRANSFER,False
Restaurante,186.51,2024-08-05,EXPENSE,BANK_TRANSFER,False
Loja de roupas,363.58,2024-08-05,EXPENSE,CASH,False
Venda de produto,1296.08,2024-08-05,INCOME,BANK_TRANSFER,False
Eletronicos,2184.6,2024-08-05,EXPENSE,DEBIT_CARD,False
Plano de celular,70.15,2024-08-05,EXPENSE,BOLETO,True
Estacionamento,34.81,2024-08-06,EXPENSE,PIX,False
Aplicativo de transporte,59.45,2024-08-06,EXPENSE,BOLETO,False
Farmacia,141.98,2024-08-06,EXPENSE,CASH,False
Salario mensal,6697.41,2024-08-06,INCOME,BANK_TRANSFER,True
Combustivel,256.76,2024-08-06,EXPENSE,BOLETO,False
Passagem aerea,319.36,2024-08-06,EXPENSE,PIX,False
Veterinario,458.51,2024-08-06,EXPENSE,CREDIT_CARD,False
Estacionamento,34.5,2024-08-07,EXPENSE,CREDIT_CARD,False
Internet residencial,144.14,2024-08-07,EXPENSE,BOLETO,False
Conta de energia,394.1,2024-08-07,EXPENSE,DEBIT_CARD,False
Farmacia,119.12,2024-08-07,EXPENSE,DEBIT_CARD,False
Conta de energia,337.84,2024-08-07,EXPENSE,CREDIT_CARD,True
Eletronicos,1092.55,2024-08-07,EXPENSE,BANK_TRANSFER,False
Streaming,34.2,2024-08-08,EXPENSE,BOLETO,True
Impostos e taxas,1439.91,2024-08-08,EXPENSE,CREDIT_CARD,False
Impostos e taxas,1166.17,2024-08-08,EXPENSE,BANK_TRANSFER,False
Viagem e hospedagem,2772.24,2024-08-08,EXPENSE,BOLETO,False
Salario mensal,5455.2,2024-08-08,INCOME,BANK_TRANSFER,True
Academia,162.22,2024-08-08,EXPENSE,PIX,False
Dividendos,275.94,2024-08-08,INCOME,PIX,True
Veterinario,344.49,2024-08-08,EXPENSE,DEBIT_CARD,False
Curso online,146.54,2024-08-08,EXPENSE,BOLETO,False
Padaria,33.78,2024-08-08,EXPENSE,CREDIT_CARD,False
Delivery de comida,77.6,2024-08-09,EXPENSE,BANK_TRANSFER,False
Doacao,303.25,2024-08-09,EXPENSE,CREDIT_CARD,False
Aluguel residencial,1690.31,2024-08-09,EXPENSE,PIX,True
Pet shop,293.51,2024-08-09,EXPENSE,PIX,False
Pet shop,192.73,2024-08-09,EXPENSE,BANK_TRANSFER,False
Restituicao de imposto,993.92,2024-08-09,INCOME,BANK_TRANSFER,False
Livraria,169.17,2024-08-09,EXPENSE,CREDIT_CARD,False
Livraria,213.52,2024-08-09,EXPENSE,DEBIT_CARD,False
Internet residencial,81.72,2024-08-09,EXPENSE,BANK_TRANSFER,True
Estacionamento,18.26,2024-08-10,EXPENSE,CREDIT_CARD,False
Aluguel recebido,2516.85,2024-08-10,INCOME,BANK_TRANSFER,True
Aluguel residencial,1331.39,2024-08-10,EXPENSE,BOLETO,True
Restaurante,60.92,2024-08-10,EXPENSE,BANK_TRANSFER,False
Estacionamento,40.18,2024-08-10,EXPENSE,BOLETO,False
Loja de roupas,243.13,2024-08-10,EXPENSE,CREDIT_CARD,False
Livraria,53.32,2024-08-10,EXPENSE,PIX,False
Impostos e taxas,605.97,2024-08-10,EXPENSE,DEBIT_CARD,False
Supermercado,339.59,2024-08-10,EXPENSE,CREDIT_CARD,False
Loja de roupas,273.23,2024-08-10,EXPENSE,DEBIT_CARD,False
Plano de celular,42.04,2024-08-10,EXPENSE,CASH,True
Combustivel,166.81,2024-08-10,EXPENSE,PIX,False
Conta de agua,146.63,2024-08-10,EXPENSE,CREDIT_CARD,True
Cinema e lazer,189.08,2024-08-10,EXPENSE,PIX,False
Manutencao do veiculo,1473.97,2024-08-10,EXPENSE,BANK_TRANSFER,False
Dividendos,378.79,2024-08-11,INCOME,BANK_TRANSFER,True
Plano de saude,594.66,2024-08-11,EXPENSE,BANK_TRANSFER,True
Estacionamento,52.76,2024-08-11,EXPENSE,DEBIT_CARD,False
Eletronicos,2122.14,2024-08-11,EXPENSE,CREDIT_CARD,False
Condominio,908.88,2024-08-11,EXPENSE,CREDIT_CARD,True
Padaria,56.58,2024-08-11,EXPENSE,BANK_TRANSFER,False
Streaming,36.05,2024-08-11,EXPENSE,CASH,True
Internet residencial,106.93,2024-08-11,EXPENSE,DEBIT_CARD,False
Impostos e taxas,1323.08,2024-08-11,EXPENSE,DEBIT_CARD,False
Viagem e hospedagem,2986.03,2024-08-11,EXPENSE,DEBIT_CARD,False
Salario mensal,9283.76,2024-08-11,INCOME,PIX,True
Salario mensal,7240.28,2024-08-11,INCOME,PIX,True
Aluguel recebido,1561.57,2024-08-11,INCOME,BANK_TRANSFER,True
Supermercado,408.76,2024-08-11,EXPENSE,CREDIT_CARD,False
Veterinario,245.49,2024-08-11,EXPENSE,BANK_TRANSFER,False
Streaming,67.65,2024-08-12,EXPENSE,BANK_TRANSFER,True
Supermercado,252.63,2024-08-12,EXPENSE,CASH,False
Cinema e lazer,169.58,2024-08-12,EXPENSE,DEBIT_CARD,False
Manutencao do veiculo,1442.08,2024-08-12,EXPENSE,PIX,False
Conta de agua,160.76,2024-08-12,EXPENSE,PIX,True
Restaurante,176.6,2024-08-12,EXPENSE,CASH,False
Manutencao do veiculo,1632.64,2024-08-12,EXPENSE,CASH,False
Aplicativo de transporte,42.46,2024-08-12,EXPENSE,BOLETO,False
Farmacia,291.51,2024-08-12,EXPENSE,PIX,False
Aplicativo de transporte,59.87,2024-08-12,EXPENSE,DEBIT_CARD,False
Internet residencial,115.82,2024-08-12,EXPENSE,CREDIT_CARD,True
Combustivel,133.59,2024-08-12,EXPENSE,PIX,False
Conta de energia,317.91,2024-08-12,EXPENSE,BOLETO,True
Combustivel,113.92,2024-08-12,EXPENSE,DEBIT_CARD,False
Estacionamento,45.1,2024-08-13,EXPENSE,BOLETO,False
Manutencao do veiculo,1454.88,2024-08-13,EXPENSE,CREDIT_CARD,False
Farmacia,120.18,2024-08-13,EXPENSE,CREDIT_CARD,False
Estacionamento,33.5,2024-08-13,EXPENSE,DEBIT_CARD,False
Combustivel,143.96,2024-08-13,EXPENSE,DEBIT_CARD,False
Aluguel recebido,2751.67,2024-08-13,INCOME,PIX,True
Impostos e taxas,607.51,2024-08-13,EXPENSE,CREDIT_CARD,False
Internet residencial,123.0,2024-08-13,EXPENSE,CASH,True
Internet residencial,174.8,2024-08-13,EXPENSE,CASH,True
Pet shop,400.43,2024-08-13,EXPENSE,BOLETO,False
Veterinario,499.78,2024-08-13,EXPENSE,CASH,False
Aplicativo de transporte,26.97,2024-08-14,EXPENSE,BOLETO,False
Academia,112.56,2024-08-14,EXPENSE,PIX,True
Delivery de comida,76.04,2024-08-14,EXPENSE,CREDIT_CARD,False
Veterinario,723.84,2024-08-14,EXPENSE,CASH,False
Loja de roupas,395.06,2024-08-14,EXPENSE,PIX,False
Passagem aerea,1230.91,2024-08-14,EXPENSE,DEBIT_CARD,False
Curso online,162.24,2024-08-14,EXPENSE,PIX,False
Manutencao do veiculo,889.85,2024-08-15,EXPENSE,CREDIT_CARD,False
Pagamento freelance,2305.69,2024-08-15,INCOME,BANK_TRANSFER,False
Impostos e taxas,1038.85,2024-08-15,EXPENSE,BOLETO,False
Academia,192.47,2024-08-15,EXPENSE,DEBIT_CARD,True
Academia,160.85,2024-08-15,EXPENSE,PIX,True
Plano de saude,1038.69,2024-08-15,EXPENSE,PIX,True
Doacao,47.9,2024-08-15,EXPENSE,BOLETO,False
Delivery de comida,98.89,2024-08-15,EXPENSE,BOLETO,False
Conta de energia,344.23,2024-08-16,EXPENSE,CASH,True
Aluguel residencial,1564.41,2024-08-16,EXPENSE,CASH,True
Eletronicos,574.21,2024-08-16,EXPENSE,DEBIT_CARD,False
Eletronicos,1023.32,2024-08-16,EXPENSE,DEBIT_CARD,False
Livraria,138.89,2024-08-16,EXPENSE,BOLETO,False
Padaria,19.82,2024-08-16,EXPENSE,CREDIT_CARD,False
Transferencia recebida,1548.58,2024-08-16,INCOME,PIX,False
Streaming,87.39,2024-08-16,EXPENSE,PIX,True
Restaurante,132.16,2024-08-16,EXPENSE,DEBIT_CARD,False
Plano de celular,119.59,2024-08-16,EXPENSE,CREDIT_CARD,True
Viagem e hospedagem,592.46,2024-08-16,EXPENSE,DEBIT_CARD,False
Internet residencial,157.38,2024-08-17,EXPENSE,CREDIT_CARD,True
Padaria,56.16,2024-08-17,EXPENSE,BANK_TRANSFER,False
Doacao,295.12,2024-08-17,EXPENSE,PIX,False
Farmacia,273.52,2024-08-17,EXPENSE,BANK_TRANSFER,False
Academia,111.35,2024-08-17,EXPENSE,CASH,False
Academia,123.13,2024-08-17,EXPENSE,DEBIT_CARD,True
Aplicativo de transporte,46.03,2024-08-17,EXPENSE,CREDIT_CARD,False
Reembolso empresarial,707.54,2024-08-17,INCOME,BANK_TRANSFER,False
Dividendos,613.01,2024-08-17,INCOME,PIX,True
Padaria,45.74,2024-08-17,EXPENSE,PIX,False
Condominio,795.03,2024-08-18,EXPENSE,BANK_TRANSFER,True
Seguro do veiculo,374.26,2024-08-18,EXPENSE,DEBIT_CARD,True
Venda de produto,385.6,2024-08-18,INCOME,PIX,False
Impostos e taxas,1834.48,2024-08-18,EXPENSE,PIX,False
Seguro do veiculo,212.62,2024-08-18,EXPENSE,CREDIT_CARD,True
Plano de saude,534.51,2024-08-18,EXPENSE,PIX,True
Delivery de comida,101.39,2024-08-18,EXPENSE,CREDIT_CARD,False
Plano de celular,108.63,2024-08-18,EXPENSE,CASH,True
Doacao,96.11,2024-08-19,EXPENSE,CASH,False
Seguro do veiculo,389.89,2024-08-19,EXPENSE,DEBIT_CARD,True
Transferencia recebida,1587.26,2024-08-19,INCOME,BANK_TRANSFER,False
Doacao,262.42,2024-08-19,EXPENSE,BOLETO,False
Restaurante,123.53,2024-08-19,EXPENSE,PIX,False
Venda de produto,735.12,2024-08-19,INCOME,PIX,False
Aluguel residencial,2048.44,2024-08-19,EXPENSE,CASH,True
Aluguel residencial,2311.8,2024-08-19,EXPENSE,BOLETO,True
Internet residencial,156.36,2024-08-19,EXPENSE,CASH,False
Combustivel,161.85,2024-08-19,EXPENSE,BOLETO,False
Conta de energia,231.77,2024-08-20,EXPENSE,PIX,True
Cinema e lazer,75.89,2024-08-20,EXPENSE,BANK_TRANSFER,False
Impostos e taxas,892.32,2024-08-20,EXPENSE,BOLETO,False
Livraria,192.57,2024-08-20,EXPENSE,BANK_TRANSFER,False
Rendimento de investimento,398.18,2024-08-20,INCOME,PIX,True
Loja de roupas,396.57,2024-08-20,EXPENSE,CREDIT_CARD,False
Aluguel recebido,2764.08,2024-08-20,INCOME,BANK_TRANSFER,True
Loja de roupas,497.93,2024-08-21,EXPENSE,PIX,False
Manutencao do veiculo,1220.31,2024-08-21,EXPENSE,CASH,False
Delivery de comida,131.34,2024-08-21,EXPENSE,DEBIT_CARD,False
Supermercado,375.3,2024-08-21,EXPENSE,BANK_TRANSFER,False
Viagem e hospedagem,716.18,2024-08-21,EXPENSE,PIX,False
Veterinario,376.92,2024-08-21,EXPENSE,DEBIT_CARD,False
Cinema e lazer,148.4,2024-08-21,EXPENSE,BOLETO,False
Seguro do veiculo,224.22,2024-08-21,EXPENSE,BANK_TRANSFER,True
Plano de saude,1108.95,2024-08-21,EXPENSE,BOLETO,True
Viagem e hospedagem,3733.67,2024-08-21,EXPENSE,BOLETO,False
Conta de energia,211.55,2024-08-22,EXPENSE,DEBIT_CARD,True
Plano de saude,942.76,2024-08-22,EXPENSE,BOLETO,False
Supermercado,565.81,2024-08-22,EXPENSE,CREDIT_CARD,False
Padaria,67.29,2024-08-22,EXPENSE,BANK_TRANSFER,False
Delivery de comida,49.65,2024-08-22,EXPENSE,DEBIT_CARD,False
Livraria,154.41,2024-08-22,EXPENSE,CASH,False
Plano de celular,121.84,2024-08-22,EXPENSE,PIX,False
Livraria,92.49,2024-08-22,EXPENSE,DEBIT_CARD,False
Impostos e taxas,318.33,2024-08-22,EXPENSE,PIX,False
Plano de saude,453.19,2024-08-22,EXPENSE,CREDIT_CARD,True
Cinema e lazer,132.93,2024-08-22,EXPENSE,BOLETO,False
Condominio,808.95,2024-08-22,EXPENSE,CREDIT_CARD,True
Manutencao do veiculo,275.4,2024-08-23,EXPENSE,BANK_TRANSFER,False
Viagem e hospedagem,2131.11,2024-08-23,EXPENSE,DEBIT_CARD,False
Supermercado,217.85,2024-08-23,EXPENSE,DEBIT_CARD,False
Restituicao de imposto,2261.39,2024-08-23,INCOME,PIX,False
Bonus profissional,3048.77,2024-08-23,INCOME,BANK_TRANSFER,False
Passagem aerea,2326.76,2024-08-23,EXPENSE,CASH,False
Pet shop,229.87,2024-08-23,EXPENSE,CREDIT_CARD,False
Internet residencial,134.24,2024-08-23,EXPENSE,BOLETO,False
Seguro do veiculo,165.01,2024-08-23,EXPENSE,PIX,False
Delivery de comida,90.11,2024-08-24,EXPENSE,DEBIT_CARD,False
Veterinario,406.09,2024-08-24,EXPENSE,BANK_TRANSFER,False
Doacao,300.49,2024-08-24,EXPENSE,PIX,False
Cinema e lazer,79.03,2024-08-24,EXPENSE,BANK_TRANSFER,False
Aluguel residencial,2539.15,2024-08-24,EXPENSE,CREDIT_CARD,True
Conta de agua,111.07,2024-08-24,EXPENSE,BANK_TRANSFER,True
Aplicativo de transporte,39.99,2024-08-25,EXPENSE,CASH,False
Condominio,551.36,2024-08-25,EXPENSE,PIX,True
Condominio,389.92,2024-08-25,EXPENSE,CREDIT_CARD,True
Transferencia recebida,1104.92,2024-08-25,INCOME,PIX,False
Manutencao do veiculo,544.31,2024-08-25,EXPENSE,DEBIT_CARD,False
Curso online,260.42,2024-08-25,EXPENSE,CREDIT_CARD,False
Livraria,266.23,2024-08-25,EXPENSE,BOLETO,False
Salario mensal,5884.95,2024-08-26,INCOME,BANK_TRANSFER,False
Doacao,114.47,2024-08-26,EXPENSE,DEBIT_CARD,False
Conta de agua,86.09,2024-08-26,EXPENSE,BANK_TRANSFER,True
Cinema e lazer,81.49,2024-08-26,EXPENSE,PIX,False
Dividendos,425.89,2024-08-26,INCOME,PIX,True
Loja de roupas,458.02,2024-08-27,EXPENSE,CASH,False
Viagem e hospedagem,1096.12,2024-08-27,EXPENSE,CASH,False
Condominio,594.52,2024-08-27,EXPENSE,CREDIT_CARD,True
Pagamento freelance,1278.69,2024-08-27,INCOME,BANK_TRANSFER,False
Internet residencial,160.66,2024-08-28,EXPENSE,DEBIT_CARD,True
Pet shop,187.87,2024-08-28,EXPENSE,DEBIT_CARD,False
Reembolso empresarial,822.46,2024-08-28,INCOME,BANK_TRANSFER,False
Curso online,417.35,2024-08-28,EXPENSE,PIX,False
Farmacia,158.47,2024-08-28,EXPENSE,BOLETO,False
Pagamento freelance,2534.76,2024-08-28,INCOME,BANK_TRANSFER,False
Pet shop,267.11,2024-08-28,EXPENSE,CREDIT_CARD,False
Restaurante,151.68,2024-08-28,EXPENSE,PIX,False
Aplicativo de transporte,68.11,2024-08-28,EXPENSE,DEBIT_CARD,False
Cinema e lazer,42.65,2024-08-28,EXPENSE,DEBIT_CARD,False
Plano de saude,525.12,2024-08-28,EXPENSE,CREDIT_CARD,True
Rendimento de investimento,187.43,2024-08-29,INCOME,BANK_TRANSFER,True
Passagem aerea,1529.59,2024-08-29,EXPENSE,CASH,False
Manutencao do veiculo,1004.71,2024-08-29,EXPENSE,BANK_TRANSFER,False
Eletronicos,3111.9,2024-08-29,EXPENSE,CREDIT_CARD,False
Pet shop,63.81,2024-08-29,EXPENSE,PIX,False
Conta de agua,66.84,2024-08-29,EXPENSE,BANK_TRANSFER,True
Streaming,50.21,2024-08-29,EXPENSE,CASH,True
Salario mensal,7029.3,2024-08-29,INCOME,PIX,True
Farmacia,178.28,2024-08-29,EXPENSE,BOLETO,False
Livraria,84.23,2024-08-29,EXPENSE,DEBIT_CARD,False
Reembolso empresarial,611.64,2024-08-29,INCOME,PIX,False
Livraria,120.9,2024-08-29,EXPENSE,PIX,False
Pagamento freelance,4301.29,2024-08-29,INCOME,BANK_TRANSFER,False
Plano de celular,85.98,2024-08-29,EXPENSE,CREDIT_CARD,False
Dividendos,506.03,2024-08-29,INCOME,PIX,True
Restaurante,96.07,2024-08-30,EXPENSE,DEBIT_CARD,False
Passagem aerea,1300.46,2024-08-30,EXPENSE,CASH,False
Eletronicos,3283.32,2024-08-30,EXPENSE,CASH,False
Veterinario,504.85,2024-08-30,EXPENSE,CASH,False
Loja de roupas,357.21,2024-08-30,EXPENSE,PIX,False
Venda de produto,976.22,2024-08-30,INCOME,PIX,False
Curso online,611.82,2024-08-30,EXPENSE,PIX,False
Impostos e taxas,1580.56,2024-08-30,EXPENSE,CASH,False
Aplicativo de transporte,24.75,2024-08-31,EXPENSE,PIX,False
Rendimento de investimento,210.64,2024-08-31,INCOME,BANK_TRANSFER,True
Rendimento de investimento,463.48,2024-08-31,INCOME,BANK_TRANSFER,True
Supermercado,521.51,2024-08-31,EXPENSE,PIX,False
Conta de agua,81.07,2024-08-31,EXPENSE,BANK_TRANSFER,False
Streaming,60.16,2024-08-31,EXPENSE,CREDIT_CARD,True
Supermercado,482.81,2024-08-31,EXPENSE,DEBIT_CARD,False
Passagem aerea,1239.61,2024-08-31,EXPENSE,BOLETO,False
Plano de celular,97.47,2024-08-31,EXPENSE,PIX,True
Padaria,36.68,2024-08-31,EXPENSE,BANK_TRANSFER,False
Curso online,340.91,2024-08-31,EXPENSE,PIX,False
Estacionamento,54.5,2024-08-31,EXPENSE,BANK_TRANSFER,False
Veterinario,389.43,2024-09-01,EXPENSE,PIX,False
Streaming,46.02,2024-09-01,EXPENSE,DEBIT_CARD,True
Farmacia,199.93,2024-09-01,EXPENSE,PIX,False
Conta de energia,263.69,2024-09-01,EXPENSE,BOLETO,True
Aluguel residencial,1695.55,2024-09-01,EXPENSE,BOLETO,True
Transferencia recebida,1389.73,2024-09-01,INCOME,PIX,False
Eletronicos,1586.47,2024-09-01,EXPENSE,BOLETO,False
Streaming,36.21,2024-09-01,EXPENSE,DEBIT_CARD,True
Restituicao de imposto,1005.38,2024-09-02,INCOME,PIX,False
Venda de produto,386.6,2024-09-02,INCOME,BANK_TRANSFER,False
Conta de agua,120.7,2024-09-02,EXPENSE,CREDIT_CARD,False
Aluguel recebido,1630.91,2024-09-02,INCOME,PIX,True
Supermercado,88.42,2024-09-02,EXPENSE,DEBIT_CARD,False
Estacionamento,50.11,2024-09-02,EXPENSE,BANK_TRANSFER,False
Delivery de comida,50.69,2024-09-02,EXPENSE,CASH,False
Dividendos,269.93,2024-09-02,INCOME,BANK_TRANSFER,True
Estacionamento,25.19,2024-09-03,EXPENSE,BANK_TRANSFER,False
Aluguel recebido,2445.82,2024-09-03,INCOME,BANK_TRANSFER,False
Restituicao de imposto,1934.75,2024-09-03,INCOME,PIX,False
Conta de agua,120.23,2024-09-03,EXPENSE,PIX,True
Viagem e hospedagem,794.33,2024-09-03,EXPENSE,CASH,False
Seguro do veiculo,404.07,2024-09-03,EXPENSE,DEBIT_CARD,False
Delivery de comida,51.47,2024-09-03,EXPENSE,BANK_TRANSFER,False
Academia,163.02,2024-09-03,EXPENSE,BOLETO,True
Aplicativo de transporte,34.67,2024-09-04,EXPENSE,CREDIT_CARD,False
Restaurante,166.18,2024-09-04,EXPENSE,BANK_TRANSFER,False
Viagem e hospedagem,2320.75,2024-09-04,EXPENSE,BANK_TRANSFER,False
Bonus profissional,3317.72,2024-09-04,INCOME,BANK_TRANSFER,False
Plano de saude,338.87,2024-09-04,EXPENSE,CASH,True
Conta de energia,210.76,2024-09-04,EXPENSE,CREDIT_CARD,True
Aluguel residencial,3811.03,2024-09-04,EXPENSE,BOLETO,True
Manutencao do veiculo,891.01,2024-09-04,EXPENSE,CREDIT_CARD,False
Estacionamento,18.79,2024-09-04,EXPENSE,CASH,False
Transferencia recebida,1353.96,2024-09-04,INCOME,BANK_TRANSFER,False
Transferencia recebida,755.83,2024-09-04,INCOME,BANK_TRANSFER,False
Restituicao de imposto,1509.05,2024-09-04,INCOME,PIX,False
Seguro do veiculo,438.31,2024-09-05,EXPENSE,CREDIT_CARD,True
Internet residencial,144.5,2024-09-05,EXPENSE,DEBIT_CARD,True
Plano de celular,92.23,2024-09-05,EXPENSE,PIX,True
Conta de agua,144.13,2024-09-05,EXPENSE,CASH,True
Curso online,438.1,2024-09-05,EXPENSE,BANK_TRANSFER,False
Doacao,146.13,2024-09-05,EXPENSE,DEBIT_CARD,False
Delivery de comida,58.5,2024-09-05,EXPENSE,DEBIT_CARD,False
Manutencao do veiculo,1219.76,2024-09-05,EXPENSE,CREDIT_CARD,False
Eletronicos,2662.87,2024-09-05,EXPENSE,PIX,False
Conta de energia,201.05,2024-09-05,EXPENSE,CASH,True
Restituicao de imposto,1294.63,2024-09-05,INCOME,PIX,False
Aplicativo de transporte,55.36,2024-09-05,EXPENSE,BOLETO,False
Venda de produto,289.63,2024-09-05,INCOME,PIX,False
Conta de energia,262.72,2024-09-05,EXPENSE,BOLETO,True
Pagamento freelance,2384.16,2024-09-06,INCOME,BANK_TRANSFER,False
Aluguel recebido,2079.43,2024-09-06,INCOME,PIX,True
Rendimento de investimento,287.74,2024-09-06,INCOME,BANK_TRANSFER,True
Plano de saude,832.26,2024-09-06,EXPENSE,DEBIT_CARD,True
Aplicativo de transporte,25.61,2024-09-06,EXPENSE,CREDIT_CARD,False
Reembolso empresarial,617.96,2024-09-06,INCOME,PIX,False
Conta de energia,190.86,2024-09-06,EXPENSE,BOLETO,True
Loja de roupas,235.81,2024-09-06,EXPENSE,BANK_TRANSFER,False
Dividendos,619.12,2024-09-06,INCOME,BANK_TRANSFER,True
Plano de celular,64.94,2024-09-06,EXPENSE,CASH,True
Doacao,200.44,2024-09-06,EXPENSE,PIX,False
Eletronicos,1717.11,2024-09-06,EXPENSE,CREDIT_CARD,False
Passagem aerea,1526.55,2024-09-06,EXPENSE,BOLETO,False
Transferencia recebida,1368.48,2024-09-07,INCOME,BANK_TRANSFER,False
Salario mensal,10755.94,2024-09-07,INCOME,PIX,True
Seguro do veiculo,442.81,2024-09-07,EXPENSE,DEBIT_CARD,True
Estacionamento,17.48,2024-09-07,EXPENSE,BOLETO,False
Eletronicos,1620.16,2024-09-07,EXPENSE,PIX,False
Aluguel recebido,2488.48,2024-09-07,INCOME,BANK_TRANSFER,True
Plano de saude,1032.36,2024-09-08,EXPENSE,CASH,True
Curso online,250.13,2024-09-08,EXPENSE,BOLETO,False
Doacao,109.75,2024-09-08,EXPENSE,CASH,False
Rendimento de investimento,260.48,2024-09-08,INCOME,BANK_TRANSFER,True
Cinema e lazer,49.94,2024-09-08,EXPENSE,BOLETO,False
Pet shop,261.59,2024-09-08,EXPENSE,DEBIT_CARD,False
Supermercado,702.56,2024-09-08,EXPENSE,BANK_TRANSFER,False
Academia,95.81,2024-09-08,EXPENSE,BANK_TRANSFER,False
Academia,178.99,2024-09-08,EXPENSE,DEBIT_CARD,True
Conta de agua,73.82,2024-09-08,EXPENSE,CREDIT_CARD,True
Aluguel residencial,1758.28,2024-09-08,EXPENSE,CREDIT_CARD,False
Padaria,23.41,2024-09-08,EXPENSE,BOLETO,False
Estacionamento,30.44,2024-09-08,EXPENSE,BOLETO,False
Plano de celular,129.43,2024-09-08,EXPENSE,CASH,True
Farmacia,112.06,2024-09-08,EXPENSE,CASH,False
Passagem aerea,1435.13,2024-09-09,EXPENSE,BOLETO,False
Padaria,39.61,2024-09-09,EXPENSE,BANK_TRANSFER,False
Dividendos,309.09,2024-09-09,INCOME,PIX,True
Loja de roupas,487.47,2024-09-09,EXPENSE,CREDIT_CARD,False
Livraria,81.38,2024-09-09,EXPENSE,CASH,False
Aluguel residencial,1630.11,2024-09-09,EXPENSE,BOLETO,True
Conta de agua,123.53,2024-09-09,EXPENSE,CASH,True
Conta de energia,457.39,2024-09-09,EXPENSE,BANK_TRANSFER,False
Pet shop,218.19,2024-09-09,EXPENSE,DEBIT_CARD,False
Padaria,24.72,2024-09-09,EXPENSE,CREDIT_CARD,False
Livraria,67.89,2024-09-09,EXPENSE,BOLETO,False
Livraria,62.77,2024-09-09,EXPENSE,BANK_TRANSFER,False
Livraria,127.15,2024-09-09,EXPENSE,PIX,False
Restaurante,156.99,2024-09-09,EXPENSE,BOLETO,False
Farmacia,49.26,2024-09-09,EXPENSE,PIX,False
Manutencao do veiculo,1012.12,2024-09-10,EXPENSE,CREDIT_CARD,False
Rendimento de investimento,173.42,2024-09-10,INCOME,BANK_TRANSFER,True
Pagamento freelance,2445.54,2024-09-10,INCOME,PIX,False
Dividendos,297.01,2024-09-10,INCOME,PIX,True
Impostos e taxas,378.99,2024-09-10,EXPENSE,BOLETO,False
Pet shop,315.01,2024-09-10,EXPENSE,PIX,False
Seguro do veiculo,207.09,2024-09-10,EXPENSE,CASH,True
Plano de celular,104.2,2024-09-10,EXPENSE,PIX,True
Curso online,365.26,2024-09-10,EXPENSE,PIX,False
Venda de produto,1277.14,2024-09-10,INCOME,BANK_TRANSFER,False
Reembolso empresarial,609.85,2024-09-10,INCOME,PIX,False
Condominio,657.39,2024-09-10,EXPENSE,CASH,True
Aluguel residencial,2095.22,2024-09-10,EXPENSE,BANK_TRANSFER,True
Pet shop,384.99,2024-09-10,EXPENSE,PIX,False
Internet residencial,178.11,2024-09-10,EXPENSE,PIX,True
Internet residencial,139.54,2024-09-10,EXPENSE,CREDIT_CARD,True
Plano de celular,42.55,2024-09-11,EXPENSE,PIX,True
Impostos e taxas,990.11,2024-09-11,EXPENSE,BOLETO,False
Aplicativo de transporte,55.87,2024-09-11,EXPENSE,DEBIT_CARD,False
Impostos e taxas,580.64,2024-09-11,EXPENSE,CASH,False
Viagem e hospedagem,2514.34,2024-09-12,EXPENSE,PIX,False
Plano de celular,65.07,2024-09-12,EXPENSE,CASH,True
Salario mensal,9411.32,2024-09-12,INCOME,BANK_TRANSFER,True
Venda de produto,1282.31,2024-09-12,INCOME,PIX,False
Veterinario,503.85,2024-09-12,EXPENSE,CREDIT_CARD,False
Internet residencial,118.53,2024-09-12,EXPENSE,CASH,True
Padaria,30.96,2024-09-12,EXPENSE,CREDIT_CARD,False
Restituicao de imposto,1894.84,2024-09-12,INCOME,PIX,False
Bonus profissional,1595.52,2024-09-12,INCOME,BANK_TRANSFER,False
Delivery de comida,86.09,2024-09-13,EXPENSE,DEBIT_CARD,False
Restaurante,67.38,2024-09-13,EXPENSE,DEBIT_CARD,False
Viagem e hospedagem,3444.58,2024-09-13,EXPENSE,CASH,False
Restaurante,210.68,2024-09-13,EXPENSE,DEBIT_CARD,False
Pagamento freelance,2344.56,2024-09-13,INCOME,PIX,False
Rendimento de investimento,336.67,2024-09-13,INCOME,BANK_TRANSFER,True
Pagamento freelance,3172.2,2024-09-13,INCOME,BANK_TRANSFER,False
Academia,147.19,2024-09-13,EXPENSE,BOLETO,True
Cinema e lazer,77.14,2024-09-13,EXPENSE,PIX,False
Reembolso empresarial,417.42,2024-09-13,INCOME,BANK_TRANSFER,False
Veterinario,526.45,2024-09-13,EXPENSE,CASH,False
Estacionamento,17.56,2024-09-13,EXPENSE,PIX,False
Passagem aerea,1230.61,2024-09-13,EXPENSE,BANK_TRANSFER,False
Aplicativo de transporte,50.23,2024-09-13,EXPENSE,BOLETO,False
Loja de roupas,211.65,2024-09-13,EXPENSE,CASH,False
Plano de saude,753.89,2024-09-14,EXPENSE,BOLETO,True
Veterinario,487.25,2024-09-14,EXPENSE,BOLETO,False
Salario mensal,7955.02,2024-09-14,INCOME,PIX,True
Farmacia,231.75,2024-09-14,EXPENSE,CASH,False
Supermercado,190.0,2024-09-14,EXPENSE,BOLETO,False
Combustivel,352.02,2024-09-14,EXPENSE,DEBIT_CARD,False
Supermercado,205.31,2024-09-14,EXPENSE,DEBIT_CARD,False
Streaming,37.34,2024-09-14,EXPENSE,CASH,False
Dividendos,362.08,2024-09-14,INCOME,BANK_TRANSFER,True
Doacao,171.54,2024-09-14,EXPENSE,BANK_TRANSFER,False
Condominio,743.91,2024-09-15,EXPENSE,BANK_TRANSFER,True
Cinema e lazer,51.37,2024-09-15,EXPENSE,BOLETO,False
Passagem aerea,434.82,2024-09-15,EXPENSE,CREDIT_CARD,False
Conta de agua,105.1,2024-09-15,EXPENSE,CASH,False
Delivery de comida,39.98,2024-09-15,EXPENSE,PIX,False
Aplicativo de transporte,83.37,2024-09-15,EXPENSE,BOLETO,False
Loja de roupas,309.79,2024-09-15,EXPENSE,BANK_TRANSFER,False
Delivery de comida,54.01,2024-09-15,EXPENSE,BOLETO,False
Impostos e taxas,883.04,2024-09-15,EXPENSE,PIX,False
Streaming,36.88,2024-09-15,EXPENSE,BANK_TRANSFER,True
Livraria,204.68,2024-09-15,EXPENSE,CREDIT_CARD,False
Combustivel,196.5,2024-09-16,EXPENSE,BOLETO,False
Dividendos,55.41,2024-09-16,INCOME,PIX,True
Restituicao de imposto,2195.29,2024-09-16,INCOME,BANK_TRANSFER,False
Internet residencial,149.06,2024-09-16,EXPENSE,DEBIT_CARD,True
Doacao,95.24,2024-09-16,EXPENSE,PIX,False
Plano de celular,65.57,2024-09-16,EXPENSE,BANK_TRANSFER,True
Estacionamento,33.38,2024-09-16,EXPENSE,CREDIT_CARD,False
Internet residencial,113.2,2024-09-16,EXPENSE,PIX,False
Farmacia,245.08,2024-09-16,EXPENSE,CASH,False
Condominio,874.69,2024-09-16,EXPENSE,CASH,True
Bonus profissional,1740.0,2024-09-17,INCOME,BANK_TRANSFER,False
Aluguel residencial,3230.62,2024-09-17,EXPENSE,CASH,True
Seguro do veiculo,148.97,2024-09-17,EXPENSE,PIX,True
Transferencia recebida,1404.92,2024-09-17,INCOME,BANK_TRANSFER,False
Aluguel recebido,2318.12,2024-09-17,INCOME,PIX,False
Loja de roupas,600.27,2024-09-17,EXPENSE,CREDIT_CARD,False
Internet residencial,87.11,2024-09-17,EXPENSE,CREDIT_CARD,True
Farmacia,194.04,2024-09-17,EXPENSE,CREDIT_CARD,False
Reembolso empresarial,768.08,2024-09-17,INCOME,BANK_TRANSFER,False
Condominio,305.58,2024-09-17,EXPENSE,PIX,True
Plano de saude,303.79,2024-09-17,EXPENSE,BANK_TRANSFER,False
Aluguel residencial,2300.84,2024-09-17,EXPENSE,BANK_TRANSFER,True
Curso online,286.15,2024-09-18,EXPENSE,PIX,False
Cinema e lazer,32.53,2024-09-18,EXPENSE,DEBIT_CARD,False
Aplicativo de transporte,22.15,2024-09-18,EXPENSE,CASH,False
Estacionamento,18.33,2024-09-18,EXPENSE,CASH,False
Reembolso empresarial,308.95,2024-09-18,INCOME,BANK_TRANSFER,False
Curso online,540.29,2024-09-18,EXPENSE,BANK_TRANSFER,False
Manutencao do veiculo,1093.0,2024-09-18,EXPENSE,DEBIT_CARD,False
Internet residencial,73.38,2024-09-18,EXPENSE,BANK_TRANSFER,True
Aplicativo de transporte,25.1,2024-09-18,EXPENSE,CASH,False
Plano de celular,134.56,2024-09-18,EXPENSE,CASH,True
Veterinario,230.76,2024-09-18,EXPENSE,CREDIT_CARD,False
Eletronicos,2140.11,2024-09-18,EXPENSE,CREDIT_CARD,False
Doacao,319.2,2024-09-18,EXPENSE,CASH,False
Impostos e taxas,766.67,2024-09-18,EXPENSE,BOLETO,False
Conta de energia,306.82,2024-09-19,EXPENSE,BANK_TRANSFER,True
Passagem aerea,834.13,2024-09-19,EXPENSE,BANK_TRANSFER,False
Plano de saude,1220.63,2024-09-19,EXPENSE,CASH,True
Academia,143.68,2024-09-19,EXPENSE,CREDIT_CARD,True
Streaming,29.45,2024-09-19,EXPENSE,PIX,True
Passagem aerea,2050.89,2024-09-19,EXPENSE,BOLETO,False
Pagamento freelance,1789.09,2024-09-19,INCOME,PIX,False
Restaurante,59.96,2024-09-19,EXPENSE,BANK_TRANSFER,False
Farmacia,73.78,2024-09-20,EXPENSE,BANK_TRANSFER,False
Dividendos,192.31,2024-09-20,INCOME,BANK_TRANSFER,True
Condominio,512.73,2024-09-20,EXPENSE,DEBIT_CARD,True
Loja de roupas,359.1,2024-09-20,EXPENSE,BOLETO,False
Manutencao do veiculo,1575.73,2024-09-20,EXPENSE,PIX,False
Restaurante,122.42,2024-09-20,EXPENSE,BANK_TRANSFER,False
Livraria,130.56,2024-09-20,EXPENSE,BANK_TRANSFER,False
Reembolso empresarial,579.72,2024-09-21,INCOME,BANK_TRANSFER,False
Veterinario,323.91,2024-09-21,EXPENSE,PIX,False
Doacao,154.41,2024-09-21,EXPENSE,BANK_TRANSFER,False
Dividendos,439.48,2024-09-21,INCOME,BANK_TRANSFER,True
Academia,202.89,2024-09-21,EXPENSE,CREDIT_CARD,True
Combustivel,163.59,2024-09-21,EXPENSE,BOLETO,False
Streaming,35.35,2024-09-21,EXPENSE,CASH,True
Conta de agua,175.81,2024-09-21,EXPENSE,BOLETO,True
Pagamento freelance,2130.17,2024-09-21,INCOME,PIX,False
Passagem aerea,2443.85,2024-09-21,EXPENSE,BANK_TRANSFER,False
Pet shop,150.92,2024-09-21,EXPENSE,CASH,False
Bonus profissional,3813.99,2024-09-21,INCOME,PIX,False
Pet shop,127.46,2024-09-21,EXPENSE,CREDIT_CARD,False
Salario mensal,9951.35,2024-09-21,INCOME,BANK_TRANSFER,True
Venda de produto,803.91,2024-09-22,INCOME,PIX,False
Condominio,352.26,2024-09-22,EXPENSE,BANK_TRANSFER,True
Streaming,36.62,2024-09-22,EXPENSE,CREDIT_CARD,True
Pet shop,286.31,2024-09-22,EXPENSE,CREDIT_CARD,False
Condominio,430.58,2024-09-22,EXPENSE,CASH,True
Restaurante,146.88,2024-09-22,EXPENSE,BOLETO,False
Padaria,36.46,2024-09-22,EXPENSE,PIX,False
Impostos e taxas,783.17,2024-09-22,EXPENSE,CREDIT_CARD,False
Veterinario,493.85,2024-09-22,EXPENSE,CASH,False
Delivery de comida,105.65,2024-09-22,EXPENSE,PIX,False
Curso online,96.84,2024-09-23,EXPENSE,BOLETO,False
Manutencao do veiculo,735.41,2024-09-23,EXPENSE,DEBIT_CARD,False
Viagem e hospedagem,2419.5,2024-09-23,EXPENSE,DEBIT_CARD,False
Pet shop,104.47,2024-09-23,EXPENSE,BANK_TRANSFER,False
Livraria,158.03,2024-09-23,EXPENSE,PIX,False
Plano de saude,444.26,2024-09-23,EXPENSE,CASH,True
Rendimento de investimento,446.1,2024-09-23,INCOME,PIX,False
Seguro do veiculo,386.8,2024-09-23,EXPENSE,CREDIT_CARD,True
Eletronicos,3476.79,2024-09-24,EXPENSE,BOLETO,False
Salario mensal,5595.23,2024-09-24,INCOME,BANK_TRANSFER,True
Viagem e hospedagem,652.44,2024-09-24,EXPENSE,BANK_TRANSFER,False
Loja de roupas,605.14,2024-09-24,EXPENSE,CREDIT_CARD,False
Farmacia,81.4,2024-09-24,EXPENSE,BANK_TRANSFER,False
Conta de energia,284.59,2024-09-24,EXPENSE,CREDIT_CARD,True
Impostos e taxas,720.77,2024-09-24,EXPENSE,CASH,False
Streaming,38.85,2024-09-24,EXPENSE,BOLETO,False
Viagem e hospedagem,2928.86,2024-09-24,EXPENSE,CREDIT_CARD,False
Pet shop,270.28,2024-09-25,EXPENSE,PIX,False
Restituicao de imposto,2082.31,2024-09-25,INCOME,BANK_TRANSFER,False
Plano de saude,966.52,2024-09-25,EXPENSE,CASH,True
Delivery de comida,34.18,2024-09-25,EXPENSE,BANK_TRANSFER,False
Passagem aerea,896.63,2024-09-25,EXPENSE,BANK_TRANSFER,False
Delivery de comida,156.12,2024-09-25,EXPENSE,PIX,False
Padaria,29.58,2024-09-25,EXPENSE,BOLETO,False
Eletronicos,3500.98,2024-09-25,EXPENSE,CASH,False
Academia,145.56,2024-09-25,EXPENSE,DEBIT_CARD,True
Academia,138.1,2024-09-25,EXPENSE,PIX,True
Aluguel recebido,2311.71,2024-09-25,INCOME,PIX,True
Seguro do veiculo,118.9,2024-09-25,EXPENSE,CASH,False
Supermercado,159.14,2024-09-25,EXPENSE,PIX,False
Supermercado,384.98,2024-09-25,EXPENSE,BANK_TRANSFER,False
Bonus profissional,3903.57,2024-09-25,INCOME,BANK_TRANSFER,False
Livraria,67.32,2024-09-26,EXPENSE,PIX,False
Manutencao do veiculo,879.15,2024-09-26,EXPENSE,CREDIT_CARD,False
Eletronicos,3548.75,2024-09-26,EXPENSE,CASH,False
Loja de roupas,422.08,2024-09-26,EXPENSE,CASH,False
Estacionamento,21.87,2024-09-26,EXPENSE,BANK_TRANSFER,False
Combustivel,252.55,2024-09-26,EXPENSE,DEBIT_CARD,False
Impostos e taxas,1084.09,2024-09-26,EXPENSE,BOLETO,False
Pagamento freelance,3335.54,2024-09-26,INCOME,BANK_TRANSFER,False
Aluguel residencial,2802.47,2024-09-26,EXPENSE,BANK_TRANSFER,True
Manutencao do veiculo,1304.97,2024-09-27,EXPENSE,CASH,False
Curso online,545.1,2024-09-27,EXPENSE,PIX,False
Aplicativo de transporte,50.67,2024-09-27,EXPENSE,PIX,False
Transferencia recebida,336.14,2024-09-27,INCOME,PIX,False
Aluguel recebido,1660.61,2024-09-27,INCOME,BANK_TRANSFER,True
Pagamento freelance,3104.1,2024-09-27,INCOME,BANK_TRANSFER,False
Rendimento de investimento,490.78,2024-09-27,INCOME,PIX,True
Pet shop,177.66,2024-09-27,EXPENSE,PIX,False
Salario mensal,9460.88,2024-09-28,INCOME,BANK_TRANSFER,True
Seguro do veiculo,246.52,2024-09-28,EXPENSE,BOLETO,True
Padaria,27.66,2024-09-28,EXPENSE,PIX,False
Venda de produto,1527.07,2024-09-28,INCOME,BANK_TRANSFER,False
Combustivel,180.8,2024-09-28,EXPENSE,BANK_TRANSFER,False
Estacionamento,11.78,2024-09-28,EXPENSE,CASH,False
Supermercado,331.23,2024-09-28,EXPENSE,BOLETO,False
Supermercado,318.18,2024-09-28,EXPENSE,PIX,False
Farmacia,34.49,2024-09-28,EXPENSE,BANK_TRANSFER,False
Rendimento de investimento,226.35,2024-09-28,INCOME,BANK_TRANSFER,False
Dividendos,336.68,2024-09-28,INCOME,BANK_TRANSFER,True
Cinema e lazer,80.45,2024-09-28,EXPENSE,BOLETO,False
Cinema e lazer,107.92,2024-09-29,EXPENSE,BOLETO,False
Pet shop,303.17,2024-09-29,EXPENSE,PIX,False
Combustivel,377.15,2024-09-29,EXPENSE,BANK_TRANSFER,False
Combustivel,237.01,2024-09-29,EXPENSE,CREDIT_CARD,False
Academia,103.7,2024-09-29,EXPENSE,BOLETO,True
Reembolso empresarial,668.28,2024-09-29,INCOME,PIX,False
Streaming,21.96,2024-09-29,EXPENSE,DEBIT_CARD,True
Curso online,430.08,2024-09-29,EXPENSE,BOLETO,False
Cinema e lazer,182.42,2024-09-29,EXPENSE,DEBIT_CARD,False
Plano de celular,107.23,2024-09-29,EXPENSE,PIX,True
Doacao,207.52,2024-09-29,EXPENSE,DEBIT_CARD,False
Conta de agua,150.62,2024-09-29,EXPENSE,CREDIT_CARD,False
Padaria,29.94,2024-09-29,EXPENSE,BANK_TRANSFER,False
Combustivel,154.6,2024-09-29,EXPENSE,BOLETO,False
Condominio,810.02,2024-09-29,EXPENSE,PIX,True
Restituicao de imposto,1866.36,2024-09-30,INCOME,BANK_TRANSFER,False
Venda de produto,744.99,2024-09-30,INCOME,BANK_TRANSFER,False
Passagem aerea,1965.01,2024-09-30,EXPENSE,BOLETO,False
Rendimento de investimento,436.17,2024-09-30,INCOME,BANK_TRANSFER,True
Cinema e lazer,68.37,2024-09-30,EXPENSE,PIX,False
Loja de roupas,364.78,2024-09-30,EXPENSE,CREDIT_CARD,False
Condominio,830.84,2024-09-30,EXPENSE,BANK_TRANSFER,True
Restaurante,197.5,2024-09-30,EXPENSE,DEBIT_CARD,False
Livraria,121.92,2024-09-30,EXPENSE,BANK_TRANSFER,False
Transferencia recebida,873.5,2024-09-30,INCOME,BANK_TRANSFER,False
Bonus profissional,3674.09,2024-09-30,INCOME,BANK_TRANSFER,False
Veterinario,485.31,2024-09-30,EXPENSE,PIX,False
Aplicativo de transporte,22.48,2024-10-01,EXPENSE,CREDIT_CARD,False
Livraria,187.16,2024-10-01,EXPENSE,PIX,False
Eletronicos,533.98,2024-10-01,EXPENSE,CREDIT_CARD,False
Plano de saude,482.93,2024-10-01,EXPENSE,DEBIT_CARD,True
Veterinario,624.93,2024-10-01,EXPENSE,CREDIT_CARD,False
Venda de produto,1484.48,2024-10-01,INCOME,BANK_TRANSFER,False
Viagem e hospedagem,2556.04,2024-10-01,EXPENSE,CREDIT_CARD,False
Estacionamento,24.18,2024-10-01,EXPENSE,BOLETO,False
Pagamento freelance,1988.12,2024-10-01,INCOME,PIX,False
Conta de energia,455.28,2024-10-01,EXPENSE,PIX,True
Padaria,20.28,2024-10-01,EXPENSE,CASH,False
Padaria,23.55,2024-10-01,EXPENSE,CREDIT_CARD,False
Restaurante,230.56,2024-10-01,EXPENSE,CASH,False
Veterinario,373.98,2024-10-02,EXPENSE,CREDIT_CARD,False
Cinema e lazer,51.01,2024-10-02,EXPENSE,CREDIT_CARD,False
Conta de energia,181.11,2024-10-02,EXPENSE,BANK_TRANSFER,False
Aluguel recebido,3052.23,2024-10-02,INCOME,BANK_TRANSFER,True
Estacionamento,23.28,2024-10-02,EXPENSE,PIX,False
Estacionamento,56.74,2024-10-02,EXPENSE,BOLETO,False
Salario mensal,7015.66,2024-10-02,INCOME,BANK_TRANSFER,False
Rendimento de investimento,94.93,2024-10-02,INCOME,BANK_TRANSFER,True
Condominio,519.75,2024-10-02,EXPENSE,CREDIT_CARD,True
Loja de roupas,155.87,2024-10-02,EXPENSE,DEBIT_CARD,False
Plano de saude,360.61,2024-10-02,EXPENSE,CREDIT_CARD,True
Reembolso empresarial,421.99,2024-10-02,INCOME,PIX,False
Viagem e hospedagem,834.21,2024-10-02,EXPENSE,BOLETO,False
Dividendos,506.72,2024-10-03,INCOME,BANK_TRANSFER,False
Restituicao de imposto,1086.38,2024-10-03,INCOME,PIX,False
Condominio,665.13,2024-10-03,EXPENSE,PIX,True
Aluguel recebido,3146.3,2024-10-03,INCOME,BANK_TRANSFER,True
Conta de agua,65.53,2024-10-03,EXPENSE,CREDIT_CARD,True
Condominio,606.17,2024-10-03,EXPENSE,PIX,True
Impostos e taxas,1018.83,2024-10-03,EXPENSE,CREDIT_CARD,False
Supermercado,320.6,2024-10-04,EXPENSE,CREDIT_CARD,False
Aplicativo de transporte,55.24,2024-10-04,EXPENSE,PIX,False
Seguro do veiculo,226.06,2024-10-04,EXPENSE,DEBIT_CARD,False
Pagamento freelance,3677.75,2024-10-04,INCOME,PIX,False
Salario mensal,5314.46,2024-10-04,INCOME,BANK_TRANSFER,True
Conta de energia,465.63,2024-10-04,EXPENSE,CREDIT_CARD,False
Cinema e lazer,76.34,2024-10-04,EXPENSE,DEBIT_CARD,False
Cinema e lazer,73.7,2024-10-04,EXPENSE,PIX,False
Transferencia recebida,1446.71,2024-10-04,INCOME,PIX,False
Farmacia,193.7,2024-10-04,EXPENSE,CASH,False
Plano de celular,55.05,2024-10-04,EXPENSE,DEBIT_CARD,True
Reembolso empresarial,219.66,2024-10-04,INCOME,BANK_TRANSFER,False
Aluguel recebido,2988.78,2024-10-04,INCOME,BANK_TRANSFER,True
Passagem aerea,2095.33,2024-10-04,EXPENSE,DEBIT_CARD,False
Combustivel,274.39,2024-10-04,EXPENSE,CASH,False
Reembolso empresarial,562.4,2024-10-04,INCOME,PIX,False
Pet shop,94.33,2024-10-04,EXPENSE,CREDIT_CARD,False
Estacionamento,19.06,2024-10-04,EXPENSE,BANK_TRANSFER,False
Combustivel,193.61,2024-10-05,EXPENSE,CASH,False
Impostos e taxas,1276.4,2024-10-05,EXPENSE,CREDIT_CARD,False
Aluguel residencial,3461.59,2024-10-05,EXPENSE,BANK_TRANSFER,True
Doacao,317.26,2024-10-05,EXPENSE,PIX,False
Veterinario,187.68,2024-10-05,EXPENSE,DEBIT_CARD,False
Eletronicos,1188.86,2024-10-05,EXPENSE,PIX,False
Internet residencial,127.9,2024-10-05,EXPENSE,CREDIT_CARD,True
Cinema e lazer,111.06,2024-10-05,EXPENSE,CREDIT_CARD,False
Aluguel residencial,1243.03,2024-10-06,EXPENSE,DEBIT_CARD,True
Farmacia,313.62,2024-10-06,EXPENSE,CREDIT_CARD,False
Academia,216.03,2024-10-06,EXPENSE,BANK_TRANSFER,True
Veterinario,294.8,2024-10-06,EXPENSE,DEBIT_CARD,False
Internet residencial,131.42,2024-10-06,EXPENSE,PIX,True
Viagem e hospedagem,1845.58,2024-10-06,EXPENSE,BOLETO,False
Aluguel recebido,1928.33,2024-10-06,INCOME,PIX,True
Streaming,37.37,2024-10-06,EXPENSE,CASH,True
Combustivel,215.66,2024-10-06,EXPENSE,CREDIT_CARD,False
Curso online,247.25,2024-10-06,EXPENSE,BOLETO,False
Eletronicos,2461.64,2024-10-07,EXPENSE,PIX,False
Salario mensal,8382.32,2024-10-07,INCOME,PIX,True
Seguro do veiculo,289.76,2024-10-07,EXPENSE,BANK_TRANSFER,True
Curso online,365.4,2024-10-07,EXPENSE,CASH,False
Internet residencial,129.48,2024-10-07,EXPENSE,DEBIT_CARD,False
Doacao,278.89,2024-10-07,EXPENSE,CREDIT_CARD,False
Dividendos,368.19,2024-10-08,INCOME,PIX,True
Viagem e hospedagem,2415.49,2024-10-08,EXPENSE,PIX,False
Reembolso empresarial,673.55,2024-10-08,INCOME,BANK_TRANSFER,False
Manutencao do veiculo,688.46,2024-10-08,EXPENSE,CREDIT_CARD,False
Impostos e taxas,406.75,2024-10-08,EXPENSE,CREDIT_CARD,False
Padaria,34.12,2024-10-08,EXPENSE,BOLETO,False
Loja de roupas,701.02,2024-10-08,EXPENSE,BANK_TRANSFER,False
Delivery de comida,90.0,2024-10-08,EXPENSE,BOLETO,False
Aluguel residencial,2529.67,2024-10-08,EXPENSE,CREDIT_CARD,True
Loja de roupas,302.67,2024-10-08,EXPENSE,CASH,False
Rendimento de investimento,287.28,2024-10-09,INCOME,PIX,True
Venda de produto,1166.48,2024-10-09,INCOME,BANK_TRANSFER,False
Conta de agua,118.85,2024-10-09,EXPENSE,CREDIT_CARD,True
Pet shop,244.34,2024-10-09,EXPENSE,PIX,False
Eletronicos,1589.21,2024-10-09,EXPENSE,BOLETO,False
Aluguel recebido,2216.9,2024-10-09,INCOME,PIX,False
Eletronicos,1393.77,2024-10-10,EXPENSE,PIX,False
Bonus profissional,1407.67,2024-10-10,INCOME,BANK_TRANSFER,False
Restituicao de imposto,1203.63,2024-10-10,INCOME,PIX,False
Viagem e hospedagem,1877.65,2024-10-10,EXPENSE,BANK_TRANSFER,False
Rendimento de investimento,230.76,2024-10-10,INCOME,BANK_TRANSFER,True
Aplicativo de transporte,26.73,2024-10-10,EXPENSE,BANK_TRANSFER,False
Plano de saude,534.56,2024-10-10,EXPENSE,BANK_TRANSFER,True
Streaming,34.85,2024-10-10,EXPENSE,BOLETO,True
Streaming,50.95,2024-10-10,EXPENSE,BOLETO,False
Impostos e taxas,792.04,2024-10-10,EXPENSE,CREDIT_CARD,False
Aplicativo de transporte,47.15,2024-10-11,EXPENSE,BANK_TRANSFER,False
Seguro do veiculo,280.38,2024-10-11,EXPENSE,DEBIT_CARD,True
Plano de saude,412.73,2024-10-11,EXPENSE,PIX,False
Pagamento freelance,1358.57,2024-10-11,INCOME,PIX,False
Reembolso empresarial,550.69,2024-10-11,INCOME,BANK_TRANSFER,False
Bonus profissional,2554.15,2024-10-11,INCOME,PIX,False
Restaurante,138.46,2024-10-11,EXPENSE,CASH,False
Manutencao do veiculo,1132.33,2024-10-11,EXPENSE,BANK_TRANSFER,False
Combustivel,271.78,2024-10-11,EXPENSE,PIX,False
Passagem aerea,2363.84,2024-10-11,EXPENSE,BOLETO,False
Passagem aerea,474.77,2024-10-11,EXPENSE,BANK_TRANSFER,False
Venda de produto,1005.53,2024-10-11,INCOME,BANK_TRANSFER,False
Plano de celular,152.62,2024-10-11,EXPENSE,CREDIT_CARD,True
Dividendos,314.35,2024-10-11,INCOME,BANK_TRANSFER,True
Passagem aerea,1534.2,2024-10-11,EXPENSE,DEBIT_CARD,False
Condominio,589.14,2024-10-11,EXPENSE,BOLETO,False
Dividendos,393.91,2024-10-11,INCOME,PIX,True
Restituicao de imposto,1668.99,2024-10-12,INCOME,PIX,False
Pet shop,88.82,2024-10-12,EXPENSE,CREDIT_CARD,False
Pet shop,109.46,2024-10-12,EXPENSE,DEBIT_CARD,False
Pagamento freelance,1806.73,2024-10-12,INCOME,PIX,False
Loja de roupas,458.23,2024-10-12,EXPENSE,CREDIT_CARD,False
Seguro do veiculo,341.02,2024-10-12,EXPENSE,CASH,True
Delivery de comida,92.54,2024-10-12,EXPENSE,CREDIT_CARD,False
Venda de produto,1144.89,2024-10-12,INCOME,PIX,False
Manutencao do veiculo,1657.38,2024-10-12,EXPENSE,BANK_TRANSFER,False
Salario mensal,5222.29,2024-10-12,INCOME,BANK_TRANSFER,True
Veterinario,191.37,2024-10-12,EXPENSE,BANK_TRANSFER,False
Curso online,616.98,2024-10-12,EXPENSE,CASH,False
Aplicativo de transporte,68.52,2024-10-12,EXPENSE,PIX,False
Streaming,26.18,2024-10-13,EXPENSE,PIX,True
Salario mensal,6671.39,2024-10-13,INCOME,BANK_TRANSFER,True
Pet shop,143.13,2024-10-13,EXPENSE,BANK_TRANSFER,False
Restaurante,146.65,2024-10-13,EXPENSE,DEBIT_CARD,False
Conta de agua,149.03,2024-10-13,EXPENSE,CREDIT_CARD,True
Delivery de comida,60.08,2024-10-14,EXPENSE,CASH,False
Transferencia recebida,1157.5,2024-10-14,INCOME,BANK_TRANSFER,False
Veterinario,684.9,2024-10-14,EXPENSE,CREDIT_CARD,False
Supermercado,211.01,2024-10-14,EXPENSE,CREDIT_CARD,False
Padaria,24.29,2024-10-14,EXPENSE,DEBIT_CARD,False
Manutencao do veiculo,775.9,2024-10-14,EXPENSE,BANK_TRANSFER,False
Aplicativo de transporte,31.17,2024-10-14,EXPENSE,CREDIT_CARD,False
Bonus profissional,1290.79,2024-10-14,INCOME,PIX,False
Rendimento de investimento,516.54,2024-10-14,INCOME,BANK_TRANSFER,True
Loja de roupas,416.24,2024-10-14,EXPENSE,BANK_TRANSFER,False
Livraria,68.84,2024-10-14,EXPENSE,DEBIT_CARD,False
Conta de agua,221.18,2024-10-14,EXPENSE,DEBIT_CARD,False
Viagem e hospedagem,2044.08,2024-10-15,EXPENSE,DEBIT_CARD,False
Transferencia recebida,1038.59,2024-10-15,INCOME,PIX,False
Viagem e hospedagem,2229.12,2024-10-15,EXPENSE,CREDIT_CARD,False
Doacao,222.29,2024-10-15,EXPENSE,CREDIT_CARD,False
Impostos e taxas,1142.69,2024-10-15,EXPENSE,DEBIT_CARD,False
Academia,139.38,2024-10-15,EXPENSE,CREDIT_CARD,True
Livraria,141.03,2024-10-15,EXPENSE,PIX,False
Internet residencial,176.8,2024-10-15,EXPENSE,DEBIT_CARD,True
Condominio,759.1,2024-10-15,EXPENSE,CASH,True
Internet residencial,136.83,2024-10-15,EXPENSE,CREDIT_CARD,True
Restaurante,185.35,2024-10-15,EXPENSE,CREDIT_CARD,False
Transferencia recebida,948.29,2024-10-15,INCOME,PIX,False
Pet shop,111.97,2024-10-16,EXPENSE,CASH,False
Dividendos,252.34,2024-10-16,INCOME,PIX,True
Rendimento de investimento,248.41,2024-10-16,INCOME,PIX,True
Restaurante,200.2,2024-10-16,EXPENSE,DEBIT_CARD,False
Conta de agua,72.68,2024-10-16,EXPENSE,BOLETO,True
Bonus profissional,3406.54,2024-10-16,INCOME,BANK_TRANSFER,False
Plano de celular,55.68,2024-10-16,EXPENSE,BOLETO,True
Seguro do veiculo,159.69,2024-10-16,EXPENSE,CREDIT_CARD,True
Veterinario,518.76,2024-10-17,EXPENSE,CREDIT_CARD,False
Combustivel,100.41,2024-10-17,EXPENSE,BOLETO,False
Cinema e lazer,93.59,2024-10-17,EXPENSE,CREDIT_CARD,False
Doacao,116.39,2024-10-17,EXPENSE,PIX,False
Doacao,142.59,2024-10-17,EXPENSE,DEBIT_CARD,False
Doacao,336.77,2024-10-17,EXPENSE,PIX,False
Restituicao de imposto,1904.92,2024-10-17,INCOME,PIX,False
Eletronicos,1656.73,2024-10-17,EXPENSE,CASH,False
Delivery de comida,65.87,2024-10-17,EXPENSE,CREDIT_CARD,False
Delivery de comida,47.7,2024-10-17,EXPENSE,CREDIT_CARD,False
Loja de roupas,495.72,2024-10-18,EXPENSE,DEBIT_CARD,False
Dividendos,309.95,2024-10-18,INCOME,BANK_TRANSFER,True
Passagem aerea,1472.91,2024-10-18,EXPENSE,CASH,False
Reembolso empresarial,581.61,2024-10-18,INCOME,BANK_TRANSFER,False
Curso online,545.27,2024-10-18,EXPENSE,CASH,False
Conta de energia,278.66,2024-10-18,EXPENSE,BOLETO,True
Venda de produto,937.51,2024-10-18,INCOME,BANK_TRANSFER,False
Restituicao de imposto,2156.54,2024-10-18,INCOME,PIX,False
Impostos e taxas,1247.11,2024-10-18,EXPENSE,PIX,False
Loja de roupas,87.23,2024-10-19,EXPENSE,BANK_TRANSFER,False
Plano de celular,82.45,2024-10-19,EXPENSE,PIX,True
Pet shop,121.13,2024-10-19,EXPENSE,BOLETO,False
Aluguel residencial,1440.43,2024-10-19,EXPENSE,CASH,True
Aplicativo de transporte,43.05,2024-10-19,EXPENSE,CREDIT_CARD,False
Restaurante,138.79,2024-10-19,EXPENSE,DEBIT_CARD,False
Seguro do veiculo,134.71,2024-10-19,EXPENSE,CREDIT_CARD,True
Plano de saude,276.06,2024-10-19,EXPENSE,PIX,True
Supermercado,352.19,2024-10-19,EXPENSE,BANK_TRANSFER,False
Eletronicos,899.57,2024-10-19,EXPENSE,BOLETO,False
Plano de saude,1061.1,2024-10-20,EXPENSE,DEBIT_CARD,False
Curso online,174.32,2024-10-20,EXPENSE,BOLETO,False
Cinema e lazer,126.09,2024-10-20,EXPENSE,CASH,False
Livraria,142.32,2024-10-20,EXPENSE,BANK_TRANSFER,False
Conta de energia,353.49,2024-10-20,EXPENSE,DEBIT_CARD,False
Transferencia recebida,1628.53,2024-10-20,INCOME,BANK_TRANSFER,False
Aluguel residencial,2630.23,2024-10-20,EXPENSE,PIX,True
Aluguel residencial,1000.65,2024-10-20,EXPENSE,CASH,True
Transferencia recebida,1604.38,2024-10-20,INCOME,PIX,False
Curso online,296.46,2024-10-20,EXPENSE,CREDIT_CARD,False
Combustivel,111.98,2024-10-20,EXPENSE,DEBIT_CARD,False
Aplicativo de transporte,20.44,2024-10-20,EXPENSE,CASH,False
Internet residencial,92.19,2024-10-20,EXPENSE,PIX,True
Academia,149.14,2024-10-21,EXPENSE,PIX,True
Venda de produto,956.13,2024-10-21,INCOME,BANK_TRANSFER,False
Doacao,183.96,2024-10-21,EXPENSE,CASH,False
Venda de produto,1498.44,2024-10-21,INCOME,PIX,False
Padaria,48.64,2024-10-21,EXPENSE,PIX,False
Supermercado,435.23,2024-10-21,EXPENSE,CASH,False
Condominio,435.38,2024-10-21,EXPENSE,CREDIT_CARD,True
Salario mensal,5201.17,2024-10-21,INCOME,BANK_TRANSFER,False
Plano de celular,51.07,2024-10-21,EXPENSE,CREDIT_CARD,True
Academia,230.11,2024-10-21,EXPENSE,PIX,True
Bonus profissional,3429.17,2024-10-22,INCOME,PIX,False
Cinema e lazer,55.71,2024-10-22,EXPENSE,DEBIT_CARD,False
Streaming,39.3,2024-10-22,EXPENSE,DEBIT_CARD,True
Veterinario,318.29,2024-10-22,EXPENSE,CREDIT_CARD,False
Padaria,34.91,2024-10-22,EXPENSE,PIX,False
Restaurante,76.76,2024-10-22,EXPENSE,BANK_TRANSFER,False
Aplicativo de transporte,43.09,2024-10-22,EXPENSE,CREDIT_CARD,False
Viagem e hospedagem,1631.76,2024-10-22,EXPENSE,CREDIT_CARD,False
Supermercado,380.82,2024-10-22,EXPENSE,CASH,False
Farmacia,95.7,2024-10-22,EXPENSE,BANK_TRANSFER,False
Plano de celular,128.04,2024-10-22,EXPENSE,PIX,True
Loja de roupas,169.68,2024-10-22,EXPENSE,BANK_TRANSFER,False
Streaming,59.63,2024-10-22,EXPENSE,PIX,False
Aluguel residencial,2559.8,2024-10-22,EXPENSE,PIX,False
Estacionamento,44.82,2024-10-23,EXPENSE,BOLETO,False
Livraria,174.71,2024-10-23,EXPENSE,CREDIT_CARD,False
Estacionamento,16.63,2024-10-23,EXPENSE,CREDIT_CARD,False
Eletronicos,1822.8,2024-10-23,EXPENSE,CASH,False
Internet residencial,121.69,2024-10-23,EXPENSE,PIX,True
Farmacia,212.16,2024-10-23,EXPENSE,BOLETO,False
Cinema e lazer,117.6,2024-10-23,EXPENSE,BANK_TRANSFER,False
Streaming,41.67,2024-10-23,EXPENSE,CREDIT_CARD,True
Academia,206.69,2024-10-23,EXPENSE,PIX,False
Conta de energia,281.56,2024-10-23,EXPENSE,CREDIT_CARD,True
Academia,155.07,2024-10-23,EXPENSE,CREDIT_CARD,True
Farmacia,51.21,2024-10-23,EXPENSE,PIX,False
Manutencao do veiculo,701.82,2024-10-23,EXPENSE,DEBIT_CARD,False
Condominio,842.71,2024-10-23,EXPENSE,CASH,True
Conta de agua,107.42,2024-10-24,EXPENSE,CREDIT_CARD,True
Estacionamento,17.28,2024-10-24,EXPENSE,BOLETO,False
Combustivel,254.92,2024-10-24,EXPENSE,CASH,False
Farmacia,87.85,2024-10-24,EXPENSE,BOLETO,False
Aluguel residencial,3093.3,2024-10-24,EXPENSE,BOLETO,True
Curso online,332.73,2024-10-24,EXPENSE,PIX,False
Livraria,156.5,2024-10-24,EXPENSE,BANK_TRANSFER,False
Manutencao do veiculo,1576.56,2024-10-24,EXPENSE,BOLETO,False
Transferencia recebida,444.09,2024-10-24,INCOME,PIX,False
Doacao,185.75,2024-10-24,EXPENSE,BOLETO,False
Combustivel,229.72,2024-10-24,EXPENSE,PIX,False
Academia,123.07,2024-10-24,EXPENSE,CREDIT_CARD,True
Seguro do veiculo,217.24,2024-10-24,EXPENSE,BOLETO,True
Passagem aerea,1661.11,2024-10-24,EXPENSE,PIX,False
Transferencia recebida,879.72,2024-10-24,INCOME,BANK_TRANSFER,False
Plano de saude,1190.69,2024-10-25,EXPENSE,CASH,True
Livraria,92.36,2024-10-25,EXPENSE,DEBIT_CARD,False
Padaria,16.13,2024-10-25,EXPENSE,PIX,False
Cinema e lazer,82.46,2024-10-25,EXPENSE,DEBIT_CARD,False
Passagem aerea,2986.71,2024-10-25,EXPENSE,BOLETO,False
Delivery de comida,70.11,2024-10-25,EXPENSE,CREDIT_CARD,False
Restituicao de imposto,1379.18,2024-10-25,INCOME,BANK_TRANSFER,False
Delivery de comida,64.96,2024-10-25,EXPENSE,BANK_TRANSFER,False
Conta de energia,368.76,2024-10-25,EXPENSE,BANK_TRANSFER,True
Pagamento freelance,3399.22,2024-10-25,INCOME,PIX,False
Internet residencial,123.27,2024-10-25,EXPENSE,CASH,False
Livraria,213.99,2024-10-25,EXPENSE,CREDIT_CARD,False
Bonus profissional,777.23,2024-10-25,INCOME,PIX,False
Internet residencial,138.53,2024-10-26,EXPENSE,CASH,False
Rendimento de investimento,345.93,2024-10-26,INCOME,BANK_TRANSFER,True
Viagem e hospedagem,3001.96,2024-10-26,EXPENSE,BOLETO,False
Padaria,24.64,2024-10-26,EXPENSE,PIX,False
Condominio,894.45,2024-10-26,EXPENSE,PIX,True
Padaria,61.14,2024-10-26,EXPENSE,CREDIT_CARD,False
Restituicao de imposto,1820.0,2024-10-27,INCOME,BANK_TRANSFER,False
Pagamento freelance,2803.93,2024-10-27,INCOME,BANK_TRANSFER,False
Academia,158.07,2024-10-27,EXPENSE,CASH,True
Loja de roupas,454.99,2024-10-27,EXPENSE,BANK_TRANSFER,False
Plano de celular,118.05,2024-10-27,EXPENSE,CREDIT_CARD,True
Restituicao de imposto,1723.29,2024-10-27,INCOME,BANK_TRANSFER,False
Farmacia,132.99,2024-10-27,EXPENSE,BANK_TRANSFER,False
Pet shop,74.89,2024-10-27,EXPENSE,DEBIT_CARD,False
Streaming,50.06,2024-10-27,EXPENSE,CASH,True
Supermercado,331.68,2024-10-27,EXPENSE,DEBIT_CARD,False
Rendimento de investimento,461.38,2024-10-27,INCOME,BANK_TRANSFER,True
Passagem aerea,2630.02,2024-10-27,EXPENSE,DEBIT_CARD,False
Supermercado,379.85,2024-10-27,EXPENSE,DEBIT_CARD,False
Restituicao de imposto,2469.66,2024-10-28,INCOME,PIX,False
Plano de celular,102.37,2024-10-28,EXPENSE,BANK_TRANSFER,False
Conta de energia,283.61,2024-10-28,EXPENSE,BANK_TRANSFER,True
Dividendos,423.12,2024-10-28,INCOME,PIX,True
Passagem aerea,1415.27,2024-10-28,EXPENSE,CASH,False
Impostos e taxas,538.92,2024-10-28,EXPENSE,CREDIT_CARD,False
Academia,66.94,2024-10-28,EXPENSE,PIX,True
Cinema e lazer,150.94,2024-10-28,EXPENSE,BOLETO,False
Pagamento freelance,2180.85,2024-10-28,INCOME,PIX,False
Reembolso empresarial,559.77,2024-10-28,INCOME,BANK_TRANSFER,False
Delivery de comida,120.5,2024-10-29,EXPENSE,PIX,False
Conta de energia,264.43,2024-10-29,EXPENSE,CASH,True
Rendimento de investimento,317.77,2024-10-29,INCOME,PIX,False
Reembolso empresarial,555.59,2024-10-29,INCOME,PIX,False
Supermercado,503.3,2024-10-29,EXPENSE,DEBIT_CARD,False
Plano de saude,1070.88,2024-10-29,EXPENSE,PIX,True
Seguro do veiculo,193.89,2024-10-29,EXPENSE,BOLETO,True
Aluguel recebido,2139.06,2024-10-29,INCOME,BANK_TRANSFER,True
Livraria,70.1,2024-10-29,EXPENSE,DEBIT_CARD,False
Impostos e taxas,1206.85,2024-10-29,EXPENSE,BOLETO,False
Aluguel recebido,1755.48,2024-10-29,INCOME,BANK_TRANSFER,False
Salario mensal,8534.59,2024-10-29,INCOME,BANK_TRANSFER,True
Supermercado,131.02,2024-10-30,EXPENSE,BOLETO,False
Transferencia recebida,1197.6,2024-10-30,INCOME,BANK_TRANSFER,False
Salario mensal,5887.68,2024-10-30,INCOME,BANK_TRANSFER,True
Aluguel recebido,2279.79,2024-10-30,INCOME,PIX,True
Doacao,132.85,2024-10-30,EXPENSE,DEBIT_CARD,False
Estacionamento,22.34,2024-10-30,EXPENSE,BOLETO,False
Restaurante,124.22,2024-10-30,EXPENSE,DEBIT_CARD,False
Manutencao do veiculo,710.41,2024-10-30,EXPENSE,PIX,False
Conta de agua,56.8,2024-10-30,EXPENSE,BOLETO,True
Curso online,159.59,2024-10-30,EXPENSE,CASH,False
Dividendos,281.48,2024-10-31,INCOME,PIX,False
Aplicativo de transporte,46.27,2024-10-31,EXPENSE,BOLETO,False
Doacao,99.53,2024-10-31,EXPENSE,PIX,False
Curso online,81.39,2024-10-31,EXPENSE,BOLETO,False
Combustivel,297.76,2024-10-31,EXPENSE,BANK_TRANSFER,False
Conta de agua,71.04,2024-10-31,EXPENSE,DEBIT_CARD,True
Delivery de comida,64.74,2024-10-31,EXPENSE,CASH,False
Viagem e hospedagem,2057.07,2024-10-31,EXPENSE,CREDIT_CARD,False
Supermercado,109.21,2024-11-01,EXPENSE,BANK_TRANSFER,False
Plano de celular,61.42,2024-11-01,EXPENSE,PIX,True
Doacao,214.66,2024-11-01,EXPENSE,CASH,False
Curso online,280.82,2024-11-01,EXPENSE,BOLETO,False
Passagem aerea,2846.18,2024-11-01,EXPENSE,BOLETO,False
Streaming,66.04,2024-11-01,EXPENSE,BOLETO,True
Aplicativo de transporte,20.12,2024-11-01,EXPENSE,BANK_TRANSFER,False
Plano de celular,83.05,2024-11-01,EXPENSE,BOLETO,True
Aluguel residencial,3490.09,2024-11-01,EXPENSE,PIX,True
Eletronicos,288.79,2024-11-01,EXPENSE,BANK_TRANSFER,False
Livraria,131.1,2024-11-01,EXPENSE,PIX,False
Eletronicos,1520.71,2024-11-01,EXPENSE,BOLETO,False
Seguro do veiculo,455.05,2024-11-01,EXPENSE,CREDIT_CARD,True
Livraria,139.57,2024-11-01,EXPENSE,CASH,False
Internet residencial,143.16,2024-11-01,EXPENSE,CREDIT_CARD,True
Combustivel,196.17,2024-11-01,EXPENSE,PIX,False
Padaria,69.12,2024-11-02,EXPENSE,CREDIT_CARD,False
Viagem e hospedagem,887.71,2024-11-02,EXPENSE,CREDIT_CARD,False
Farmacia,133.38,2024-11-02,EXPENSE,BOLETO,False
Conta de agua,185.56,2024-11-02,EXPENSE,CREDIT_CARD,True
Internet residencial,167.17,2024-11-02,EXPENSE,DEBIT_CARD,False
Aluguel recebido,2169.76,2024-11-02,INCOME,BANK_TRANSFER,False
Doacao,292.6,2024-11-02,EXPENSE,PIX,False
Impostos e taxas,949.17,2024-11-02,EXPENSE,BOLETO,False
Livraria,87.19,2024-11-02,EXPENSE,CREDIT_CARD,False
Livraria,88.13,2024-11-02,EXPENSE,CREDIT_CARD,False
Aplicativo de transporte,45.01,2024-11-02,EXPENSE,CREDIT_CARD,False
Pet shop,294.65,2024-11-02,EXPENSE,BANK_TRANSFER,False
Supermercado,313.81,2024-11-02,EXPENSE,DEBIT_CARD,False
Dividendos,446.9,2024-11-03,INCOME,BANK_TRANSFER,True
Impostos e taxas,1740.17,2024-11-03,EXPENSE,BOLETO,False
Reembolso empresarial,565.41,2024-11-03,INCOME,BANK_TRANSFER,False
Bonus profissional,3192.12,2024-11-03,INCOME,PIX,False
Dividendos,659.49,2024-11-03,INCOME,BANK_TRANSFER,True
Delivery de comida,71.88,2024-11-03,EXPENSE,PIX,False
Aluguel recebido,1816.67,2024-11-03,INCOME,BANK_TRANSFER,True
Restaurante,111.51,2024-11-03,EXPENSE,PIX,False
Condominio,421.82,2024-11-03,EXPENSE,CASH,True
Impostos e taxas,839.6,2024-11-03,EXPENSE,BANK_TRANSFER,False
Transferencia recebida,713.21,2024-11-03,INCOME,BANK_TRANSFER,False
Combustivel,125.46,2024-11-03,EXPENSE,PIX,False
Pagamento freelance,3723.47,2024-11-03,INCOME,BANK_TRANSFER,False
Venda de produto,1146.77,2024-11-04,INCOME,BANK_TRANSFER,False
Impostos e taxas,637.52,2024-11-04,EXPENSE,DEBIT_CARD,False
Viagem e hospedagem,1298.93,2024-11-04,EXPENSE,CREDIT_CARD,False
Restituicao de imposto,1899.43,2024-11-04,INCOME,BANK_TRANSFER,False
Loja de roupas,274.17,2024-11-04,EXPENSE,CASH,False
Streaming,36.73,2024-11-04,EXPENSE,CASH,True
Aluguel residencial,1431.65,2024-11-04,EXPENSE,BANK_TRANSFER,True
Venda de produto,566.59,2024-11-04,INCOME,BANK_TRANSFER,False
Streaming,69.09,2024-11-04,EXPENSE,CREDIT_CARD,False
Seguro do veiculo,417.13,2024-11-04,EXPENSE,CREDIT_CARD,True
Cinema e lazer,95.47,2024-11-04,EXPENSE,PIX,False
Restaurante,113.77,2024-11-04,EXPENSE,CREDIT_CARD,False
Rendimento de investimento,394.33,2024-11-04,INCOME,BANK_TRANSFER,True
Livraria,144.09,2024-11-05,EXPENSE,CREDIT_CARD,False
Bonus profissional,2366.18,2024-11-05,INCOME,BANK_TRANSFER,False
Livraria,110.75,2024-11-05,EXPENSE,BOLETO,False
Combustivel,196.56,2024-11-05,EXPENSE,CASH,False
Rendimento de investimento,72.3,2024-11-05,INCOME,BANK_TRANSFER,True
Dividendos,266.1,2024-11-05,INCOME,BANK_TRANSFER,True
Manutencao do veiculo,942.61,2024-11-05,EXPENSE,BANK_TRANSFER,False
Manutencao do veiculo,728.43,2024-11-05,EXPENSE,DEBIT_CARD,False
Conta de agua,151.27,2024-11-05,EXPENSE,DEBIT_CARD,False
Estacionamento,23.08,2024-11-05,EXPENSE,PIX,False
Impostos e taxas,519.44,2024-11-05,EXPENSE,BANK_TRANSFER,False
Veterinario,398.97,2024-11-05,EXPENSE,BANK_TRANSFER,False
Cinema e lazer,85.58,2024-11-05,EXPENSE,BANK_TRANSFER,False
Passagem aerea,1208.52,2024-11-05,EXPENSE,CASH,False
Eletronicos,2010.61,2024-11-06,EXPENSE,CREDIT_CARD,False
Seguro do veiculo,362.36,2024-11-06,EXPENSE,BOLETO,True
Venda de produto,1280.0,2024-11-06,INCOME,PIX,False
Conta de agua,64.73,2024-11-06,EXPENSE,BANK_TRANSFER,True
Aplicativo de transporte,29.39,2024-11-06,EXPENSE,CASH,False
Bonus profissional,2297.69,2024-11-06,INCOME,BANK_TRANSFER,False
Seguro do veiculo,337.14,2024-11-06,EXPENSE,BANK_TRANSFER,False
Farmacia,159.3,2024-11-06,EXPENSE,PIX,False
Passagem aerea,1827.77,2024-11-06,EXPENSE,CASH,False
Aluguel residencial,2690.03,2024-11-07,EXPENSE,BOLETO,True
Internet residencial,170.71,2024-11-07,EXPENSE,CREDIT_CARD,True
Plano de celular,55.24,2024-11-07,EXPENSE,CREDIT_CARD,True
Plano de saude,340.03,2024-11-07,EXPENSE,DEBIT_CARD,False
Delivery de comida,125.49,2024-11-07,EXPENSE,CREDIT_CARD,False
Transferencia recebida,1802.6,2024-11-07,INCOME,PIX,False
Dividendos,499.81,2024-11-07,INCOME,BANK_TRANSFER,True
Combustivel,275.53,2024-11-07,EXPENSE,PIX,False
Curso online,219.77,2024-11-07,EXPENSE,CREDIT_CARD,False
Rendimento de investimento,315.73,2024-11-07,INCOME,BANK_TRANSFER,True
Seguro do veiculo,212.79,2024-11-07,EXPENSE,CREDIT_CARD,True
Conta de agua,100.51,2024-11-08,EXPENSE,BOLETO,True
Bonus profissional,2687.68,2024-11-08,INCOME,BANK_TRANSFER,False
Passagem aerea,2575.17,2024-11-08,EXPENSE,CREDIT_CARD,False
Padaria,30.21,2024-11-08,EXPENSE,BANK_TRANSFER,False
Reembolso empresarial,442.31,2024-11-08,INCOME,PIX,False
Impostos e taxas,553.28,2024-11-09,EXPENSE,BOLETO,False
Dividendos,588.95,2024-11-09,INCOME,BANK_TRANSFER,True
Condominio,1190.06,2024-11-09,EXPENSE,CASH,True
Aluguel recebido,2746.27,2024-11-09,INCOME,PIX,True
Pagamento freelance,3580.69,2024-11-09,INCOME,PIX,False
Pet shop,279.14,2024-11-09,EXPENSE,BOLETO,False
Restaurante,96.83,2024-11-09,EXPENSE,CREDIT_CARD,False
Doacao,224.85,2024-11-09,EXPENSE,CREDIT_CARD,False
Pagamento freelance,3186.39,2024-11-09,INCOME,PIX,False
Pagamento freelance,2666.83,2024-11-09,INCOME,BANK_TRANSFER,False
Academia,111.55,2024-11-09,EXPENSE,CASH,True
Passagem aerea,3056.18,2024-11-09,EXPENSE,CREDIT_CARD,False
Delivery de comida,92.54,2024-11-09,EXPENSE,CREDIT_CARD,False
Internet residencial,146.77,2024-11-09,EXPENSE,DEBIT_CARD,True
Reembolso empresarial,689.18,2024-11-09,INCOME,PIX,False
Streaming,24.56,2024-11-09,EXPENSE,BANK_TRANSFER,True
Eletronicos,1320.25,2024-11-09,EXPENSE,BANK_TRANSFER,False
Seguro do veiculo,343.83,2024-11-09,EXPENSE,CASH,True
Doacao,97.13,2024-11-10,EXPENSE,CASH,False
Combustivel,147.98,2024-11-10,EXPENSE,BANK_TRANSFER,False
Cinema e lazer,60.2,2024-11-10,EXPENSE,CASH,False
Pagamento freelance,2024.18,2024-11-10,INCOME,PIX,False
Aluguel residencial,2074.17,2024-11-10,EXPENSE,PIX,True
Conta de agua,135.89,2024-11-10,EXPENSE,CREDIT_CARD,True
Transferencia recebida,2114.39,2024-11-10,INCOME,PIX,False
Veterinario,309.89,2024-11-10,EXPENSE,BANK_TRANSFER,False
Padaria,23.83,2024-11-10,EXPENSE,CASH,False
Reembolso empresarial,379.03,2024-11-11,INCOME,PIX,False
Restaurante,47.69,2024-11-11,EXPENSE,DEBIT_CARD,False
Conta de energia,185.67,2024-11-11,EXPENSE,BOLETO,True
Reembolso empresarial,523.81,2024-11-11,INCOME,PIX,False
Veterinario,819.65,2024-11-11,EXPENSE,BANK_TRANSFER,False
Condominio,732.94,2024-11-11,EXPENSE,CREDIT_CARD,True
Transferencia recebida,469.97,2024-11-11,INCOME,BANK_TRANSFER,False
Plano de celular,145.9,2024-11-11,EXPENSE,BOLETO,True
Cinema e lazer,152.83,2024-11-11,EXPENSE,DEBIT_CARD,False
Aplicativo de transporte,65.84,2024-11-11,EXPENSE,CREDIT_CARD,False
Loja de roupas,448.99,2024-11-11,EXPENSE,BANK_TRANSFER,False
Estacionamento,26.08,2024-11-11,EXPENSE,PIX,False
Venda de produto,737.44,2024-11-11,INCOME,PIX,False
Supermercado,334.95,2024-11-11,EXPENSE,BANK_TRANSFER,False
Combustivel,143.63,2024-11-11,EXPENSE,BANK_TRANSFER,False
Restaurante,87.21,2024-11-11,EXPENSE,DEBIT_CARD,False
Academia,178.91,2024-11-12,EXPENSE,BANK_TRANSFER,True
Eletronicos,1462.45,2024-11-12,EXPENSE,BANK_TRANSFER,False
Padaria,26.8,2024-11-12,EXPENSE,BOLETO,False
Salario mensal,4933.27,2024-11-12,INCOME,PIX,True
Aplicativo de transporte,64.74,2024-11-12,EXPENSE,BOLETO,False
Restituicao de imposto,1207.58,2024-11-12,INCOME,BANK_TRANSFER,False
Reembolso empresarial,350.12,2024-11-12,INCOME,PIX,False
Conta de energia,256.08,2024-11-12,EXPENSE,DEBIT_CARD,True
Pet shop,120.38,2024-11-12,EXPENSE,BANK_TRANSFER,False
Salario mensal,5631.73,2024-11-13,INCOME,PIX,True
Manutencao do veiculo,1050.66,2024-11-13,EXPENSE,BOLETO,False
Aluguel residencial,3845.35,2024-11-13,EXPENSE,BANK_TRANSFER,False
Farmacia,34.03,2024-11-13,EXPENSE,CREDIT_CARD,False
Aluguel residencial,2010.62,2024-11-13,EXPENSE,PIX,True
Curso online,162.76,2024-11-13,EXPENSE,PIX,False
Plano de saude,581.1,2024-11-13,EXPENSE,CREDIT_CARD,False
Conta de energia,312.67,2024-11-13,EXPENSE,CREDIT_CARD,True
Combustivel,236.4,2024-11-13,EXPENSE,CREDIT_CARD,False
Salario mensal,7201.04,2024-11-13,INCOME,PIX,True
Academia,83.88,2024-11-13,EXPENSE,BANK_TRANSFER,True
Transferencia recebida,1008.74,2024-11-13,INCOME,BANK_TRANSFER,False
Internet residencial,146.64,2024-11-14,EXPENSE,PIX,True
Condominio,911.08,2024-11-14,EXPENSE,CASH,True
Internet residencial,97.32,2024-11-14,EXPENSE,CREDIT_CARD,True
Padaria,34.0,2024-11-14,EXPENSE,CASH,False
Supermercado,578.26,2024-11-14,EXPENSE,DEBIT_CARD,False
Internet residencial,175.53,2024-11-15,EXPENSE,BANK_TRANSFER,True
Plano de saude,554.67,2024-11-15,EXPENSE,DEBIT_CARD,True
Supermercado,288.33,2024-11-15,EXPENSE,PIX,False
Rendimento de investimento,515.89,2024-11-15,INCOME,BANK_TRANSFER,True
Bonus profissional,2237.96,2024-11-15,INCOME,PIX,False
Plano de celular,80.98,2024-11-15,EXPENSE,CREDIT_CARD,True
Conta de energia,203.5,2024-11-15,EXPENSE,PIX,False
Conta de energia,268.77,2024-11-15,EXPENSE,BOLETO,True
Conta de energia,294.88,2024-11-15,EXPENSE,BANK_TRANSFER,False
Viagem e hospedagem,3132.69,2024-11-15,EXPENSE,CASH,False
Aluguel recebido,2917.47,2024-11-15,INCOME,PIX,True
Loja de roupas,231.83,2024-11-15,EXPENSE,CASH,False
Pagamento freelance,2896.48,2024-11-16,INCOME,BANK_TRANSFER,False
Padaria,41.12,2024-11-16,EXPENSE,BOLETO,False
Estacionamento,23.15,2024-11-16,EXPENSE,DEBIT_CARD,False
Restaurante,100.29,2024-11-16,EXPENSE,CASH,False
Loja de roupas,342.53,2024-11-16,EXPENSE,BANK_TRANSFER,False
Transferencia recebida,1646.91,2024-11-16,INCOME,BANK_TRANSFER,False
Transferencia recebida,925.89,2024-11-16,INCOME,BANK_TRANSFER,False
Plano de saude,1263.81,2024-11-16,EXPENSE,BOLETO,True
Eletronicos,2143.72,2024-11-17,EXPENSE,CASH,False
Passagem aerea,1087.83,2024-11-17,EXPENSE,CREDIT_CARD,False
Cinema e lazer,143.85,2024-11-17,EXPENSE,CASH,False
Bonus profissional,4551.07,2024-11-17,INCOME,PIX,False
Padaria,40.39,2024-11-17,EXPENSE,CASH,False
Aluguel residencial,1642.33,2024-11-17,EXPENSE,CASH,False
Venda de produto,1319.61,2024-11-17,INCOME,BANK_TRANSFER,False
Restituicao de imposto,1740.71,2024-11-17,INCOME,PIX,False
Veterinario,532.9,2024-11-17,EXPENSE,CASH,False
Condominio,669.44,2024-11-17,EXPENSE,CASH,True
Conta de energia,306.42,2024-11-17,EXPENSE,PIX,True
Manutencao do veiculo,765.58,2024-11-17,EXPENSE,DEBIT_CARD,False
Salario mensal,6004.09,2024-11-17,INCOME,PIX,True
Impostos e taxas,781.54,2024-11-17,EXPENSE,CREDIT_CARD,False
Livraria,55.12,2024-11-17,EXPENSE,CREDIT_CARD,False
Farmacia,35.12,2024-11-18,EXPENSE,BOLETO,False
Pagamento freelance,3755.57,2024-11-18,INCOME,BANK_TRANSFER,False
Academia,121.87,2024-11-18,EXPENSE,CREDIT_CARD,True
Doacao,187.9,2024-11-18,EXPENSE,PIX,False
Bonus profissional,4007.0,2024-11-18,INCOME,BANK_TRANSFER,False
Doacao,285.45,2024-11-18,EXPENSE,CASH,False
Impostos e taxas,566.15,2024-11-18,EXPENSE,BANK_TRANSFER,False
Reembolso empresarial,288.81,2024-11-19,INCOME,PIX,False
Venda de produto,915.95,2024-11-19,INCOME,PIX,False
Condominio,511.33,2024-11-19,EXPENSE,DEBIT_CARD,True
Venda de produto,1089.09,2024-11-19,INCOME,PIX,False
Conta de energia,185.6,2024-11-19,EXPENSE,BANK_TRANSFER,True
Curso online,481.89,2024-11-19,EXPENSE,BANK_TRANSFER,False
Supermercado,160.04,2024-11-19,EXPENSE,BANK_TRANSFER,False
Seguro do veiculo,286.62,2024-11-19,EXPENSE,BANK_TRANSFER,True
Plano de celular,55.79,2024-11-20,EXPENSE,CREDIT_CARD,False
Pet shop,44.72,2024-11-20,EXPENSE,CASH,False
Aluguel recebido,3057.15,2024-11-20,INCOME,PIX,True
Loja de roupas,120.84,2024-11-20,EXPENSE,CREDIT_CARD,False
Aplicativo de transporte,43.51,2024-11-20,EXPENSE,BANK_TRANSFER,False
Salario mensal,5173.13,2024-11-20,INCOME,PIX,True
Aplicativo de transporte,12.44,2024-11-20,EXPENSE,DEBIT_CARD,False
Pet shop,162.59,2024-11-20,EXPENSE,BANK_TRANSFER,False
Cinema e lazer,87.25,2024-11-20,EXPENSE,BANK_TRANSFER,False
Passagem aerea,3179.75,2024-11-20,EXPENSE,BOLETO,False
Academia,193.78,2024-11-20,EXPENSE,BOLETO,True
Delivery de comida,75.81,2024-11-20,EXPENSE,CREDIT_CARD,False
Aluguel residencial,1886.17,2024-11-20,EXPENSE,PIX,True
Dividendos,433.95,2024-11-20,INCOME,PIX,True
Delivery de comida,45.92,2024-11-20,EXPENSE,PIX,False
Restituicao de imposto,294.35,2024-11-20,INCOME,PIX,False
Curso online,244.02,2024-11-21,EXPENSE,BOLETO,False
Curso online,263.12,2024-11-21,EXPENSE,BANK_TRANSFER,False
Conta de agua,104.32,2024-11-21,EXPENSE,CREDIT_CARD,True
Impostos e taxas,995.57,2024-11-21,EXPENSE,DEBIT_CARD,False
Academia,162.08,2024-11-21,EXPENSE,CASH,True
Restaurante,128.3,2024-11-21,EXPENSE,DEBIT_CARD,False
Seguro do veiculo,326.16,2024-11-21,EXPENSE,PIX,False
Eletronicos,2086.58,2024-11-21,EXPENSE,PIX,False
Aplicativo de transporte,30.03,2024-11-21,EXPENSE,PIX,False
Farmacia,98.37,2024-11-21,EXPENSE,BANK_TRANSFER,False
Combustivel,201.68,2024-11-22,EXPENSE,CASH,False
Passagem aerea,1871.44,2024-11-22,EXPENSE,CREDIT_CARD,False
Plano de celular,103.12,2024-11-22,EXPENSE,CREDIT_CARD,True
Loja de roupas,213.65,2024-11-22,EXPENSE,BOLETO,False
Plano de saude,380.66,2024-11-22,EXPENSE,PIX,True
Restituicao de imposto,613.02,2024-11-22,INCOME,BANK_TRANSFER,False
Aplicativo de transporte,53.8,2024-11-22,EXPENSE,DEBIT_CARD,False
Conta de agua,198.12,2024-11-22,EXPENSE,PIX,False
Internet residencial,127.2,2024-11-22,EXPENSE,CASH,False
Plano de celular,62.9,2024-11-22,EXPENSE,CASH,True
Condominio,1120.07,2024-11-22,EXPENSE,CREDIT_CARD,True
Viagem e hospedagem,2842.66,2024-11-22,EXPENSE,BANK_TRANSFER,False
Delivery de comida,96.62,2024-11-22,EXPENSE,DEBIT_CARD,False
Academia,195.8,2024-11-22,EXPENSE,CASH,True
Doacao,412.43,2024-11-22,EXPENSE,BANK_TRANSFER,False
Supermercado,538.14,2024-11-23,EXPENSE,BOLETO,False
Curso online,423.07,2024-11-23,EXPENSE,CASH,False
Salario mensal,7172.98,2024-11-23,INCOME,BANK_TRANSFER,True
Estacionamento,20.31,2024-11-23,EXPENSE,BANK_TRANSFER,False
Streaming,53.99,2024-11-23,EXPENSE,PIX,False
Seguro do veiculo,116.46,2024-11-23,EXPENSE,CREDIT_CARD,True
Reembolso empresarial,346.86,2024-11-23,INCOME,PIX,False
Venda de produto,962.89,2024-11-23,INCOME,BANK_TRANSFER,False
Curso online,480.71,2024-11-23,EXPENSE,BOLETO,False
Veterinario,103.37,2024-11-24,EXPENSE,CASH,False
Delivery de comida,118.73,2024-11-24,EXPENSE,BOLETO,False
Streaming,33.04,2024-11-24,EXPENSE,PIX,True
Rendimento de investimento,455.15,2024-11-24,INCOME,PIX,True
Restaurante,121.25,2024-11-24,EXPENSE,BOLETO,False
Viagem e hospedagem,1225.48,2024-11-24,EXPENSE,BANK_TRANSFER,False
Viagem e hospedagem,2012.05,2024-11-24,EXPENSE,CASH,False
Aluguel recebido,2004.72,2024-11-24,INCOME,PIX,True
Restituicao de imposto,985.15,2024-11-24,INCOME,BANK_TRANSFER,False
Transferencia recebida,1495.32,2024-11-24,INCOME,BANK_TRANSFER,False
Padaria,15.22,2024-11-25,EXPENSE,PIX,False
Plano de celular,100.43,2024-11-25,EXPENSE,DEBIT_CARD,False
Condominio,761.83,2024-11-25,EXPENSE,DEBIT_CARD,True
Cinema e lazer,34.15,2024-11-25,EXPENSE,CASH,False
Manutencao do veiculo,396.15,2024-11-25,EXPENSE,BANK_TRANSFER,False
Viagem e hospedagem,2015.04,2024-11-25,EXPENSE,BANK_TRANSFER,False
Delivery de comida,50.3,2024-11-25,EXPENSE,CASH,False
Doacao,128.02,2024-11-25,EXPENSE,CASH,False
Viagem e hospedagem,3275.47,2024-11-25,EXPENSE,BANK_TRANSFER,False
Combustivel,187.46,2024-11-25,EXPENSE,DEBIT_CARD,False
Supermercado,478.54,2024-11-25,EXPENSE,DEBIT_CARD,False
Eletronicos,2604.39,2024-11-25,EXPENSE,DEBIT_CARD,False
Manutencao do veiculo,487.78,2024-11-26,EXPENSE,CASH,False
Rendimento de investimento,362.71,2024-11-26,INCOME,BANK_TRANSFER,True
Restituicao de imposto,1510.1,2024-11-26,INCOME,BANK_TRANSFER,False
Supermercado,262.43,2024-11-26,EXPENSE,BOLETO,False
Estacionamento,19.63,2024-11-26,EXPENSE,DEBIT_CARD,False
Streaming,50.5,2024-11-26,EXPENSE,DEBIT_CARD,True
Estacionamento,30.43,2024-11-27,EXPENSE,CREDIT_CARD,False
Loja de roupas,299.92,2024-11-27,EXPENSE,DEBIT_CARD,False
Delivery de comida,134.0,2024-11-27,EXPENSE,CASH,False
Loja de roupas,479.82,2024-11-27,EXPENSE,CREDIT_CARD,False
Pet shop,193.97,2024-11-27,EXPENSE,BANK_TRANSFER,False
Academia,134.82,2024-11-27,EXPENSE,CASH,True
Rendimento de investimento,301.57,2024-11-27,INCOME,PIX,True
Passagem aerea,2242.62,2024-11-27,EXPENSE,BOLETO,False
Plano de saude,1311.19,2024-11-27,EXPENSE,PIX,True
Livraria,144.03,2024-11-27,EXPENSE,BOLETO,False
Pet shop,155.25,2024-11-28,EXPENSE,BOLETO,False
Conta de agua,125.53,2024-11-28,EXPENSE,BANK_TRANSFER,True
Aluguel residencial,1342.38,2024-11-28,EXPENSE,DEBIT_CARD,True
Cinema e lazer,127.95,2024-11-28,EXPENSE,BOLETO,False
Plano de saude,515.94,2024-11-28,EXPENSE,CREDIT_CARD,True
Farmacia,202.0,2024-11-28,EXPENSE,DEBIT_CARD,False
Aplicativo de transporte,25.57,2024-11-29,EXPENSE,PIX,False
Passagem aerea,1737.89,2024-11-29,EXPENSE,CASH,False
Estacionamento,31.44,2024-11-29,EXPENSE,BOLETO,False
Dividendos,518.48,2024-11-29,INCOME,PIX,True
Pet shop,102.27,2024-11-29,EXPENSE,PIX,False
Pet shop,181.23,2024-11-29,EXPENSE,CASH,False
Veterinario,360.65,2024-11-29,EXPENSE,CASH,False
Veterinario,173.07,2024-11-29,EXPENSE,BOLETO,False
Aluguel residencial,2414.04,2024-11-29,EXPENSE,PIX,True
Manutencao do veiculo,780.6,2024-11-30,EXPENSE,CASH,False
Aluguel recebido,2378.66,2024-11-30,INCOME,BANK_TRANSFER,True
Rendimento de investimento,345.0,2024-11-30,INCOME,PIX,True
Academia,168.1,2024-11-30,EXPENSE,DEBIT_CARD,True
Internet residencial,128.12,2024-11-30,EXPENSE,PIX,False
Plano de saude,561.48,2024-11-30,EXPENSE,PIX,True
Venda de produto,909.68,2024-11-30,INCOME,PIX,False
Veterinario,503.54,2024-11-30,EXPENSE,BANK_TRANSFER,False
Farmacia,169.71,2024-11-30,EXPENSE,DEBIT_CARD,False
Estacionamento,60.13,2024-11-30,EXPENSE,BOLETO,False
Streaming,74.92,2024-11-30,EXPENSE,CASH,True
Cinema e lazer,79.31,2024-11-30,EXPENSE,DEBIT_CARD,False
Estacionamento,63.14,2024-11-30,EXPENSE,PIX,False
Plano de celular,120.51,2024-12-01,EXPENSE,BANK_TRANSFER,True
Pet shop,185.69,2024-12-01,EXPENSE,PIX,False
Streaming,35.74,2024-12-01,EXPENSE,BANK_TRANSFER,True
Conta de agua,110.08,2024-12-01,EXPENSE,BOLETO,True
Estacionamento,42.43,2024-12-01,EXPENSE,BOLETO,False
Estacionamento,38.89,2024-12-01,EXPENSE,CREDIT_CARD,False
Restaurante,275.01,2024-12-01,EXPENSE,CREDIT_CARD,False
Estacionamento,36.89,2024-12-01,EXPENSE,PIX,False
Restituicao de imposto,1959.99,2024-12-01,INCOME,PIX,False
Plano de celular,109.7,2024-12-02,EXPENSE,CREDIT_CARD,True
Viagem e hospedagem,932.63,2024-12-02,EXPENSE,DEBIT_CARD,False
Livraria,258.23,2024-12-02,EXPENSE,CREDIT_CARD,False
Delivery de comida,49.56,2024-12-02,EXPENSE,PIX,False
Seguro do veiculo,291.24,2024-12-02,EXPENSE,BANK_TRANSFER,True
Farmacia,48.83,2024-12-02,EXPENSE,PIX,False
Loja de roupas,434.64,2024-12-03,EXPENSE,PIX,False
Doacao,103.02,2024-12-03,EXPENSE,BOLETO,False
Passagem aerea,649.88,2024-12-03,EXPENSE,DEBIT_CARD,False
Veterinario,543.56,2024-12-03,EXPENSE,BOLETO,False
Seguro do veiculo,329.35,2024-12-03,EXPENSE,BOLETO,True
Delivery de comida,85.89,2024-12-03,EXPENSE,DEBIT_CARD,False
Restituicao de imposto,1623.57,2024-12-03,INCOME,PIX,False
Dividendos,440.77,2024-12-03,INCOME,PIX,True
Internet residencial,200.36,2024-12-04,EXPENSE,PIX,True
Pet shop,83.06,2024-12-04,EXPENSE,DEBIT_CARD,False
Aluguel residencial,3796.18,2024-12-04,EXPENSE,PIX,True
Condominio,617.48,2024-12-04,EXPENSE,CREDIT_CARD,True
Passagem aerea,1260.45,2024-12-04,EXPENSE,BOLETO,False
Rendimento de investimento,333.83,2024-12-04,INCOME,PIX,True
Restaurante,186.76,2024-12-04,EXPENSE,PIX,False
Combustivel,206.43,2024-12-04,EXPENSE,BANK_TRANSFER,False
Aplicativo de transporte,56.1,2024-12-04,EXPENSE,PIX,False
Pet shop,142.4,2024-12-04,EXPENSE,BANK_TRANSFER,False
Delivery de comida,55.56,2024-12-04,EXPENSE,CASH,False
Salario mensal,10272.21,2024-12-04,INCOME,BANK_TRANSFER,True
Venda de produto,1316.3,2024-12-05,INCOME,BANK_TRANSFER,False
Venda de produto,893.08,2024-12-05,INCOME,BANK_TRANSFER,False
Internet residencial,87.31,2024-12-05,EXPENSE,CREDIT_CARD,True
Rendimento de investimento,490.16,2024-12-05,INCOME,PIX,False
Delivery de comida,95.15,2024-12-05,EXPENSE,CREDIT_CARD,False
Eletronicos,1503.69,2024-12-05,EXPENSE,PIX,False
Combustivel,121.53,2024-12-05,EXPENSE,BANK_TRANSFER,False
Seguro do veiculo,315.64,2024-12-05,EXPENSE,PIX,True
Seguro do veiculo,416.18,2024-12-05,EXPENSE,PIX,True
Streaming,60.46,2024-12-05,EXPENSE,PIX,True
Reembolso empresarial,227.65,2024-12-05,INCOME,BANK_TRANSFER,False
Plano de saude,889.2,2024-12-06,EXPENSE,CREDIT_CARD,True
Conta de agua,127.55,2024-12-06,EXPENSE,BOLETO,True
Internet residencial,109.05,2024-12-06,EXPENSE,PIX,False
Viagem e hospedagem,2047.46,2024-12-06,EXPENSE,DEBIT_CARD,False
Reembolso empresarial,330.4,2024-12-06,INCOME,BANK_TRANSFER,False
Passagem aerea,1072.43,2024-12-06,EXPENSE,DEBIT_CARD,False
Aplicativo de transporte,43.47,2024-12-06,EXPENSE,BANK_TRANSFER,False
Aplicativo de transporte,59.83,2024-12-06,EXPENSE,CREDIT_CARD,False
Bonus profissional,4001.53,2024-12-06,INCOME,BANK_TRANSFER,False
Pet shop,265.57,2024-12-07,EXPENSE,CASH,False
Viagem e hospedagem,4394.48,2024-12-07,EXPENSE,BANK_TRANSFER,False
Combustivel,181.4,2024-12-07,EXPENSE,BOLETO,False
Manutencao do veiculo,605.41,2024-12-07,EXPENSE,DEBIT_CARD,False
Aluguel residencial,2733.25,2024-12-07,EXPENSE,DEBIT_CARD,True
Padaria,25.82,2024-12-07,EXPENSE,CASH,False
Cinema e lazer,161.88,2024-12-07,EXPENSE,PIX,False
Aluguel residencial,1522.83,2024-12-07,EXPENSE,CASH,True
Curso online,177.2,2024-12-07,EXPENSE,CASH,False
Plano de celular,130.62,2024-12-07,EXPENSE,BOLETO,True
Conta de agua,42.29,2024-12-07,EXPENSE,DEBIT_CARD,True
Impostos e taxas,284.33,2024-12-07,EXPENSE,CREDIT_CARD,False
Aluguel residencial,2848.74,2024-12-07,EXPENSE,BOLETO,True
Academia,99.8,2024-12-07,EXPENSE,BOLETO,True
Livraria,89.06,2024-12-08,EXPENSE,DEBIT_CARD,False
Eletronicos,2872.79,2024-12-08,EXPENSE,PIX,False
Eletronicos,4311.97,2024-12-08,EXPENSE,CASH,False
Condominio,601.8,2024-12-08,EXPENSE,DEBIT_CARD,True
Doacao,54.08,2024-12-08,EXPENSE,PIX,False
Padaria,35.93,2024-12-08,EXPENSE,DEBIT_CARD,False
Plano de celular,103.76,2024-12-08,EXPENSE,CREDIT_CARD,False
Salario mensal,8113.38,2024-12-08,INCOME,BANK_TRANSFER,True
Salario mensal,5892.85,2024-12-08,INCOME,BANK_TRANSFER,False
Eletronicos,1839.9,2024-12-09,EXPENSE,PIX,False
Condominio,998.39,2024-12-09,EXPENSE,CREDIT_CARD,True
Veterinario,260.39,2024-12-09,EXPENSE,PIX,False
Farmacia,170.69,2024-12-09,EXPENSE,BANK_TRANSFER,False
Pet shop,78.3,2024-12-09,EXPENSE,BOLETO,False
Conta de energia,477.07,2024-12-09,EXPENSE,CASH,True
Streaming,43.07,2024-12-10,EXPENSE,BOLETO,True
Transferencia recebida,1393.85,2024-12-10,INCOME,PIX,False
Aplicativo de transporte,37.49,2024-12-10,EXPENSE,BOLETO,False
Rendimento de investimento,219.57,2024-12-10,INCOME,PIX,True
Aplicativo de transporte,28.49,2024-12-10,EXPENSE,CASH,False
Farmacia,236.91,2024-12-10,EXPENSE,PIX,False
Loja de roupas,245.66,2024-12-10,EXPENSE,BOLETO,False
Transferencia recebida,337.95,2024-12-10,INCOME,PIX,False
Restituicao de imposto,1710.64,2024-12-10,INCOME,BANK_TRANSFER,False
Restaurante,82.47,2024-12-10,EXPENSE,CREDIT_CARD,False
Pet shop,78.66,2024-12-10,EXPENSE,CREDIT_CARD,False
Padaria,12.27,2024-12-10,EXPENSE,PIX,False
Combustivel,154.22,2024-12-10,EXPENSE,BOLETO,False
Cinema e lazer,128.86,2024-12-10,EXPENSE,BANK_TRANSFER,False
Livraria,140.76,2024-12-10,EXPENSE,DEBIT_CARD,False
Conta de energia,448.23,2024-12-10,EXPENSE,BOLETO,True
Internet residencial,143.55,2024-12-11,EXPENSE,BOLETO,True
Internet residencial,92.23,2024-12-11,EXPENSE,BOLETO,True
Streaming,60.74,2024-12-11,EXPENSE,CASH,True
Conta de agua,123.19,2024-12-11,EXPENSE,DEBIT_CARD,True
Aplicativo de transporte,31.17,2024-12-11,EXPENSE,DEBIT_CARD,False
Impostos e taxas,1076.81,2024-12-11,EXPENSE,DEBIT_CARD,False
Conta de energia,423.92,2024-12-11,EXPENSE,PIX,True
Veterinario,337.84,2024-12-11,EXPENSE,PIX,False
Viagem e hospedagem,952.0,2024-12-11,EXPENSE,PIX,False
Curso online,270.47,2024-12-11,EXPENSE,DEBIT_CARD,False
Livraria,259.64,2024-12-11,EXPENSE,CASH,False
Conta de energia,403.46,2024-12-11,EXPENSE,DEBIT_CARD,True
Salario mensal,9312.92,2024-12-12,INCOME,BANK_TRANSFER,True
Restaurante,206.67,2024-12-12,EXPENSE,CASH,False
Internet residencial,78.64,2024-12-12,EXPENSE,PIX,True
Supermercado,526.01,2024-12-12,EXPENSE,DEBIT_CARD,False
Curso online,356.81,2024-12-12,EXPENSE,CREDIT_CARD,False
Dividendos,453.52,2024-12-12,INCOME,PIX,True
Cinema e lazer,192.16,2024-12-12,EXPENSE,CASH,False
Plano de celular,74.35,2024-12-12,EXPENSE,BOLETO,True
Restituicao de imposto,2556.26,2024-12-12,INCOME,PIX,False
Combustivel,265.32,2024-12-13,EXPENSE,BOLETO,False
Cinema e lazer,133.55,2024-12-13,EXPENSE,CASH,False
Rendimento de investimento,235.37,2024-12-13,INCOME,PIX,True
Impostos e taxas,1681.36,2024-12-13,EXPENSE,BANK_TRANSFER,False
Salario mensal,7026.27,2024-12-13,INCOME,BANK_TRANSFER,True
Supermercado,188.32,2024-12-13,EXPENSE,PIX,False
Restaurante,111.85,2024-12-13,EXPENSE,CREDIT_CARD,False
Restaurante,81.99,2024-12-13,EXPENSE,BANK_TRANSFER,False
Loja de roupas,135.91,2024-12-13,EXPENSE,PIX,False
Loja de roupas,551.85,2024-12-13,EXPENSE,PIX,False
Reembolso empresarial,570.35,2024-12-13,INCOME,PIX,False
Eletronicos,2604.92,2024-12-13,EXPENSE,DEBIT_CARD,False
Manutencao do veiculo,997.71,2024-12-14,EXPENSE,CREDIT_CARD,False
Combustivel,172.42,2024-12-14,EXPENSE,CASH,False
Combustivel,215.55,2024-12-14,EXPENSE,BANK_TRANSFER,False
Plano de celular,117.93,2024-12-14,EXPENSE,BANK_TRANSFER,False
Manutencao do veiculo,1466.84,2024-12-14,EXPENSE,DEBIT_CARD,False
Loja de roupas,473.06,2024-12-14,EXPENSE,CASH,False
Academia,136.97,2024-12-14,EXPENSE,PIX,False
Rendimento de investimento,340.97,2024-12-14,INCOME,PIX,True
Estacionamento,15.77,2024-12-14,EXPENSE,PIX,False
Livraria,79.17,2024-12-14,EXPENSE,CASH,False
Impostos e taxas,554.62,2024-12-15,EXPENSE,CASH,False
Eletronicos,663.37,2024-12-15,EXPENSE,BANK_TRANSFER,False
Conta de agua,114.98,2024-12-15,EXPENSE,DEBIT_CARD,False
Loja de roupas,117.07,2024-12-15,EXPENSE,PIX,False
Passagem aerea,2486.91,2024-12-15,EXPENSE,DEBIT_CARD,False
Plano de celular,103.34,2024-12-15,EXPENSE,BOLETO,True
Conta de agua,93.65,2024-12-15,EXPENSE,DEBIT_CARD,True
Academia,156.94,2024-12-16,EXPENSE,CASH,True
Passagem aerea,1914.83,2024-12-16,EXPENSE,CREDIT_CARD,False
Supermercado,490.68,2024-12-16,EXPENSE,BOLETO,False
Passagem aerea,2768.46,2024-12-16,EXPENSE,PIX,False
Plano de saude,1128.72,2024-12-16,EXPENSE,PIX,True
Restituicao de imposto,1631.87,2024-12-16,INCOME,PIX,False
Dividendos,431.2,2024-12-16,INCOME,BANK_TRANSFER,True
Veterinario,381.11,2024-12-16,EXPENSE,CASH,False
Delivery de comida,126.72,2024-12-16,EXPENSE,BANK_TRANSFER,False
Livraria,159.12,2024-12-16,EXPENSE,CASH,False
Delivery de comida,93.68,2024-12-16,EXPENSE,CASH,False
Dividendos,637.01,2024-12-16,INCOME,PIX,True
Seguro do veiculo,206.66,2024-12-17,EXPENSE,BANK_TRANSFER,True
Combustivel,247.75,2024-12-17,EXPENSE,CREDIT_CARD,False
Conta de energia,274.24,2024-12-17,EXPENSE,PIX,False
Farmacia,149.9,2024-12-17,EXPENSE,BOLETO,False
Internet residencial,94.17,2024-12-17,EXPENSE,PIX,True
Academia,208.83,2024-12-17,EXPENSE,PIX,True
Seguro do veiculo,301.05,2024-12-17,EXPENSE,BOLETO,True
Eletronicos,1391.53,2024-12-17,EXPENSE,DEBIT_CARD,False
Salario mensal,10603.35,2024-12-17,INCOME,PIX,True
Transferencia recebida,361.9,2024-12-18,INCOME,PIX,False
Aplicativo de transporte,17.55,2024-12-18,EXPENSE,CASH,False
Farmacia,85.06,2024-12-18,EXPENSE,CREDIT_CARD,False
Viagem e hospedagem,1661.18,2024-12-18,EXPENSE,CREDIT_CARD,False
Aluguel residencial,1214.7,2024-12-18,EXPENSE,PIX,True
Supermercado,521.15,2024-12-18,EXPENSE,CREDIT_CARD,False
Plano de saude,185.81,2024-12-18,EXPENSE,CASH,True
Plano de celular,91.06,2024-12-19,EXPENSE,CASH,True
Pet shop,245.21,2024-12-19,EXPENSE,DEBIT_CARD,False
Padaria,49.63,2024-12-19,EXPENSE,PIX,False
Padaria,9.0,2024-12-19,EXPENSE,BOLETO,False
Academia,79.78,2024-12-19,EXPENSE,DEBIT_CARD,True
Impostos e taxas,396.67,2024-12-19,EXPENSE,CREDIT_CARD,False
Doacao,343.3,2024-12-19,EXPENSE,BOLETO,False
Plano de celular,76.67,2024-12-19,EXPENSE,BANK_TRANSFER,False
Manutencao do veiculo,379.88,2024-12-19,EXPENSE,BANK_TRANSFER,False
Combustivel,209.31,2024-12-19,EXPENSE,CASH,False
Aluguel recebido,3131.49,2024-12-20,INCOME,BANK_TRANSFER,True
Plano de saude,691.02,2024-12-20,EXPENSE,DEBIT_CARD,True
Conta de energia,490.87,2024-12-20,EXPENSE,CREDIT_CARD,True
Passagem aerea,801.02,2024-12-20,EXPENSE,BOLETO,False
Streaming,50.34,2024-12-20,EXPENSE,CREDIT_CARD,True
Salario mensal,6655.54,2024-12-21,INCOME,PIX,True
Academia,70.16,2024-12-21,EXPENSE,CREDIT_CARD,True
Viagem e hospedagem,1604.17,2024-12-21,EXPENSE,CASH,False
Restaurante,177.27,2024-12-21,EXPENSE,CREDIT_CARD,False
Aluguel recebido,3108.74,2024-12-21,INCOME,BANK_TRANSFER,True
Impostos e taxas,569.05,2024-12-21,EXPENSE,BANK_TRANSFER,False
Eletronicos,2364.17,2024-12-21,EXPENSE,CREDIT_CARD,False
Conta de agua,93.68,2024-12-21,EXPENSE,PIX,False
Veterinario,895.48,2024-12-21,EXPENSE,CASH,False
Eletronicos,1735.78,2024-12-21,EXPENSE,BOLETO,False
Veterinario,377.67,2024-12-21,EXPENSE,CREDIT_CARD,False
Conta de agua,92.19,2024-12-22,EXPENSE,CASH,True
Internet residencial,177.03,2024-12-22,EXPENSE,BOLETO,True
Curso online,430.89,2024-12-22,EXPENSE,BANK_TRANSFER,False
Doacao,194.26,2024-12-22,EXPENSE,PIX,False
Condominio,435.73,2024-12-22,EXPENSE,BOLETO,True
Cinema e lazer,89.54,2024-12-22,EXPENSE,PIX,False
Academia,133.45,2024-12-22,EXPENSE,BOLETO,True
Bonus profissional,2787.82,2024-12-23,INCOME,BANK_TRANSFER,False
Manutencao do veiculo,1014.85,2024-12-23,EXPENSE,CREDIT_CARD,False
Academia,188.07,2024-12-23,EXPENSE,DEBIT_CARD,False
Padaria,44.93,2024-12-23,EXPENSE,CREDIT_CARD,False
Bonus profissional,3705.58,2024-12-23,INCOME,BANK_TRANSFER,False
Curso online,331.4,2024-12-23,EXPENSE,CREDIT_CARD,False
Restituicao de imposto,1847.95,2024-12-23,INCOME,PIX,False
Veterinario,286.6,2024-12-23,EXPENSE,BOLETO,False
Restituicao de imposto,2228.08,2024-12-23,INCOME,PIX,False
Farmacia,261.59,2024-12-23,EXPENSE,PIX,False
Veterinario,215.6,2024-12-23,EXPENSE,CREDIT_CARD,False
Livraria,172.06,2024-12-23,EXPENSE,CASH,False
Seguro do veiculo,342.78,2024-12-24,EXPENSE,PIX,True
Aplicativo de transporte,23.41,2024-12-24,EXPENSE,PIX,False
Condominio,415.05,2024-12-24,EXPENSE,PIX,True
Dividendos,493.54,2024-12-24,INCOME,PIX,True
Transferencia recebida,1291.69,2024-12-24,INCOME,PIX,False
Pagamento freelance,3441.92,2024-12-24,INCOME,PIX,False
Manutencao do veiculo,1224.02,2024-12-24,EXPENSE,CASH,False
Padaria,58.73,2024-12-24,EXPENSE,CREDIT_CARD,False
Aluguel residencial,2117.93,2024-12-24,EXPENSE,BANK_TRANSFER,True
Conta de energia,307.05,2024-12-24,EXPENSE,DEBIT_CARD,True
Loja de roupas,349.57,2024-12-24,EXPENSE,PIX,False
Pagamento freelance,1916.34,2024-12-24,INCOME,BANK_TRANSFER,False
Plano de saude,1066.28,2024-12-24,EXPENSE,CREDIT_CARD,True
Curso online,402.4,2024-12-24,EXPENSE,BOLETO,False
Pet shop,111.5,2024-12-24,EXPENSE,BOLETO,False
Restaurante,237.24,2024-12-25,EXPENSE,DEBIT_CARD,False
Streaming,51.34,2024-12-25,EXPENSE,DEBIT_CARD,False
Loja de roupas,519.77,2024-12-25,EXPENSE,CASH,False
Passagem aerea,3273.93,2024-12-25,EXPENSE,BOLETO,False
Doacao,196.97,2024-12-25,EXPENSE,BANK_TRANSFER,False
Reembolso empresarial,681.28,2024-12-26,INCOME,BANK_TRANSFER,False
Combustivel,296.24,2024-12-26,EXPENSE,DEBIT_CARD,False
Cinema e lazer,94.05,2024-12-26,EXPENSE,CASH,False
Passagem aerea,1670.14,2024-12-26,EXPENSE,CASH,False
Aplicativo de transporte,48.36,2024-12-26,EXPENSE,CASH,False
Doacao,255.39,2024-12-26,EXPENSE,CASH,False
Livraria,215.32,2024-12-26,EXPENSE,CASH,False
Plano de saude,706.54,2024-12-26,EXPENSE,DEBIT_CARD,True
Conta de energia,214.31,2024-12-26,EXPENSE,PIX,True
Viagem e hospedagem,3081.25,2024-12-27,EXPENSE,BOLETO,False
Viagem e hospedagem,1644.24,2024-12-27,EXPENSE,BANK_TRANSFER,False
Streaming,34.36,2024-12-27,EXPENSE,PIX,True
Plano de saude,778.99,2024-12-27,EXPENSE,PIX,True
Cinema e lazer,85.03,2024-12-27,EXPENSE,DEBIT_CARD,False
Combustivel,155.59,2024-12-27,EXPENSE,DEBIT_CARD,False
Aluguel residencial,1514.09,2024-12-27,EXPENSE,CASH,False
Farmacia,66.15,2024-12-27,EXPENSE,BOLETO,False
Loja de roupas,265.13,2024-12-27,EXPENSE,BOLETO,False
Dividendos,387.68,2024-12-27,INCOME,PIX,True
Supermercado,372.91,2024-12-27,EXPENSE,PIX,False
Supermercado,643.82,2024-12-27,EXPENSE,BOLETO,False
Impostos e taxas,729.35,2024-12-27,EXPENSE,CREDIT_CARD,False
Impostos e taxas,1555.39,2024-12-27,EXPENSE,CREDIT_CARD,False
Curso online,276.09,2024-12-28,EXPENSE,BOLETO,False
Loja de roupas,570.61,2024-12-28,EXPENSE,DEBIT_CARD,False
Plano de saude,821.44,2024-12-28,EXPENSE,BOLETO,True
Pagamento freelance,2281.88,2024-12-28,INCOME,PIX,False
Viagem e hospedagem,1303.79,2024-12-28,EXPENSE,DEBIT_CARD,False
Streaming,55.9,2024-12-28,EXPENSE,BANK_TRANSFER,True
Manutencao do veiculo,834.71,2024-12-28,EXPENSE,BANK_TRANSFER,False
Venda de produto,963.77,2024-12-28,INCOME,PIX,False
Estacionamento,31.53,2024-12-28,EXPENSE,BOLETO,False
Salario mensal,10674.48,2024-12-28,INCOME,PIX,True
Condominio,639.27,2024-12-28,EXPENSE,PIX,True
Impostos e taxas,423.06,2024-12-29,EXPENSE,PIX,False
Pagamento freelance,3949.59,2024-12-29,INCOME,BANK_TRANSFER,False
Passagem aerea,1143.99,2024-12-29,EXPENSE,CREDIT_CARD,False
Estacionamento,14.8,2024-12-29,EXPENSE,CREDIT_CARD,False
Doacao,31.72,2024-12-29,EXPENSE,BOLETO,False
Impostos e taxas,1995.99,2024-12-29,EXPENSE,DEBIT_CARD,False
Aluguel residencial,2384.04,2024-12-29,EXPENSE,DEBIT_CARD,True
Venda de produto,1017.58,2024-12-29,INCOME,BANK_TRANSFER,False
Condominio,462.57,2024-12-29,EXPENSE,BOLETO,True
Condominio,810.08,2024-12-29,EXPENSE,CASH,True
Combustivel,172.84,2024-12-29,EXPENSE,DEBIT_CARD,False
Farmacia,104.58,2024-12-30,EXPENSE,PIX,False
Loja de roupas,345.99,2024-12-30,EXPENSE,CASH,False
Estacionamento,12.48,2024-12-30,EXPENSE,CASH,False
Doacao,122.78,2024-12-30,EXPENSE,DEBIT_CARD,False
Supermercado,97.34,2024-12-30,EXPENSE,DEBIT_CARD,False
Academia,143.02,2024-12-30,EXPENSE,PIX,False
Curso online,342.47,2024-12-30,EXPENSE,BANK_TRANSFER,False
Padaria,9.86,2024-12-30,EXPENSE,BANK_TRANSFER,False
Conta de energia,164.34,2024-12-30,EXPENSE,CASH,True
Seguro do veiculo,325.65,2024-12-30,EXPENSE,BOLETO,True
Rendimento de investimento,292.24,2024-12-30,INCOME,BANK_TRANSFER,False
Cinema e lazer,33.94,2024-12-30,EXPENSE,CREDIT_CARD,False
Plano de celular,105.87,2024-12-31,EXPENSE,CREDIT_CARD,True
Supermercado,377.16,2024-12-31,EXPENSE,BANK_TRANSFER,False
Aluguel recebido,1921.38,2024-12-31,INCOME,BANK_TRANSFER,True
Delivery de comida,110.02,2024-12-31,EXPENSE,BOLETO,False
Rendimento de investimento,482.34,2024-12-31,INCOME,PIX,False
Estacionamento,38.23,2024-12-31,EXPENSE,PIX,False
Delivery de comida,101.28,2024-12-31,EXPENSE,CASH,False
Doacao,306.39,2024-12-31,EXPENSE,DEBIT_CARD,False
Combustivel,204.17,2024-12-31,EXPENSE,PIX,False
Supermercado,625.47,2025-01-01,EXPENSE,CREDIT_CARD,False
Restaurante,156.53,2025-01-01,EXPENSE,CREDIT_CARD,False
Rendimento de investimento,361.56,2025-01-01,INCOME,PIX,True
Plano de saude,859.07,2025-01-01,EXPENSE,CASH,True
Estacionamento,25.31,2025-01-01,EXPENSE,BANK_TRANSFER,False
Streaming,57.12,2025-01-02,EXPENSE,BANK_TRANSFER,True
Eletronicos,2930.77,2025-01-02,EXPENSE,BANK_TRANSFER,False
Impostos e taxas,954.62,2025-01-02,EXPENSE,CASH,False
Internet residencial,101.06,2025-01-02,EXPENSE,DEBIT_CARD,False
Livraria,111.27,2025-01-02,EXPENSE,CREDIT_CARD,False
Academia,85.27,2025-01-02,EXPENSE,PIX,True
Aplicativo de transporte,28.76,2025-01-02,EXPENSE,PIX,False
Combustivel,213.0,2025-01-02,EXPENSE,DEBIT_CARD,False
Restituicao de imposto,1929.65,2025-01-02,INCOME,BANK_TRANSFER,False
Viagem e hospedagem,3349.33,2025-01-03,EXPENSE,PIX,False
Loja de roupas,550.72,2025-01-03,EXPENSE,BOLETO,False
Loja de roupas,388.52,2025-01-03,EXPENSE,DEBIT_CARD,False
Curso online,291.19,2025-01-03,EXPENSE,DEBIT_CARD,False
Plano de celular,102.58,2025-01-03,EXPENSE,CREDIT_CARD,True
Passagem aerea,2567.2,2025-01-03,EXPENSE,CREDIT_CARD,False
Eletronicos,2095.51,2025-01-04,EXPENSE,BANK_TRANSFER,False
Internet residencial,123.57,2025-01-04,EXPENSE,DEBIT_CARD,True
Conta de agua,148.22,2025-01-04,EXPENSE,CASH,True
Doacao,138.35,2025-01-04,EXPENSE,CREDIT_CARD,False
Impostos e taxas,623.78,2025-01-04,EXPENSE,BANK_TRANSFER,False
Venda de produto,494.45,2025-01-04,INCOME,PIX,False
Condominio,604.92,2025-01-04,EXPENSE,BOLETO,True
Delivery de comida,59.51,2025-01-05,EXPENSE,PIX,False
Farmacia,195.45,2025-01-05,EXPENSE,CREDIT_CARD,False
Seguro do veiculo,407.83,2025-01-05,EXPENSE,CASH,True
Rendimento de investimento,149.67,2025-01-05,INCOME,BANK_TRANSFER,True
Veterinario,363.83,2025-01-05,EXPENSE,CREDIT_CARD,False
Salario mensal,7730.75,2025-01-05,INCOME,PIX,True
Impostos e taxas,552.62,2025-01-05,EXPENSE,DEBIT_CARD,False
Aplicativo de transporte,59.21,2025-01-05,EXPENSE,BOLETO,False
Pagamento freelance,1624.38,2025-01-05,INCOME,PIX,False
Condominio,454.86,2025-01-06,EXPENSE,PIX,True
Aluguel residencial,3679.36,2025-01-06,EXPENSE,BOLETO,True
Restituicao de imposto,1606.14,2025-01-06,INCOME,PIX,False
Pagamento freelance,2991.99,2025-01-06,INCOME,PIX,False
Plano de celular,70.82,2025-01-06,EXPENSE,BOLETO,False
Transferencia recebida,1669.68,2025-01-06,INCOME,PIX,False
Aluguel recebido,2583.07,2025-01-06,INCOME,PIX,True
Bonus profissional,2544.24,2025-01-06,INCOME,BANK_TRANSFER,False
Doacao,332.06,2025-01-06,EXPENSE,CASH,False
Passagem aerea,961.3,2025-01-06,EXPENSE,PIX,False
Passagem aerea,1247.86,2025-01-06,EXPENSE,BOLETO,False
Restaurante,218.19,2025-01-06,EXPENSE,CASH,False
Pet shop,191.69,2025-01-06,EXPENSE,BOLETO,False
Pet shop,158.82,2025-01-06,EXPENSE,BANK_TRANSFER,False
Bonus profissional,3757.11,2025-01-06,INCOME,BANK_TRANSFER,False
Viagem e hospedagem,1740.39,2025-01-06,EXPENSE,BANK_TRANSFER,False
Viagem e hospedagem,3216.74,2025-01-07,EXPENSE,CREDIT_CARD,False
Rendimento de investimento,432.89,2025-01-07,INCOME,BANK_TRANSFER,True
Veterinario,458.22,2025-01-07,EXPENSE,CASH,False
Estacionamento,23.79,2025-01-07,EXPENSE,DEBIT_CARD,False
Restituicao de imposto,2206.04,2025-01-07,INCOME,PIX,False
Rendimento de investimento,308.32,2025-01-07,INCOME,PIX,False
Pagamento freelance,2980.76,2025-01-07,INCOME,PIX,False
Seguro do veiculo,311.66,2025-01-07,EXPENSE,BOLETO,True
Delivery de comida,60.72,2025-01-07,EXPENSE,BOLETO,False
Cinema e lazer,90.53,2025-01-08,EXPENSE,BANK_TRANSFER,False
Aluguel recebido,3255.09,2025-01-08,INCOME,PIX,True
Passagem aerea,1116.85,2025-01-08,EXPENSE,BOLETO,False
Passagem aerea,846.12,2025-01-08,EXPENSE,CREDIT_CARD,False
Pagamento freelance,2461.47,2025-01-08,INCOME,PIX,False
Salario mensal,6993.43,2025-01-08,INCOME,BANK_TRANSFER,True
Dividendos,283.29,2025-01-08,INCOME,BANK_TRANSFER,True
Padaria,49.0,2025-01-08,EXPENSE,CREDIT_CARD,False
Padaria,36.82,2025-01-08,EXPENSE,CASH,False
Supermercado,351.45,2025-01-08,EXPENSE,PIX,False
Condominio,347.77,2025-01-08,EXPENSE,CASH,True
Plano de celular,136.82,2025-01-09,EXPENSE,CASH,True
Manutencao do veiculo,271.56,2025-01-09,EXPENSE,BOLETO,False
Streaming,38.32,2025-01-09,EXPENSE,BOLETO,True
Seguro do veiculo,311.47,2025-01-09,EXPENSE,BANK_TRANSFER,False
Plano de saude,863.75,2025-01-09,EXPENSE,DEBIT_CARD,True
Streaming,36.33,2025-01-09,EXPENSE,CASH,True
Loja de roupas,664.73,2025-01-09,EXPENSE,BANK_TRANSFER,False
Conta de energia,108.27,2025-01-09,EXPENSE,CREDIT_CARD,True
Transferencia recebida,1884.16,2025-01-09,INCOME,PIX,False
Dividendos,666.83,2025-01-09,INCOME,BANK_TRANSFER,True
Curso online,299.47,2025-01-09,EXPENSE,DEBIT_CARD,False
Loja de roupas,230.8,2025-01-10,EXPENSE,CREDIT_CARD,False
Aplicativo de transporte,54.6,2025-01-10,EXPENSE,BANK_TRANSFER,False
Transferencia recebida,1635.86,2025-01-10,INCOME,PIX,False
Restaurante,95.46,2025-01-10,EXPENSE,BOLETO,False
Plano de celular,144.49,2025-01-10,EXPENSE,BOLETO,True
Delivery de comida,25.81,2025-01-10,EXPENSE,PIX,False
Plano de celular,55.37,2025-01-10,EXPENSE,BANK_TRANSFER,True
Conta de agua,160.86,2025-01-10,EXPENSE,CASH,True
Academia,73.92,2025-01-10,EXPENSE,PIX,True
Eletronicos,2707.84,2025-01-10,EXPENSE,DEBIT_CARD,False
Supermercado,305.51,2025-01-10,EXPENSE,DEBIT_CARD,False
Aluguel recebido,2735.34,2025-01-10,INCOME,BANK_TRANSFER,True
Academia,126.55,2025-01-10,EXPENSE,CASH,True
Loja de roupas,276.55,2025-01-10,EXPENSE,PIX,False
Rendimento de investimento,297.76,2025-01-11,INCOME,PIX,True
Aplicativo de transporte,52.46,2025-01-11,EXPENSE,CREDIT_CARD,False
Restaurante,155.89,2025-01-11,EXPENSE,DEBIT_CARD,False
Bonus profissional,1998.79,2025-01-11,INCOME,BANK_TRANSFER,False
Condominio,923.59,2025-01-11,EXPENSE,BOLETO,True
Delivery de comida,59.92,2025-01-11,EXPENSE,PIX,False
Cinema e lazer,74.04,2025-01-11,EXPENSE,BOLETO,False
Cinema e lazer,34.78,2025-01-11,EXPENSE,PIX,False
Delivery de comida,115.76,2025-01-11,EXPENSE,BANK_TRANSFER,False
Dividendos,265.69,2025-01-11,INCOME,BANK_TRANSFER,True
Farmacia,50.27,2025-01-11,EXPENSE,BOLETO,False
Internet residencial,201.42,2025-01-11,EXPENSE,BANK_TRANSFER,True
Pet shop,200.24,2025-01-11,EXPENSE,PIX,False
Estacionamento,32.04,2025-01-11,EXPENSE,DEBIT_CARD,False
Conta de agua,196.67,2025-01-11,EXPENSE,CASH,True
Condominio,461.14,2025-01-12,EXPENSE,CREDIT_CARD,True
Combustivel,179.73,2025-01-12,EXPENSE,CREDIT_CARD,False
Doacao,375.51,2025-01-12,EXPENSE,BANK_TRANSFER,False
Loja de roupas,450.55,2025-01-12,EXPENSE,BOLETO,False
Combustivel,243.34,2025-01-12,EXPENSE,CREDIT_CARD,False
Aluguel residencial,2879.78,2025-01-12,EXPENSE,BOLETO,True
Padaria,53.35,2025-01-12,EXPENSE,DEBIT_CARD,False
Impostos e taxas,1683.48,2025-01-12,EXPENSE,CREDIT_CARD,False
Aluguel residencial,1489.58,2025-01-12,EXPENSE,BOLETO,True
Combustivel,133.43,2025-01-12,EXPENSE,CREDIT_CARD,False
Loja de roupas,565.53,2025-01-12,EXPENSE,BOLETO,False
Conta de energia,538.88,2025-01-12,EXPENSE,CASH,False
Plano de saude,993.43,2025-01-12,EXPENSE,BOLETO,True
Livraria,147.89,2025-01-12,EXPENSE,DEBIT_CARD,False
Internet residencial,165.87,2025-01-12,EXPENSE,DEBIT_CARD,True
Livraria,153.44,2025-01-12,EXPENSE,BANK_TRANSFER,False
Aluguel recebido,1668.47,2025-01-12,INCOME,PIX,True
Restituicao de imposto,2208.47,2025-01-12,INCOME,PIX,False
Curso online,298.91,2025-01-13,EXPENSE,CREDIT_CARD,False
Pagamento freelance,1869.29,2025-01-13,INCOME,BANK_TRANSFER,False
Veterinario,344.13,2025-01-13,EXPENSE,CREDIT_CARD,False
Bonus profissional,2035.58,2025-01-13,INCOME,PIX,False
Conta de energia,455.39,2025-01-13,EXPENSE,BANK_TRANSFER,True
Supermercado,267.07,2025-01-13,EXPENSE,CREDIT_CARD,False
Viagem e hospedagem,971.5,2025-01-13,EXPENSE,CREDIT_CARD,False
Restituicao de imposto,1490.62,2025-01-13,INCOME,BANK_TRANSFER,False
Manutencao do veiculo,1339.55,2025-01-13,EXPENSE,DEBIT_CARD,False
Condominio,1037.73,2025-01-13,EXPENSE,CASH,True
Venda de produto,1590.38,2025-01-13,INCOME,PIX,False
Padaria,38.62,2025-01-13,EXPENSE,PIX,False
Estacionamento,16.49,2025-01-13,EXPENSE,CASH,False
Conta de agua,116.43,2025-01-13,EXPENSE,BANK_TRANSFER,True
Impostos e taxas,748.72,2025-01-13,EXPENSE,DEBIT_CARD,False
Loja de roupas,472.06,2025-01-13,EXPENSE,DEBIT_CARD,False
Delivery de comida,159.32,2025-01-13,EXPENSE,CASH,False
Restituicao de imposto,1291.99,2025-01-14,INCOME,PIX,False
Internet residencial,120.63,2025-01-14,EXPENSE,BOLETO,True
Internet residencial,159.41,2025-01-14,EXPENSE,BANK_TRANSFER,True
Eletronicos,699.33,2025-01-14,EXPENSE,DEBIT_CARD,False
Seguro do veiculo,236.41,2025-01-14,EXPENSE,PIX,True
Venda de produto,1212.77,2025-01-14,INCOME,PIX,False
Combustivel,221.66,2025-01-14,EXPENSE,CASH,False
Padaria,49.32,2025-01-15,EXPENSE,BANK_TRANSFER,False
Restituicao de imposto,780.71,2025-01-15,INCOME,PIX,False
Viagem e hospedagem,1990.33,2025-01-15,EXPENSE,BANK_TRANSFER,False
Streaming,30.68,2025-01-15,EXPENSE,BOLETO,True
Cinema e lazer,136.63,2025-01-15,EXPENSE,DEBIT_CARD,False
Conta de agua,155.72,2025-01-15,EXPENSE,CREDIT_CARD,False
Restituicao de imposto,1490.5,2025-01-15,INCOME,PIX,False
Streaming,44.67,2025-01-15,EXPENSE,PIX,True
Supermercado,276.43,2025-01-16,EXPENSE,BOLETO,False
Aluguel recebido,2712.37,2025-01-16,INCOME,PIX,True
Internet residencial,159.39,2025-01-16,EXPENSE,DEBIT_CARD,True
Restaurante,199.38,2025-01-16,EXPENSE,DEBIT_CARD,False
Restaurante,132.21,2025-01-16,EXPENSE,BANK_TRANSFER,False
Farmacia,136.57,2025-01-16,EXPENSE,CREDIT_CARD,False
Doacao,209.06,2025-01-16,EXPENSE,PIX,False
Manutencao do veiculo,949.64,2025-01-16,EXPENSE,DEBIT_CARD,False
Reembolso empresarial,529.58,2025-01-16,INCOME,PIX,False
Streaming,37.11,2025-01-16,EXPENSE,CASH,True
Viagem e hospedagem,791.5,2025-01-16,EXPENSE,DEBIT_CARD,False
Eletronicos,2890.47,2025-01-16,EXPENSE,DEBIT_CARD,False
Transferencia recebida,1200.14,2025-01-16,INCOME,PIX,False
Seguro do veiculo,329.82,2025-01-16,EXPENSE,BOLETO,True
Combustivel,288.29,2025-01-17,EXPENSE,CREDIT_CARD,False
Salario mensal,5897.39,2025-01-17,INCOME,PIX,True
Seguro do veiculo,262.03,2025-01-17,EXPENSE,BANK_TRANSFER,True
Pet shop,43.64,2025-01-17,EXPENSE,PIX,False
Curso online,501.64,2025-01-17,EXPENSE,CREDIT_CARD,False
Cinema e lazer,67.43,2025-01-17,EXPENSE,BOLETO,False
Transferencia recebida,817.95,2025-01-17,INCOME,PIX,False
Salario mensal,8933.27,2025-01-17,INCOME,PIX,True
Livraria,144.79,2025-01-17,EXPENSE,PIX,False
Seguro do veiculo,420.73,2025-01-17,EXPENSE,CREDIT_CARD,True
Bonus profissional,1844.26,2025-01-17,INCOME,PIX,False
Loja de roupas,396.75,2025-01-17,EXPENSE,PIX,False
Plano de saude,558.34,2025-01-17,EXPENSE,PIX,True
Conta de agua,93.62,2025-01-18,EXPENSE,BANK_TRANSFER,False
Estacionamento,37.17,2025-01-18,EXPENSE,PIX,False
Manutencao do veiculo,1306.68,2025-01-18,EXPENSE,DEBIT_CARD,False
Aplicativo de transporte,43.28,2025-01-18,EXPENSE,DEBIT_CARD,False
Academia,87.28,2025-01-18,EXPENSE,PIX,False
Veterinario,640.33,2025-01-18,EXPENSE,DEBIT_CARD,False
Dividendos,450.35,2025-01-18,INCOME,BANK_TRANSFER,True
Plano de saude,834.32,2025-01-18,EXPENSE,DEBIT_CARD,True
Estacionamento,42.64,2025-01-18,EXPENSE,PIX,False
Conta de energia,309.74,2025-01-18,EXPENSE,BANK_TRANSFER,True
Livraria,80.27,2025-01-18,EXPENSE,CASH,False
Aluguel residencial,2456.27,2025-01-18,EXPENSE,DEBIT_CARD,True
Eletronicos,2689.57,2025-01-19,EXPENSE,BOLETO,False
Academia,135.88,2025-01-19,EXPENSE,DEBIT_CARD,True
Curso online,143.38,2025-01-19,EXPENSE,PIX,False
Combustivel,212.88,2025-01-19,EXPENSE,CREDIT_CARD,False
Aplicativo de transporte,49.63,2025-01-19,EXPENSE,CASH,False
Reembolso empresarial,498.17,2025-01-19,INCOME,PIX,False
Cinema e lazer,84.16,2025-01-20,EXPENSE,BOLETO,False
Aluguel recebido,2877.21,2025-01-20,INCOME,PIX,False
Doacao,193.54,2025-01-20,EXPENSE,PIX,False
Farmacia,128.03,2025-01-20,EXPENSE,BANK_TRANSFER,False
Doacao,358.62,2025-01-20,EXPENSE,CREDIT_CARD,False
Aplicativo de transporte,31.23,2025-01-20,EXPENSE,CREDIT_CARD,False
Plano de saude,469.68,2025-01-20,EXPENSE,CREDIT_CARD,True
Loja de roupas,363.92,2025-01-20,EXPENSE,BANK_TRANSFER,False
Cinema e lazer,90.95,2025-01-20,EXPENSE,BOLETO,False
Farmacia,269.95,2025-01-20,EXPENSE,CASH,False
Venda de produto,480.96,2025-01-21,INCOME,BANK_TRANSFER,False
Reembolso empresarial,578.26,2025-01-21,INCOME,BANK_TRANSFER,False
Livraria,162.08,2025-01-21,EXPENSE,BOLETO,False
Academia,105.51,2025-01-21,EXPENSE,CASH,True
Viagem e hospedagem,2049.32,2025-01-21,EXPENSE,PIX,False
Transferencia recebida,1158.86,2025-01-21,INCOME,PIX,False
Transferencia recebida,1111.46,2025-01-21,INCOME,PIX,False
Supermercado,482.54,2025-01-21,EXPENSE,BANK_TRANSFER,False
Dividendos,475.86,2025-01-21,INCOME,PIX,True
Aluguel recebido,2555.49,2025-01-22,INCOME,BANK_TRANSFER,False
Curso online,550.05,2025-01-22,EXPENSE,CREDIT_CARD,False
Eletronicos,411.81,2025-01-22,EXPENSE,BANK_TRANSFER,False
Dividendos,433.81,2025-01-22,INCOME,PIX,True
Veterinario,493.81,2025-01-22,EXPENSE,PIX,False
Veterinario,283.5,2025-01-22,EXPENSE,PIX,False
Combustivel,167.94,2025-01-22,EXPENSE,BANK_TRANSFER,False
Manutencao do veiculo,284.7,2025-01-22,EXPENSE,BOLETO,False
Delivery de comida,46.32,2025-01-22,EXPENSE,DEBIT_CARD,False
Padaria,47.21,2025-01-22,EXPENSE,CASH,False
Conta de agua,106.36,2025-01-22,EXPENSE,BANK_TRANSFER,True
Impostos e taxas,278.62,2025-01-22,EXPENSE,BANK_TRANSFER,False
Aluguel residencial,1755.44,2025-01-22,EXPENSE,BOLETO,True
Venda de produto,1055.59,2025-01-22,INCOME,BANK_TRANSFER,False
Loja de roupas,664.21,2025-01-22,EXPENSE,BANK_TRANSFER,False
Pet shop,194.26,2025-01-22,EXPENSE,CASH,False
Farmacia,205.67,2025-01-22,EXPENSE,DEBIT_CARD,False
Estacionamento,28.51,2025-01-22,EXPENSE,CASH,False
Aplicativo de transporte,27.26,2025-01-22,EXPENSE,CREDIT_CARD,False
Manutencao do veiculo,422.83,2025-01-23,EXPENSE,BANK_TRANSFER,False
Restaurante,120.6,2025-01-23,EXPENSE,CASH,False
Dividendos,495.46,2025-01-23,INCOME,BANK_TRANSFER,True
Doacao,448.68,2025-01-23,EXPENSE,DEBIT_CARD,False
Passagem aerea,2953.65,2025-01-23,EXPENSE,BANK_TRANSFER,False
Pagamento freelance,2837.39,2025-01-23,INCOME,BANK_TRANSFER,False
Livraria,139.57,2025-01-23,EXPENSE,CASH,False
Combustivel,210.1,2025-01-23,EXPENSE,BOLETO,False
Conta de energia,249.04,2025-01-23,EXPENSE,BOLETO,True
Transferencia recebida,1496.07,2025-01-23,INCOME,BANK_TRANSFER,False
Eletronicos,2720.64,2025-01-23,EXPENSE,CASH,False
Reembolso empresarial,437.77,2025-01-23,INCOME,PIX,False
Conta de energia,219.63,2025-01-23,EXPENSE,DEBIT_CARD,True
Bonus profissional,4638.63,2025-01-23,INCOME,BANK_TRANSFER,False
Pagamento freelance,868.92,2025-01-23,INCOME,PIX,False
Plano de celular,85.98,2025-01-23,EXPENSE,CREDIT_CARD,True
Combustivel,258.69,2025-01-23,EXPENSE,CASH,False
Plano de saude,583.94,2025-01-24,EXPENSE,DEBIT_CARD,False
Venda de produto,1351.15,2025-01-24,INCOME,BANK_TRANSFER,False
Venda de produto,504.04,2025-01-24,INCOME,PIX,False
Impostos e taxas,860.93,2025-01-24,EXPENSE,PIX,False
Manutencao do veiculo,1036.75,2025-01-24,EXPENSE,CREDIT_CARD,False
Doacao,308.04,2025-01-24,EXPENSE,CASH,False
Delivery de comida,122.01,2025-01-24,EXPENSE,DEBIT_CARD,False
Aluguel residencial,1742.21,2025-01-24,EXPENSE,BOLETO,True
Salario mensal,7707.89,2025-01-24,INCOME,BANK_TRANSFER,True
Conta de energia,273.09,2025-01-24,EXPENSE,CREDIT_CARD,True
Impostos e taxas,975.91,2025-01-24,EXPENSE,BOLETO,False
Streaming,37.53,2025-01-24,EXPENSE,CREDIT_CARD,True
Conta de energia,247.76,2025-01-24,EXPENSE,BOLETO,True
Padaria,18.07,2025-01-25,EXPENSE,CREDIT_CARD,False
Estacionamento,50.53,2025-01-25,EXPENSE,CREDIT_CARD,False
Restaurante,206.65,2025-01-26,EXPENSE,CASH,False
Restituicao de imposto,1948.18,2025-01-26,INCOME,BANK_TRANSFER,False
Passagem aerea,2642.16,2025-01-26,EXPENSE,DEBIT_CARD,False
Internet residencial,137.51,2025-01-26,EXPENSE,BANK_TRANSFER,True
Salario mensal,9157.12,2025-01-26,INCOME,PIX,True
Cinema e lazer,149.81,2025-01-26,EXPENSE,BOLETO,False
Pet shop,129.99,2025-01-27,EXPENSE,BOLETO,False
Academia,114.1,2025-01-27,EXPENSE,BANK_TRANSFER,True
Aplicativo de transporte,25.53,2025-01-27,EXPENSE,BOLETO,False
Conta de energia,419.34,2025-01-27,EXPENSE,CASH,False
Rendimento de investimento,268.76,2025-01-27,INCOME,BANK_TRANSFER,True
Manutencao do veiculo,371.36,2025-01-27,EXPENSE,BOLETO,False
Transferencia recebida,1773.45,2025-01-27,INCOME,PIX,False
Reembolso empresarial,471.53,2025-01-27,INCOME,PIX,False
Padaria,48.18,2025-01-27,EXPENSE,CASH,False
Livraria,134.58,2025-01-27,EXPENSE,CASH,False
Pet shop,260.25,2025-01-28,EXPENSE,BOLETO,False
Curso online,357.28,2025-01-28,EXPENSE,PIX,False
Academia,102.9,2025-01-28,EXPENSE,CASH,True
Aluguel recebido,2846.65,2025-01-28,INCOME,PIX,True
Passagem aerea,836.1,2025-01-28,EXPENSE,BOLETO,False
Passagem aerea,1063.35,2025-01-28,EXPENSE,BOLETO,False
Plano de celular,55.74,2025-01-28,EXPENSE,BOLETO,False
Salario mensal,7931.77,2025-01-28,INCOME,PIX,True
Streaming,24.55,2025-01-28,EXPENSE,CREDIT_CARD,True
Padaria,56.9,2025-01-28,EXPENSE,BOLETO,False
Aluguel residencial,1167.69,2025-01-28,EXPENSE,DEBIT_CARD,True
Reembolso empresarial,456.03,2025-01-28,INCOME,BANK_TRANSFER,False
Plano de celular,68.93,2025-01-29,EXPENSE,CASH,True
Veterinario,165.04,2025-01-29,EXPENSE,BOLETO,False
Condominio,719.5,2025-01-29,EXPENSE,CREDIT_CARD,True
Salario mensal,9036.45,2025-01-29,INCOME,PIX,True
Pet shop,73.9,2025-01-29,EXPENSE,BOLETO,False
Pet shop,186.23,2025-01-29,EXPENSE,CASH,False
Transferencia recebida,1468.63,2025-01-29,INCOME,BANK_TRANSFER,False
Livraria,121.5,2025-01-29,EXPENSE,CASH,False
Conta de agua,152.67,2025-01-29,EXPENSE,DEBIT_CARD,True
Internet residencial,100.52,2025-01-29,EXPENSE,DEBIT_CARD,False
Padaria,48.16,2025-01-29,EXPENSE,BOLETO,False
Plano de celular,66.7,2025-01-30,EXPENSE,BOLETO,True
Padaria,37.3,2025-01-30,EXPENSE,BANK_TRANSFER,False
Academia,107.14,2025-01-30,EXPENSE,DEBIT_CARD,True
Passagem aerea,1056.2,2025-01-30,EXPENSE,DEBIT_CARD,False
Plano de saude,1189.54,2025-01-30,EXPENSE,DEBIT_CARD,True
Condominio,739.27,2025-01-30,EXPENSE,PIX,True
Supermercado,551.85,2025-01-30,EXPENSE,CREDIT_CARD,False
Aluguel residencial,1518.22,2025-01-30,EXPENSE,BOLETO,False
Venda de produto,1035.28,2025-01-30,INCOME,BANK_TRANSFER,False
Curso online,173.95,2025-01-30,EXPENSE,BANK_TRANSFER,False
Supermercado,221.95,2025-01-30,EXPENSE,PIX,False
Reembolso empresarial,247.07,2025-01-30,INCOME,BANK_TRANSFER,False
Impostos e taxas,539.2,2025-01-30,EXPENSE,CREDIT_CARD,False
Livraria,159.84,2025-01-31,EXPENSE,DEBIT_CARD,False
Farmacia,179.43,2025-01-31,EXPENSE,BANK_TRANSFER,False
Manutencao do veiculo,763.8,2025-01-31,EXPENSE,BOLETO,False
Veterinario,437.76,2025-01-31,EXPENSE,CREDIT_CARD,False
Estacionamento,20.51,2025-01-31,EXPENSE,CASH,False
Rendimento de investimento,272.1,2025-01-31,INCOME,PIX,True
Reembolso empresarial,367.61,2025-01-31,INCOME,PIX,False
Condominio,643.88,2025-01-31,EXPENSE,DEBIT_CARD,True
Farmacia,142.89,2025-01-31,EXPENSE,DEBIT_CARD,False
Pagamento freelance,2738.45,2025-01-31,INCOME,PIX,False
Venda de produto,1714.82,2025-01-31,INCOME,BANK_TRANSFER,False
Restituicao de imposto,1769.86,2025-02-01,INCOME,PIX,False
Doacao,342.99,2025-02-01,EXPENSE,CASH,False
Combustivel,299.54,2025-02-01,EXPENSE,BOLETO,False
Padaria,37.29,2025-02-01,EXPENSE,CASH,False
Supermercado,580.97,2025-02-01,EXPENSE,BOLETO,False
Aluguel residencial,1873.51,2025-02-01,EXPENSE,BANK_TRANSFER,True
Impostos e taxas,941.0,2025-02-01,EXPENSE,BANK_TRANSFER,False
Supermercado,248.67,2025-02-01,EXPENSE,BANK_TRANSFER,False
Viagem e hospedagem,1972.66,2025-02-01,EXPENSE,BANK_TRANSFER,False
Venda de produto,1125.22,2025-02-01,INCOME,BANK_TRANSFER,False
Pet shop,205.46,2025-02-01,EXPENSE,CREDIT_CARD,False
Internet residencial,165.56,2025-02-01,EXPENSE,DEBIT_CARD,True
Estacionamento,18.39,2025-02-02,EXPENSE,CREDIT_CARD,False
Aplicativo de transporte,64.44,2025-02-02,EXPENSE,CREDIT_CARD,False
Impostos e taxas,1184.9,2025-02-02,EXPENSE,CASH,False
Veterinario,414.91,2025-02-02,EXPENSE,PIX,False
Viagem e hospedagem,1371.99,2025-02-02,EXPENSE,CASH,False
Pagamento freelance,1965.79,2025-02-02,INCOME,BANK_TRANSFER,False
Reembolso empresarial,510.7,2025-02-02,INCOME,PIX,False
Restaurante,149.93,2025-02-02,EXPENSE,CREDIT_CARD,False
Reembolso empresarial,248.19,2025-02-02,INCOME,BANK_TRANSFER,False
Veterinario,314.38,2025-02-03,EXPENSE,BOLETO,False
Farmacia,168.72,2025-02-03,EXPENSE,DEBIT_CARD,False
Academia,93.37,2025-02-03,EXPENSE,CREDIT_CARD,True
Loja de roupas,376.67,2025-02-03,EXPENSE,CASH,False
Loja de roupas,220.58,2025-02-03,EXPENSE,PIX,False
Conta de agua,112.85,2025-02-03,EXPENSE,CREDIT_CARD,True
Passagem aerea,2496.17,2025-02-03,EXPENSE,DEBIT_CARD,False
Bonus profissional,2112.82,2025-02-03,INCOME,PIX,False
Plano de celular,99.19,2025-02-03,EXPENSE,PIX,True
Venda de produto,960.63,2025-02-03,INCOME,PIX,False
Pet shop,64.47,2025-02-03,EXPENSE,CASH,False
Cinema e lazer,74.81,2025-02-03,EXPENSE,PIX,False
Plano de saude,606.36,2025-02-03,EXPENSE,CASH,True
Aluguel recebido,2418.83,2025-02-03,INCOME,PIX,True
Plano de celular,104.56,2025-02-03,EXPENSE,PIX,True
Livraria,67.89,2025-02-04,EXPENSE,CASH,False
Delivery de comida,55.09,2025-02-04,EXPENSE,CASH,False
Restituicao de imposto,1179.0,2025-02-04,INCOME,PIX,False
Bonus profissional,4477.22,2025-02-04,INCOME,BANK_TRANSFER,False
Conta de agua,70.45,2025-02-04,EXPENSE,BANK_TRANSFER,True
Streaming,25.73,2025-02-04,EXPENSE,DEBIT_CARD,True
Academia,190.28,2025-02-05,EXPENSE,PIX,True
Internet residencial,95.34,2025-02-05,EXPENSE,DEBIT_CARD,True
Passagem aerea,1716.08,2025-02-05,EXPENSE,BOLETO,False
Reembolso empresarial,545.76,2025-02-05,INCOME,BANK_TRANSFER,False
Estacionamento,43.27,2025-02-05,EXPENSE,BOLETO,False
Estacionamento,39.88,2025-02-05,EXPENSE,PIX,False
Supermercado,477.37,2025-02-05,EXPENSE,PIX,False
Livraria,135.73,2025-02-05,EXPENSE,CREDIT_CARD,False
Transferencia recebida,803.15,2025-02-05,INCOME,PIX,False
Veterinario,576.76,2025-02-05,EXPENSE,DEBIT_CARD,False
Aplicativo de transporte,13.1,2025-02-05,EXPENSE,BOLETO,False
Aplicativo de transporte,44.35,2025-02-05,EXPENSE,PIX,False
Bonus profissional,2497.09,2025-02-06,INCOME,PIX,False
Streaming,26.87,2025-02-06,EXPENSE,CASH,True
Internet residencial,72.57,2025-02-06,EXPENSE,CASH,False
Transferencia recebida,742.8,2025-02-06,INCOME,PIX,False
Salario mensal,8035.05,2025-02-06,INCOME,BANK_TRANSFER,True
Pet shop,149.14,2025-02-06,EXPENSE,BOLETO,False
Salario mensal,8040.12,2025-02-06,INCOME,BANK_TRANSFER,True
Curso online,247.48,2025-02-06,EXPENSE,DEBIT_CARD,False
Rendimento de investimento,253.45,2025-02-06,INCOME,PIX,False
Doacao,182.29,2025-02-06,EXPENSE,PIX,False
Academia,152.61,2025-02-06,EXPENSE,PIX,True
Veterinario,459.64,2025-02-06,EXPENSE,DEBIT_CARD,False
Combustivel,147.67,2025-02-06,EXPENSE,BANK_TRANSFER,False
Dividendos,436.85,2025-02-06,INCOME,BANK_TRANSFER,True
Estacionamento,34.07,2025-02-06,EXPENSE,DEBIT_CARD,False
Loja de roupas,347.3,2025-02-06,EXPENSE,BANK_TRANSFER,False
Streaming,51.99,2025-02-06,EXPENSE,DEBIT_CARD,True
Curso online,224.47,2025-02-07,EXPENSE,DEBIT_CARD,False
Curso online,376.36,2025-02-07,EXPENSE,CREDIT_CARD,False
Pet shop,86.56,2025-02-07,EXPENSE,CASH,False
Restaurante,98.86,2025-02-07,EXPENSE,PIX,False
Reembolso empresarial,561.82,2025-02-07,INCOME,BANK_TRANSFER,False
Farmacia,71.87,2025-02-07,EXPENSE,CREDIT_CARD,False
Viagem e hospedagem,2122.85,2025-02-07,EXPENSE,DEBIT_CARD,False
Eletronicos,542.63,2025-02-07,EXPENSE,DEBIT_CARD,False
Pagamento freelance,1727.2,2025-02-07,INCOME,BANK_TRANSFER,False
Aplicativo de transporte,42.55,2025-02-07,EXPENSE,BANK_TRANSFER,False
Delivery de comida,85.52,2025-02-07,EXPENSE,CASH,False
Dividendos,477.06,2025-02-07,INCOME,PIX,True
Cinema e lazer,46.9,2025-02-08,EXPENSE,CREDIT_CARD,False
Aluguel residencial,1031.89,2025-02-08,EXPENSE,BOLETO,False
Farmacia,201.78,2025-02-08,EXPENSE,CASH,False
Plano de saude,708.44,2025-02-08,EXPENSE,BOLETO,True
Plano de saude,508.49,2025-02-08,EXPENSE,CASH,True
Viagem e hospedagem,2626.23,2025-02-08,EXPENSE,PIX,False
Farmacia,184.43,2025-02-08,EXPENSE,CREDIT_CARD,False
Bonus profissional,1305.8,2025-02-08,INCOME,BANK_TRANSFER,False
Veterinario,540.0,2025-02-08,EXPENSE,CREDIT_CARD,False
Loja de roupas,268.65,2025-02-08,EXPENSE,BOLETO,False
Plano de celular,119.65,2025-02-08,EXPENSE,BOLETO,True
Restituicao de imposto,1522.46,2025-02-09,INCOME,PIX,False
Streaming,33.97,2025-02-09,EXPENSE,PIX,True
Rendimento de investimento,401.09,2025-02-09,INCOME,PIX,True
Impostos e taxas,623.99,2025-02-09,EXPENSE,CREDIT_CARD,False
Internet residencial,131.24,2025-02-09,EXPENSE,DEBIT_CARD,True
Venda de produto,1341.5,2025-02-09,INCOME,PIX,False
Restaurante,78.15,2025-02-09,EXPENSE,CASH,False
Conta de energia,233.77,2025-02-09,EXPENSE,CREDIT_CARD,True
Venda de produto,759.83,2025-02-09,INCOME,PIX,False
Conta de energia,266.46,2025-02-09,EXPENSE,BOLETO,False
Plano de celular,45.1,2025-02-09,EXPENSE,CASH,True
Transferencia recebida,533.5,2025-02-09,INCOME,PIX,False
Pagamento freelance,2856.27,2025-02-10,INCOME,PIX,False
Aplicativo de transporte,58.07,2025-02-10,EXPENSE,BOLETO,False
Livraria,157.19,2025-02-10,EXPENSE,BOLETO,False
Doacao,170.0,2025-02-10,EXPENSE,CASH,False
Academia,192.27,2025-02-10,EXPENSE,BANK_TRANSFER,True
Padaria,34.39,2025-02-10,EXPENSE,CREDIT_CARD,False
Conta de agua,147.56,2025-02-10,EXPENSE,BANK_TRANSFER,True
Streaming,79.86,2025-02-10,EXPENSE,CREDIT_CARD,True
Conta de energia,404.3,2025-02-10,EXPENSE,BOLETO,True
Streaming,34.82,2025-02-10,EXPENSE,BANK_TRANSFER,False
Plano de celular,73.17,2025-02-10,EXPENSE,CASH,True
Restaurante,300.54,2025-02-10,EXPENSE,BANK_TRANSFER,False
Reembolso empresarial,749.56,2025-02-10,INCOME,BANK_TRANSFER,False
Streaming,45.8,2025-02-10,EXPENSE,DEBIT_CARD,True
Internet residencial,174.96,2025-02-10,EXPENSE,CASH,True
Aplicativo de transporte,39.4,2025-02-11,EXPENSE,CASH,False
Salario mensal,8182.81,2025-02-11,INCOME,BANK_TRANSFER,False
Curso online,298.21,2025-02-11,EXPENSE,PIX,False
Conta de agua,193.14,2025-02-11,EXPENSE,BOLETO,True
Impostos e taxas,923.9,2025-02-11,EXPENSE,CASH,False
Pet shop,251.23,2025-02-11,EXPENSE,PIX,False
Pagamento freelance,2885.72,2025-02-11,INCOME,PIX,False
Aluguel recebido,1892.65,2025-02-11,INCOME,PIX,False
Plano de saude,315.93,2025-02-11,EXPENSE,BANK_TRANSFER,True
Padaria,26.46,2025-02-11,EXPENSE,BOLETO,False
Livraria,87.58,2025-02-11,EXPENSE,BANK_TRANSFER,False
Seguro do veiculo,269.0,2025-02-11,EXPENSE,PIX,True
Streaming,47.54,2025-02-11,EXPENSE,BANK_TRANSFER,True
Aluguel recebido,2723.24,2025-02-11,INCOME,PIX,True
Delivery de comida,45.98,2025-02-11,EXPENSE,BOLETO,False
Venda de produto,866.23,2025-02-11,INCOME,PIX,False
Pet shop,171.89,2025-02-11,EXPENSE,DEBIT_CARD,False
Curso online,189.28,2025-02-11,EXPENSE,CREDIT_CARD,False
Restaurante,175.41,2025-02-11,EXPENSE,PIX,False
Curso online,165.85,2025-02-12,EXPENSE,DEBIT_CARD,False
Pet shop,262.96,2025-02-12,EXPENSE,PIX,False
Farmacia,153.09,2025-02-12,EXPENSE,PIX,False
Dividendos,635.61,2025-02-12,INCOME,PIX,True
Supermercado,393.62,2025-02-12,EXPENSE,BOLETO,False
Plano de saude,1128.01,2025-02-12,EXPENSE,BOLETO,True
Venda de produto,835.65,2025-02-12,INCOME,PIX,False
Seguro do veiculo,257.84,2025-02-12,EXPENSE,CREDIT_CARD,True
Dividendos,139.03,2025-02-12,INCOME,PIX,True
Pagamento freelance,2731.55,2025-02-12,INCOME,BANK_TRANSFER,False
Livraria,190.58,2025-02-13,EXPENSE,DEBIT_CARD,False
Impostos e taxas,332.97,2025-02-13,EXPENSE,PIX,False
Impostos e taxas,620.8,2025-02-13,EXPENSE,CASH,False
Restituicao de imposto,1885.95,2025-02-13,INCOME,BANK_TRANSFER,False
Curso online,218.59,2025-02-13,EXPENSE,BOLETO,False
Plano de saude,688.04,2025-02-13,EXPENSE,DEBIT_CARD,True
Farmacia,140.51,2025-02-13,EXPENSE,CASH,False
Cinema e lazer,97.1,2025-02-13,EXPENSE,BOLETO,False
Conta de agua,155.77,2025-02-13,EXPENSE,BANK_TRANSFER,False
Salario mensal,7033.28,2025-02-13,INCOME,PIX,True
Conta de energia,477.08,2025-02-13,EXPENSE,PIX,True
Eletronicos,3355.54,2025-02-13,EXPENSE,BANK_TRANSFER,False
Aluguel recebido,2390.43,2025-02-14,INCOME,PIX,True
Transferencia recebida,857.45,2025-02-14,INCOME,PIX,False
Manutencao do veiculo,1131.04,2025-02-14,EXPENSE,PIX,False
Impostos e taxas,1726.8,2025-02-14,EXPENSE,BOLETO,False
Cinema e lazer,46.98,2025-02-14,EXPENSE,DEBIT_CARD,False
Salario mensal,7749.29,2025-02-14,INCOME,PIX,True
Academia,226.51,2025-02-14,EXPENSE,CASH,True
Delivery de comida,136.61,2025-02-14,EXPENSE,CREDIT_CARD,False
Dividendos,517.65,2025-02-15,INCOME,PIX,True
Transferencia recebida,1510.57,2025-02-15,INCOME,BANK_TRANSFER,False
Rendimento de investimento,146.45,2025-02-15,INCOME,BANK_TRANSFER,True
Academia,157.55,2025-02-15,EXPENSE,CREDIT_CARD,True
Conta de energia,383.21,2025-02-15,EXPENSE,CREDIT_CARD,True
Padaria,24.91,2025-02-15,EXPENSE,PIX,False
Padaria,17.83,2025-02-15,EXPENSE,BOLETO,False
Reembolso empresarial,706.99,2025-02-15,INCOME,BANK_TRANSFER,False
Restituicao de imposto,1606.1,2025-02-16,INCOME,BANK_TRANSFER,False
Manutencao do veiculo,941.08,2025-02-16,EXPENSE,BOLETO,False
Combustivel,179.72,2025-02-16,EXPENSE,CREDIT_CARD,False
Curso online,523.73,2025-02-16,EXPENSE,BANK_TRANSFER,False
Plano de celular,50.56,2025-02-16,EXPENSE,BANK_TRANSFER,True
Manutencao do veiculo,495.46,2025-02-16,EXPENSE,CASH,False
Padaria,37.14,2025-02-16,EXPENSE,BANK_TRANSFER,False
Restaurante,115.26,2025-02-16,EXPENSE,BANK_TRANSFER,False
Combustivel,174.63,2025-02-16,EXPENSE,BANK_TRANSFER,False
Conta de energia,436.81,2025-02-16,EXPENSE,CREDIT_CARD,True
Delivery de comida,120.77,2025-02-16,EXPENSE,DEBIT_CARD,False
Cinema e lazer,112.13,2025-02-16,EXPENSE,BOLETO,False
Loja de roupas,536.83,2025-02-16,EXPENSE,BANK_TRANSFER,False
Combustivel,196.58,2025-02-16,EXPENSE,DEBIT_CARD,False
Rendimento de investimento,300.33,2025-02-16,INCOME,BANK_TRANSFER,True
Viagem e hospedagem,2480.84,2025-02-16,EXPENSE,BOLETO,False
Transferencia recebida,1188.72,2025-02-16,INCOME,BANK_TRANSFER,False
Conta de energia,209.68,2025-02-16,EXPENSE,BANK_TRANSFER,True
Seguro do veiculo,304.76,2025-02-16,EXPENSE,CASH,False
Pagamento freelance,4103.34,2025-02-17,INCOME,BANK_TRANSFER,False
Venda de produto,951.62,2025-02-17,INCOME,PIX,False
Manutencao do veiculo,1266.48,2025-02-17,EXPENSE,BOLETO,False
Restituicao de imposto,884.56,2025-02-17,INCOME,PIX,False
Viagem e hospedagem,634.92,2025-02-17,EXPENSE,CASH,False
Internet residencial,116.66,2025-02-17,EXPENSE,CREDIT_CARD,True
Restaurante,105.65,2025-02-17,EXPENSE,DEBIT_CARD,False
Rendimento de investimento,240.12,2025-02-17,INCOME,PIX,True
Cinema e lazer,76.25,2025-02-17,EXPENSE,BOLETO,False
Transferencia recebida,1690.24,2025-02-17,INCOME,PIX,False
Streaming,68.93,2025-02-17,EXPENSE,CREDIT_CARD,True
Internet residencial,152.93,2025-02-17,EXPENSE,BANK_TRANSFER,True
Condominio,299.38,2025-02-18,EXPENSE,BANK_TRANSFER,True
Padaria,29.37,2025-02-18,EXPENSE,CREDIT_CARD,False
Eletronicos,1152.51,2025-02-18,EXPENSE,BANK_TRANSFER,False
Condominio,710.66,2025-02-18,EXPENSE,PIX,True
Rendimento de investimento,215.19,2025-02-18,INCOME,BANK_TRANSFER,True
Viagem e hospedagem,1950.76,2025-02-18,EXPENSE,CREDIT_CARD,False
Conta de energia,272.25,2025-02-18,EXPENSE,BOLETO,True
Aluguel residencial,1622.91,2025-02-19,EXPENSE,CREDIT_CARD,True
Pagamento freelance,3719.13,2025-02-19,INCOME,PIX,False
Farmacia,274.81,2025-02-19,EXPENSE,CASH,False
Seguro do veiculo,331.98,2025-02-19,EXPENSE,PIX,True
Doacao,360.13,2025-02-19,EXPENSE,CREDIT_CARD,False
Eletronicos,1079.17,2025-02-19,EXPENSE,BANK_TRANSFER,False
Veterinario,348.18,2025-02-19,EXPENSE,CREDIT_CARD,False
Impostos e taxas,565.22,2025-02-19,EXPENSE,BANK_TRANSFER,False
Plano de saude,822.83,2025-02-19,EXPENSE,DEBIT_CARD,True
Passagem aerea,1391.81,2025-02-19,EXPENSE,BANK_TRANSFER,False
Conta de energia,283.81,2025-02-19,EXPENSE,CREDIT_CARD,True
Estacionamento,21.87,2025-02-19,EXPENSE,DEBIT_CARD,False
Eletronicos,2167.1,2025-02-20,EXPENSE,PIX,False
Cinema e lazer,121.48,2025-02-20,EXPENSE,CASH,False
Aplicativo de transporte,38.13,2025-02-20,EXPENSE,BANK_TRANSFER,False
Aluguel residencial,1443.83,2025-02-20,EXPENSE,CREDIT_CARD,True
Academia,104.04,2025-02-20,EXPENSE,CASH,True
Passagem aerea,2150.57,2025-02-20,EXPENSE,DEBIT_CARD,False
Supermercado,242.98,2025-02-20,EXPENSE,CASH,False
Supermercado,512.79,2025-02-20,EXPENSE,BANK_TRANSFER,False
Padaria,50.36,2025-02-20,EXPENSE,CREDIT_CARD,False
Rendimento de investimento,383.51,2025-02-20,INCOME,PIX,True
Estacionamento,42.58,2025-02-20,EXPENSE,CASH,False
Manutencao do veiculo,554.17,2025-02-20,EXPENSE,DEBIT_CARD,False
Salario mensal,7009.43,2025-02-20,INCOME,BANK_TRANSFER,True
Veterinario,450.4,2025-02-20,EXPENSE,BOLETO,False
Combustivel,241.43,2025-02-20,EXPENSE,PIX,False
Combustivel,315.17,2025-02-20,EXPENSE,DEBIT_CARD,False
Impostos e taxas,521.41,2025-02-21,EXPENSE,DEBIT_CARD,False
Delivery de comida,85.75,2025-02-21,EXPENSE,PIX,False
Bonus profissional,1681.42,2025-02-21,INCOME,PIX,False
Livraria,43.13,2025-02-21,EXPENSE,PIX,False
Venda de produto,1177.39,2025-02-21,INCOME,PIX,False
Cinema e lazer,170.8,2025-02-21,EXPENSE,CASH,False
Loja de roupas,512.27,2025-02-21,EXPENSE,CASH,False
Seguro do veiculo,228.97,2025-02-21,EXPENSE,BOLETO,True
Dividendos,320.59,2025-02-21,INCOME,BANK_TRANSFER,True
Delivery de comida,101.86,2025-02-21,EXPENSE,DEBIT_CARD,False
Viagem e hospedagem,1990.26,2025-02-21,EXPENSE,BANK_TRANSFER,False
Condominio,636.18,2025-02-21,EXPENSE,BANK_TRANSFER,False
Passagem aerea,2833.22,2025-02-21,EXPENSE,BOLETO,False
Condominio,400.51,2025-02-21,EXPENSE,CREDIT_CARD,True
Combustivel,241.29,2025-02-22,EXPENSE,BOLETO,False
Condominio,937.49,2025-02-22,EXPENSE,CASH,False
Conta de energia,284.01,2025-02-22,EXPENSE,BANK_TRANSFER,True
Manutencao do veiculo,368.45,2025-02-22,EXPENSE,BANK_TRANSFER,False
Veterinario,631.5,2025-02-22,EXPENSE,BANK_TRANSFER,False
Condominio,1021.29,2025-02-22,EXPENSE,BOLETO,True
Veterinario,308.9,2025-02-22,EXPENSE,BOLETO,False
Loja de roupas,484.94,2025-02-22,EXPENSE,CREDIT_CARD,False
Aluguel residencial,1717.99,2025-02-22,EXPENSE,BOLETO,True
Doacao,220.55,2025-02-22,EXPENSE,BANK_TRANSFER,False
Pet shop,186.49,2025-02-23,EXPENSE,CASH,False
Plano de saude,844.18,2025-02-23,EXPENSE,CASH,True
Supermercado,424.86,2025-02-23,EXPENSE,BANK_TRANSFER,False
Aluguel recebido,1576.55,2025-02-23,INCOME,PIX,True
Doacao,139.36,2025-02-23,EXPENSE,BANK_TRANSFER,False
Internet residencial,176.24,2025-02-23,EXPENSE,DEBIT_CARD,True
Academia,73.68,2025-02-23,EXPENSE,PIX,True
Venda de produto,1496.77,2025-02-23,INCOME,PIX,False
Conta de agua,64.24,2025-02-23,EXPENSE,BANK_TRANSFER,True
Estacionamento,54.15,2025-02-23,EXPENSE,CASH,False
Pet shop,184.03,2025-02-23,EXPENSE,BOLETO,False
Restaurante,139.74,2025-02-24,EXPENSE,BANK_TRANSFER,False
Aluguel residencial,2473.28,2025-02-24,EXPENSE,CREDIT_CARD,True
Eletronicos,3040.7,2025-02-24,EXPENSE,BOLETO,False
Dividendos,605.06,2025-02-24,INCOME,BANK_TRANSFER,False
Livraria,68.13,2025-02-24,EXPENSE,CASH,False
Eletronicos,2149.23,2025-02-24,EXPENSE,CASH,False
Conta de agua,132.03,2025-02-24,EXPENSE,BANK_TRANSFER,True
Loja de roupas,551.98,2025-02-24,EXPENSE,CREDIT_CARD,False
Loja de roupas,401.44,2025-02-24,EXPENSE,BOLETO,False
Aluguel residencial,2632.77,2025-02-24,EXPENSE,PIX,True
Dividendos,626.08,2025-02-24,INCOME,PIX,True
Bonus profissional,3578.21,2025-02-24,INCOME,BANK_TRANSFER,False
Delivery de comida,81.77,2025-02-24,EXPENSE,BANK_TRANSFER,False
Farmacia,166.91,2025-02-25,EXPENSE,DEBIT_CARD,False
Seguro do veiculo,217.48,2025-02-25,EXPENSE,CREDIT_CARD,True
Aplicativo de transporte,32.75,2025-02-25,EXPENSE,CASH,False
Aluguel recebido,2993.03,2025-02-25,INCOME,PIX,True
Aplicativo de transporte,14.34,2025-02-25,EXPENSE,DEBIT_CARD,False
Plano de celular,89.56,2025-02-25,EXPENSE,CASH,True
Seguro do veiculo,248.43,2025-02-25,EXPENSE,BOLETO,True
Doacao,208.05,2025-02-25,EXPENSE,CREDIT_CARD,False
Estacionamento,27.9,2025-02-25,EXPENSE,CASH,False
Livraria,118.12,2025-02-25,EXPENSE,BANK_TRANSFER,False
Plano de celular,123.0,2025-02-25,EXPENSE,BOLETO,True
Doacao,367.75,2025-02-25,EXPENSE,CASH,False
Streaming,43.83,2025-02-25,EXPENSE,DEBIT_CARD,True
Curso online,210.45,2025-02-25,EXPENSE,CREDIT_CARD,False
Reembolso empresarial,654.64,2025-02-25,INCOME,BANK_TRANSFER,False
Internet residencial,93.3,2025-02-25,EXPENSE,BOLETO,True
Eletronicos,2494.99,2025-02-25,EXPENSE,BOLETO,False
Transferencia recebida,844.05,2025-02-25,INCOME,BANK_TRANSFER,False
Plano de saude,890.39,2025-02-25,EXPENSE,CASH,True
Passagem aerea,898.48,2025-02-25,EXPENSE,BANK_TRANSFER,False
Doacao,184.83,2025-02-25,EXPENSE,BANK_TRANSFER,False
Restituicao de imposto,1007.17,2025-02-25,INCOME,BANK_TRANSFER,False
Passagem aerea,1558.27,2025-02-25,EXPENSE,PIX,False
Aluguel recebido,2521.37,2025-02-26,INCOME,BANK_TRANSFER,True
Aluguel residencial,2961.62,2025-02-26,EXPENSE,CASH,True
Curso online,482.35,2025-02-26,EXPENSE,CASH,False
Seguro do veiculo,373.87,2025-02-26,EXPENSE,CASH,True
Supermercado,134.1,2025-02-26,EXPENSE,BOLETO,False
Supermercado,475.37,2025-02-26,EXPENSE,DEBIT_CARD,False
Aplicativo de transporte,35.32,2025-02-26,EXPENSE,BANK_TRANSFER,False
Combustivel,132.4,2025-02-26,EXPENSE,BANK_TRANSFER,False
Impostos e taxas,696.86,2025-02-26,EXPENSE,BANK_TRANSFER,False
Rendimento de investimento,376.48,2025-02-27,INCOME,BANK_TRANSFER,True
Seguro do veiculo,356.69,2025-02-27,EXPENSE,BANK_TRANSFER,True
Passagem aerea,2554.07,2025-02-27,EXPENSE,DEBIT_CARD,False
Condominio,986.96,2025-02-27,EXPENSE,CASH,True
Padaria,30.05,2025-02-27,EXPENSE,CREDIT_CARD,False
Manutencao do veiculo,1260.23,2025-02-27,EXPENSE,CASH,False
Conta de energia,481.09,2025-02-28,EXPENSE,BANK_TRANSFER,True
Condominio,1067.59,2025-02-28,EXPENSE,BOLETO,True
Aluguel residencial,2670.14,2025-02-28,EXPENSE,CASH,True
Academia,131.88,2025-02-28,EXPENSE,BANK_TRANSFER,False
Conta de agua,191.43,2025-02-28,EXPENSE,BANK_TRANSFER,True
Delivery de comida,143.12,2025-02-28,EXPENSE,PIX,False
Cinema e lazer,210.92,2025-02-28,EXPENSE,DEBIT_CARD,False
Academia,176.47,2025-02-28,EXPENSE,CASH,False
Salario mensal,5886.12,2025-02-28,INCOME,PIX,True
Supermercado,496.1,2025-02-28,EXPENSE,CREDIT_CARD,False
Pagamento freelance,2172.47,2025-02-28,INCOME,BANK_TRANSFER,False
Restaurante,162.54,2025-03-01,EXPENSE,BOLETO,False
Aplicativo de transporte,34.43,2025-03-01,EXPENSE,DEBIT_CARD,False
Condominio,431.02,2025-03-01,EXPENSE,DEBIT_CARD,True
Bonus profissional,2230.99,2025-03-01,INCOME,PIX,False
Aluguel residencial,2743.12,2025-03-01,EXPENSE,CREDIT_CARD,False
Restaurante,116.66,2025-03-01,EXPENSE,DEBIT_CARD,False
Rendimento de investimento,351.84,2025-03-01,INCOME,BANK_TRANSFER,False
Padaria,64.59,2025-03-01,EXPENSE,BANK_TRANSFER,False
Impostos e taxas,1807.92,2025-03-01,EXPENSE,BANK_TRANSFER,False
Seguro do veiculo,287.75,2025-03-01,EXPENSE,CASH,False
Farmacia,97.51,2025-03-01,EXPENSE,CREDIT_CARD,False
Streaming,35.19,2025-03-02,EXPENSE,CREDIT_CARD,True
Transferencia recebida,1390.65,2025-03-02,INCOME,BANK_TRANSFER,False
Combustivel,223.71,2025-03-02,EXPENSE,CREDIT_CARD,False
Plano de saude,834.9,2025-03-02,EXPENSE,DEBIT_CARD,True
Transferencia recebida,808.5,2025-03-02,INCOME,PIX,False
Passagem aerea,2820.36,2025-03-02,EXPENSE,DEBIT_CARD,False
Seguro do veiculo,106.98,2025-03-02,EXPENSE,DEBIT_CARD,True
Plano de celular,131.07,2025-03-02,EXPENSE,CREDIT_CARD,True
Conta de agua,185.1,2025-03-02,EXPENSE,DEBIT_CARD,True
Pagamento freelance,1447.52,2025-03-02,INCOME,BANK_TRANSFER,False
Internet residencial,151.3,2025-03-02,EXPENSE,PIX,True
Impostos e taxas,655.57,2025-03-02,EXPENSE,PIX,False
Aluguel recebido,2273.32,2025-03-02,INCOME,BANK_TRANSFER,False
Transferencia recebida,634.87,2025-03-03,INCOME,BANK_TRANSFER,False
Pagamento freelance,2660.45,2025-03-03,INCOME,BANK_TRANSFER,False
Plano de celular,75.61,2025-03-03,EXPENSE,DEBIT_CARD,True
Rendimento de investimento,514.66,2025-03-03,INCOME,PIX,True
Livraria,108.96,2025-03-03,EXPENSE,CREDIT_CARD,False
Manutencao do veiculo,510.61,2025-03-03,EXPENSE,CREDIT_CARD,False
Venda de produto,888.43,2025-03-03,INCOME,BANK_TRANSFER,False
Aluguel recebido,2666.33,2025-03-03,INCOME,BANK_TRANSFER,False
Pet shop,99.57,2025-03-03,EXPENSE,PIX,False
Restituicao de imposto,2296.12,2025-03-03,INCOME,PIX,False
Plano de celular,116.23,2025-03-04,EXPENSE,PIX,True
Conta de agua,93.25,2025-03-04,EXPENSE,DEBIT_CARD,True
Livraria,99.68,2025-03-04,EXPENSE,BOLETO,False
Cinema e lazer,36.28,2025-03-04,EXPENSE,CASH,False
Internet residencial,164.74,2025-03-04,EXPENSE,PIX,False
Eletronicos,422.82,2025-03-04,EXPENSE,PIX,False
Combustivel,198.04,2025-03-04,EXPENSE,CASH,False
Salario mensal,6715.94,2025-03-04,INCOME,BANK_TRANSFER,True
Aluguel recebido,2144.19,2025-03-04,INCOME,PIX,True
Conta de energia,577.85,2025-03-04,EXPENSE,CASH,True
Academia,100.12,2025-03-04,EXPENSE,CASH,True
Dividendos,73.43,2025-03-05,INCOME,BANK_TRANSFER,True
Livraria,72.21,2025-03-05,EXPENSE,CREDIT_CARD,False
Academia,179.65,2025-03-05,EXPENSE,BOLETO,True
Streaming,53.93,2025-03-05,EXPENSE,DEBIT_CARD,True
Manutencao do veiculo,747.94,2025-03-05,EXPENSE,PIX,False
Curso online,278.97,2025-03-05,EXPENSE,CASH,False
Dividendos,363.27,2025-03-05,INCOME,BANK_TRANSFER,True
Curso online,332.4,2025-03-05,EXPENSE,BANK_TRANSFER,False
Academia,206.19,2025-03-05,EXPENSE,BANK_TRANSFER,True
Combustivel,221.52,2025-03-05,EXPENSE,PIX,False
Internet residencial,170.26,2025-03-05,EXPENSE,DEBIT_CARD,False
Venda de produto,1345.16,2025-03-05,INCOME,PIX,False
Restituicao de imposto,2439.42,2025-03-05,INCOME,PIX,False
Transferencia recebida,1752.21,2025-03-05,INCOME,PIX,False
Venda de produto,795.6,2025-03-06,INCOME,PIX,False
Estacionamento,25.55,2025-03-06,EXPENSE,PIX,False
Pagamento freelance,3343.95,2025-03-06,INCOME,BANK_TRANSFER,False
Manutencao do veiculo,1084.58,2025-03-06,EXPENSE,BANK_TRANSFER,False
Seguro do veiculo,278.16,2025-03-06,EXPENSE,BOLETO,False
Delivery de comida,29.74,2025-03-06,EXPENSE,BANK_TRANSFER,False
Viagem e hospedagem,2172.41,2025-03-06,EXPENSE,CASH,False
Supermercado,375.37,2025-03-06,EXPENSE,CREDIT_CARD,False
Aplicativo de transporte,47.13,2025-03-06,EXPENSE,CASH,False
Reembolso empresarial,386.45,2025-03-07,INCOME,PIX,False
Passagem aerea,1552.17,2025-03-07,EXPENSE,BOLETO,False
Conta de energia,113.36,2025-03-07,EXPENSE,CASH,True
Restituicao de imposto,1947.93,2025-03-07,INCOME,BANK_TRANSFER,False
Doacao,322.18,2025-03-07,EXPENSE,BOLETO,False
Streaming,51.18,2025-03-07,EXPENSE,CASH,True
Cinema e lazer,101.94,2025-03-07,EXPENSE,DEBIT_CARD,False
Aluguel recebido,2099.17,2025-03-07,INCOME,BANK_TRANSFER,False
Livraria,161.71,2025-03-07,EXPENSE,CREDIT_CARD,False
Conta de agua,90.5,2025-03-07,EXPENSE,BANK_TRANSFER,True
Conta de agua,51.22,2025-03-07,EXPENSE,BOLETO,True
Plano de saude,739.14,2025-03-07,EXPENSE,PIX,True
Loja de roupas,196.28,2025-03-08,EXPENSE,BANK_TRANSFER,False
Condominio,763.17,2025-03-08,EXPENSE,BANK_TRANSFER,True
Restituicao de imposto,468.63,2025-03-08,INCOME,PIX,False
Farmacia,247.07,2025-03-08,EXPENSE,CASH,False
Pet shop,162.26,2025-03-08,EXPENSE,BANK_TRANSFER,False
Loja de roupas,271.69,2025-03-08,EXPENSE,PIX,False
Padaria,42.99,2025-03-08,EXPENSE,DEBIT_CARD,False
Plano de celular,76.11,2025-03-08,EXPENSE,BOLETO,True
Dividendos,509.87,2025-03-08,INCOME,BANK_TRANSFER,True
Restituicao de imposto,1723.91,2025-03-08,INCOME,BANK_TRANSFER,False
Streaming,46.53,2025-03-08,EXPENSE,CREDIT_CARD,False
Padaria,43.76,2025-03-08,EXPENSE,BOLETO,False
Rendimento de investimento,480.33,2025-03-09,INCOME,BANK_TRANSFER,True
Aplicativo de transporte,22.13,2025-03-09,EXPENSE,PIX,False
Venda de produto,699.14,2025-03-09,INCOME,BANK_TRANSFER,False
Condominio,479.66,2025-03-09,EXPENSE,CREDIT_CARD,True
Plano de saude,679.76,2025-03-09,EXPENSE,BOLETO,True
Livraria,64.56,2025-03-09,EXPENSE,DEBIT_CARD,False
Curso online,558.67,2025-03-09,EXPENSE,BOLETO,False
Veterinario,220.85,2025-03-09,EXPENSE,BANK_TRANSFER,False
Viagem e hospedagem,2667.03,2025-03-10,EXPENSE,BANK_TRANSFER,False
Seguro do veiculo,314.23,2025-03-10,EXPENSE,PIX,True
Delivery de comida,89.83,2025-03-10,EXPENSE,CREDIT_CARD,False
Dividendos,199.29,2025-03-10,INCOME,BANK_TRANSFER,True
Impostos e taxas,1394.16,2025-03-10,EXPENSE,CASH,False
Cinema e lazer,52.24,2025-03-10,EXPENSE,BOLETO,False
Seguro do veiculo,238.24,2025-03-10,EXPENSE,PIX,False
Plano de celular,99.85,2025-03-10,EXPENSE,CASH,True
Condominio,424.24,2025-03-10,EXPENSE,DEBIT_CARD,True
Transferencia recebida,1411.46,2025-03-11,INCOME,BANK_TRANSFER,False
Seguro do veiculo,254.03,2025-03-11,EXPENSE,CASH,True
Impostos e taxas,1336.75,2025-03-11,EXPENSE,CASH,False
Aluguel residencial,1679.61,2025-03-11,EXPENSE,CREDIT_CARD,True
Manutencao do veiculo,828.95,2025-03-11,EXPENSE,CREDIT_CARD,False
Doacao,89.89,2025-03-11,EXPENSE,BOLETO,False
Delivery de comida,90.77,2025-03-12,EXPENSE,CASH,False
Veterinario,298.69,2025-03-12,EXPENSE,CREDIT_CARD,False
Delivery de comida,79.45,2025-03-12,EXPENSE,PIX,False
Cinema e lazer,77.26,2025-03-12,EXPENSE,DEBIT_CARD,False
Manutencao do veiculo,1073.0,2025-03-12,EXPENSE,DEBIT_CARD,False
Estacionamento,20.14,2025-03-12,EXPENSE,PIX,False
Viagem e hospedagem,1102.45,2025-03-12,EXPENSE,BOLETO,False
Eletronicos,1359.67,2025-03-12,EXPENSE,DEBIT_CARD,False
Reembolso empresarial,780.67,2025-03-12,INCOME,BANK_TRANSFER,False
Passagem aerea,672.0,2025-03-12,EXPENSE,BOLETO,False
Rendimento de investimento,119.8,2025-03-12,INCOME,BANK_TRANSFER,True
Dividendos,474.79,2025-03-12,INCOME,PIX,True
Estacionamento,32.83,2025-03-12,EXPENSE,CASH,False
Salario mensal,7166.4,2025-03-12,INCOME,PIX,True
Curso online,223.27,2025-03-13,EXPENSE,CASH,False
Plano de saude,233.45,2025-03-13,EXPENSE,BOLETO,True
Conta de energia,301.35,2025-03-13,EXPENSE,BANK_TRANSFER,True
Delivery de comida,25.83,2025-03-13,EXPENSE,BOLETO,False
Combustivel,179.15,2025-03-13,EXPENSE,CASH,False
Pet shop,131.59,2025-03-13,EXPENSE,DEBIT_CARD,False
Eletronicos,1409.48,2025-03-13,EXPENSE,CASH,False
Supermercado,259.13,2025-03-13,EXPENSE,BANK_TRANSFER,False
Padaria,18.58,2025-03-13,EXPENSE,CASH,False
Transferencia recebida,1211.52,2025-03-13,INCOME,BANK_TRANSFER,False
Salario mensal,9765.6,2025-03-13,INCOME,BANK_TRANSFER,True
Condominio,483.98,2025-03-13,EXPENSE,BOLETO,True
Impostos e taxas,1275.04,2025-03-13,EXPENSE,CREDIT_CARD,False
Supermercado,71.79,2025-03-13,EXPENSE,BOLETO,False
Farmacia,149.98,2025-03-13,EXPENSE,BANK_TRANSFER,False
Academia,224.9,2025-03-14,EXPENSE,BOLETO,True
Aluguel residencial,2080.33,2025-03-14,EXPENSE,BANK_TRANSFER,True
Padaria,55.0,2025-03-14,EXPENSE,BOLETO,False
Plano de saude,739.3,2025-03-14,EXPENSE,BANK_TRANSFER,True
Conta de energia,283.54,2025-03-14,EXPENSE,CASH,True
Delivery de comida,130.82,2025-03-14,EXPENSE,BANK_TRANSFER,False
Aplicativo de transporte,12.78,2025-03-14,EXPENSE,BANK_TRANSFER,False
Livraria,99.88,2025-03-14,EXPENSE,CREDIT_CARD,False
Conta de agua,105.76,2025-03-14,EXPENSE,BOLETO,False
Seguro do veiculo,355.99,2025-03-14,EXPENSE,PIX,True
Salario mensal,5853.68,2025-03-14,INCOME,PIX,True
Farmacia,213.58,2025-03-14,EXPENSE,CASH,False
Dividendos,436.18,2025-03-15,INCOME,BANK_TRANSFER,True
Passagem aerea,2743.66,2025-03-15,EXPENSE,BANK_TRANSFER,False
Padaria,42.31,2025-03-15,EXPENSE,CREDIT_CARD,False
Loja de roupas,132.61,2025-03-15,EXPENSE,CASH,False
Plano de saude,313.47,2025-03-15,EXPENSE,BOLETO,True
Doacao,123.62,2025-03-15,EXPENSE,CASH,False
Supermercado,292.57,2025-03-15,EXPENSE,CREDIT_CARD,False
Veterinario,549.53,2025-03-15,EXPENSE,BOLETO,False
Supermercado,541.75,2025-03-15,EXPENSE,CREDIT_CARD,False
Eletronicos,3610.09,2025-03-15,EXPENSE,PIX,False
Veterinario,748.16,2025-03-15,EXPENSE,BOLETO,False
Conta de agua,160.72,2025-03-15,EXPENSE,PIX,True
Curso online,421.76,2025-03-15,EXPENSE,CREDIT_CARD,False
Aplicativo de transporte,62.42,2025-03-16,EXPENSE,CREDIT_CARD,False
Doacao,258.95,2025-03-16,EXPENSE,CREDIT_CARD,False
Streaming,43.98,2025-03-16,EXPENSE,PIX,True
Rendimento de investimento,426.06,2025-03-16,INCOME,PIX,True
Internet residencial,112.04,2025-03-16,EXPENSE,BOLETO,False
Veterinario,267.83,2025-03-16,EXPENSE,BANK_TRANSFER,False
Aplicativo de transporte,21.75,2025-03-16,EXPENSE,DEBIT_CARD,False
Impostos e taxas,553.13,2025-03-17,EXPENSE,CASH,False
Padaria,75.17,2025-03-17,EXPENSE,DEBIT_CARD,False
Manutencao do veiculo,493.35,2025-03-17,EXPENSE,DEBIT_CARD,False
Aplicativo de transporte,42.65,2025-03-17,EXPENSE,CREDIT_CARD,False
Pet shop,186.08,2025-03-17,EXPENSE,BANK_TRANSFER,False
Dividendos,468.28,2025-03-17,INCOME,PIX,True
Restaurante,199.91,2025-03-17,EXPENSE,BANK_TRANSFER,False
Reembolso empresarial,407.76,2025-03-17,INCOME,BANK_TRANSFER,False
Cinema e lazer,61.32,2025-03-17,EXPENSE,PIX,False
Eletronicos,1112.66,2025-03-18,EXPENSE,CREDIT_CARD,False
Eletronicos,3125.94,2025-03-18,EXPENSE,PIX,False
Cinema e lazer,66.56,2025-03-18,EXPENSE,CREDIT_CARD,False
Aplicativo de transporte,34.21,2025-03-18,EXPENSE,CREDIT_CARD,False
Cinema e lazer,73.33,2025-03-18,EXPENSE,BOLETO,False
Loja de roupas,230.59,2025-03-18,EXPENSE,BANK_TRANSFER,False
Salario mensal,7669.86,2025-03-18,INCOME,BANK_TRANSFER,True
Academia,180.54,2025-03-18,EXPENSE,CASH,True
Cinema e lazer,146.35,2025-03-18,EXPENSE,BOLETO,False
Restaurante,32.46,2025-03-18,EXPENSE,BOLETO,False
Aluguel recebido,1818.31,2025-03-18,INCOME,PIX,True
Impostos e taxas,645.72,2025-03-18,EXPENSE,CREDIT_CARD,False
Delivery de comida,102.09,2025-03-18,EXPENSE,BANK_TRANSFER,False
Viagem e hospedagem,2010.22,2025-03-18,EXPENSE,BOLETO,False
Supermercado,554.17,2025-03-18,EXPENSE,PIX,False
Supermercado,617.04,2025-03-18,EXPENSE,BOLETO,False
Veterinario,341.72,2025-03-19,EXPENSE,BANK_TRANSFER,False
Padaria,36.66,2025-03-19,EXPENSE,DEBIT_CARD,False
Bonus profissional,3398.96,2025-03-19,INCOME,PIX,False
Curso online,109.06,2025-03-19,EXPENSE,DEBIT_CARD,False
Doacao,379.9,2025-03-19,EXPENSE,PIX,False
Streaming,52.77,2025-03-19,EXPENSE,CREDIT_CARD,True
Viagem e hospedagem,2448.46,2025-03-19,EXPENSE,BANK_TRANSFER,False
Internet residencial,133.43,2025-03-19,EXPENSE,CASH,True
Combustivel,194.36,2025-03-19,EXPENSE,CASH,False
Plano de celular,92.23,2025-03-19,EXPENSE,DEBIT_CARD,True
Doacao,33.1,2025-03-19,EXPENSE,BOLETO,False
Aluguel residencial,2211.87,2025-03-19,EXPENSE,CREDIT_CARD,True
Doacao,129.56,2025-03-19,EXPENSE,BOLETO,False
Pet shop,96.41,2025-03-19,EXPENSE,BANK_TRANSFER,False
Passagem aerea,788.55,2025-03-19,EXPENSE,BOLETO,False
Loja de roupas,411.5,2025-03-19,EXPENSE,CREDIT_CARD,False
Rendimento de investimento,423.45,2025-03-20,INCOME,BANK_TRANSFER,True
Streaming,26.69,2025-03-20,EXPENSE,PIX,True
Aluguel recebido,2623.49,2025-03-20,INCOME,PIX,True
Delivery de comida,87.02,2025-03-20,EXPENSE,DEBIT_CARD,False
Restaurante,115.82,2025-03-20,EXPENSE,PIX,False
Estacionamento,30.18,2025-03-20,EXPENSE,CREDIT_CARD,False
Reembolso empresarial,253.09,2025-03-20,INCOME,BANK_TRANSFER,False
Supermercado,220.23,2025-03-20,EXPENSE,BOLETO,False
Passagem aerea,1433.72,2025-03-21,EXPENSE,BANK_TRANSFER,False
Padaria,33.81,2025-03-21,EXPENSE,BOLETO,False
Aluguel residencial,1891.26,2025-03-21,EXPENSE,BOLETO,True
Estacionamento,38.31,2025-03-21,EXPENSE,CASH,False
Supermercado,210.54,2025-03-21,EXPENSE,BOLETO,False
Reembolso empresarial,497.21,2025-03-21,INCOME,PIX,False
Veterinario,499.66,2025-03-21,EXPENSE,BANK_TRANSFER,False
Estacionamento,35.87,2025-03-21,EXPENSE,DEBIT_CARD,False
Livraria,104.87,2025-03-21,EXPENSE,CREDIT_CARD,False
Pagamento freelance,2364.65,2025-03-22,INCOME,BANK_TRANSFER,False
Conta de agua,59.16,2025-03-22,EXPENSE,CREDIT_CARD,True
Pagamento freelance,1955.18,2025-03-22,INCOME,PIX,False
Academia,74.78,2025-03-22,EXPENSE,PIX,False
Combustivel,275.4,2025-03-22,EXPENSE,CASH,False
Restaurante,144.82,2025-03-22,EXPENSE,PIX,False
Estacionamento,46.37,2025-03-23,EXPENSE,DEBIT_CARD,False
Dividendos,333.58,2025-03-23,INCOME,PIX,True
Venda de produto,1089.6,2025-03-23,INCOME,BANK_TRANSFER,False
Padaria,18.28,2025-03-23,EXPENSE,CREDIT_CARD,False
Eletronicos,3413.73,2025-03-23,EXPENSE,DEBIT_CARD,False
Viagem e hospedagem,2142.4,2025-03-24,EXPENSE,DEBIT_CARD,False
Seguro do veiculo,182.41,2025-03-24,EXPENSE,BANK_TRANSFER,True
Aplicativo de transporte,29.31,2025-03-24,EXPENSE,CASH,False
Academia,117.5,2025-03-24,EXPENSE,CASH,True
Conta de agua,188.07,2025-03-24,EXPENSE,DEBIT_CARD,True
Academia,190.5,2025-03-24,EXPENSE,DEBIT_CARD,True
Plano de saude,893.23,2025-03-24,EXPENSE,BANK_TRANSFER,True
Salario mensal,7880.75,2025-03-24,INCOME,PIX,True
Farmacia,155.5,2025-03-24,EXPENSE,PIX,False
Loja de roupas,530.42,2025-03-24,EXPENSE,BANK_TRANSFER,False
Aluguel residencial,1601.5,2025-03-24,EXPENSE,CASH,True
Loja de roupas,330.89,2025-03-25,EXPENSE,BANK_TRANSFER,False
Cinema e lazer,56.99,2025-03-25,EXPENSE,CASH,False
Condominio,645.2,2025-03-25,EXPENSE,CREDIT_CARD,False
Pagamento freelance,3546.92,2025-03-25,INCOME,BANK_TRANSFER,False
Estacionamento,56.72,2025-03-25,EXPENSE,BOLETO,False
Reembolso empresarial,793.72,2025-03-25,INCOME,PIX,False
Impostos e taxas,1570.78,2025-03-25,EXPENSE,CASH,False
Salario mensal,10564.95,2025-03-25,INCOME,PIX,True
Plano de saude,645.34,2025-03-25,EXPENSE,BOLETO,True
Venda de produto,1482.52,2025-03-25,INCOME,PIX,False
Aluguel residencial,1426.66,2025-03-25,EXPENSE,CASH,True
Impostos e taxas,919.19,2025-03-25,EXPENSE,CREDIT_CARD,False
Doacao,299.02,2025-03-26,EXPENSE,CASH,False
Veterinario,622.81,2025-03-26,EXPENSE,CREDIT_CARD,False
Bonus profissional,3908.31,2025-03-26,INCOME,BANK_TRANSFER,False
Salario mensal,8416.96,2025-03-26,INCOME,PIX,True
Farmacia,77.21,2025-03-26,EXPENSE,CASH,False
Streaming,58.37,2025-03-26,EXPENSE,DEBIT_CARD,True
Conta de energia,176.76,2025-03-26,EXPENSE,PIX,True
Reembolso empresarial,572.02,2025-03-26,INCOME,BANK_TRANSFER,False
Aplicativo de transporte,33.41,2025-03-26,EXPENSE,BANK_TRANSFER,False
Doacao,164.28,2025-03-26,EXPENSE,DEBIT_CARD,False
Internet residencial,107.53,2025-03-26,EXPENSE,BOLETO,True
Conta de energia,217.15,2025-03-27,EXPENSE,PIX,True
Pet shop,117.91,2025-03-27,EXPENSE,BANK_TRANSFER,False
Curso online,458.19,2025-03-27,EXPENSE,DEBIT_CARD,False
Transferencia recebida,1448.89,2025-03-27,INCOME,BANK_TRANSFER,False
Loja de roupas,224.34,2025-03-27,EXPENSE,BANK_TRANSFER,False
Supermercado,330.71,2025-03-27,EXPENSE,BANK_TRANSFER,False
Pagamento freelance,2356.62,2025-03-27,INCOME,BANK_TRANSFER,False
Padaria,8.95,2025-03-27,EXPENSE,PIX,False
Passagem aerea,618.3,2025-03-28,EXPENSE,CREDIT_CARD,False
Viagem e hospedagem,2853.17,2025-03-28,EXPENSE,BANK_TRANSFER,False
Condominio,490.2,2025-03-28,EXPENSE,CREDIT_CARD,True
Doacao,73.43,2025-03-28,EXPENSE,BOLETO,False
Internet residencial,124.01,2025-03-28,EXPENSE,BOLETO,True
Internet residencial,134.08,2025-03-28,EXPENSE,BOLETO,True
Pet shop,200.62,2025-03-28,EXPENSE,CASH,False
Pet shop,89.2,2025-03-28,EXPENSE,PIX,False
Aluguel residencial,2138.6,2025-03-28,EXPENSE,PIX,True
Rendimento de investimento,228.61,2025-03-28,INCOME,BANK_TRANSFER,True
Conta de energia,247.96,2025-03-28,EXPENSE,CREDIT_CARD,True
Streaming,36.33,2025-03-29,EXPENSE,PIX,True
Combustivel,174.94,2025-03-29,EXPENSE,CASH,False
Academia,125.4,2025-03-29,EXPENSE,BOLETO,True
Livraria,75.4,2025-03-29,EXPENSE,CREDIT_CARD,False
Pet shop,335.94,2025-03-29,EXPENSE,CREDIT_CARD,False
Loja de roupas,503.03,2025-03-29,EXPENSE,DEBIT_CARD,False
Conta de energia,296.01,2025-03-29,EXPENSE,CASH,True
Reembolso empresarial,477.94,2025-03-29,INCOME,BANK_TRANSFER,False
Restituicao de imposto,1769.16,2025-03-29,INCOME,PIX,False
Doacao,179.05,2025-03-29,EXPENSE,CASH,False
Aluguel residencial,2288.12,2025-03-29,EXPENSE,BOLETO,True
Manutencao do veiculo,735.01,2025-03-29,EXPENSE,BOLETO,False
Plano de celular,118.92,2025-03-30,EXPENSE,BANK_TRANSFER,True
Combustivel,271.9,2025-03-30,EXPENSE,CASH,False
Loja de roupas,345.15,2025-03-30,EXPENSE,PIX,False
Restaurante,78.97,2025-03-30,EXPENSE,CASH,False
Bonus profissional,1602.17,2025-03-30,INCOME,BANK_TRANSFER,False
Venda de produto,1322.81,2025-03-30,INCOME,PIX,False
Farmacia,186.32,2025-03-30,EXPENSE,CASH,False
Condominio,1160.42,2025-03-30,EXPENSE,CASH,True
Conta de energia,168.21,2025-03-30,EXPENSE,CREDIT_CARD,True
Passagem aerea,990.69,2025-03-30,EXPENSE,BANK_TRANSFER,False
Impostos e taxas,1210.45,2025-03-31,EXPENSE,CASH,False
Restaurante,34.27,2025-03-31,EXPENSE,PIX,False
Transferencia recebida,431.49,2025-03-31,INCOME,BANK_TRANSFER,False
Plano de celular,121.67,2025-03-31,EXPENSE,BOLETO,True
Eletronicos,1721.91,2025-03-31,EXPENSE,BANK_TRANSFER,False
Reembolso empresarial,266.57,2025-03-31,INCOME,BANK_TRANSFER,False
Bonus profissional,2720.22,2025-03-31,INCOME,BANK_TRANSFER,False
Aluguel recebido,2822.34,2025-03-31,INCOME,PIX,True
Curso online,461.24,2025-03-31,EXPENSE,CREDIT_CARD,False
Restituicao de imposto,1955.18,2025-03-31,INCOME,PIX,False
Bonus profissional,3257.6,2025-03-31,INCOME,PIX,False
Rendimento de investimento,406.11,2025-03-31,INCOME,BANK_TRANSFER,False
Academia,233.95,2025-04-01,EXPENSE,CREDIT_CARD,True
Pagamento freelance,2990.28,2025-04-01,INCOME,PIX,False
Restituicao de imposto,1548.27,2025-04-01,INCOME,PIX,False
Cinema e lazer,67.25,2025-04-01,EXPENSE,BOLETO,False
Eletronicos,1788.39,2025-04-01,EXPENSE,BOLETO,False
Plano de celular,148.83,2025-04-01,EXPENSE,DEBIT_CARD,True
Conta de agua,143.12,2025-04-01,EXPENSE,BANK_TRANSFER,True
Aluguel recebido,1196.01,2025-04-01,INCOME,BANK_TRANSFER,True
Supermercado,345.32,2025-04-01,EXPENSE,BOLETO,False
Plano de saude,716.43,2025-04-01,EXPENSE,CREDIT_CARD,True
Transferencia recebida,1062.04,2025-04-01,INCOME,BANK_TRANSFER,False
Aluguel residencial,3281.5,2025-04-02,EXPENSE,CREDIT_CARD,True
Padaria,28.3,2025-04-02,EXPENSE,BOLETO,False
Pagamento freelance,3703.84,2025-04-02,INCOME,BANK_TRANSFER,False
Farmacia,184.12,2025-04-02,EXPENSE,CREDIT_CARD,False
Transferencia recebida,1537.83,2025-04-02,INCOME,BANK_TRANSFER,False
Passagem aerea,2271.69,2025-04-03,EXPENSE,DEBIT_CARD,False
Loja de roupas,605.32,2025-04-03,EXPENSE,BANK_TRANSFER,False
Pagamento freelance,3388.93,2025-04-03,INCOME,BANK_TRANSFER,False
Loja de roupas,192.51,2025-04-03,EXPENSE,PIX,False
Dividendos,592.81,2025-04-03,INCOME,PIX,False
Farmacia,286.48,2025-04-03,EXPENSE,BANK_TRANSFER,False
Plano de saude,216.61,2025-04-03,EXPENSE,BANK_TRANSFER,True
Conta de agua,53.52,2025-04-03,EXPENSE,PIX,True
Bonus profissional,4821.36,2025-04-03,INCOME,BANK_TRANSFER,False
Plano de celular,79.92,2025-04-03,EXPENSE,PIX,True
Cinema e lazer,29.96,2025-04-03,EXPENSE,PIX,False
Reembolso empresarial,539.12,2025-04-04,INCOME,PIX,False
Condominio,358.29,2025-04-04,EXPENSE,BANK_TRANSFER,False
Viagem e hospedagem,2119.15,2025-04-04,EXPENSE,CREDIT_CARD,False
Restaurante,159.95,2025-04-04,EXPENSE,CREDIT_CARD,False
Viagem e hospedagem,2699.33,2025-04-04,EXPENSE,DEBIT_CARD,False
Conta de agua,69.46,2025-04-04,EXPENSE,DEBIT_CARD,False
Supermercado,450.2,2025-04-05,EXPENSE,CREDIT_CARD,False
Cinema e lazer,54.95,2025-04-05,EXPENSE,BANK_TRANSFER,False
Aluguel residencial,1975.94,2025-04-05,EXPENSE,CREDIT_CARD,False
Estacionamento,27.81,2025-04-05,EXPENSE,CASH,False
Rendimento de investimento,541.85,2025-04-05,INCOME,BANK_TRANSFER,True
Loja de roupas,462.92,2025-04-05,EXPENSE,BOLETO,False
Transferencia recebida,1834.58,2025-04-05,INCOME,PIX,False
Pagamento freelance,3165.32,2025-04-05,INCOME,BANK_TRANSFER,False
Impostos e taxas,1279.78,2025-04-05,EXPENSE,BOLETO,False
Farmacia,46.6,2025-04-05,EXPENSE,PIX,False
Supermercado,351.16,2025-04-05,EXPENSE,PIX,False
Veterinario,488.27,2025-04-05,EXPENSE,BOLETO,False
Conta de energia,220.93,2025-04-05,EXPENSE,BANK_TRANSFER,False
Streaming,40.5,2025-04-05,EXPENSE,BANK_TRANSFER,True
Loja de roupas,614.41,2025-04-06,EXPENSE,PIX,False
Aluguel recebido,2619.5,2025-04-06,INCOME,BANK_TRANSFER,False
Aplicativo de transporte,32.21,2025-04-06,EXPENSE,CREDIT_CARD,False
Condominio,824.0,2025-04-06,EXPENSE,CREDIT_CARD,True
Livraria,129.92,2025-04-06,EXPENSE,CASH,False
Padaria,18.67,2025-04-06,EXPENSE,BANK_TRANSFER,False
Seguro do veiculo,389.78,2025-04-06,EXPENSE,BANK_TRANSFER,False
Restaurante,129.3,2025-04-06,EXPENSE,PIX,False
Curso online,141.36,2025-04-06,EXPENSE,CASH,False
Aluguel recebido,2541.63,2025-04-06,INCOME,PIX,True
Transferencia recebida,1720.32,2025-04-06,INCOME,BANK_TRANSFER,False
Padaria,30.77,2025-04-07,EXPENSE,PIX,False
Aluguel recebido,2446.49,2025-04-07,INCOME,BANK_TRANSFER,True
Salario mensal,10951.04,2025-04-07,INCOME,BANK_TRANSFER,True
Eletronicos,2353.6,2025-04-07,EXPENSE,BANK_TRANSFER,False
Condominio,498.67,2025-04-07,EXPENSE,CREDIT_CARD,True
Cinema e lazer,130.71,2025-04-07,EXPENSE,BOLETO,False
Combustivel,244.66,2025-04-07,EXPENSE,DEBIT_CARD,False
Estacionamento,36.38,2025-04-08,EXPENSE,BANK_TRANSFER,False
Venda de produto,1661.02,2025-04-08,INCOME,PIX,False
Supermercado,550.73,2025-04-08,EXPENSE,BANK_TRANSFER,False
Restituicao de imposto,1539.12,2025-04-08,INCOME,BANK_TRANSFER,False
Delivery de comida,150.36,2025-04-08,EXPENSE,DEBIT_CARD,False
Veterinario,364.84,2025-04-08,EXPENSE,CASH,False
Doacao,217.76,2025-04-08,EXPENSE,CASH,False
Impostos e taxas,789.91,2025-04-08,EXPENSE,DEBIT_CARD,False
Dividendos,522.7,2025-04-08,INCOME,BANK_TRANSFER,False
Curso online,83.69,2025-04-08,EXPENSE,BANK_TRANSFER,False
Livraria,126.1,2025-04-08,EXPENSE,PIX,False
Aplicativo de transporte,70.48,2025-04-08,EXPENSE,DEBIT_CARD,False
Veterinario,388.35,2025-04-09,EXPENSE,BOLETO,False
Restaurante,31.53,2025-04-09,EXPENSE,BOLETO,False
Pagamento freelance,1104.07,2025-04-09,INCOME,PIX,False
Streaming,30.26,2025-04-09,EXPENSE,PIX,True
Curso online,502.4,2025-04-09,EXPENSE,BOLETO,False
Impostos e taxas,130.93,2025-04-09,EXPENSE,CREDIT_CARD,False
Passagem aerea,1399.57,2025-04-09,EXPENSE,CASH,False
Estacionamento,25.68,2025-04-09,EXPENSE,BOLETO,False
Farmacia,129.11,2025-04-09,EXPENSE,DEBIT_CARD,False
Venda de produto,1055.87,2025-04-09,INCOME,BANK_TRANSFER,False
Loja de roupas,427.29,2025-04-10,EXPENSE,BOLETO,False
Viagem e hospedagem,705.95,2025-04-10,EXPENSE,CASH,False
Salario mensal,5844.78,2025-04-10,INCOME,PIX,True
Doacao,102.88,2025-04-10,EXPENSE,CASH,False
Academia,103.71,2025-04-10,EXPENSE,DEBIT_CARD,True
Conta de agua,120.35,2025-04-10,EXPENSE,DEBIT_CARD,True
Viagem e hospedagem,378.95,2025-04-10,EXPENSE,DEBIT_CARD,False
Venda de produto,1196.99,2025-04-10,INCOME,PIX,False
Plano de celular,58.33,2025-04-10,EXPENSE,CASH,True
Plano de celular,57.2,2025-04-10,EXPENSE,PIX,False
Transferencia recebida,1993.53,2025-04-11,INCOME,BANK_TRANSFER,False
Conta de energia,284.03,2025-04-11,EXPENSE,PIX,True
Internet residencial,106.35,2025-04-11,EXPENSE,CREDIT_CARD,False
Restituicao de imposto,1770.35,2025-04-11,INCOME,BANK_TRANSFER,False
Transferencia recebida,465.62,2025-04-11,INCOME,PIX,False
Pet shop,74.16,2025-04-11,EXPENSE,CREDIT_CARD,False
Aluguel residencial,2102.63,2025-04-11,EXPENSE,CREDIT_CARD,False
Veterinario,520.32,2025-04-11,EXPENSE,DEBIT_CARD,False
Combustivel,129.19,2025-04-11,EXPENSE,PIX,False
Aluguel recebido,3062.04,2025-04-11,INCOME,PIX,True
Conta de energia,282.62,2025-04-12,EXPENSE,DEBIT_CARD,False
Plano de saude,511.48,2025-04-12,EXPENSE,BANK_TRANSFER,True
Impostos e taxas,803.87,2025-04-12,EXPENSE,BOLETO,False
Aluguel residencial,2286.22,2025-04-12,EXPENSE,CREDIT_CARD,True
Estacionamento,19.48,2025-04-12,EXPENSE,DEBIT_CARD,False
Combustivel,225.65,2025-04-12,EXPENSE,CREDIT_CARD,False
Salario mensal,3990.5,2025-04-12,INCOME,PIX,True
Reembolso empresarial,688.13,2025-04-12,INCOME,BANK_TRANSFER,False
Pet shop,111.39,2025-04-12,EXPENSE,PIX,False
Conta de agua,46.68,2025-04-12,EXPENSE,CREDIT_CARD,True
Curso online,300.71,2025-04-12,EXPENSE,DEBIT_CARD,False
Academia,171.85,2025-04-13,EXPENSE,BOLETO,True
Venda de produto,1140.73,2025-04-13,INCOME,PIX,False
Doacao,270.76,2025-04-13,EXPENSE,CREDIT_CARD,False
Restituicao de imposto,705.18,2025-04-13,INCOME,PIX,False
Streaming,54.49,2025-04-13,EXPENSE,CASH,False
Bonus profissional,3211.91,2025-04-13,INCOME,PIX,False
Impostos e taxas,1331.36,2025-04-13,EXPENSE,CASH,False
Combustivel,226.06,2025-04-13,EXPENSE,BOLETO,False
Aplicativo de transporte,16.3,2025-04-13,EXPENSE,CREDIT_CARD,False
Condominio,1071.88,2025-04-13,EXPENSE,BANK_TRANSFER,True
Condominio,941.17,2025-04-13,EXPENSE,CASH,True
Curso online,491.92,2025-04-14,EXPENSE,DEBIT_CARD,False
Internet residencial,138.15,2025-04-14,EXPENSE,BOLETO,True
Reembolso empresarial,596.26,2025-04-14,INCOME,PIX,False
Plano de saude,321.44,2025-04-14,EXPENSE,DEBIT_CARD,True
Supermercado,315.18,2025-04-14,EXPENSE,CASH,False
Seguro do veiculo,187.16,2025-04-14,EXPENSE,PIX,False
Padaria,35.78,2025-04-14,EXPENSE,BOLETO,False
Padaria,44.09,2025-04-14,EXPENSE,CREDIT_CARD,False
Restituicao de imposto,1320.56,2025-04-14,INCOME,PIX,False
Conta de agua,79.15,2025-04-14,EXPENSE,DEBIT_CARD,True
Bonus profissional,3014.13,2025-04-14,INCOME,PIX,False
Plano de saude,782.73,2025-04-14,EXPENSE,CASH,True
Passagem aerea,898.27,2025-04-14,EXPENSE,CREDIT_CARD,False
Academia,156.5,2025-04-14,EXPENSE,PIX,True
Passagem aerea,2026.43,2025-04-14,EXPENSE,PIX,False
Veterinario,452.45,2025-04-14,EXPENSE,BOLETO,False
Pet shop,201.03,2025-04-14,EXPENSE,BANK_TRANSFER,False
Academia,101.42,2025-04-15,EXPENSE,BANK_TRANSFER,True
Farmacia,124.38,2025-04-15,EXPENSE,BANK_TRANSFER,False
Passagem aerea,543.0,2025-04-15,EXPENSE,BANK_TRANSFER,False
Venda de produto,1320.52,2025-04-15,INCOME,PIX,False
Delivery de comida,36.07,2025-04-15,EXPENSE,CREDIT_CARD,False
Plano de celular,120.03,2025-04-15,EXPENSE,CREDIT_CARD,True
Venda de produto,1319.5,2025-04-15,INCOME,PIX,False
Cinema e lazer,136.58,2025-04-15,EXPENSE,CASH,False
Cinema e lazer,53.98,2025-04-15,EXPENSE,DEBIT_CARD,False
Manutencao do veiculo,778.52,2025-04-15,EXPENSE,BOLETO,False
Reembolso empresarial,387.46,2025-04-15,INCOME,PIX,False
Delivery de comida,88.79,2025-04-15,EXPENSE,BANK_TRANSFER,False
Reembolso empresarial,797.62,2025-04-16,INCOME,BANK_TRANSFER,False
Academia,165.27,2025-04-16,EXPENSE,CREDIT_CARD,True
Padaria,30.09,2025-04-16,EXPENSE,DEBIT_CARD,False
Streaming,43.33,2025-04-16,EXPENSE,DEBIT_CARD,True
Venda de produto,1457.11,2025-04-16,INCOME,BANK_TRANSFER,False
Pet shop,176.83,2025-04-16,EXPENSE,DEBIT_CARD,False
Loja de roupas,851.37,2025-04-16,EXPENSE,CASH,False
Doacao,390.98,2025-04-16,EXPENSE,BANK_TRANSFER,False
Rendimento de investimento,362.2,2025-04-16,INCOME,PIX,True
Conta de agua,208.98,2025-04-16,EXPENSE,BANK_TRANSFER,True
Internet residencial,133.11,2025-04-17,EXPENSE,DEBIT_CARD,True
Restituicao de imposto,2649.61,2025-04-17,INCOME,BANK_TRANSFER,False
Delivery de comida,97.59,2025-04-17,EXPENSE,BOLETO,False
Padaria,47.14,2025-04-17,EXPENSE,PIX,False
Venda de produto,978.89,2025-04-17,INCOME,PIX,False
Doacao,297.78,2025-04-17,EXPENSE,BANK_TRANSFER,False
Aluguel residencial,2849.76,2025-04-17,EXPENSE,BOLETO,True
Farmacia,167.03,2025-04-17,EXPENSE,BOLETO,False
Passagem aerea,2933.17,2025-04-17,EXPENSE,CASH,False
Aluguel recebido,2764.49,2025-04-17,INCOME,BANK_TRANSFER,True
Livraria,181.2,2025-04-17,EXPENSE,PIX,False
Venda de produto,1073.32,2025-04-17,INCOME,PIX,False
Impostos e taxas,1130.82,2025-04-17,EXPENSE,PIX,False
Delivery de comida,71.45,2025-04-18,EXPENSE,DEBIT_CARD,False
Combustivel,164.81,2025-04-18,EXPENSE,DEBIT_CARD,False
Aluguel recebido,1916.62,2025-04-18,INCOME,PIX,False
Eletronicos,1853.74,2025-04-18,EXPENSE,CASH,False
Supermercado,192.04,2025-04-18,EXPENSE,DEBIT_CARD,False
Veterinario,393.28,2025-04-18,EXPENSE,BOLETO,False
Plano de saude,250.94,2025-04-18,EXPENSE,CREDIT_CARD,True
Salario mensal,9117.41,2025-04-18,INCOME,BANK_TRANSFER,True
Livraria,141.64,2025-04-18,EXPENSE,BOLETO,False
Bonus profissional,2469.97,2025-04-18,INCOME,BANK_TRANSFER,False
Bonus profissional,3304.25,2025-04-18,INCOME,PIX,False
Dividendos,534.8,2025-04-18,INCOME,PIX,True
Estacionamento,21.57,2025-04-18,EXPENSE,CREDIT_CARD,False
Conta de energia,161.14,2025-04-18,EXPENSE,BANK_TRANSFER,True
Manutencao do veiculo,174.2,2025-04-18,EXPENSE,BANK_TRANSFER,False
Streaming,36.32,2025-04-18,EXPENSE,DEBIT_CARD,True
Supermercado,367.01,2025-04-19,EXPENSE,DEBIT_CARD,False
Supermercado,333.67,2025-04-19,EXPENSE,PIX,False
Venda de produto,1672.55,2025-04-19,INCOME,BANK_TRANSFER,False
Academia,244.61,2025-04-19,EXPENSE,BANK_TRANSFER,False
Pagamento freelance,3842.64,2025-04-19,INCOME,PIX,False
Transferencia recebida,1541.83,2025-04-19,INCOME,PIX,False
Dividendos,694.62,2025-04-19,INCOME,BANK_TRANSFER,False
Restaurante,127.81,2025-04-19,EXPENSE,PIX,False
Combustivel,145.6,2025-04-19,EXPENSE,DEBIT_CARD,False
Streaming,77.91,2025-04-19,EXPENSE,CASH,True
Passagem aerea,1519.0,2025-04-20,EXPENSE,PIX,False
Internet residencial,167.28,2025-04-20,EXPENSE,PIX,False
Internet residencial,153.29,2025-04-20,EXPENSE,CREDIT_CARD,True
Manutencao do veiculo,1270.18,2025-04-20,EXPENSE,BOLETO,False
Conta de energia,298.39,2025-04-20,EXPENSE,CREDIT_CARD,True
Salario mensal,9699.84,2025-04-20,INCOME,PIX,True
Aluguel residencial,2451.65,2025-04-20,EXPENSE,CASH,True
Delivery de comida,58.2,2025-04-20,EXPENSE,CREDIT_CARD,False
Plano de celular,59.42,2025-04-20,EXPENSE,CREDIT_CARD,True
Restituicao de imposto,1803.42,2025-04-20,INCOME,PIX,False
Cinema e lazer,94.29,2025-04-21,EXPENSE,CREDIT_CARD,False
Plano de celular,109.5,2025-04-21,EXPENSE,DEBIT_CARD,True
Academia,155.92,2025-04-21,EXPENSE,BANK_TRANSFER,True
Transferencia recebida,1244.63,2025-04-21,INCOME,BANK_TRANSFER,False
Livraria,180.69,2025-04-21,EXPENSE,BANK_TRANSFER,False
Estacionamento,47.86,2025-04-21,EXPENSE,CREDIT_CARD,False
Dividendos,241.68,2025-04-21,INCOME,BANK_TRANSFER,False
Eletronicos,3681.45,2025-04-22,EXPENSE,PIX,False
Pet shop,73.33,2025-04-22,EXPENSE,CREDIT_CARD,False
Passagem aerea,3540.44,2025-04-22,EXPENSE,PIX,False
Streaming,28.94,2025-04-22,EXPENSE,BOLETO,False
Livraria,220.23,2025-04-22,EXPENSE,CREDIT_CARD,False
Aluguel recebido,2037.0,2025-04-22,INCOME,BANK_TRANSFER,True
Transferencia recebida,1387.6,2025-04-22,INCOME,PIX,False
Rendimento de investimento,311.34,2025-04-22,INCOME,BANK_TRANSFER,True
Aluguel residencial,1311.96,2025-04-22,EXPENSE,DEBIT_CARD,True
Doacao,90.82,2025-04-22,EXPENSE,BOLETO,False
Supermercado,461.09,2025-04-22,EXPENSE,BOLETO,False
Veterinario,397.73,2025-04-22,EXPENSE,CREDIT_CARD,False
Internet residencial,137.56,2025-04-22,EXPENSE,DEBIT_CARD,True
Seguro do veiculo,371.56,2025-04-22,EXPENSE,BOLETO,True
Padaria,46.85,2025-04-22,EXPENSE,CREDIT_CARD,False
Seguro do veiculo,228.89,2025-04-22,EXPENSE,BANK_TRANSFER,True
Padaria,27.85,2025-04-22,EXPENSE,CREDIT_CARD,False
Seguro do veiculo,221.05,2025-04-22,EXPENSE,BANK_TRANSFER,False
Pagamento freelance,2242.87,2025-04-23,INCOME,BANK_TRANSFER,False
Delivery de comida,125.32,2025-04-23,EXPENSE,CASH,False
Aplicativo de transporte,32.38,2025-04-23,EXPENSE,CREDIT_CARD,False
Plano de celular,104.32,2025-04-23,EXPENSE,PIX,True
Condominio,649.99,2025-04-23,EXPENSE,PIX,True
Doacao,170.77,2025-04-23,EXPENSE,DEBIT_CARD,False
Restaurante,49.96,2025-04-23,EXPENSE,PIX,False
Passagem aerea,3076.43,2025-04-23,EXPENSE,CASH,False
Conta de energia,109.3,2025-04-23,EXPENSE,BANK_TRANSFER,True
Pet shop,270.2,2025-04-23,EXPENSE,BOLETO,False
Rendimento de investimento,330.51,2025-04-23,INCOME,PIX,True
Internet residencial,126.12,2025-04-24,EXPENSE,BOLETO,True
Dividendos,643.26,2025-04-24,INCOME,BANK_TRANSFER,True
Curso online,440.65,2025-04-24,EXPENSE,BANK_TRANSFER,False
Veterinario,246.58,2025-04-24,EXPENSE,BANK_TRANSFER,False
Salario mensal,9572.7,2025-04-24,INCOME,PIX,True
Combustivel,261.44,2025-04-24,EXPENSE,CASH,False
Delivery de comida,124.81,2025-04-24,EXPENSE,BANK_TRANSFER,False
Cinema e lazer,100.36,2025-04-24,EXPENSE,BOLETO,False
Academia,119.06,2025-04-24,EXPENSE,CASH,True
Reembolso empresarial,549.35,2025-04-24,INCOME,PIX,False
Aplicativo de transporte,51.24,2025-04-24,EXPENSE,PIX,False
Farmacia,63.32,2025-04-24,EXPENSE,DEBIT_CARD,False
Manutencao do veiculo,411.31,2025-04-24,EXPENSE,CASH,False
Manutencao do veiculo,1555.83,2025-04-24,EXPENSE,BANK_TRANSFER,False
Rendimento de investimento,399.48,2025-04-24,INCOME,PIX,True
Manutencao do veiculo,232.34,2025-04-24,EXPENSE,BOLETO,False
Aplicativo de transporte,29.75,2025-04-24,EXPENSE,DEBIT_CARD,False
Supermercado,462.38,2025-04-25,EXPENSE,PIX,False
Impostos e taxas,1025.55,2025-04-25,EXPENSE,CASH,False
Manutencao do veiculo,1312.52,2025-04-25,EXPENSE,PIX,False
Salario mensal,9085.42,2025-04-25,INCOME,BANK_TRANSFER,True
Eletronicos,514.4,2025-04-25,EXPENSE,CREDIT_CARD,False
Passagem aerea,1964.32,2025-04-25,EXPENSE,CASH,False
Restaurante,192.37,2025-04-25,EXPENSE,BANK_TRANSFER,False
Livraria,77.96,2025-04-25,EXPENSE,PIX,False
Restaurante,53.11,2025-04-25,EXPENSE,BOLETO,False
Dividendos,637.31,2025-04-25,INCOME,PIX,True
Pet shop,274.29,2025-04-26,EXPENSE,BOLETO,False
Pet shop,140.81,2025-04-26,EXPENSE,BANK_TRANSFER,False
Farmacia,101.61,2025-04-26,EXPENSE,BANK_TRANSFER,False
Livraria,62.07,2025-04-26,EXPENSE,CREDIT_CARD,False
Loja de roupas,488.25,2025-04-26,EXPENSE,CREDIT_CARD,False
Restaurante,122.65,2025-04-26,EXPENSE,BOLETO,False
Plano de celular,104.52,2025-04-26,EXPENSE,DEBIT_CARD,False
Impostos e taxas,823.89,2025-04-26,EXPENSE,DEBIT_CARD,False
Manutencao do veiculo,1458.63,2025-04-26,EXPENSE,BOLETO,False
Delivery de comida,161.12,2025-04-26,EXPENSE,CREDIT_CARD,False
Viagem e hospedagem,2249.98,2025-04-26,EXPENSE,CREDIT_CARD,False
Aplicativo de transporte,55.67,2025-04-27,EXPENSE,BOLETO,False
Restituicao de imposto,1684.07,2025-04-27,INCOME,BANK_TRANSFER,False
Eletronicos,3356.87,2025-04-27,EXPENSE,CREDIT_CARD,False
Livraria,171.45,2025-04-27,EXPENSE,CREDIT_CARD,False
Conta de agua,108.85,2025-04-27,EXPENSE,BANK_TRANSFER,True
Estacionamento,38.83,2025-04-27,EXPENSE,CASH,False
Restaurante,116.6,2025-04-27,EXPENSE,CASH,False
Seguro do veiculo,214.48,2025-04-28,EXPENSE,CREDIT_CARD,True
Conta de energia,312.75,2025-04-28,EXPENSE,BANK_TRANSFER,True
Aluguel residencial,3405.57,2025-04-28,EXPENSE,CASH,True
Supermercado,216.36,2025-04-28,EXPENSE,PIX,False
Bonus profissional,3872.85,2025-04-28,INCOME,BANK_TRANSFER,False
Plano de saude,694.59,2025-04-28,EXPENSE,CREDIT_CARD,False
Condominio,735.54,2025-04-28,EXPENSE,CASH,True
Aplicativo de transporte,66.31,2025-04-28,EXPENSE,BOLETO,False
Internet residencial,128.98,2025-04-28,EXPENSE,BOLETO,True
Combustivel,280.99,2025-04-28,EXPENSE,BOLETO,False
Pet shop,111.53,2025-04-28,EXPENSE,PIX,False
Conta de energia,279.27,2025-04-28,EXPENSE,DEBIT_CARD,True
Eletronicos,1344.26,2025-04-29,EXPENSE,BANK_TRANSFER,False
Eletronicos,1789.88,2025-04-29,EXPENSE,CREDIT_CARD,False
Loja de roupas,278.26,2025-04-29,EXPENSE,BOLETO,False
Seguro do veiculo,215.85,2025-04-29,EXPENSE,PIX,True
Conta de energia,130.07,2025-04-29,EXPENSE,BOLETO,True
Condominio,655.62,2025-04-29,EXPENSE,CREDIT_CARD,True
Streaming,22.37,2025-04-29,EXPENSE,CASH,True
Aplicativo de transporte,27.85,2025-04-29,EXPENSE,CASH,False
Cinema e lazer,178.5,2025-04-29,EXPENSE,DEBIT_CARD,False
Combustivel,111.98,2025-04-29,EXPENSE,CASH,False
Reembolso empresarial,710.04,2025-04-29,INCOME,PIX,False
Doacao,288.99,2025-04-29,EXPENSE,DEBIT_CARD,False
Viagem e hospedagem,2947.44,2025-04-29,EXPENSE,BANK_TRANSFER,False
Conta de agua,124.19,2025-04-29,EXPENSE,CASH,False
Plano de saude,550.7,2025-04-29,EXPENSE,DEBIT_CARD,True
Rendimento de investimento,213.79,2025-04-30,INCOME,BANK_TRANSFER,True
Estacionamento,31.55,2025-04-30,EXPENSE,BANK_TRANSFER,False
Curso online,422.23,2025-04-30,EXPENSE,DEBIT_CARD,False
Viagem e hospedagem,2224.77,2025-04-30,EXPENSE,CREDIT_CARD,False
Padaria,45.82,2025-04-30,EXPENSE,BANK_TRANSFER,False
Combustivel,226.65,2025-04-30,EXPENSE,DEBIT_CARD,False
Rendimento de investimento,250.78,2025-04-30,INCOME,PIX,True
Curso online,165.6,2025-04-30,EXPENSE,BOLETO,False
Aluguel recebido,1840.77,2025-04-30,INCOME,BANK_TRANSFER,True
Curso online,387.33,2025-04-30,EXPENSE,BANK_TRANSFER,False
Delivery de comida,109.56,2025-05-01,EXPENSE,DEBIT_CARD,False
Supermercado,577.82,2025-05-01,EXPENSE,BOLETO,False
Salario mensal,9979.37,2025-05-01,INCOME,PIX,True
Combustivel,276.52,2025-05-01,EXPENSE,CREDIT_CARD,False
Combustivel,166.26,2025-05-01,EXPENSE,CREDIT_CARD,False
Loja de roupas,474.69,2025-05-01,EXPENSE,CREDIT_CARD,False
Combustivel,322.9,2025-05-01,EXPENSE,BOLETO,False
Viagem e hospedagem,1794.81,2025-05-01,EXPENSE,DEBIT_CARD,False
Impostos e taxas,1295.39,2025-05-01,EXPENSE,CREDIT_CARD,False
Condominio,720.59,2025-05-01,EXPENSE,BOLETO,True
Internet residencial,169.45,2025-05-01,EXPENSE,DEBIT_CARD,False
Condominio,961.22,2025-05-02,EXPENSE,DEBIT_CARD,True
Internet residencial,112.36,2025-05-02,EXPENSE,DEBIT_CARD,True
Dividendos,369.6,2025-05-02,INCOME,PIX,True
Pet shop,235.31,2025-05-02,EXPENSE,CASH,False
Livraria,74.57,2025-05-02,EXPENSE,DEBIT_CARD,False
Manutencao do veiculo,1624.28,2025-05-02,EXPENSE,BOLETO,False
Loja de roupas,336.23,2025-05-02,EXPENSE,BANK_TRANSFER,False
Pet shop,118.08,2025-05-02,EXPENSE,BOLETO,False
Plano de saude,1212.18,2025-05-02,EXPENSE,BOLETO,True
Passagem aerea,1570.03,2025-05-03,EXPENSE,BANK_TRANSFER,False
Passagem aerea,961.38,2025-05-03,EXPENSE,PIX,False
Rendimento de investimento,260.32,2025-05-03,INCOME,PIX,True
Farmacia,323.6,2025-05-03,EXPENSE,CASH,False
Cinema e lazer,102.49,2025-05-03,EXPENSE,CASH,False
Supermercado,516.28,2025-05-03,EXPENSE,BANK_TRANSFER,False
Aplicativo de transporte,23.22,2025-05-03,EXPENSE,BANK_TRANSFER,False
Combustivel,164.75,2025-05-03,EXPENSE,DEBIT_CARD,False
Pet shop,193.66,2025-05-03,EXPENSE,CASH,False
Internet residencial,110.21,2025-05-03,EXPENSE,CASH,False
Bonus profissional,3676.59,2025-05-03,INCOME,PIX,False
Doacao,133.43,2025-05-03,EXPENSE,CASH,False
Plano de celular,113.21,2025-05-03,EXPENSE,CASH,True
Plano de saude,462.73,2025-05-04,EXPENSE,BANK_TRANSFER,True
Plano de celular,46.04,2025-05-04,EXPENSE,BANK_TRANSFER,False
Curso online,190.05,2025-05-04,EXPENSE,CREDIT_CARD,False
Conta de agua,115.1,2025-05-04,EXPENSE,BOLETO,True
Conta de agua,174.89,2025-05-04,EXPENSE,CASH,True
Condominio,599.61,2025-05-04,EXPENSE,DEBIT_CARD,True
Academia,103.6,2025-05-04,EXPENSE,CASH,True
Academia,154.64,2025-05-04,EXPENSE,DEBIT_CARD,False
Cinema e lazer,143.37,2025-05-05,EXPENSE,BOLETO,False
Doacao,146.1,2025-05-05,EXPENSE,BANK_TRANSFER,False
Impostos e taxas,1339.01,2025-05-05,EXPENSE,PIX,False
Aluguel recebido,2487.99,2025-05-05,INCOME,BANK_TRANSFER,True
Academia,129.83,2025-05-05,EXPENSE,BANK_TRANSFER,False
Seguro do veiculo,385.42,2025-05-05,EXPENSE,PIX,True
Seguro do veiculo,287.42,2025-05-05,EXPENSE,BOLETO,True
Restaurante,177.93,2025-05-05,EXPENSE,CASH,False
Estacionamento,66.61,2025-05-05,EXPENSE,PIX,False
Aluguel residencial,2947.28,2025-05-06,EXPENSE,CREDIT_CARD,True
Academia,136.92,2025-05-06,EXPENSE,BANK_TRANSFER,True
Streaming,61.73,2025-05-06,EXPENSE,BOLETO,True
Salario mensal,6626.79,2025-05-06,INCOME,PIX,True
Livraria,85.39,2025-05-06,EXPENSE,BOLETO,False
Livraria,107.6,2025-05-06,EXPENSE,PIX,False
Conta de agua,149.38,2025-05-06,EXPENSE,CASH,False
Passagem aerea,580.3,2025-05-06,EXPENSE,DEBIT_CARD,False
Conta de energia,447.64,2025-05-06,EXPENSE,BOLETO,False
Livraria,180.16,2025-05-06,EXPENSE,PIX,False
Estacionamento,31.85,2025-05-07,EXPENSE,PIX,False
Doacao,254.11,2025-05-07,EXPENSE,CREDIT_CARD,False
Plano de celular,108.17,2025-05-07,EXPENSE,CREDIT_CARD,False
Combustivel,121.34,2025-05-07,EXPENSE,PIX,False
Conta de energia,413.79,2025-05-07,EXPENSE,BANK_TRANSFER,True
Doacao,290.04,2025-05-07,EXPENSE,PIX,False
Veterinario,418.06,2025-05-07,EXPENSE,CASH,False
Viagem e hospedagem,961.78,2025-05-08,EXPENSE,DEBIT_CARD,False
Impostos e taxas,370.24,2025-05-08,EXPENSE,CREDIT_CARD,False
Aplicativo de transporte,52.57,2025-05-08,EXPENSE,DEBIT_CARD,False
Plano de saude,295.09,2025-05-08,EXPENSE,PIX,True
Passagem aerea,2851.3,2025-05-08,EXPENSE,CASH,False
Transferencia recebida,816.01,2025-05-08,INCOME,BANK_TRANSFER,False
Padaria,15.5,2025-05-08,EXPENSE,BANK_TRANSFER,False
Aluguel residencial,1962.84,2025-05-08,EXPENSE,BOLETO,True
Seguro do veiculo,403.14,2025-05-08,EXPENSE,CASH,True
Combustivel,210.32,2025-05-08,EXPENSE,PIX,False
Pet shop,88.71,2025-05-08,EXPENSE,PIX,False
Supermercado,288.78,2025-05-08,EXPENSE,DEBIT_CARD,False
Delivery de comida,139.84,2025-05-08,EXPENSE,CASH,False
Academia,140.53,2025-05-09,EXPENSE,CREDIT_CARD,True
Seguro do veiculo,250.8,2025-05-09,EXPENSE,DEBIT_CARD,False
Rendimento de investimento,232.18,2025-05-09,INCOME,PIX,False
Transferencia recebida,546.85,2025-05-09,INCOME,PIX,False
Veterinario,322.87,2025-05-09,EXPENSE,CASH,False
Padaria,64.79,2025-05-09,EXPENSE,PIX,False
Cinema e lazer,151.06,2025-05-09,EXPENSE,PIX,False
Conta de agua,142.67,2025-05-09,EXPENSE,CASH,True
Farmacia,98.17,2025-05-09,EXPENSE,BANK_TRANSFER,False
Aluguel recebido,1700.07,2025-05-09,INCOME,BANK_TRANSFER,True
Curso online,485.12,2025-05-09,EXPENSE,DEBIT_CARD,False
Aluguel recebido,3395.2,2025-05-09,INCOME,PIX,True
Loja de roupas,470.12,2025-05-10,EXPENSE,DEBIT_CARD,False
Veterinario,609.5,2025-05-10,EXPENSE,PIX,False
Salario mensal,8579.58,2025-05-10,INCOME,BANK_TRANSFER,True
Pagamento freelance,2335.65,2025-05-10,INCOME,BANK_TRANSFER,False
Dividendos,570.11,2025-05-10,INCOME,BANK_TRANSFER,True
Pagamento freelance,2040.1,2025-05-10,INCOME,BANK_TRANSFER,False
Aluguel recebido,1782.39,2025-05-11,INCOME,PIX,True
Eletronicos,1725.54,2025-05-11,EXPENSE,BOLETO,False
Rendimento de investimento,483.84,2025-05-11,INCOME,PIX,True
Combustivel,261.95,2025-05-11,EXPENSE,CREDIT_CARD,False
Restaurante,130.61,2025-05-11,EXPENSE,BOLETO,False
Viagem e hospedagem,2065.99,2025-05-11,EXPENSE,DEBIT_CARD,False
Restituicao de imposto,1450.68,2025-05-11,INCOME,PIX,False
Eletronicos,2151.0,2025-05-11,EXPENSE,BOLETO,False
Academia,124.49,2025-05-11,EXPENSE,BANK_TRANSFER,True
Veterinario,774.83,2025-05-11,EXPENSE,BANK_TRANSFER,False
Estacionamento,14.74,2025-05-11,EXPENSE,DEBIT_CARD,False
Curso online,385.71,2025-05-11,EXPENSE,CREDIT_CARD,False
Combustivel,141.18,2025-05-12,EXPENSE,CASH,False
Eletronicos,1876.61,2025-05-12,EXPENSE,CREDIT_CARD,False
Pet shop,210.72,2025-05-12,EXPENSE,CREDIT_CARD,False
Venda de produto,1284.41,2025-05-12,INCOME,BANK_TRANSFER,False
Aluguel residencial,2492.8,2025-05-12,EXPENSE,BANK_TRANSFER,True
Academia,81.89,2025-05-12,EXPENSE,CASH,True
Aluguel recebido,2919.95,2025-05-13,INCOME,BANK_TRANSFER,True
Dividendos,360.59,2025-05-13,INCOME,BANK_TRANSFER,True
Aluguel residencial,2774.96,2025-05-13,EXPENSE,CREDIT_CARD,True
Rendimento de investimento,243.88,2025-05-13,INCOME,PIX,True
Manutencao do veiculo,1016.73,2025-05-13,EXPENSE,PIX,False
Aluguel residencial,2094.86,2025-05-13,EXPENSE,BOLETO,True
Delivery de comida,159.96,2025-05-13,EXPENSE,DEBIT_CARD,False
Doacao,215.39,2025-05-13,EXPENSE,DEBIT_CARD,False
Plano de saude,731.19,2025-05-13,EXPENSE,DEBIT_CARD,True
Reembolso empresarial,378.58,2025-05-13,INCOME,BANK_TRANSFER,False
Plano de saude,608.14,2025-05-13,EXPENSE,PIX,True
Estacionamento,27.58,2025-05-14,EXPENSE,BANK_TRANSFER,False
Passagem aerea,1088.86,2025-05-14,EXPENSE,DEBIT_CARD,False
Internet residencial,133.89,2025-05-14,EXPENSE,BANK_TRANSFER,True
Padaria,26.73,2025-05-14,EXPENSE,BANK_TRANSFER,False
Aplicativo de transporte,33.65,2025-05-14,EXPENSE,DEBIT_CARD,False
Internet residencial,135.91,2025-05-14,EXPENSE,CASH,True
Transferencia recebida,1529.28,2025-05-14,INCOME,BANK_TRANSFER,False
Aplicativo de transporte,20.65,2025-05-14,EXPENSE,PIX,False
Dividendos,333.03,2025-05-15,INCOME,BANK_TRANSFER,False
Livraria,64.35,2025-05-15,EXPENSE,DEBIT_CARD,False
Internet residencial,170.73,2025-05-15,EXPENSE,PIX,True
Cinema e lazer,113.91,2025-05-15,EXPENSE,CREDIT_CARD,False
Seguro do veiculo,221.85,2025-05-15,EXPENSE,CREDIT_CARD,False
Condominio,1019.85,2025-05-15,EXPENSE,BOLETO,True
Salario mensal,9823.62,2025-05-15,INCOME,BANK_TRANSFER,False
Dividendos,440.4,2025-05-15,INCOME,BANK_TRANSFER,True
Conta de energia,450.2,2025-05-15,EXPENSE,BANK_TRANSFER,True
Loja de roupas,468.54,2025-05-15,EXPENSE,PIX,False
Streaming,34.92,2025-05-15,EXPENSE,BANK_TRANSFER,True
Combustivel,189.68,2025-05-16,EXPENSE,CREDIT_CARD,False
Streaming,28.53,2025-05-16,EXPENSE,PIX,False
Delivery de comida,30.65,2025-05-16,EXPENSE,PIX,False
Delivery de comida,71.26,2025-05-17,EXPENSE,DEBIT_CARD,False
Streaming,43.56,2025-05-17,EXPENSE,CASH,True
Aluguel recebido,2428.31,2025-05-17,INCOME,PIX,True
Cinema e lazer,78.73,2025-05-17,EXPENSE,CASH,False
Livraria,83.99,2025-05-17,EXPENSE,CASH,False
Streaming,45.64,2025-05-17,EXPENSE,DEBIT_CARD,True
Padaria,35.69,2025-05-17,EXPENSE,BANK_TRANSFER,False
Plano de celular,106.61,2025-05-17,EXPENSE,BANK_TRANSFER,True
Conta de energia,295.66,2025-05-17,EXPENSE,CASH,True
Plano de saude,905.17,2025-05-17,EXPENSE,BOLETO,True
Conta de energia,166.71,2025-05-17,EXPENSE,BANK_TRANSFER,True
Pet shop,240.74,2025-05-18,EXPENSE,CASH,False
Supermercado,332.62,2025-05-18,EXPENSE,CREDIT_CARD,False
Cinema e lazer,84.59,2025-05-18,EXPENSE,PIX,False
Aluguel residencial,1655.45,2025-05-18,EXPENSE,BANK_TRANSFER,True
Plano de saude,441.71,2025-05-18,EXPENSE,DEBIT_CARD,True
Veterinario,552.26,2025-05-18,EXPENSE,CREDIT_CARD,False
Internet residencial,97.36,2025-05-18,EXPENSE,PIX,True
Curso online,268.81,2025-05-18,EXPENSE,PIX,False
Rendimento de investimento,265.54,2025-05-18,INCOME,BANK_TRANSFER,True
Condominio,656.01,2025-05-18,EXPENSE,CREDIT_CARD,True
Restaurante,202.15,2025-05-18,EXPENSE,BANK_TRANSFER,False
Farmacia,239.11,2025-05-18,EXPENSE,CREDIT_CARD,False
Conta de energia,220.88,2025-05-18,EXPENSE,BOLETO,True
Venda de produto,1696.98,2025-05-18,INCOME,PIX,False
Eletronicos,626.73,2025-05-18,EXPENSE,CASH,False
Padaria,15.46,2025-05-19,EXPENSE,BANK_TRANSFER,False
Pet shop,62.83,2025-05-19,EXPENSE,DEBIT_CARD,False
Delivery de comida,131.32,2025-05-19,EXPENSE,DEBIT_CARD,False
Plano de saude,303.31,2025-05-19,EXPENSE,CREDIT_CARD,False
Aluguel residencial,2311.31,2025-05-19,EXPENSE,CASH,True
Doacao,262.56,2025-05-19,EXPENSE,CASH,False
Impostos e taxas,1289.84,2025-05-19,EXPENSE,DEBIT_CARD,False
Reembolso empresarial,558.55,2025-05-20,INCOME,PIX,False
Veterinario,371.42,2025-05-20,EXPENSE,DEBIT_CARD,False
Conta de agua,61.89,2025-05-20,EXPENSE,BOLETO,False
Dividendos,440.21,2025-05-20,INCOME,BANK_TRANSFER,True
Conta de agua,105.77,2025-05-20,EXPENSE,CASH,True
Farmacia,36.94,2025-05-20,EXPENSE,PIX,False
Manutencao do veiculo,711.99,2025-05-20,EXPENSE,CREDIT_CARD,False
Salario mensal,3771.56,2025-05-21,INCOME,BANK_TRANSFER,True
Transferencia recebida,726.01,2025-05-21,INCOME,BANK_TRANSFER,False
Streaming,52.73,2025-05-21,EXPENSE,CREDIT_CARD,True
Aplicativo de transporte,18.81,2025-05-21,EXPENSE,CASH,False
Farmacia,217.87,2025-05-21,EXPENSE,DEBIT_CARD,False
Veterinario,708.94,2025-05-22,EXPENSE,BOLETO,False
Conta de energia,191.76,2025-05-22,EXPENSE,BANK_TRANSFER,True
Impostos e taxas,338.09,2025-05-22,EXPENSE,PIX,False
Internet residencial,121.2,2025-05-22,EXPENSE,CASH,True
Curso online,268.4,2025-05-22,EXPENSE,CREDIT_CARD,False
Manutencao do veiculo,652.34,2025-05-22,EXPENSE,PIX,False
Supermercado,615.25,2025-05-22,EXPENSE,BANK_TRANSFER,False
Pagamento freelance,2188.16,2025-05-22,INCOME,PIX,False
Internet residencial,145.52,2025-05-22,EXPENSE,PIX,True
Manutencao do veiculo,2265.86,2025-05-22,EXPENSE,CASH,False
Pet shop,234.72,2025-05-22,EXPENSE,BANK_TRANSFER,False
Eletronicos,4838.33,2025-05-22,EXPENSE,CREDIT_CARD,False
Supermercado,343.08,2025-05-23,EXPENSE,PIX,False
Veterinario,855.12,2025-05-23,EXPENSE,BANK_TRANSFER,False
Impostos e taxas,782.1,2025-05-23,EXPENSE,CREDIT_CARD,False
Conta de energia,228.88,2025-05-23,EXPENSE,PIX,True
Plano de celular,135.55,2025-05-23,EXPENSE,DEBIT_CARD,True
Viagem e hospedagem,1605.65,2025-05-23,EXPENSE,BANK_TRANSFER,False
Academia,168.65,2025-05-23,EXPENSE,PIX,True
Pet shop,241.63,2025-05-23,EXPENSE,BANK_TRANSFER,False
Cinema e lazer,56.08,2025-05-23,EXPENSE,PIX,False
Streaming,46.76,2025-05-23,EXPENSE,CREDIT_CARD,True
Condominio,432.15,2025-05-23,EXPENSE,BOLETO,True
Passagem aerea,1057.68,2025-05-23,EXPENSE,CREDIT_CARD,False
Cinema e lazer,109.83,2025-05-23,EXPENSE,PIX,False
Doacao,243.94,2025-05-23,EXPENSE,PIX,False
Seguro do veiculo,288.61,2025-05-23,EXPENSE,CREDIT_CARD,True
Estacionamento,31.27,2025-05-23,EXPENSE,BANK_TRANSFER,False
Pagamento freelance,2670.02,2025-05-24,INCOME,PIX,False
Restituicao de imposto,1240.6,2025-05-24,INCOME,BANK_TRANSFER,False
Padaria,64.07,2025-05-24,EXPENSE,PIX,False
Combustivel,283.23,2025-05-24,EXPENSE,CREDIT_CARD,False
Aluguel residencial,2607.63,2025-05-24,EXPENSE,DEBIT_CARD,False
Aplicativo de transporte,51.19,2025-05-24,EXPENSE,BOLETO,False
Plano de celular,70.76,2025-05-24,EXPENSE,BOLETO,False
Impostos e taxas,588.23,2025-05-24,EXPENSE,CASH,False
Restituicao de imposto,2003.38,2025-05-24,INCOME,PIX,False
Dividendos,643.05,2025-05-25,INCOME,PIX,True
Condominio,611.4,2025-05-25,EXPENSE,BANK_TRANSFER,True
Manutencao do veiculo,312.85,2025-05-25,EXPENSE,CREDIT_CARD,False
Farmacia,150.86,2025-05-25,EXPENSE,CREDIT_CARD,False
Eletronicos,2918.94,2025-05-25,EXPENSE,BOLETO,False
Bonus profissional,4011.77,2025-05-25,INCOME,PIX,False
Venda de produto,1285.72,2025-05-25,INCOME,BANK_TRANSFER,False
Estacionamento,32.28,2025-05-25,EXPENSE,BANK_TRANSFER,False
Reembolso empresarial,227.31,2025-05-25,INCOME,BANK_TRANSFER,False
Manutencao do veiculo,1559.46,2025-05-25,EXPENSE,BANK_TRANSFER,False
Loja de roupas,413.55,2025-05-25,EXPENSE,BANK_TRANSFER,False
Condominio,626.01,2025-05-25,EXPENSE,CASH,True
Viagem e hospedagem,1233.79,2025-05-25,EXPENSE,CASH,False
Restaurante,225.51,2025-05-25,EXPENSE,DEBIT_CARD,False
Academia,117.95,2025-05-26,EXPENSE,CASH,True
Cinema e lazer,129.41,2025-05-26,EXPENSE,CREDIT_CARD,False
Delivery de comida,166.12,2025-05-26,EXPENSE,BANK_TRANSFER,False
Dividendos,324.94,2025-05-26,INCOME,PIX,True
Curso online,88.37,2025-05-26,EXPENSE,BANK_TRANSFER,False
Delivery de comida,93.6,2025-05-26,EXPENSE,PIX,False
Passagem aerea,1848.25,2025-05-26,EXPENSE,PIX,False
Streaming,28.24,2025-05-26,EXPENSE,CASH,True
Aluguel residencial,2582.3,2025-05-26,EXPENSE,CASH,False
Salario mensal,8786.21,2025-05-27,INCOME,PIX,True
Dividendos,458.59,2025-05-27,INCOME,PIX,True
Conta de agua,202.32,2025-05-27,EXPENSE,BOLETO,True
Viagem e hospedagem,1797.52,2025-05-27,EXPENSE,BOLETO,False
Pagamento freelance,3220.57,2025-05-27,INCOME,BANK_TRANSFER,False
Eletronicos,980.81,2025-05-27,EXPENSE,CREDIT_CARD,False
Passagem aerea,1899.15,2025-05-27,EXPENSE,PIX,False
Loja de roupas,221.77,2025-05-27,EXPENSE,CASH,False
Rendimento de investimento,398.97,2025-05-27,INCOME,PIX,True
Restituicao de imposto,728.96,2025-05-27,INCOME,BANK_TRANSFER,False
Doacao,388.33,2025-05-28,EXPENSE,CREDIT_CARD,False
Restaurante,101.86,2025-05-28,EXPENSE,BANK_TRANSFER,False
Passagem aerea,1136.28,2025-05-28,EXPENSE,CASH,False
Restaurante,109.43,2025-05-28,EXPENSE,PIX,False
Manutencao do veiculo,1589.12,2025-05-28,EXPENSE,BOLETO,False
Restaurante,125.57,2025-05-28,EXPENSE,CASH,False
Plano de celular,52.54,2025-05-28,EXPENSE,BOLETO,True
Curso online,337.21,2025-05-28,EXPENSE,CREDIT_CARD,False
Livraria,99.53,2025-05-28,EXPENSE,CREDIT_CARD,False
Livraria,166.25,2025-05-28,EXPENSE,CASH,False
Restituicao de imposto,2378.1,2025-05-28,INCOME,BANK_TRANSFER,False
Padaria,24.62,2025-05-28,EXPENSE,BOLETO,False
Estacionamento,34.11,2025-05-28,EXPENSE,PIX,False
Restaurante,82.65,2025-05-28,EXPENSE,BANK_TRANSFER,False
Seguro do veiculo,257.5,2025-05-29,EXPENSE,BOLETO,True
Supermercado,629.3,2025-05-29,EXPENSE,CASH,False
Eletronicos,1542.93,2025-05-29,EXPENSE,BOLETO,False
Padaria,59.17,2025-05-29,EXPENSE,BANK_TRANSFER,False
Impostos e taxas,647.3,2025-05-29,EXPENSE,BOLETO,False
Estacionamento,26.17,2025-05-29,EXPENSE,PIX,False
Combustivel,201.97,2025-05-29,EXPENSE,BOLETO,False
Aplicativo de transporte,39.0,2025-05-30,EXPENSE,PIX,False
Pagamento freelance,3168.19,2025-05-30,INCOME,PIX,False
Seguro do veiculo,154.37,2025-05-30,EXPENSE,PIX,True
Loja de roupas,204.51,2025-05-30,EXPENSE,BOLETO,False
Doacao,345.19,2025-05-30,EXPENSE,BANK_TRANSFER,False
Loja de roupas,573.86,2025-05-30,EXPENSE,CASH,False
Aluguel recebido,2624.85,2025-05-30,INCOME,BANK_TRANSFER,True
Supermercado,193.85,2025-05-30,EXPENSE,PIX,False
Farmacia,286.19,2025-05-30,EXPENSE,DEBIT_CARD,False
Eletronicos,1278.98,2025-05-30,EXPENSE,CREDIT_CARD,False
Impostos e taxas,1033.83,2025-05-30,EXPENSE,CASH,False
Salario mensal,8015.43,2025-05-30,INCOME,BANK_TRANSFER,True
Passagem aerea,697.47,2025-05-30,EXPENSE,PIX,False
Plano de celular,118.48,2025-05-30,EXPENSE,BANK_TRANSFER,True
Curso online,343.87,2025-05-30,EXPENSE,PIX,False
Aplicativo de transporte,41.93,2025-05-30,EXPENSE,BOLETO,False
Aplicativo de transporte,23.61,2025-05-30,EXPENSE,BOLETO,False
Padaria,20.38,2025-05-31,EXPENSE,PIX,False
Rendimento de investimento,263.88,2025-05-31,INCOME,BANK_TRANSFER,False
Condominio,833.82,2025-05-31,EXPENSE,CREDIT_CARD,True
Viagem e hospedagem,1733.23,2025-05-31,EXPENSE,BANK_TRANSFER,False
Restaurante,81.86,2025-05-31,EXPENSE,PIX,False
Supermercado,356.94,2025-05-31,EXPENSE,CASH,False
Conta de agua,117.25,2025-05-31,EXPENSE,CASH,False
Manutencao do veiculo,1655.74,2025-06-01,EXPENSE,PIX,False
Pet shop,204.42,2025-06-01,EXPENSE,CASH,False
Supermercado,225.92,2025-06-01,EXPENSE,BANK_TRANSFER,False
Streaming,34.08,2025-06-01,EXPENSE,DEBIT_CARD,True
Combustivel,255.67,2025-06-01,EXPENSE,BOLETO,False
Estacionamento,26.31,2025-06-01,EXPENSE,CASH,False
Condominio,713.82,2025-06-01,EXPENSE,BOLETO,True
Supermercado,396.0,2025-06-02,EXPENSE,PIX,False
Estacionamento,36.62,2025-06-02,EXPENSE,PIX,False
Plano de celular,70.53,2025-06-02,EXPENSE,CASH,True
Eletronicos,1370.41,2025-06-02,EXPENSE,BOLETO,False
Impostos e taxas,1031.26,2025-06-02,EXPENSE,PIX,False
Pagamento freelance,2467.8,2025-06-02,INCOME,BANK_TRANSFER,False
Curso online,293.81,2025-06-02,EXPENSE,BANK_TRANSFER,False
Pet shop,88.5,2025-06-02,EXPENSE,BOLETO,False
Aluguel residencial,3713.01,2025-06-02,EXPENSE,BOLETO,True
Rendimento de investimento,354.0,2025-06-02,INCOME,BANK_TRANSFER,True
Restituicao de imposto,1049.8,2025-06-02,INCOME,BANK_TRANSFER,False
Passagem aerea,1993.61,2025-06-02,EXPENSE,CREDIT_CARD,False
Passagem aerea,2744.26,2025-06-02,EXPENSE,PIX,False
Estacionamento,34.34,2025-06-02,EXPENSE,DEBIT_CARD,False
Farmacia,211.18,2025-06-02,EXPENSE,CASH,False
Manutencao do veiculo,766.92,2025-06-03,EXPENSE,CREDIT_CARD,False
Rendimento de investimento,415.74,2025-06-03,INCOME,PIX,False
Academia,150.95,2025-06-03,EXPENSE,CREDIT_CARD,False
Farmacia,164.81,2025-06-03,EXPENSE,DEBIT_CARD,False
Livraria,72.8,2025-06-03,EXPENSE,BOLETO,False
Estacionamento,53.08,2025-06-03,EXPENSE,BOLETO,False
Delivery de comida,37.73,2025-06-03,EXPENSE,CASH,False
Academia,141.45,2025-06-03,EXPENSE,CREDIT_CARD,True
Estacionamento,25.07,2025-06-03,EXPENSE,CREDIT_CARD,False
Supermercado,364.97,2025-06-03,EXPENSE,DEBIT_CARD,False
Cinema e lazer,141.98,2025-06-04,EXPENSE,BOLETO,False
Restaurante,106.81,2025-06-04,EXPENSE,DEBIT_CARD,False
Plano de celular,128.35,2025-06-04,EXPENSE,CREDIT_CARD,False
Veterinario,760.74,2025-06-04,EXPENSE,DEBIT_CARD,False
Cinema e lazer,148.43,2025-06-04,EXPENSE,BOLETO,False
Cinema e lazer,49.44,2025-06-04,EXPENSE,BANK_TRANSFER,False
Restaurante,68.4,2025-06-04,EXPENSE,DEBIT_CARD,False
Transferencia recebida,944.15,2025-06-04,INCOME,BANK_TRANSFER,False
Passagem aerea,1762.84,2025-06-04,EXPENSE,BOLETO,False
Livraria,88.85,2025-06-05,EXPENSE,DEBIT_CARD,False
Viagem e hospedagem,1575.46,2025-06-05,EXPENSE,CASH,False
Conta de energia,305.96,2025-06-05,EXPENSE,CASH,True
Academia,85.4,2025-06-05,EXPENSE,CASH,True
Streaming,39.04,2025-06-05,EXPENSE,DEBIT_CARD,True
Academia,168.4,2025-06-05,EXPENSE,BANK_TRANSFER,True
Transferencia recebida,1592.56,2025-06-05,INCOME,BANK_TRANSFER,False
Aplicativo de transporte,29.3,2025-06-05,EXPENSE,BANK_TRANSFER,False
Conta de agua,143.24,2025-06-05,EXPENSE,CASH,True
Rendimento de investimento,124.33,2025-06-05,INCOME,PIX,True
Padaria,52.96,2025-06-05,EXPENSE,DEBIT_CARD,False
Internet residencial,157.24,2025-06-05,EXPENSE,BANK_TRANSFER,False
Impostos e taxas,1000.29,2025-06-05,EXPENSE,BANK_TRANSFER,False
Academia,172.87,2025-06-06,EXPENSE,CASH,True
Manutencao do veiculo,1320.17,2025-06-06,EXPENSE,DEBIT_CARD,False
Doacao,205.72,2025-06-06,EXPENSE,CASH,False
Venda de produto,801.75,2025-06-06,INCOME,PIX,False
Pet shop,105.89,2025-06-06,EXPENSE,BANK_TRANSFER,False
Restaurante,70.64,2025-06-06,EXPENSE,CREDIT_CARD,False
Cinema e lazer,177.68,2025-06-06,EXPENSE,PIX,False
Restituicao de imposto,1960.91,2025-06-06,INCOME,BANK_TRANSFER,False
Manutencao do veiculo,991.18,2025-06-06,EXPENSE,DEBIT_CARD,False
Seguro do veiculo,204.55,2025-06-06,EXPENSE,BOLETO,True
Restituicao de imposto,1581.92,2025-06-06,INCOME,BANK_TRANSFER,False
Dividendos,592.52,2025-06-06,INCOME,BANK_TRANSFER,True
Condominio,415.51,2025-06-06,EXPENSE,DEBIT_CARD,True
Condominio,440.8,2025-06-06,EXPENSE,BOLETO,True
Veterinario,703.71,2025-06-06,EXPENSE,CREDIT_CARD,False
Combustivel,107.88,2025-06-06,EXPENSE,CASH,False
Venda de produto,1239.12,2025-06-07,INCOME,BANK_TRANSFER,False
Estacionamento,18.19,2025-06-07,EXPENSE,PIX,False
Aluguel recebido,2765.53,2025-06-07,INCOME,BANK_TRANSFER,False
Academia,102.51,2025-06-07,EXPENSE,CASH,True
Aluguel residencial,3421.65,2025-06-07,EXPENSE,DEBIT_CARD,True
Pet shop,145.16,2025-06-07,EXPENSE,CREDIT_CARD,False
Pagamento freelance,2224.21,2025-06-07,INCOME,PIX,False
Livraria,65.17,2025-06-07,EXPENSE,PIX,False
Curso online,280.13,2025-06-08,EXPENSE,BOLETO,False
Impostos e taxas,1120.68,2025-06-08,EXPENSE,BOLETO,False
Aluguel residencial,2036.35,2025-06-08,EXPENSE,DEBIT_CARD,True
Aluguel residencial,2873.8,2025-06-08,EXPENSE,CASH,True
Delivery de comida,94.08,2025-06-08,EXPENSE,BOLETO,False
Aplicativo de transporte,44.61,2025-06-08,EXPENSE,BOLETO,False
Loja de roupas,205.21,2025-06-08,EXPENSE,PIX,False
Seguro do veiculo,161.13,2025-06-08,EXPENSE,BOLETO,False
Impostos e taxas,445.83,2025-06-08,EXPENSE,PIX,False
Veterinario,288.66,2025-06-08,EXPENSE,DEBIT_CARD,False
Plano de celular,91.61,2025-06-08,EXPENSE,CREDIT_CARD,True
Condominio,538.07,2025-06-08,EXPENSE,BANK_TRANSFER,True
Viagem e hospedagem,1752.68,2025-06-08,EXPENSE,BOLETO,False
Manutencao do veiculo,1794.26,2025-06-08,EXPENSE,PIX,False
Salario mensal,5788.66,2025-06-08,INCOME,BANK_TRANSFER,True
Curso online,189.8,2025-06-08,EXPENSE,CASH,False
Supermercado,563.41,2025-06-08,EXPENSE,PIX,False
Aluguel recebido,1110.94,2025-06-08,INCOME,PIX,True
Viagem e hospedagem,772.22,2025-06-08,EXPENSE,CASH,False
Pagamento freelance,3812.18,2025-06-08,INCOME,BANK_TRANSFER,False
Restituicao de imposto,1427.43,2025-06-09,INCOME,PIX,False
Veterinario,404.64,2025-06-09,EXPENSE,BANK_TRANSFER,False
Conta de energia,365.55,2025-06-09,EXPENSE,DEBIT_CARD,True
Viagem e hospedagem,2687.27,2025-06-09,EXPENSE,BOLETO,False
Streaming,61.09,2025-06-09,EXPENSE,BOLETO,True
Combustivel,215.16,2025-06-09,EXPENSE,CREDIT_CARD,False
Doacao,259.14,2025-06-09,EXPENSE,CREDIT_CARD,False
Delivery de comida,83.46,2025-06-09,EXPENSE,BANK_TRANSFER,False
Pet shop,182.39,2025-06-09,EXPENSE,CREDIT_CARD,False
Supermercado,562.6,2025-06-10,EXPENSE,CREDIT_CARD,False
Padaria,33.74,2025-06-10,EXPENSE,CASH,False
Eletronicos,2998.17,2025-06-10,EXPENSE,BOLETO,False
Manutencao do veiculo,1772.27,2025-06-10,EXPENSE,DEBIT_CARD,False
Delivery de comida,74.08,2025-06-10,EXPENSE,CASH,False
Livraria,99.03,2025-06-10,EXPENSE,CREDIT_CARD,False
Restaurante,182.88,2025-06-10,EXPENSE,BOLETO,False
Dividendos,361.42,2025-06-10,INCOME,BANK_TRANSFER,False
Livraria,149.35,2025-06-10,EXPENSE,CASH,False
Eletronicos,1406.52,2025-06-10,EXPENSE,BOLETO,False
Aluguel residencial,1252.59,2025-06-10,EXPENSE,BANK_TRANSFER,True
Plano de saude,986.68,2025-06-10,EXPENSE,CASH,True
Conta de agua,134.35,2025-06-10,EXPENSE,DEBIT_CARD,True
Plano de celular,58.45,2025-06-11,EXPENSE,CASH,True
Delivery de comida,47.86,2025-06-11,EXPENSE,CREDIT_CARD,False
Aplicativo de transporte,23.33,2025-06-11,EXPENSE,PIX,False
Eletronicos,1413.92,2025-06-11,EXPENSE,PIX,False
Plano de celular,113.17,2025-06-11,EXPENSE,CREDIT_CARD,True
Conta de agua,212.05,2025-06-11,EXPENSE,PIX,True
Pet shop,195.61,2025-06-11,EXPENSE,DEBIT_CARD,False
Bonus profissional,3294.21,2025-06-12,INCOME,BANK_TRANSFER,False
Loja de roupas,629.93,2025-06-12,EXPENSE,BOLETO,False
Cinema e lazer,111.43,2025-06-12,EXPENSE,PIX,False
Reembolso empresarial,603.31,2025-06-12,INCOME,BANK_TRANSFER,False
Rendimento de investimento,245.35,2025-06-12,INCOME,BANK_TRANSFER,False
Streaming,24.38,2025-06-12,EXPENSE,BOLETO,True
Manutencao do veiculo,1065.34,2025-06-12,EXPENSE,PIX,False
Rendimento de investimento,355.81,2025-06-12,INCOME,PIX,False
Eletronicos,1261.08,2025-06-12,EXPENSE,DEBIT_CARD,False
Plano de saude,721.41,2025-06-12,EXPENSE,CREDIT_CARD,True
Reembolso empresarial,762.96,2025-06-12,INCOME,BANK_TRANSFER,False
Transferencia recebida,2002.92,2025-06-12,INCOME,PIX,False
Conta de energia,215.1,2025-06-13,EXPENSE,CASH,True
Transferencia recebida,881.1,2025-06-13,INCOME,PIX,False
Conta de agua,135.96,2025-06-13,EXPENSE,BANK_TRANSFER,True
Aluguel residencial,2530.74,2025-06-13,EXPENSE,BOLETO,True
Passagem aerea,1026.85,2025-06-13,EXPENSE,PIX,False
Plano de saude,616.28,2025-06-13,EXPENSE,BOLETO,True
Salario mensal,6765.41,2025-06-13,INCOME,BANK_TRANSFER,True
Combustivel,160.48,2025-06-13,EXPENSE,BOLETO,False
Curso online,321.59,2025-06-13,EXPENSE,BOLETO,False
Conta de agua,125.45,2025-06-13,EXPENSE,CREDIT_CARD,True
Bonus profissional,2360.34,2025-06-13,INCOME,PIX,False
Rendimento de investimento,485.28,2025-06-14,INCOME,PIX,True
Transferencia recebida,1259.17,2025-06-14,INCOME,BANK_TRANSFER,False
Combustivel,107.82,2025-06-14,EXPENSE,PIX,False
Plano de saude,242.18,2025-06-14,EXPENSE,CASH,True
Conta de agua,68.18,2025-06-14,EXPENSE,CASH,True
Doacao,167.85,2025-06-14,EXPENSE,PIX,False
Reembolso empresarial,725.21,2025-06-14,INCOME,BANK_TRANSFER,False
Aluguel recebido,2057.76,2025-06-14,INCOME,PIX,True
Aplicativo de transporte,36.0,2025-06-14,EXPENSE,PIX,False
Aluguel recebido,2231.35,2025-06-14,INCOME,BANK_TRANSFER,False
Combustivel,251.7,2025-06-14,EXPENSE,BANK_TRANSFER,False
Transferencia recebida,1398.75,2025-06-15,INCOME,BANK_TRANSFER,False
Bonus profissional,3435.98,2025-06-15,INCOME,BANK_TRANSFER,False
Combustivel,197.84,2025-06-15,EXPENSE,BOLETO,False
Eletronicos,3578.72,2025-06-15,EXPENSE,PIX,False
Transferencia recebida,1031.53,2025-06-15,INCOME,PIX,False
Internet residencial,136.96,2025-06-15,EXPENSE,PIX,True
Manutencao do veiculo,287.28,2025-06-15,EXPENSE,PIX,False
Loja de roupas,144.93,2025-06-15,EXPENSE,BANK_TRANSFER,False
Plano de saude,599.97,2025-06-15,EXPENSE,CREDIT_CARD,False
Internet residencial,117.54,2025-06-15,EXPENSE,BOLETO,False
Veterinario,751.74,2025-06-15,EXPENSE,DEBIT_CARD,False
Restituicao de imposto,2272.45,2025-06-15,INCOME,BANK_TRANSFER,False
Salario mensal,9718.53,2025-06-15,INCOME,BANK_TRANSFER,True
Aplicativo de transporte,41.85,2025-06-15,EXPENSE,CREDIT_CARD,False
Dividendos,533.28,2025-06-15,INCOME,PIX,True
Farmacia,32.33,2025-06-16,EXPENSE,DEBIT_CARD,False
Plano de celular,68.42,2025-06-16,EXPENSE,PIX,True
Conta de agua,89.87,2025-06-16,EXPENSE,BANK_TRANSFER,True
Plano de celular,124.53,2025-06-16,EXPENSE,BOLETO,False
Bonus profissional,1768.07,2025-06-16,INCOME,PIX,False
Doacao,169.83,2025-06-16,EXPENSE,CASH,False
Venda de produto,1225.59,2025-06-16,INCOME,PIX,False
Transferencia recebida,182.54,2025-06-16,INCOME,PIX,False
Viagem e hospedagem,1815.69,2025-06-16,EXPENSE,PIX,False
Plano de saude,363.95,2025-06-16,EXPENSE,CREDIT_CARD,True
Pagamento freelance,1743.69,2025-06-16,INCOME,BANK_TRANSFER,False
Livraria,150.62,2025-06-16,EXPENSE,BANK_TRANSFER,False
Livraria,118.19,2025-06-16,EXPENSE,BOLETO,False
Aplicativo de transporte,73.93,2025-06-16,EXPENSE,BOLETO,False
Aplicativo de transporte,42.98,2025-06-16,EXPENSE,BANK_TRANSFER,False
Condominio,528.99,2025-06-17,EXPENSE,BOLETO,True
Reembolso empresarial,550.37,2025-06-17,INCOME,BANK_TRANSFER,False
Farmacia,202.73,2025-06-17,EXPENSE,CASH,False
Curso online,553.58,2025-06-17,EXPENSE,BANK_TRANSFER,False
Combustivel,230.65,2025-06-17,EXPENSE,BOLETO,False
Internet residencial,81.39,2025-06-17,EXPENSE,CREDIT_CARD,True
Pet shop,83.28,2025-06-17,EXPENSE,BOLETO,False
Pet shop,116.32,2025-06-17,EXPENSE,BOLETO,False
Plano de saude,1082.9,2025-06-17,EXPENSE,PIX,True
Streaming,60.74,2025-06-17,EXPENSE,DEBIT_CARD,True
Supermercado,225.0,2025-06-17,EXPENSE,BANK_TRANSFER,False
Pet shop,186.46,2025-06-18,EXPENSE,CREDIT_CARD,False
Dividendos,500.39,2025-06-18,INCOME,BANK_TRANSFER,True
Supermercado,304.99,2025-06-18,EXPENSE,BANK_TRANSFER,False
Cinema e lazer,128.93,2025-06-18,EXPENSE,PIX,False
Transferencia recebida,1857.12,2025-06-18,INCOME,BANK_TRANSFER,False
Loja de roupas,189.0,2025-06-18,EXPENSE,DEBIT_CARD,False
Curso online,519.26,2025-06-18,EXPENSE,DEBIT_CARD,False
Loja de roupas,153.9,2025-06-18,EXPENSE,CASH,False
Passagem aerea,1052.09,2025-06-18,EXPENSE,BANK_TRANSFER,False
Eletronicos,1582.75,2025-06-19,EXPENSE,PIX,False
Pet shop,166.02,2025-06-19,EXPENSE,CREDIT_CARD,False
Impostos e taxas,1453.39,2025-06-19,EXPENSE,PIX,False
Salario mensal,9652.4,2025-06-19,INCOME,BANK_TRANSFER,True
Bonus profissional,3470.01,2025-06-19,INCOME,PIX,False
Reembolso empresarial,447.83,2025-06-19,INCOME,PIX,False
Restaurante,199.63,2025-06-19,EXPENSE,DEBIT_CARD,False
Impostos e taxas,213.01,2025-06-19,EXPENSE,CREDIT_CARD,False
Delivery de comida,169.29,2025-06-19,EXPENSE,DEBIT_CARD,False
Dividendos,442.68,2025-06-20,INCOME,BANK_TRANSFER,False
Delivery de comida,172.49,2025-06-20,EXPENSE,DEBIT_CARD,False
Padaria,60.75,2025-06-20,EXPENSE,DEBIT_CARD,False
Venda de produto,811.82,2025-06-20,INCOME,BANK_TRANSFER,False
Passagem aerea,1002.34,2025-06-20,EXPENSE,BANK_TRANSFER,False
Pagamento freelance,3635.87,2025-06-20,INCOME,BANK_TRANSFER,False
Curso online,332.84,2025-06-20,EXPENSE,CASH,False
Internet residencial,124.59,2025-06-20,EXPENSE,PIX,True
Cinema e lazer,108.87,2025-06-20,EXPENSE,BOLETO,False
Seguro do veiculo,257.47,2025-06-20,EXPENSE,BOLETO,True
Restaurante,159.52,2025-06-21,EXPENSE,BOLETO,False
Combustivel,112.37,2025-06-21,EXPENSE,BOLETO,False
Dividendos,265.1,2025-06-21,INCOME,BANK_TRANSFER,True
Streaming,34.94,2025-06-21,EXPENSE,CASH,True
Plano de celular,93.92,2025-06-21,EXPENSE,CREDIT_CARD,True
Salario mensal,7682.67,2025-06-21,INCOME,BANK_TRANSFER,True
Seguro do veiculo,325.04,2025-06-21,EXPENSE,BANK_TRANSFER,True
Padaria,75.33,2025-06-21,EXPENSE,BOLETO,False
Restaurante,87.87,2025-06-21,EXPENSE,PIX,False
Internet residencial,84.0,2025-06-21,EXPENSE,BANK_TRANSFER,False
Aluguel residencial,2560.5,2025-06-21,EXPENSE,BOLETO,False
Venda de produto,291.13,2025-06-21,INCOME,PIX,False
Pagamento freelance,3521.54,2025-06-21,INCOME,PIX,False
Veterinario,532.07,2025-06-21,EXPENSE,BANK_TRANSFER,False
Streaming,61.61,2025-06-21,EXPENSE,BOLETO,True
Conta de energia,508.41,2025-06-22,EXPENSE,CASH,True
Restaurante,118.26,2025-06-22,EXPENSE,DEBIT_CARD,False
Estacionamento,10.08,2025-06-22,EXPENSE,CREDIT_CARD,False
Loja de roupas,377.69,2025-06-22,EXPENSE,BANK_TRANSFER,False
Estacionamento,53.15,2025-06-22,EXPENSE,BANK_TRANSFER,False
Streaming,52.03,2025-06-22,EXPENSE,BANK_TRANSFER,False
Seguro do veiculo,379.61,2025-06-22,EXPENSE,BOLETO,True
Aluguel residencial,2743.05,2025-06-22,EXPENSE,BANK_TRANSFER,True
Streaming,59.28,2025-06-22,EXPENSE,CASH,False
Seguro do veiculo,348.66,2025-06-22,EXPENSE,PIX,True
Aplicativo de transporte,17.6,2025-06-23,EXPENSE,BOLETO,False
Doacao,248.33,2025-06-23,EXPENSE,BANK_TRANSFER,False
Reembolso empresarial,667.52,2025-06-23,INCOME,PIX,False
Condominio,686.94,2025-06-23,EXPENSE,CREDIT_CARD,True
Doacao,170.54,2025-06-23,EXPENSE,BANK_TRANSFER,False
Supermercado,183.63,2025-06-23,EXPENSE,CREDIT_CARD,False
Loja de roupas,283.8,2025-06-23,EXPENSE,DEBIT_CARD,False
Restituicao de imposto,1870.22,2025-06-23,INCOME,BANK_TRANSFER,False
Estacionamento,43.21,2025-06-23,EXPENSE,CASH,False
Internet residencial,92.08,2025-06-23,EXPENSE,CASH,True
Impostos e taxas,1597.5,2025-06-23,EXPENSE,BOLETO,False
Venda de produto,1114.51,2025-06-23,INCOME,BANK_TRANSFER,False
Conta de energia,189.62,2025-06-23,EXPENSE,DEBIT_CARD,True
Conta de energia,315.86,2025-06-23,EXPENSE,DEBIT_CARD,True
Salario mensal,7409.02,2025-06-24,INCOME,PIX,True
Veterinario,771.91,2025-06-24,EXPENSE,CREDIT_CARD,False
Impostos e taxas,455.28,2025-06-24,EXPENSE,CREDIT_CARD,False
Livraria,167.4,2025-06-24,EXPENSE,CREDIT_CARD,False
Supermercado,206.12,2025-06-24,EXPENSE,BANK_TRANSFER,False
Conta de energia,339.97,2025-06-24,EXPENSE,DEBIT_CARD,True
Aplicativo de transporte,29.38,2025-06-24,EXPENSE,CREDIT_CARD,False
Delivery de comida,109.7,2025-06-24,EXPENSE,CREDIT_CARD,False
Internet residencial,123.09,2025-06-24,EXPENSE,BANK_TRANSFER,True
Passagem aerea,754.29,2025-06-25,EXPENSE,CASH,False
Veterinario,401.87,2025-06-25,EXPENSE,BANK_TRANSFER,False
Salario mensal,8562.88,2025-06-25,INCOME,BANK_TRANSFER,True
Aluguel residencial,2817.7,2025-06-25,EXPENSE,PIX,True
Academia,75.43,2025-06-25,EXPENSE,DEBIT_CARD,True
Loja de roupas,187.62,2025-06-25,EXPENSE,BOLETO,False
Farmacia,307.01,2025-06-25,EXPENSE,DEBIT_CARD,False
Viagem e hospedagem,2211.65,2025-06-25,EXPENSE,BOLETO,False
Estacionamento,46.01,2025-06-25,EXPENSE,CREDIT_CARD,False
Transferencia recebida,1513.31,2025-06-25,INCOME,PIX,False
Aluguel recebido,3094.33,2025-06-26,INCOME,PIX,True
Pagamento freelance,2604.79,2025-06-26,INCOME,BANK_TRANSFER,False
Padaria,35.44,2025-06-26,EXPENSE,CASH,False
Rendimento de investimento,325.15,2025-06-26,INCOME,PIX,True
Padaria,34.47,2025-06-26,EXPENSE,PIX,False
Livraria,105.96,2025-06-26,EXPENSE,DEBIT_CARD,False
Dividendos,434.07,2025-06-26,INCOME,PIX,False
Supermercado,654.11,2025-06-27,EXPENSE,CREDIT_CARD,False
Venda de produto,480.4,2025-06-27,INCOME,BANK_TRANSFER,False
Plano de saude,774.36,2025-06-27,EXPENSE,DEBIT_CARD,True
Bonus profissional,2626.84,2025-06-27,INCOME,BANK_TRANSFER,False
Cinema e lazer,104.91,2025-06-27,EXPENSE,CASH,False
Reembolso empresarial,811.78,2025-06-27,INCOME,PIX,False
Supermercado,388.71,2025-06-27,EXPENSE,DEBIT_CARD,False
Academia,183.82,2025-06-27,EXPENSE,PIX,True
Farmacia,314.43,2025-06-27,EXPENSE,BOLETO,False
Passagem aerea,2294.35,2025-06-27,EXPENSE,PIX,False
Delivery de comida,74.72,2025-06-27,EXPENSE,BOLETO,False
Conta de agua,167.61,2025-06-27,EXPENSE,BANK_TRANSFER,True
Doacao,222.84,2025-06-27,EXPENSE,BANK_TRANSFER,False
Padaria,36.81,2025-06-27,EXPENSE,DEBIT_CARD,False
Farmacia,104.49,2025-06-27,EXPENSE,PIX,False
Restituicao de imposto,2420.12,2025-06-28,INCOME,PIX,False
Cinema e lazer,194.97,2025-06-28,EXPENSE,CREDIT_CARD,False
Academia,121.23,2025-06-28,EXPENSE,CREDIT_CARD,True
Supermercado,47.15,2025-06-28,EXPENSE,BANK_TRANSFER,False
Restaurante,82.96,2025-06-28,EXPENSE,CASH,False
Seguro do veiculo,408.25,2025-06-28,EXPENSE,BANK_TRANSFER,True
Aplicativo de transporte,34.23,2025-06-28,EXPENSE,CREDIT_CARD,False
Seguro do veiculo,196.56,2025-06-28,EXPENSE,CASH,True
Seguro do veiculo,340.29,2025-06-28,EXPENSE,BANK_TRANSFER,True
Farmacia,181.71,2025-06-28,EXPENSE,BANK_TRANSFER,False
Farmacia,91.82,2025-06-28,EXPENSE,PIX,False
Delivery de comida,27.77,2025-06-28,EXPENSE,CASH,False
Doacao,317.74,2025-06-28,EXPENSE,BOLETO,False
Restituicao de imposto,1061.0,2025-06-29,INCOME,PIX,False
Padaria,47.55,2025-06-29,EXPENSE,CASH,False
Padaria,32.71,2025-06-29,EXPENSE,CASH,False
Condominio,490.13,2025-06-29,EXPENSE,DEBIT_CARD,False
Dividendos,731.8,2025-06-29,INCOME,BANK_TRANSFER,True
Conta de energia,473.75,2025-06-29,EXPENSE,CASH,True
Aluguel recebido,3205.2,2025-06-29,INCOME,PIX,False
Aplicativo de transporte,45.0,2025-06-29,EXPENSE,BOLETO,False
Curso online,132.87,2025-06-30,EXPENSE,BANK_TRANSFER,False
Eletronicos,2256.09,2025-06-30,EXPENSE,CASH,False
Doacao,420.8,2025-06-30,EXPENSE,CREDIT_CARD,False
Eletronicos,250.04,2025-06-30,EXPENSE,CASH,False
Condominio,825.19,2025-06-30,EXPENSE,CREDIT_CARD,True
Aluguel residencial,3425.8,2025-06-30,EXPENSE,PIX,False
Aluguel recebido,2253.02,2025-06-30,INCOME,PIX,True
Loja de roupas,437.12,2025-06-30,EXPENSE,BANK_TRANSFER,False
Transferencia recebida,1753.27,2025-06-30,INCOME,BANK_TRANSFER,False
Viagem e hospedagem,2134.36,2025-06-30,EXPENSE,BANK_TRANSFER,False
Venda de produto,713.48,2025-06-30,INCOME,PIX,False
Pet shop,282.56,2025-07-01,EXPENSE,BANK_TRANSFER,False
Aplicativo de transporte,70.36,2025-07-01,EXPENSE,BANK_TRANSFER,False
Padaria,48.58,2025-07-01,EXPENSE,CREDIT_CARD,False
Plano de celular,147.81,2025-07-01,EXPENSE,PIX,False
Padaria,51.2,2025-07-01,EXPENSE,BANK_TRANSFER,False
Estacionamento,49.55,2025-07-01,EXPENSE,BOLETO,False
Passagem aerea,2158.92,2025-07-01,EXPENSE,CREDIT_CARD,False
Passagem aerea,1721.64,2025-07-01,EXPENSE,CASH,False
Conta de energia,230.51,2025-07-01,EXPENSE,CREDIT_CARD,False
Passagem aerea,916.29,2025-07-01,EXPENSE,BOLETO,False
Loja de roupas,485.46,2025-07-02,EXPENSE,CREDIT_CARD,False
Farmacia,95.66,2025-07-02,EXPENSE,BANK_TRANSFER,False
Doacao,210.98,2025-07-02,EXPENSE,CREDIT_CARD,False
Bonus profissional,4036.72,2025-07-02,INCOME,BANK_TRANSFER,False
Padaria,44.79,2025-07-02,EXPENSE,CREDIT_CARD,False
Supermercado,606.62,2025-07-02,EXPENSE,BANK_TRANSFER,False
Salario mensal,10785.63,2025-07-02,INCOME,PIX,True
Academia,199.42,2025-07-02,EXPENSE,BANK_TRANSFER,True
Transferencia recebida,2155.06,2025-07-02,INCOME,PIX,False
Rendimento de investimento,122.43,2025-07-02,INCOME,BANK_TRANSFER,True
Condominio,564.89,2025-07-02,EXPENSE,BANK_TRANSFER,False
Streaming,52.3,2025-07-03,EXPENSE,BANK_TRANSFER,True
Supermercado,559.96,2025-07-03,EXPENSE,DEBIT_CARD,False
Estacionamento,53.6,2025-07-03,EXPENSE,BOLETO,False
Impostos e taxas,1153.68,2025-07-03,EXPENSE,BANK_TRANSFER,False
Eletronicos,1622.52,2025-07-03,EXPENSE,DEBIT_CARD,False
Condominio,466.66,2025-07-03,EXPENSE,PIX,True
Curso online,100.89,2025-07-03,EXPENSE,CREDIT_CARD,False
Eletronicos,966.19,2025-07-03,EXPENSE,BOLETO,False
Plano de celular,152.92,2025-07-03,EXPENSE,BOLETO,True
Aluguel residencial,2206.96,2025-07-03,EXPENSE,DEBIT_CARD,False
Aplicativo de transporte,30.61,2025-07-03,EXPENSE,CASH,False
Delivery de comida,110.97,2025-07-04,EXPENSE,BANK_TRANSFER,False
Internet residencial,94.4,2025-07-04,EXPENSE,BANK_TRANSFER,False
Reembolso empresarial,616.53,2025-07-04,INCOME,PIX,False
Plano de saude,462.56,2025-07-04,EXPENSE,CASH,True
Reembolso empresarial,303.16,2025-07-04,INCOME,PIX,False
Livraria,74.94,2025-07-04,EXPENSE,PIX,False
Loja de roupas,328.53,2025-07-04,EXPENSE,DEBIT_CARD,False
Estacionamento,32.77,2025-07-04,EXPENSE,DEBIT_CARD,False
Streaming,50.87,2025-07-04,EXPENSE,DEBIT_CARD,False
Veterinario,320.94,2025-07-04,EXPENSE,CASH,False
Streaming,53.89,2025-07-04,EXPENSE,BANK_TRANSFER,True
Cinema e lazer,89.43,2025-07-04,EXPENSE,BANK_TRANSFER,False
Seguro do veiculo,343.19,2025-07-04,EXPENSE,DEBIT_CARD,True
Impostos e taxas,669.69,2025-07-04,EXPENSE,PIX,False
Pet shop,105.43,2025-07-04,EXPENSE,PIX,False
Conta de agua,93.46,2025-07-04,EXPENSE,CASH,False
Plano de saude,490.04,2025-07-04,EXPENSE,DEBIT_CARD,True
Estacionamento,43.13,2025-07-04,EXPENSE,DEBIT_CARD,False
Supermercado,498.72,2025-07-04,EXPENSE,BANK_TRANSFER,False
Restituicao de imposto,1028.13,2025-07-05,INCOME,BANK_TRANSFER,False
Curso online,361.19,2025-07-05,EXPENSE,CASH,False
Venda de produto,1003.57,2025-07-05,INCOME,BANK_TRANSFER,False
Viagem e hospedagem,2185.08,2025-07-05,EXPENSE,BANK_TRANSFER,False
Delivery de comida,105.61,2025-07-05,EXPENSE,DEBIT_CARD,False
Rendimento de investimento,334.54,2025-07-05,INCOME,BANK_TRANSFER,True
Aluguel residencial,2132.56,2025-07-05,EXPENSE,PIX,True
Combustivel,115.3,2025-07-05,EXPENSE,CASH,False
Impostos e taxas,1526.66,2025-07-05,EXPENSE,BANK_TRANSFER,False
Curso online,534.64,2025-07-06,EXPENSE,CASH,False
Plano de saude,887.84,2025-07-06,EXPENSE,CASH,True
Veterinario,400.57,2025-07-06,EXPENSE,CASH,False
Restituicao de imposto,1964.29,2025-07-06,INCOME,PIX,False
Aluguel recebido,2327.41,2025-07-06,INCOME,PIX,True
Seguro do veiculo,233.68,2025-07-06,EXPENSE,DEBIT_CARD,True
Cinema e lazer,76.53,2025-07-06,EXPENSE,CREDIT_CARD,False
Padaria,19.6,2025-07-06,EXPENSE,PIX,False
Farmacia,133.11,2025-07-06,EXPENSE,BANK_TRANSFER,False
Veterinario,664.51,2025-07-07,EXPENSE,DEBIT_CARD,False
Dividendos,258.66,2025-07-07,INCOME,BANK_TRANSFER,True
Manutencao do veiculo,1291.29,2025-07-07,EXPENSE,CREDIT_CARD,False
Condominio,551.61,2025-07-07,EXPENSE,CASH,True
Supermercado,185.7,2025-07-07,EXPENSE,BOLETO,False
Delivery de comida,131.01,2025-07-07,EXPENSE,CASH,False
Manutencao do veiculo,825.18,2025-07-07,EXPENSE,DEBIT_CARD,False
Impostos e taxas,900.62,2025-07-07,EXPENSE,PIX,False
Loja de roupas,572.32,2025-07-07,EXPENSE,BOLETO,False
Reembolso empresarial,700.98,2025-07-07,INCOME,PIX,False
Veterinario,190.27,2025-07-07,EXPENSE,BANK_TRANSFER,False
Transferencia recebida,740.52,2025-07-08,INCOME,BANK_TRANSFER,False
Curso online,537.66,2025-07-08,EXPENSE,CASH,False
Livraria,68.35,2025-07-08,EXPENSE,BANK_TRANSFER,False
Loja de roupas,639.71,2025-07-08,EXPENSE,CREDIT_CARD,False
Delivery de comida,42.04,2025-07-08,EXPENSE,BOLETO,False
Bonus profissional,3144.36,2025-07-08,INCOME,PIX,False
Curso online,475.71,2025-07-08,EXPENSE,BANK_TRANSFER,False
Pagamento freelance,2809.19,2025-07-08,INCOME,BANK_TRANSFER,False
Conta de agua,97.18,2025-07-08,EXPENSE,CASH,False
Combustivel,135.59,2025-07-08,EXPENSE,BANK_TRANSFER,False
Curso online,233.31,2025-07-08,EXPENSE,DEBIT_CARD,False
Transferencia recebida,1245.8,2025-07-09,INCOME,PIX,False
Plano de saude,968.61,2025-07-09,EXPENSE,BOLETO,True
Aluguel recebido,3085.68,2025-07-09,INCOME,PIX,False
Bonus profissional,3169.85,2025-07-09,INCOME,PIX,False
Restituicao de imposto,2037.73,2025-07-09,INCOME,BANK_TRANSFER,False
Plano de celular,65.8,2025-07-09,EXPENSE,CREDIT_CARD,True
Restaurante,161.44,2025-07-09,EXPENSE,BOLETO,False
Estacionamento,45.14,2025-07-09,EXPENSE,CREDIT_CARD,False
Cinema e lazer,144.81,2025-07-09,EXPENSE,CASH,False
Pet shop,232.98,2025-07-09,EXPENSE,PIX,False
Viagem e hospedagem,1186.8,2025-07-09,EXPENSE,PIX,False
Supermercado,456.2,2025-07-09,EXPENSE,DEBIT_CARD,False
Salario mensal,8585.49,2025-07-09,INCOME,PIX,True
Streaming,31.41,2025-07-09,EXPENSE,CASH,True
Delivery de comida,116.47,2025-07-09,EXPENSE,CASH,False
Condominio,566.74,2025-07-09,EXPENSE,BOLETO,True
Venda de produto,579.99,2025-07-10,INCOME,PIX,False
Academia,103.78,2025-07-10,EXPENSE,PIX,True
Conta de agua,38.74,2025-07-10,EXPENSE,BANK_TRANSFER,False
Streaming,80.37,2025-07-10,EXPENSE,PIX,True
Restaurante,109.69,2025-07-10,EXPENSE,PIX,False
Doacao,349.99,2025-07-10,EXPENSE,BOLETO,False
Pet shop,130.3,2025-07-10,EXPENSE,DEBIT_CARD,False
Bonus profissional,2631.94,2025-07-10,INCOME,PIX,False
Aplicativo de transporte,32.67,2025-07-10,EXPENSE,PIX,False
Manutencao do veiculo,490.54,2025-07-10,EXPENSE,PIX,False
Seguro do veiculo,412.99,2025-07-11,EXPENSE,CREDIT_CARD,True
Manutencao do veiculo,873.34,2025-07-11,EXPENSE,CASH,False
Curso online,252.9,2025-07-11,EXPENSE,DEBIT_CARD,False
Rendimento de investimento,343.55,2025-07-11,INCOME,BANK_TRANSFER,True
Delivery de comida,132.91,2025-07-11,EXPENSE,BANK_TRANSFER,False
Eletronicos,2348.48,2025-07-11,EXPENSE,BANK_TRANSFER,False
Manutencao do veiculo,582.39,2025-07-11,EXPENSE,PIX,False
Salario mensal,6646.56,2025-07-12,INCOME,BANK_TRANSFER,False
Combustivel,105.58,2025-07-12,EXPENSE,CASH,False
Streaming,25.54,2025-07-12,EXPENSE,CASH,True
Reembolso empresarial,575.96,2025-07-12,INCOME,BANK_TRANSFER,False
Aplicativo de transporte,87.02,2025-07-12,EXPENSE,BOLETO,False
Passagem aerea,1876.59,2025-07-12,EXPENSE,BOLETO,False
Pagamento freelance,2460.88,2025-07-12,INCOME,PIX,False
Eletronicos,1824.86,2025-07-12,EXPENSE,CASH,False
Dividendos,523.69,2025-07-12,INCOME,PIX,True
Conta de agua,64.06,2025-07-12,EXPENSE,CREDIT_CARD,False
Veterinario,377.02,2025-07-12,EXPENSE,CREDIT_CARD,False
Salario mensal,4270.55,2025-07-12,INCOME,BANK_TRANSFER,True
Academia,204.09,2025-07-12,EXPENSE,CASH,True
Pagamento freelance,3971.4,2025-07-12,INCOME,PIX,False
Streaming,42.48,2025-07-13,EXPENSE,PIX,False
Livraria,67.39,2025-07-13,EXPENSE,PIX,False
Farmacia,151.39,2025-07-13,EXPENSE,BANK_TRANSFER,False
Aluguel residencial,2633.53,2025-07-13,EXPENSE,DEBIT_CARD,True
Eletronicos,1547.85,2025-07-13,EXPENSE,DEBIT_CARD,False
Eletronicos,2992.3,2025-07-13,EXPENSE,BOLETO,False
Reembolso empresarial,532.31,2025-07-13,INCOME,BANK_TRANSFER,False
Estacionamento,26.79,2025-07-13,EXPENSE,BANK_TRANSFER,False
Aluguel recebido,2723.07,2025-07-13,INCOME,BANK_TRANSFER,True
Salario mensal,5717.09,2025-07-14,INCOME,BANK_TRANSFER,True
Plano de saude,810.09,2025-07-14,EXPENSE,BOLETO,True
Internet residencial,178.78,2025-07-14,EXPENSE,CASH,True
Dividendos,671.55,2025-07-14,INCOME,BANK_TRANSFER,True
Manutencao do veiculo,1232.44,2025-07-14,EXPENSE,DEBIT_CARD,False
Pagamento freelance,2106.42,2025-07-14,INCOME,BANK_TRANSFER,False
Venda de produto,922.86,2025-07-14,INCOME,BANK_TRANSFER,False
Livraria,120.38,2025-07-15,EXPENSE,BOLETO,False
Transferencia recebida,1505.93,2025-07-15,INCOME,BANK_TRANSFER,False
Padaria,38.49,2025-07-15,EXPENSE,DEBIT_CARD,False
Delivery de comida,88.83,2025-07-15,EXPENSE,BOLETO,False
Estacionamento,15.31,2025-07-15,EXPENSE,BOLETO,False
Plano de saude,294.79,2025-07-15,EXPENSE,PIX,False
Academia,122.56,2025-07-15,EXPENSE,CREDIT_CARD,True
Padaria,77.33,2025-07-15,EXPENSE,BANK_TRANSFER,False
Padaria,32.33,2025-07-15,EXPENSE,DEBIT_CARD,False
Impostos e taxas,593.81,2025-07-16,EXPENSE,BOLETO,False
Restaurante,175.75,2025-07-16,EXPENSE,CREDIT_CARD,False
Condominio,546.57,2025-07-16,EXPENSE,DEBIT_CARD,True
Restituicao de imposto,1909.57,2025-07-16,INCOME,BANK_TRANSFER,False
Reembolso empresarial,820.16,2025-07-16,INCOME,PIX,False
Cinema e lazer,93.14,2025-07-16,EXPENSE,CREDIT_CARD,False
Supermercado,130.83,2025-07-16,EXPENSE,CREDIT_CARD,False
Delivery de comida,118.43,2025-07-16,EXPENSE,PIX,False
Conta de energia,342.61,2025-07-16,EXPENSE,CASH,False
Venda de produto,1473.12,2025-07-16,INCOME,BANK_TRANSFER,False
Plano de saude,341.52,2025-07-16,EXPENSE,BOLETO,True
Rendimento de investimento,287.71,2025-07-17,INCOME,BANK_TRANSFER,True
Pet shop,249.04,2025-07-17,EXPENSE,DEBIT_CARD,False
Impostos e taxas,571.26,2025-07-17,EXPENSE,BOLETO,False
Aluguel residencial,2604.83,2025-07-17,EXPENSE,PIX,True
Plano de celular,86.15,2025-07-17,EXPENSE,CREDIT_CARD,True
Passagem aerea,657.21,2025-07-17,EXPENSE,PIX,False
Cinema e lazer,159.81,2025-07-17,EXPENSE,CREDIT_CARD,False
Condominio,413.28,2025-07-17,EXPENSE,PIX,True
Combustivel,289.43,2025-07-17,EXPENSE,DEBIT_CARD,False
Plano de saude,648.83,2025-07-17,EXPENSE,CASH,True
Loja de roupas,302.43,2025-07-17,EXPENSE,BANK_TRANSFER,False
Internet residencial,195.83,2025-07-17,EXPENSE,BOLETO,True
Combustivel,226.42,2025-07-18,EXPENSE,CASH,False
Curso online,202.62,2025-07-18,EXPENSE,CASH,False
Doacao,186.48,2025-07-18,EXPENSE,CASH,False
Conta de agua,73.8,2025-07-18,EXPENSE,CASH,True
Internet residencial,100.41,2025-07-18,EXPENSE,DEBIT_CARD,False
Restituicao de imposto,1242.92,2025-07-18,INCOME,PIX,False
Passagem aerea,2615.56,2025-07-18,EXPENSE,BANK_TRANSFER,False
Seguro do veiculo,323.66,2025-07-18,EXPENSE,DEBIT_CARD,False
Rendimento de investimento,399.82,2025-07-19,INCOME,PIX,False
Aluguel recebido,1642.5,2025-07-19,INCOME,BANK_TRANSFER,True
Padaria,41.99,2025-07-19,EXPENSE,DEBIT_CARD,False
Academia,147.18,2025-07-19,EXPENSE,BOLETO,True
Conta de energia,232.06,2025-07-19,EXPENSE,BANK_TRANSFER,True
Conta de energia,427.68,2025-07-19,EXPENSE,BANK_TRANSFER,True
Farmacia,51.92,2025-07-19,EXPENSE,BOLETO,False
Academia,93.47,2025-07-19,EXPENSE,PIX,True
Reembolso empresarial,342.79,2025-07-19,INCOME,PIX,False
Condominio,643.82,2025-07-19,EXPENSE,BANK_TRANSFER,True
Pagamento freelance,3101.64,2025-07-19,INCOME,PIX,False
Aplicativo de transporte,64.53,2025-07-19,EXPENSE,BOLETO,False
Pet shop,195.99,2025-07-19,EXPENSE,PIX,False
Padaria,34.17,2025-07-19,EXPENSE,BOLETO,False
Dividendos,360.08,2025-07-20,INCOME,BANK_TRANSFER,False
Restaurante,67.67,2025-07-20,EXPENSE,BOLETO,False
Livraria,120.37,2025-07-20,EXPENSE,DEBIT_CARD,False
Restituicao de imposto,1880.41,2025-07-20,INCOME,PIX,False
Dividendos,434.5,2025-07-21,INCOME,BANK_TRANSFER,False
Transferencia recebida,1388.46,2025-07-21,INCOME,BANK_TRANSFER,False
Pet shop,61.76,2025-07-21,EXPENSE,CREDIT_CARD,False
Aplicativo de transporte,53.75,2025-07-21,EXPENSE,BANK_TRANSFER,False
Doacao,166.82,2025-07-21,EXPENSE,PIX,False
Doacao,92.63,2025-07-21,EXPENSE,CASH,False
Aluguel recebido,1470.61,2025-07-21,INCOME,PIX,True
Seguro do veiculo,114.44,2025-07-21,EXPENSE,DEBIT_CARD,True
Conta de agua,56.32,2025-07-21,EXPENSE,CREDIT_CARD,False
Viagem e hospedagem,1541.13,2025-07-21,EXPENSE,DEBIT_CARD,False
Viagem e hospedagem,849.42,2025-07-21,EXPENSE,DEBIT_CARD,False
Cinema e lazer,160.43,2025-07-21,EXPENSE,PIX,False
Conta de energia,540.73,2025-07-21,EXPENSE,DEBIT_CARD,True
Combustivel,300.75,2025-07-22,EXPENSE,DEBIT_CARD,False
Viagem e hospedagem,1374.34,2025-07-22,EXPENSE,DEBIT_CARD,False
Conta de energia,349.36,2025-07-22,EXPENSE,DEBIT_CARD,True
Restaurante,242.99,2025-07-22,EXPENSE,BOLETO,False
Farmacia,46.07,2025-07-22,EXPENSE,PIX,False
Aluguel residencial,3012.1,2025-07-22,EXPENSE,PIX,True
Aplicativo de transporte,29.69,2025-07-22,EXPENSE,CREDIT_CARD,False
Academia,152.67,2025-07-22,EXPENSE,CASH,True
Doacao,72.45,2025-07-22,EXPENSE,DEBIT_CARD,False
Plano de celular,75.45,2025-07-23,EXPENSE,BANK_TRANSFER,True
Supermercado,625.65,2025-07-23,EXPENSE,BOLETO,False
Estacionamento,31.56,2025-07-23,EXPENSE,BANK_TRANSFER,False
Internet residencial,114.41,2025-07-23,EXPENSE,DEBIT_CARD,False
Passagem aerea,1157.15,2025-07-23,EXPENSE,CREDIT_CARD,False
Farmacia,96.16,2025-07-23,EXPENSE,DEBIT_CARD,False
Dividendos,648.38,2025-07-23,INCOME,BANK_TRANSFER,False
Seguro do veiculo,399.99,2025-07-23,EXPENSE,DEBIT_CARD,True
Pagamento freelance,1914.46,2025-07-23,INCOME,PIX,False
Conta de energia,348.33,2025-07-23,EXPENSE,BOLETO,True
Pagamento freelance,2152.25,2025-07-23,INCOME,PIX,False
Supermercado,412.8,2025-07-23,EXPENSE,DEBIT_CARD,False
Combustivel,182.25,2025-07-23,EXPENSE,PIX,False
Cinema e lazer,66.19,2025-07-23,EXPENSE,CASH,False
Plano de celular,120.35,2025-07-23,EXPENSE,PIX,True
Venda de produto,426.97,2025-07-24,INCOME,PIX,False
Streaming,51.75,2025-07-24,EXPENSE,BANK_TRANSFER,True
Bonus profissional,2211.13,2025-07-24,INCOME,PIX,False
Livraria,238.07,2025-07-24,EXPENSE,DEBIT_CARD,False
Aplicativo de transporte,28.99,2025-07-24,EXPENSE,BANK_TRANSFER,False
Condominio,937.05,2025-07-24,EXPENSE,BOLETO,True
Aluguel residencial,3585.66,2025-07-24,EXPENSE,DEBIT_CARD,True
Aluguel residencial,2187.53,2025-07-24,EXPENSE,DEBIT_CARD,True
Aluguel residencial,2223.83,2025-07-24,EXPENSE,CASH,True
Livraria,106.07,2025-07-24,EXPENSE,BOLETO,False
Padaria,31.64,2025-07-25,EXPENSE,BANK_TRANSFER,False
Restaurante,224.55,2025-07-25,EXPENSE,CREDIT_CARD,False
Cinema e lazer,102.08,2025-07-25,EXPENSE,PIX,False
Conta de agua,142.53,2025-07-25,EXPENSE,DEBIT_CARD,True
Farmacia,255.38,2025-07-25,EXPENSE,BANK_TRANSFER,False
Restituicao de imposto,1275.23,2025-07-25,INCOME,BANK_TRANSFER,False
Eletronicos,3412.34,2025-07-25,EXPENSE,CREDIT_CARD,False
Aluguel recebido,2964.25,2025-07-25,INCOME,PIX,True
Venda de produto,1560.48,2025-07-25,INCOME,PIX,False
Impostos e taxas,970.88,2025-07-26,EXPENSE,BANK_TRANSFER,False
Pet shop,151.59,2025-07-26,EXPENSE,PIX,False
Plano de celular,127.9,2025-07-26,EXPENSE,PIX,True
Veterinario,369.51,2025-07-26,EXPENSE,BOLETO,False
Livraria,177.39,2025-07-26,EXPENSE,DEBIT_CARD,False
Rendimento de investimento,553.15,2025-07-26,INCOME,PIX,True
Loja de roupas,514.74,2025-07-26,EXPENSE,BANK_TRANSFER,False
Doacao,181.49,2025-07-26,EXPENSE,PIX,False
Loja de roupas,301.77,2025-07-26,EXPENSE,PIX,False
Passagem aerea,2321.63,2025-07-26,EXPENSE,BANK_TRANSFER,False
Estacionamento,20.1,2025-07-27,EXPENSE,DEBIT_CARD,False
Combustivel,128.5,2025-07-27,EXPENSE,BOLETO,False
Livraria,99.86,2025-07-27,EXPENSE,CASH,False
Aplicativo de transporte,19.45,2025-07-27,EXPENSE,DEBIT_CARD,False
Plano de celular,74.87,2025-07-27,EXPENSE,BANK_TRANSFER,True
Bonus profissional,2324.47,2025-07-27,INCOME,PIX,False
Venda de produto,1440.09,2025-07-27,INCOME,BANK_TRANSFER,False
Pet shop,180.39,2025-07-27,EXPENSE,BOLETO,False
Internet residencial,87.74,2025-07-28,EXPENSE,BOLETO,True
Impostos e taxas,521.23,2025-07-28,EXPENSE,DEBIT_CARD,False
Restaurante,115.57,2025-07-28,EXPENSE,BANK_TRANSFER,False
Loja de roupas,325.7,2025-07-28,EXPENSE,CASH,False
Academia,153.05,2025-07-29,EXPENSE,DEBIT_CARD,True
Academia,236.43,2025-07-29,EXPENSE,CASH,True
Plano de celular,94.39,2025-07-29,EXPENSE,CASH,True
Transferencia recebida,1502.41,2025-07-29,INCOME,BANK_TRANSFER,False
Transferencia recebida,408.89,2025-07-29,INCOME,PIX,False
Viagem e hospedagem,2039.39,2025-07-29,EXPENSE,BANK_TRANSFER,False
Aluguel recebido,2871.31,2025-07-29,INCOME,BANK_TRANSFER,True
Veterinario,282.87,2025-07-29,EXPENSE,CREDIT_CARD,False
Supermercado,221.56,2025-07-29,EXPENSE,DEBIT_CARD,False
Internet residencial,102.95,2025-07-29,EXPENSE,DEBIT_CARD,True
Manutencao do veiculo,417.65,2025-07-29,EXPENSE,PIX,False
Salario mensal,5273.87,2025-07-29,INCOME,BANK_TRANSFER,True
Cinema e lazer,143.19,2025-07-29,EXPENSE,CREDIT_CARD,False
Viagem e hospedagem,2936.2,2025-07-30,EXPENSE,CASH,False
Veterinario,198.98,2025-07-30,EXPENSE,DEBIT_CARD,False
Impostos e taxas,993.72,2025-07-30,EXPENSE,DEBIT_CARD,False
Restituicao de imposto,1849.54,2025-07-30,INCOME,BANK_TRANSFER,False
Combustivel,197.77,2025-07-30,EXPENSE,BANK_TRANSFER,False
Doacao,228.41,2025-07-30,EXPENSE,DEBIT_CARD,False
Internet residencial,153.18,2025-07-31,EXPENSE,BANK_TRANSFER,True
Eletronicos,2051.97,2025-07-31,EXPENSE,CREDIT_CARD,False
Conta de agua,173.25,2025-07-31,EXPENSE,CREDIT_CARD,False
Seguro do veiculo,318.8,2025-07-31,EXPENSE,BOLETO,True
Dividendos,614.59,2025-07-31,INCOME,PIX,True
Dividendos,621.17,2025-07-31,INCOME,BANK_TRANSFER,True
Rendimento de investimento,459.54,2025-07-31,INCOME,BANK_TRANSFER,True
Restaurante,195.37,2025-07-31,EXPENSE,BANK_TRANSFER,False
Conta de energia,549.03,2025-07-31,EXPENSE,CREDIT_CARD,True
Cinema e lazer,147.96,2025-08-01,EXPENSE,DEBIT_CARD,False
Aluguel residencial,2177.8,2025-08-01,EXPENSE,CREDIT_CARD,True
Pagamento freelance,2284.43,2025-08-01,INCOME,PIX,False
Pagamento freelance,3402.24,2025-08-01,INCOME,BANK_TRANSFER,False
Bonus profissional,2672.94,2025-08-01,INCOME,BANK_TRANSFER,False
Cinema e lazer,64.15,2025-08-01,EXPENSE,PIX,False
Aplicativo de transporte,37.01,2025-08-01,EXPENSE,BOLETO,False
Seguro do veiculo,319.85,2025-08-01,EXPENSE,CASH,True
Pet shop,61.83,2025-08-01,EXPENSE,PIX,False
Loja de roupas,544.19,2025-08-01,EXPENSE,BOLETO,False
Loja de roupas,418.74,2025-08-01,EXPENSE,DEBIT_CARD,False
Dividendos,465.19,2025-08-01,INCOME,PIX,True
Veterinario,428.95,2025-08-02,EXPENSE,CASH,False
Conta de agua,164.13,2025-08-02,EXPENSE,CREDIT_CARD,True
Curso online,213.69,2025-08-02,EXPENSE,CASH,False
Delivery de comida,55.12,2025-08-02,EXPENSE,BOLETO,False
Conta de agua,143.97,2025-08-02,EXPENSE,CREDIT_CARD,False
Eletronicos,3430.43,2025-08-02,EXPENSE,PIX,False
Manutencao do veiculo,937.54,2025-08-02,EXPENSE,DEBIT_CARD,False
Combustivel,105.34,2025-08-02,EXPENSE,BANK_TRANSFER,False
Doacao,142.66,2025-08-03,EXPENSE,CREDIT_CARD,False
Plano de saude,886.39,2025-08-03,EXPENSE,BOLETO,True
Livraria,160.3,2025-08-03,EXPENSE,DEBIT_CARD,False
Reembolso empresarial,447.98,2025-08-03,INCOME,BANK_TRANSFER,False
Estacionamento,42.41,2025-08-03,EXPENSE,PIX,False
Restaurante,158.23,2025-08-03,EXPENSE,PIX,False
Dividendos,390.35,2025-08-03,INCOME,PIX,True
Restaurante,44.74,2025-08-03,EXPENSE,DEBIT_CARD,False
Streaming,45.82,2025-08-03,EXPENSE,CASH,True
Venda de produto,1013.03,2025-08-03,INCOME,PIX,False
Restituicao de imposto,2114.3,2025-08-03,INCOME,BANK_TRANSFER,False
Padaria,41.74,2025-08-03,EXPENSE,CASH,False
Padaria,43.78,2025-08-03,EXPENSE,DEBIT_CARD,False
Venda de produto,1291.54,2025-08-03,INCOME,BANK_TRANSFER,False
Conta de energia,163.44,2025-08-04,EXPENSE,CREDIT_CARD,True
Pet shop,167.99,2025-08-04,EXPENSE,PIX,False
Veterinario,315.27,2025-08-04,EXPENSE,DEBIT_CARD,False
Delivery de comida,94.82,2025-08-04,EXPENSE,BANK_TRANSFER,False
Academia,87.26,2025-08-04,EXPENSE,CREDIT_CARD,True
Condominio,367.03,2025-08-04,EXPENSE,BANK_TRANSFER,True
Streaming,28.51,2025-08-04,EXPENSE,CASH,False
Combustivel,142.59,2025-08-04,EXPENSE,BANK_TRANSFER,False
Reembolso empresarial,700.24,2025-08-04,INCOME,BANK_TRANSFER,False
Passagem aerea,1232.19,2025-08-04,EXPENSE,BOLETO,False
Passagem aerea,1062.07,2025-08-04,EXPENSE,PIX,False
Pet shop,227.95,2025-08-04,EXPENSE,PIX,False
Seguro do veiculo,333.26,2025-08-04,EXPENSE,DEBIT_CARD,False
Plano de saude,412.87,2025-08-04,EXPENSE,DEBIT_CARD,True
Plano de celular,66.08,2025-08-05,EXPENSE,BOLETO,True
Estacionamento,16.45,2025-08-05,EXPENSE,CREDIT_CARD,False
Estacionamento,24.13,2025-08-05,EXPENSE,CASH,False
Venda de produto,1250.58,2025-08-05,INCOME,BANK_TRANSFER,False
Aluguel recebido,2349.76,2025-08-05,INCOME,BANK_TRANSFER,True
Eletronicos,2567.06,2025-08-05,EXPENSE,DEBIT_CARD,False
Academia,100.49,2025-08-05,EXPENSE,CREDIT_CARD,False
Condominio,577.25,2025-08-05,EXPENSE,CASH,True
Doacao,212.75,2025-08-05,EXPENSE,BOLETO,False
Salario mensal,10100.83,2025-08-06,INCOME,BANK_TRANSFER,True
Padaria,18.32,2025-08-07,EXPENSE,CREDIT_CARD,False
Rendimento de investimento,294.75,2025-08-07,INCOME,PIX,True
Restaurante,76.6,2025-08-07,EXPENSE,BANK_TRANSFER,False
Salario mensal,8899.74,2025-08-07,INCOME,PIX,False
Aluguel residencial,1634.55,2025-08-07,EXPENSE,CASH,True
Plano de celular,46.49,2025-08-07,EXPENSE,DEBIT_CARD,True
Viagem e hospedagem,1509.39,2025-08-07,EXPENSE,CASH,False
Plano de celular,131.04,2025-08-07,EXPENSE,PIX,True
Eletronicos,1616.72,2025-08-07,EXPENSE,PIX,False
Plano de saude,590.71,2025-08-07,EXPENSE,DEBIT_CARD,True
Reembolso empresarial,463.85,2025-08-07,INCOME,BANK_TRANSFER,False
Delivery de comida,70.68,2025-08-07,EXPENSE,BOLETO,False
Salario mensal,5026.4,2025-08-08,INCOME,BANK_TRANSFER,True
Viagem e hospedagem,904.13,2025-08-08,EXPENSE,PIX,False
Pagamento freelance,960.92,2025-08-08,INCOME,PIX,False
Farmacia,114.91,2025-08-08,EXPENSE,DEBIT_CARD,False
Transferencia recebida,1186.57,2025-08-08,INCOME,PIX,False
Academia,196.2,2025-08-08,EXPENSE,BANK_TRANSFER,True
Streaming,58.28,2025-08-08,EXPENSE,CREDIT_CARD,True
Livraria,176.32,2025-08-08,EXPENSE,BANK_TRANSFER,False
Conta de energia,274.98,2025-08-08,EXPENSE,BANK_TRANSFER,True
Loja de roupas,182.25,2025-08-09,EXPENSE,BOLETO,False
Reembolso empresarial,364.87,2025-08-09,INCOME,PIX,False
Aluguel residencial,2220.83,2025-08-09,EXPENSE,BANK_TRANSFER,True
Curso online,144.22,2025-08-09,EXPENSE,PIX,False
Veterinario,362.78,2025-08-09,EXPENSE,CREDIT_CARD,False
Estacionamento,44.38,2025-08-09,EXPENSE,BANK_TRANSFER,False
Venda de produto,1194.79,2025-08-10,INCOME,PIX,False
Viagem e hospedagem,958.86,2025-08-10,EXPENSE,CASH,False
Conta de energia,182.27,2025-08-10,EXPENSE,BOLETO,True
Supermercado,567.63,2025-08-10,EXPENSE,CASH,False
Aluguel recebido,3031.15,2025-08-10,INCOME,PIX,True
Pet shop,250.06,2025-08-10,EXPENSE,DEBIT_CARD,False
Padaria,17.41,2025-08-10,EXPENSE,CASH,False
Loja de roupas,282.34,2025-08-10,EXPENSE,DEBIT_CARD,False
Transferencia recebida,2123.77,2025-08-10,INCOME,PIX,False
Restituicao de imposto,1643.27,2025-08-10,INCOME,PIX,False
Streaming,39.17,2025-08-10,EXPENSE,BOLETO,True
Aluguel recebido,2378.92,2025-08-10,INCOME,PIX,True
Manutencao do veiculo,1079.08,2025-08-11,EXPENSE,DEBIT_CARD,False
Restituicao de imposto,2485.92,2025-08-11,INCOME,BANK_TRANSFER,False
Seguro do veiculo,167.63,2025-08-11,EXPENSE,BANK_TRANSFER,True
Rendimento de investimento,245.01,2025-08-11,INCOME,BANK_TRANSFER,True
Conta de energia,325.54,2025-08-11,EXPENSE,DEBIT_CARD,True
Livraria,51.08,2025-08-11,EXPENSE,BOLETO,False
Aluguel residencial,1320.93,2025-08-11,EXPENSE,BOLETO,True
Delivery de comida,78.87,2025-08-11,EXPENSE,CREDIT_CARD,False
Bonus profissional,1855.98,2025-08-11,INCOME,BANK_TRANSFER,False
Salario mensal,9350.01,2025-08-11,INCOME,BANK_TRANSFER,False
Cinema e lazer,109.29,2025-08-11,EXPENSE,CREDIT_CARD,False
Bonus profissional,3389.69,2025-08-11,INCOME,PIX,False
Aluguel residencial,1767.25,2025-08-12,EXPENSE,CREDIT_CARD,True
Internet residencial,173.39,2025-08-12,EXPENSE,BANK_TRANSFER,True
Viagem e hospedagem,1832.18,2025-08-12,EXPENSE,PIX,False
Aluguel recebido,2012.77,2025-08-12,INCOME,BANK_TRANSFER,True
Academia,80.55,2025-08-12,EXPENSE,PIX,True
Seguro do veiculo,175.32,2025-08-12,EXPENSE,BANK_TRANSFER,True
Passagem aerea,2342.34,2025-08-12,EXPENSE,DEBIT_CARD,False
Plano de saude,624.56,2025-08-12,EXPENSE,DEBIT_CARD,True
Academia,111.48,2025-08-13,EXPENSE,BOLETO,True
Eletronicos,1299.37,2025-08-13,EXPENSE,BOLETO,False
Passagem aerea,2483.94,2025-08-13,EXPENSE,PIX,False
Cinema e lazer,170.28,2025-08-13,EXPENSE,CREDIT_CARD,False
Seguro do veiculo,327.67,2025-08-13,EXPENSE,CASH,True
Internet residencial,88.68,2025-08-13,EXPENSE,PIX,True
Dividendos,475.79,2025-08-13,INCOME,BANK_TRANSFER,True
Farmacia,140.53,2025-08-13,EXPENSE,PIX,False
Aluguel residencial,2298.24,2025-08-13,EXPENSE,BANK_TRANSFER,True
Bonus profissional,1720.11,2025-08-13,INCOME,BANK_TRANSFER,False
Salario mensal,7897.42,2025-08-13,INCOME,BANK_TRANSFER,True
Aplicativo de transporte,61.26,2025-08-13,EXPENSE,DEBIT_CARD,False
Conta de agua,106.14,2025-08-13,EXPENSE,PIX,True
Livraria,148.58,2025-08-13,EXPENSE,CREDIT_CARD,False
Condominio,845.7,2025-08-14,EXPENSE,DEBIT_CARD,True
Eletronicos,853.34,2025-08-14,EXPENSE,BOLETO,False
Plano de saude,1160.08,2025-08-14,EXPENSE,CREDIT_CARD,True
Rendimento de investimento,242.43,2025-08-14,INCOME,PIX,True
Transferencia recebida,1681.36,2025-08-14,INCOME,BANK_TRANSFER,False
Venda de produto,639.11,2025-08-14,INCOME,BANK_TRANSFER,False
Dividendos,286.06,2025-08-14,INCOME,PIX,True
Manutencao do veiculo,1478.3,2025-08-14,EXPENSE,BOLETO,False
Combustivel,199.04,2025-08-14,EXPENSE,PIX,False
Conta de energia,454.17,2025-08-14,EXPENSE,DEBIT_CARD,True
Seguro do veiculo,368.11,2025-08-14,EXPENSE,BOLETO,True
Aplicativo de transporte,50.55,2025-08-14,EXPENSE,PIX,False
Conta de agua,139.6,2025-08-15,EXPENSE,PIX,True
Doacao,97.63,2025-08-15,EXPENSE,PIX,False
Condominio,969.63,2025-08-15,EXPENSE,BOLETO,True
Passagem aerea,969.16,2025-08-15,EXPENSE,BANK_TRANSFER,False
Rendimento de investimento,213.63,2025-08-15,INCOME,BANK_TRANSFER,False
Farmacia,58.13,2025-08-15,EXPENSE,CREDIT_CARD,False
Aplicativo de transporte,24.26,2025-08-15,EXPENSE,BANK_TRANSFER,False
Academia,148.55,2025-08-15,EXPENSE,BOLETO,True
Combustivel,101.48,2025-08-15,EXPENSE,BOLETO,False
Combustivel,298.94,2025-08-15,EXPENSE,BANK_TRANSFER,False
Manutencao do veiculo,312.55,2025-08-15,EXPENSE,BOLETO,False
Impostos e taxas,956.78,2025-08-15,EXPENSE,CASH,False
Pagamento freelance,4337.55,2025-08-15,INCOME,PIX,False
Padaria,40.88,2025-08-16,EXPENSE,PIX,False
Viagem e hospedagem,2517.96,2025-08-16,EXPENSE,CASH,False
Rendimento de investimento,297.84,2025-08-16,INCOME,PIX,True
Impostos e taxas,672.32,2025-08-16,EXPENSE,CREDIT_CARD,False
Internet residencial,90.03,2025-08-16,EXPENSE,BOLETO,True
Plano de saude,688.8,2025-08-16,EXPENSE,CASH,True
Transferencia recebida,1683.2,2025-08-16,INCOME,PIX,False
Impostos e taxas,605.83,2025-08-16,EXPENSE,BANK_TRANSFER,False
Padaria,30.94,2025-08-16,EXPENSE,CREDIT_CARD,False
Supermercado,377.61,2025-08-17,EXPENSE,DEBIT_CARD,False
Internet residencial,78.32,2025-08-17,EXPENSE,BANK_TRANSFER,True
Impostos e taxas,273.54,2025-08-17,EXPENSE,PIX,False
Curso online,151.31,2025-08-17,EXPENSE,CASH,False
Conta de energia,149.94,2025-08-17,EXPENSE,BOLETO,True
Aluguel residencial,2674.87,2025-08-17,EXPENSE,DEBIT_CARD,True
Passagem aerea,1438.96,2025-08-17,EXPENSE,BANK_TRANSFER,False
Farmacia,200.07,2025-08-17,EXPENSE,BOLETO,False
Doacao,243.15,2025-08-17,EXPENSE,BOLETO,False
Padaria,32.12,2025-08-17,EXPENSE,CASH,False
Plano de celular,127.14,2025-08-17,EXPENSE,BOLETO,True
Farmacia,227.87,2025-08-17,EXPENSE,BANK_TRANSFER,False
Supermercado,120.48,2025-08-18,EXPENSE,CASH,False
Salario mensal,10423.03,2025-08-18,INCOME,BANK_TRANSFER,True
Pagamento freelance,1906.14,2025-08-18,INCOME,PIX,False
Curso online,116.06,2025-08-18,EXPENSE,CASH,False
Aluguel recebido,3187.59,2025-08-18,INCOME,BANK_TRANSFER,True
Veterinario,495.67,2025-08-19,EXPENSE,CREDIT_CARD,False
Academia,161.96,2025-08-19,EXPENSE,PIX,True
Farmacia,71.88,2025-08-19,EXPENSE,PIX,False
Bonus profissional,3223.43,2025-08-19,INCOME,BANK_TRANSFER,False
Bonus profissional,2524.92,2025-08-19,INCOME,PIX,False
Conta de energia,389.59,2025-08-19,EXPENSE,DEBIT_CARD,True
Aluguel residencial,2194.5,2025-08-19,EXPENSE,PIX,True
Curso online,620.01,2025-08-19,EXPENSE,DEBIT_CARD,False
Transferencia recebida,1579.14,2025-08-19,INCOME,BANK_TRANSFER,False
Plano de saude,1032.05,2025-08-19,EXPENSE,CREDIT_CARD,True
Plano de celular,69.3,2025-08-19,EXPENSE,CREDIT_CARD,False
Loja de roupas,438.27,2025-08-19,EXPENSE,DEBIT_CARD,False
Passagem aerea,1783.16,2025-08-19,EXPENSE,BANK_TRANSFER,False
Internet residencial,128.86,2025-08-20,EXPENSE,PIX,True
Reembolso empresarial,426.28,2025-08-20,INCOME,BANK_TRANSFER,False
Streaming,50.96,2025-08-20,EXPENSE,CASH,True
Pagamento freelance,3622.45,2025-08-20,INCOME,PIX,False
Aplicativo de transporte,24.92,2025-08-20,EXPENSE,DEBIT_CARD,False
Impostos e taxas,750.76,2025-08-20,EXPENSE,CREDIT_CARD,False
Dividendos,500.67,2025-08-20,INCOME,BANK_TRANSFER,True
Eletronicos,1461.02,2025-08-20,EXPENSE,DEBIT_CARD,False
Conta de agua,130.94,2025-08-20,EXPENSE,DEBIT_CARD,True
Restituicao de imposto,1314.75,2025-08-21,INCOME,BANK_TRANSFER,False
Venda de produto,1186.69,2025-08-21,INCOME,PIX,False
Reembolso empresarial,478.66,2025-08-21,INCOME,PIX,False
Condominio,842.07,2025-08-21,EXPENSE,PIX,True
Rendimento de investimento,387.91,2025-08-21,INCOME,BANK_TRANSFER,False
Streaming,35.44,2025-08-21,EXPENSE,BANK_TRANSFER,True
Streaming,72.29,2025-08-21,EXPENSE,CASH,True
Aplicativo de transporte,35.05,2025-08-21,EXPENSE,DEBIT_CARD,False
Restituicao de imposto,2237.81,2025-08-21,INCOME,PIX,False
Dividendos,396.26,2025-08-21,INCOME,PIX,True
Passagem aerea,1870.94,2025-08-21,EXPENSE,PIX,False
Supermercado,522.1,2025-08-21,EXPENSE,BANK_TRANSFER,False
Aplicativo de transporte,57.51,2025-08-22,EXPENSE,CREDIT_CARD,False
Doacao,237.15,2025-08-22,EXPENSE,BANK_TRANSFER,False
Livraria,126.44,2025-08-22,EXPENSE,DEBIT_CARD,False
Viagem e hospedagem,827.7,2025-08-22,EXPENSE,DEBIT_CARD,False
Transferencia recebida,1497.8,2025-08-22,INCOME,PIX,False
Transferencia recebida,1811.0,2025-08-22,INCOME,BANK_TRANSFER,False
Manutencao do veiculo,1000.45,2025-08-22,EXPENSE,CREDIT_CARD,False
Manutencao do veiculo,1909.04,2025-08-22,EXPENSE,BOLETO,False
Conta de agua,71.41,2025-08-22,EXPENSE,DEBIT_CARD,True
Seguro do veiculo,308.45,2025-08-22,EXPENSE,CASH,True
Restaurante,215.62,2025-08-23,EXPENSE,DEBIT_CARD,False
Transferencia recebida,1088.76,2025-08-23,INCOME,PIX,False
Pet shop,57.66,2025-08-23,EXPENSE,BOLETO,False
Manutencao do veiculo,504.03,2025-08-23,EXPENSE,CREDIT_CARD,False
Supermercado,350.68,2025-08-23,EXPENSE,CASH,False
Internet residencial,106.87,2025-08-23,EXPENSE,PIX,False
Restaurante,186.55,2025-08-23,EXPENSE,BOLETO,False
Streaming,40.28,2025-08-23,EXPENSE,CASH,True
Loja de roupas,214.38,2025-08-23,EXPENSE,CREDIT_CARD,False
Impostos e taxas,1062.24,2025-08-23,EXPENSE,BOLETO,False
Padaria,24.35,2025-08-24,EXPENSE,CREDIT_CARD,False
Estacionamento,15.6,2025-08-24,EXPENSE,DEBIT_CARD,False
Farmacia,92.12,2025-08-24,EXPENSE,CREDIT_CARD,False
Combustivel,228.81,2025-08-24,EXPENSE,BOLETO,False
Aluguel residencial,1352.51,2025-08-24,EXPENSE,BOLETO,True
Delivery de comida,113.86,2025-08-24,EXPENSE,BOLETO,False
Combustivel,115.82,2025-08-24,EXPENSE,CASH,False
Veterinario,492.61,2025-08-24,EXPENSE,CASH,False
Veterinario,199.3,2025-08-24,EXPENSE,BOLETO,False
Plano de saude,475.65,2025-08-24,EXPENSE,PIX,True
Pet shop,113.59,2025-08-24,EXPENSE,BANK_TRANSFER,False
Restaurante,74.59,2025-08-24,EXPENSE,PIX,False
Pet shop,311.07,2025-08-24,EXPENSE,CASH,False
Livraria,144.04,2025-08-25,EXPENSE,BOLETO,False
Loja de roupas,661.88,2025-08-25,EXPENSE,PIX,False
Padaria,17.56,2025-08-25,EXPENSE,BOLETO,False
Dividendos,499.98,2025-08-25,INCOME,PIX,True
Cinema e lazer,24.63,2025-08-25,EXPENSE,CREDIT_CARD,False
Combustivel,234.99,2025-08-25,EXPENSE,BANK_TRANSFER,False
Aplicativo de transporte,47.59,2025-08-25,EXPENSE,CREDIT_CARD,False
Delivery de comida,58.02,2025-08-26,EXPENSE,DEBIT_CARD,False
Internet residencial,137.08,2025-08-26,EXPENSE,CREDIT_CARD,True
Doacao,213.29,2025-08-26,EXPENSE,DEBIT_CARD,False
Delivery de comida,73.87,2025-08-26,EXPENSE,DEBIT_CARD,False
Delivery de comida,70.84,2025-08-26,EXPENSE,PIX,False
Supermercado,338.66,2025-08-26,EXPENSE,DEBIT_CARD,False
Seguro do veiculo,382.57,2025-08-26,EXPENSE,CREDIT_CARD,True
Rendimento de investimento,217.34,2025-08-26,INCOME,PIX,False
Doacao,96.0,2025-08-26,EXPENSE,DEBIT_CARD,False
Eletronicos,2806.96,2025-08-26,EXPENSE,BOLETO,False
Conta de energia,281.68,2025-08-26,EXPENSE,BANK_TRANSFER,True
Restituicao de imposto,1834.95,2025-08-26,INCOME,PIX,False
Farmacia,88.3,2025-08-26,EXPENSE,PIX,False
Combustivel,134.52,2025-08-27,EXPENSE,BOLETO,False
Doacao,369.96,2025-08-27,EXPENSE,BANK_TRANSFER,False
Aluguel recebido,2633.85,2025-08-27,INCOME,PIX,True
Plano de celular,63.61,2025-08-27,EXPENSE,PIX,True
Academia,192.86,2025-08-27,EXPENSE,BOLETO,False
Aplicativo de transporte,17.63,2025-08-27,EXPENSE,CASH,False
Conta de agua,165.63,2025-08-27,EXPENSE,BOLETO,True
Livraria,58.87,2025-08-27,EXPENSE,PIX,False
Curso online,316.49,2025-08-27,EXPENSE,DEBIT_CARD,False
Veterinario,721.46,2025-08-28,EXPENSE,CASH,False
Impostos e taxas,268.09,2025-08-28,EXPENSE,CASH,False
Cinema e lazer,84.01,2025-08-28,EXPENSE,BANK_TRANSFER,False
Conta de agua,60.85,2025-08-28,EXPENSE,BOLETO,True
Delivery de comida,117.49,2025-08-28,EXPENSE,BANK_TRANSFER,False
Estacionamento,49.14,2025-08-28,EXPENSE,CREDIT_CARD,False
Transferencia recebida,684.52,2025-08-28,INCOME,PIX,False
Estacionamento,59.16,2025-08-28,EXPENSE,BANK_TRANSFER,False
Internet residencial,152.14,2025-08-28,EXPENSE,BOLETO,True
Padaria,22.29,2025-08-28,EXPENSE,BANK_TRANSFER,False
Plano de celular,117.73,2025-08-28,EXPENSE,CREDIT_CARD,True
Livraria,39.53,2025-08-28,EXPENSE,CASH,False
Rendimento de investimento,300.33,2025-08-28,INCOME,BANK_TRANSFER,False
Conta de agua,92.67,2025-08-28,EXPENSE,BANK_TRANSFER,True
Loja de roupas,112.83,2025-08-28,EXPENSE,CREDIT_CARD,False
Aluguel residencial,1119.75,2025-08-28,EXPENSE,CASH,True
Pagamento freelance,1730.09,2025-08-28,INCOME,PIX,False
Plano de celular,135.63,2025-08-29,EXPENSE,DEBIT_CARD,True
Condominio,974.16,2025-08-29,EXPENSE,BOLETO,True
Veterinario,636.56,2025-08-29,EXPENSE,BANK_TRANSFER,False
Conta de energia,135.8,2025-08-29,EXPENSE,BOLETO,True
Salario mensal,9688.49,2025-08-29,INCOME,PIX,True
Restituicao de imposto,2133.37,2025-08-29,INCOME,PIX,False
Venda de produto,1078.15,2025-08-29,INCOME,BANK_TRANSFER,False
Estacionamento,57.15,2025-08-29,EXPENSE,BOLETO,False
Condominio,501.64,2025-08-29,EXPENSE,CREDIT_CARD,True
Viagem e hospedagem,841.07,2025-08-30,EXPENSE,PIX,False
Aluguel recebido,2749.89,2025-08-30,INCOME,BANK_TRANSFER,True
Supermercado,229.14,2025-08-30,EXPENSE,DEBIT_CARD,False
Passagem aerea,1108.13,2025-08-30,EXPENSE,PIX,False
Reembolso empresarial,535.22,2025-08-30,INCOME,PIX,False
Academia,139.77,2025-08-30,EXPENSE,CASH,True
Padaria,31.37,2025-08-30,EXPENSE,CASH,False
Livraria,136.77,2025-08-30,EXPENSE,PIX,False
Condominio,634.81,2025-08-30,EXPENSE,CASH,True
Estacionamento,34.04,2025-08-31,EXPENSE,DEBIT_CARD,False
Doacao,138.52,2025-08-31,EXPENSE,CASH,False
Impostos e taxas,371.4,2025-08-31,EXPENSE,DEBIT_CARD,False
Pet shop,154.04,2025-08-31,EXPENSE,CREDIT_CARD,False
Cinema e lazer,148.54,2025-08-31,EXPENSE,CREDIT_CARD,False
Restaurante,126.55,2025-08-31,EXPENSE,BANK_TRANSFER,False
Cinema e lazer,109.22,2025-08-31,EXPENSE,CREDIT_CARD,False
Eletronicos,2561.35,2025-08-31,EXPENSE,CREDIT_CARD,False
Curso online,346.41,2025-08-31,EXPENSE,BOLETO,False
Curso online,409.97,2025-08-31,EXPENSE,DEBIT_CARD,False
Curso online,529.64,2025-08-31,EXPENSE,BOLETO,False
Restaurante,165.44,2025-08-31,EXPENSE,CASH,False
Supermercado,177.38,2025-08-31,EXPENSE,BANK_TRANSFER,False
Seguro do veiculo,188.78,2025-09-01,EXPENSE,CREDIT_CARD,False
Plano de celular,117.59,2025-09-01,EXPENSE,DEBIT_CARD,True
Viagem e hospedagem,2650.42,2025-09-01,EXPENSE,BOLETO,False
Livraria,163.59,2025-09-01,EXPENSE,DEBIT_CARD,False
Eletronicos,1467.75,2025-09-01,EXPENSE,DEBIT_CARD,False
Supermercado,122.75,2025-09-01,EXPENSE,PIX,False
Pet shop,95.54,2025-09-01,EXPENSE,BANK_TRANSFER,False
Aluguel recebido,2159.66,2025-09-01,INCOME,BANK_TRANSFER,True
Conta de agua,73.41,2025-09-01,EXPENSE,BANK_TRANSFER,True
Plano de saude,886.52,2025-09-01,EXPENSE,DEBIT_CARD,True
Academia,124.28,2025-09-01,EXPENSE,CASH,True
Pagamento freelance,2571.74,2025-09-01,INCOME,BANK_TRANSFER,False
Doacao,268.3,2025-09-02,EXPENSE,PIX,False
Impostos e taxas,524.89,2025-09-02,EXPENSE,PIX,False
Loja de roupas,237.06,2025-09-02,EXPENSE,BANK_TRANSFER,False
Plano de celular,98.11,2025-09-02,EXPENSE,DEBIT_CARD,True
Veterinario,637.52,2025-09-02,EXPENSE,PIX,False
Farmacia,113.1,2025-09-02,EXPENSE,CREDIT_CARD,False
Conta de agua,202.77,2025-09-02,EXPENSE,BANK_TRANSFER,True
Pet shop,343.64,2025-09-02,EXPENSE,BANK_TRANSFER,False
Pagamento freelance,3145.09,2025-09-03,INCOME,BANK_TRANSFER,False
Viagem e hospedagem,2483.38,2025-09-03,EXPENSE,BOLETO,False
Academia,132.39,2025-09-03,EXPENSE,PIX,False
Loja de roupas,702.83,2025-09-03,EXPENSE,BOLETO,False
Venda de produto,695.12,2025-09-03,INCOME,BANK_TRANSFER,False
Conta de agua,199.83,2025-09-03,EXPENSE,BOLETO,True
Loja de roupas,429.57,2025-09-03,EXPENSE,DEBIT_CARD,False
Cinema e lazer,116.37,2025-09-03,EXPENSE,CASH,False
Seguro do veiculo,149.06,2025-09-03,EXPENSE,PIX,True
Reembolso empresarial,679.46,2025-09-03,INCOME,PIX,False
Loja de roupas,472.99,2025-09-03,EXPENSE,CASH,False
Internet residencial,123.46,2025-09-03,EXPENSE,BANK_TRANSFER,False
Internet residencial,95.49,2025-09-03,EXPENSE,BOLETO,True
Doacao,176.6,2025-09-04,EXPENSE,BOLETO,False
Padaria,60.5,2025-09-04,EXPENSE,CREDIT_CARD,False
Farmacia,65.33,2025-09-04,EXPENSE,CASH,False
Padaria,32.37,2025-09-04,EXPENSE,DEBIT_CARD,False
Streaming,58.76,2025-09-04,EXPENSE,PIX,True
Restaurante,111.55,2025-09-04,EXPENSE,CREDIT_CARD,False
Veterinario,677.61,2025-09-04,EXPENSE,DEBIT_CARD,False
Plano de saude,1023.87,2025-09-04,EXPENSE,BOLETO,True
Livraria,134.19,2025-09-04,EXPENSE,BOLETO,False
Viagem e hospedagem,2035.9,2025-09-04,EXPENSE,BANK_TRANSFER,False
Plano de saude,918.06,2025-09-04,EXPENSE,BANK_TRANSFER,False
Delivery de comida,89.18,2025-09-04,EXPENSE,CASH,False
Eletronicos,2061.91,2025-09-04,EXPENSE,CREDIT_CARD,False
Seguro do veiculo,328.78,2025-09-04,EXPENSE,PIX,True
Transferencia recebida,1756.1,2025-09-04,INCOME,BANK_TRANSFER,False
Aplicativo de transporte,32.6,2025-09-05,EXPENSE,DEBIT_CARD,False
Salario mensal,7663.35,2025-09-05,INCOME,BANK_TRANSFER,True
Pet shop,111.36,2025-09-05,EXPENSE,CREDIT_CARD,False
Condominio,740.36,2025-09-05,EXPENSE,BANK_TRANSFER,True
Passagem aerea,1984.44,2025-09-05,EXPENSE,BANK_TRANSFER,False
Seguro do veiculo,190.67,2025-09-05,EXPENSE,CREDIT_CARD,True
Aluguel residencial,2028.9,2025-09-05,EXPENSE,CREDIT_CARD,True
Estacionamento,41.04,2025-09-05,EXPENSE,DEBIT_CARD,False
Bonus profissional,3230.32,2025-09-05,INCOME,PIX,False
Eletronicos,3701.01,2025-09-05,EXPENSE,DEBIT_CARD,False
Conta de energia,261.06,2025-09-05,EXPENSE,BOLETO,True
Veterinario,606.54,2025-09-05,EXPENSE,DEBIT_CARD,False
Streaming,49.22,2025-09-05,EXPENSE,BANK_TRANSFER,False
Cinema e lazer,166.88,2025-09-05,EXPENSE,BANK_TRANSFER,False
Streaming,62.41,2025-09-05,EXPENSE,DEBIT_CARD,False
Streaming,46.5,2025-09-05,EXPENSE,DEBIT_CARD,True
Conta de agua,117.81,2025-09-05,EXPENSE,CREDIT_CARD,False
Manutencao do veiculo,823.52,2025-09-05,EXPENSE,BOLETO,False
Academia,128.55,2025-09-06,EXPENSE,CREDIT_CARD,True
Cinema e lazer,45.65,2025-09-06,EXPENSE,DEBIT_CARD,False
Impostos e taxas,1050.39,2025-09-06,EXPENSE,CASH,False
Supermercado,86.2,2025-09-06,EXPENSE,BANK_TRANSFER,False
Estacionamento,49.46,2025-09-06,EXPENSE,BOLETO,False
Conta de energia,254.08,2025-09-06,EXPENSE,PIX,True
Seguro do veiculo,286.85,2025-09-06,EXPENSE,PIX,True
Viagem e hospedagem,3379.49,2025-09-07,EXPENSE,CREDIT_CARD,False
Internet residencial,119.28,2025-09-07,EXPENSE,CREDIT_CARD,True
Viagem e hospedagem,768.63,2025-09-07,EXPENSE,CREDIT_CARD,False
Conta de energia,385.42,2025-09-07,EXPENSE,PIX,False
Veterinario,322.15,2025-09-07,EXPENSE,BANK_TRANSFER,False
Doacao,294.78,2025-09-07,EXPENSE,DEBIT_CARD,False
Seguro do veiculo,213.01,2025-09-07,EXPENSE,BANK_TRANSFER,True
Farmacia,221.53,2025-09-07,EXPENSE,BANK_TRANSFER,False
Estacionamento,48.91,2025-09-07,EXPENSE,DEBIT_CARD,False
Doacao,339.58,2025-09-07,EXPENSE,DEBIT_CARD,False
Viagem e hospedagem,1416.27,2025-09-07,EXPENSE,DEBIT_CARD,False
Dividendos,500.23,2025-09-07,INCOME,PIX,True
Conta de agua,71.27,2025-09-07,EXPENSE,CASH,True
Aplicativo de transporte,42.21,2025-09-07,EXPENSE,BANK_TRANSFER,False
Combustivel,205.54,2025-09-07,EXPENSE,PIX,False
Manutencao do veiculo,153.41,2025-09-07,EXPENSE,PIX,False
Livraria,103.55,2025-09-07,EXPENSE,DEBIT_CARD,False
Aplicativo de transporte,26.47,2025-09-07,EXPENSE,PIX,False
Internet residencial,95.57,2025-09-08,EXPENSE,PIX,True
Conta de agua,72.68,2025-09-08,EXPENSE,CASH,True
Reembolso empresarial,126.3,2025-09-08,INCOME,PIX,False
Internet residencial,117.03,2025-09-08,EXPENSE,DEBIT_CARD,True
Plano de celular,121.27,2025-09-08,EXPENSE,CREDIT_CARD,False
Plano de celular,102.31,2025-09-08,EXPENSE,DEBIT_CARD,True
Streaming,71.84,2025-09-08,EXPENSE,DEBIT_CARD,True
Plano de celular,104.11,2025-09-08,EXPENSE,BOLETO,True
Combustivel,159.23,2025-09-08,EXPENSE,BOLETO,False
Livraria,52.42,2025-09-08,EXPENSE,DEBIT_CARD,False
Estacionamento,22.13,2025-09-08,EXPENSE,BANK_TRANSFER,False
Venda de produto,889.52,2025-09-08,INCOME,PIX,False
Pagamento freelance,3571.74,2025-09-08,INCOME,PIX,False
Pagamento freelance,2666.06,2025-09-08,INCOME,PIX,False
Doacao,100.29,2025-09-09,EXPENSE,CASH,False
Delivery de comida,114.71,2025-09-09,EXPENSE,CREDIT_CARD,False
Curso online,149.36,2025-09-09,EXPENSE,BOLETO,False
Internet residencial,91.77,2025-09-09,EXPENSE,CASH,True
Academia,100.64,2025-09-09,EXPENSE,DEBIT_CARD,True
Delivery de comida,138.88,2025-09-09,EXPENSE,CASH,False
Academia,147.94,2025-09-09,EXPENSE,CREDIT_CARD,True
Bonus profissional,4109.94,2025-09-09,INCOME,PIX,False
Transferencia recebida,537.99,2025-09-09,INCOME,PIX,False
Condominio,683.03,2025-09-09,EXPENSE,CREDIT_CARD,True
Restituicao de imposto,2482.52,2025-09-09,INCOME,BANK_TRANSFER,False
Aluguel residencial,2447.1,2025-09-10,EXPENSE,BANK_TRANSFER,True
Condominio,622.11,2025-09-10,EXPENSE,BANK_TRANSFER,True
Pet shop,118.08,2025-09-10,EXPENSE,DEBIT_CARD,False
Veterinario,218.63,2025-09-10,EXPENSE,BANK_TRANSFER,False
Academia,102.21,2025-09-10,EXPENSE,BOLETO,True
Manutencao do veiculo,1220.9,2025-09-10,EXPENSE,BANK_TRANSFER,False
Padaria,41.99,2025-09-10,EXPENSE,BOLETO,False
Pagamento freelance,658.52,2025-09-10,INCOME,PIX,False
Plano de saude,629.78,2025-09-11,EXPENSE,PIX,True
Impostos e taxas,435.41,2025-09-11,EXPENSE,PIX,False
Conta de agua,134.77,2025-09-11,EXPENSE,BOLETO,True
Conta de agua,161.05,2025-09-11,EXPENSE,PIX,False
Streaming,58.49,2025-09-11,EXPENSE,DEBIT_CARD,True
Plano de celular,131.07,2025-09-11,EXPENSE,DEBIT_CARD,True
Aplicativo de transporte,24.19,2025-09-12,EXPENSE,BOLETO,False
Aluguel recebido,2441.97,2025-09-12,INCOME,BANK_TRANSFER,True
Rendimento de investimento,234.95,2025-09-12,INCOME,BANK_TRANSFER,True
Restaurante,106.68,2025-09-12,EXPENSE,CASH,False
Cinema e lazer,103.69,2025-09-12,EXPENSE,BANK_TRANSFER,False
Conta de energia,157.99,2025-09-12,EXPENSE,PIX,True
Loja de roupas,104.85,2025-09-12,EXPENSE,CASH,False
Bonus profissional,2564.89,2025-09-12,INCOME,PIX,False
Curso online,180.14,2025-09-12,EXPENSE,CASH,False
Dividendos,535.55,2025-09-12,INCOME,BANK_TRANSFER,True
Condominio,766.52,2025-09-12,EXPENSE,BOLETO,True
Restaurante,83.87,2025-09-12,EXPENSE,BANK_TRANSFER,False
Streaming,56.86,2025-09-13,EXPENSE,PIX,True
Livraria,109.93,2025-09-13,EXPENSE,BANK_TRANSFER,False
Conta de agua,47.08,2025-09-13,EXPENSE,DEBIT_CARD,True
Conta de agua,116.47,2025-09-13,EXPENSE,DEBIT_CARD,True
Academia,103.96,2025-09-13,EXPENSE,BANK_TRANSFER,True
Supermercado,394.39,2025-09-13,EXPENSE,BOLETO,False
Dividendos,207.54,2025-09-13,INCOME,BANK_TRANSFER,True
Plano de saude,700.33,2025-09-13,EXPENSE,CASH,True
Curso online,241.48,2025-09-13,EXPENSE,CASH,False
Manutencao do veiculo,1181.33,2025-09-13,EXPENSE,PIX,False
Loja de roupas,163.29,2025-09-13,EXPENSE,BANK_TRANSFER,False
Impostos e taxas,1067.7,2025-09-13,EXPENSE,BOLETO,False
Impostos e taxas,1589.32,2025-09-13,EXPENSE,CASH,False
Reembolso empresarial,757.55,2025-09-13,INCOME,PIX,False
Restaurante,160.04,2025-09-14,EXPENSE,CASH,False
Condominio,361.31,2025-09-14,EXPENSE,CASH,False
Supermercado,477.47,2025-09-14,EXPENSE,CREDIT_CARD,False
Aluguel residencial,2213.02,2025-09-14,EXPENSE,CASH,False
Estacionamento,23.69,2025-09-14,EXPENSE,BOLETO,False
Dividendos,377.81,2025-09-14,INCOME,BANK_TRANSFER,True
Passagem aerea,2154.51,2025-09-14,EXPENSE,DEBIT_CARD,False
Cinema e lazer,97.93,2025-09-14,EXPENSE,CASH,False
Veterinario,507.08,2025-09-14,EXPENSE,DEBIT_CARD,False
Condominio,907.22,2025-09-14,EXPENSE,BOLETO,True
Passagem aerea,1778.8,2025-09-15,EXPENSE,CASH,False
Reembolso empresarial,273.4,2025-09-15,INCOME,PIX,False
Delivery de comida,82.64,2025-09-15,EXPENSE,PIX,False
Restituicao de imposto,2468.45,2025-09-15,INCOME,PIX,False
Venda de produto,960.4,2025-09-15,INCOME,BANK_TRANSFER,False
Transferencia recebida,1119.27,2025-09-15,INCOME,BANK_TRANSFER,False
Restaurante,180.75,2025-09-15,EXPENSE,BOLETO,False
Veterinario,402.03,2025-09-16,EXPENSE,PIX,False
Rendimento de investimento,114.57,2025-09-16,INCOME,PIX,True
Viagem e hospedagem,1964.92,2025-09-16,EXPENSE,DEBIT_CARD,False
Venda de produto,1083.01,2025-09-16,INCOME,BANK_TRANSFER,False
Pagamento freelance,2863.3,2025-09-16,INCOME,BANK_TRANSFER,False
Estacionamento,14.77,2025-09-16,EXPENSE,CASH,False
Plano de celular,148.37,2025-09-16,EXPENSE,BOLETO,True
Supermercado,561.88,2025-09-16,EXPENSE,CASH,False
Combustivel,104.89,2025-09-16,EXPENSE,CASH,False
Rendimento de investimento,338.04,2025-09-17,INCOME,PIX,True
Pagamento freelance,1422.46,2025-09-17,INCOME,PIX,False
Cinema e lazer,28.2,2025-09-17,EXPENSE,BOLETO,False
Salario mensal,7901.93,2025-09-17,INCOME,PIX,True
Aplicativo de transporte,37.36,2025-09-17,EXPENSE,DEBIT_CARD,False
Restaurante,200.47,2025-09-17,EXPENSE,CASH,False
Doacao,288.17,2025-09-17,EXPENSE,CREDIT_CARD,False
Passagem aerea,1807.47,2025-09-17,EXPENSE,PIX,False
Aplicativo de transporte,55.22,2025-09-18,EXPENSE,PIX,False
Eletronicos,728.55,2025-09-18,EXPENSE,BOLETO,False
Aluguel residencial,3078.52,2025-09-18,EXPENSE,PIX,True
Manutencao do veiculo,1167.45,2025-09-18,EXPENSE,DEBIT_CARD,False
Bonus profissional,3096.41,2025-09-18,INCOME,BANK_TRANSFER,False
Eletronicos,2759.12,2025-09-18,EXPENSE,DEBIT_CARD,False
Viagem e hospedagem,2828.99,2025-09-18,EXPENSE,BOLETO,False
Salario mensal,9905.35,2025-09-18,INCOME,PIX,True
Academia,141.57,2025-09-18,EXPENSE,BANK_TRANSFER,True
Transferencia recebida,192.03,2025-09-18,INCOME,BANK_TRANSFER,False
Venda de produto,1442.9,2025-09-18,INCOME,PIX,False
Plano de celular,43.15,2025-09-18,EXPENSE,BANK_TRANSFER,True
Salario mensal,8598.58,2025-09-18,INCOME,BANK_TRANSFER,True
Pet shop,55.97,2025-09-18,EXPENSE,CREDIT_CARD,False
Transferencia recebida,1559.3,2025-09-19,INCOME,PIX,False
Reembolso empresarial,545.81,2025-09-19,INCOME,BANK_TRANSFER,False
Aluguel recebido,2916.11,2025-09-19,INCOME,BANK_TRANSFER,True
Padaria,54.09,2025-09-19,EXPENSE,PIX,False
Farmacia,186.04,2025-09-19,EXPENSE,BANK_TRANSFER,False
Combustivel,229.63,2025-09-19,EXPENSE,CASH,False
Delivery de comida,91.04,2025-09-19,EXPENSE,DEBIT_CARD,False
Conta de energia,286.28,2025-09-20,EXPENSE,CASH,True
Condominio,672.69,2025-09-20,EXPENSE,PIX,True
Supermercado,505.1,2025-09-20,EXPENSE,PIX,False
Aluguel recebido,2637.64,2025-09-20,INCOME,BANK_TRANSFER,False
Farmacia,124.03,2025-09-20,EXPENSE,BOLETO,False
Cinema e lazer,48.9,2025-09-20,EXPENSE,PIX,False
Plano de celular,65.41,2025-09-20,EXPENSE,CASH,True
Loja de roupas,233.19,2025-09-20,EXPENSE,CASH,False
Livraria,68.92,2025-09-20,EXPENSE,BANK_TRANSFER,False
Veterinario,337.42,2025-09-20,EXPENSE,BOLETO,False
Estacionamento,24.36,2025-09-21,EXPENSE,CREDIT_CARD,False
Curso online,471.67,2025-09-21,EXPENSE,PIX,False
Academia,94.0,2025-09-21,EXPENSE,DEBIT_CARD,True
Aluguel recebido,1596.06,2025-09-21,INCOME,PIX,True
Restituicao de imposto,1956.66,2025-09-21,INCOME,PIX,False
Dividendos,428.46,2025-09-21,INCOME,PIX,True
Livraria,84.0,2025-09-21,EXPENSE,CREDIT_CARD,False
Internet residencial,118.75,2025-09-21,EXPENSE,PIX,True
Internet residencial,133.81,2025-09-21,EXPENSE,PIX,True
Plano de saude,1054.53,2025-09-21,EXPENSE,CREDIT_CARD,True
Plano de saude,592.78,2025-09-21,EXPENSE,PIX,True
Supermercado,271.51,2025-09-21,EXPENSE,BANK_TRANSFER,False
Veterinario,605.4,2025-09-22,EXPENSE,CREDIT_CARD,False
Aluguel residencial,1456.15,2025-09-22,EXPENSE,PIX,False
Aluguel residencial,3166.15,2025-09-22,EXPENSE,PIX,True
Passagem aerea,1502.06,2025-09-22,EXPENSE,BOLETO,False
Restaurante,68.52,2025-09-22,EXPENSE,CREDIT_CARD,False
Transferencia recebida,700.63,2025-09-22,INCOME,BANK_TRANSFER,False
Impostos e taxas,1047.04,2025-09-22,EXPENSE,PIX,False
Combustivel,222.6,2025-09-22,EXPENSE,PIX,False
Combustivel,334.98,2025-09-22,EXPENSE,CASH,False
Bonus profissional,1677.37,2025-09-22,INCOME,PIX,False
Passagem aerea,2049.22,2025-09-22,EXPENSE,PIX,False
Estacionamento,51.92,2025-09-22,EXPENSE,DEBIT_CARD,False
Aplicativo de transporte,36.12,2025-09-22,EXPENSE,CREDIT_CARD,False
Bonus profissional,3570.06,2025-09-23,INCOME,PIX,False
Padaria,23.22,2025-09-23,EXPENSE,BOLETO,False
Pet shop,151.06,2025-09-23,EXPENSE,CREDIT_CARD,False
Conta de energia,426.49,2025-09-23,EXPENSE,DEBIT_CARD,False
Dividendos,279.85,2025-09-23,INCOME,BANK_TRANSFER,True
Dividendos,207.19,2025-09-23,INCOME,PIX,True
Aluguel recebido,1935.75,2025-09-23,INCOME,PIX,True
Delivery de comida,100.7,2025-09-23,EXPENSE,BOLETO,False
Rendimento de investimento,298.98,2025-09-23,INCOME,BANK_TRANSFER,True
Eletronicos,764.04,2025-09-23,EXPENSE,BANK_TRANSFER,False
Curso online,345.95,2025-09-23,EXPENSE,CASH,False
Rendimento de investimento,187.14,2025-09-24,INCOME,BANK_TRANSFER,False
Curso online,165.69,2025-09-24,EXPENSE,CASH,False
Doacao,104.38,2025-09-24,EXPENSE,CASH,False
Estacionamento,31.62,2025-09-24,EXPENSE,CREDIT_CARD,False
Estacionamento,49.23,2025-09-24,EXPENSE,DEBIT_CARD,False
Impostos e taxas,366.94,2025-09-24,EXPENSE,BANK_TRANSFER,False
Supermercado,256.0,2025-09-24,EXPENSE,CREDIT_CARD,False
Doacao,441.0,2025-09-24,EXPENSE,CREDIT_CARD,False
Veterinario,468.31,2025-09-24,EXPENSE,CREDIT_CARD,False
Livraria,231.29,2025-09-24,EXPENSE,PIX,False
Restituicao de imposto,2062.8,2025-09-24,INCOME,PIX,False
Impostos e taxas,303.29,2025-09-24,EXPENSE,PIX,False
Pet shop,300.34,2025-09-24,EXPENSE,PIX,False
Curso online,293.27,2025-09-24,EXPENSE,PIX,False
Restaurante,186.0,2025-09-25,EXPENSE,BOLETO,False
Farmacia,211.32,2025-09-25,EXPENSE,CREDIT_CARD,False
Pagamento freelance,2552.51,2025-09-25,INCOME,BANK_TRANSFER,False
Rendimento de investimento,57.7,2025-09-25,INCOME,PIX,True
Pet shop,159.07,2025-09-25,EXPENSE,CREDIT_CARD,False
Conta de energia,530.74,2025-09-25,EXPENSE,PIX,False
Conta de energia,343.43,2025-09-25,EXPENSE,DEBIT_CARD,True
Venda de produto,1365.25,2025-09-25,INCOME,BANK_TRANSFER,False
Venda de produto,888.16,2025-09-25,INCOME,PIX,False
Livraria,90.1,2025-09-25,EXPENSE,BOLETO,False
Venda de produto,1120.66,2025-09-25,INCOME,BANK_TRANSFER,False
Plano de saude,688.29,2025-09-25,EXPENSE,BANK_TRANSFER,True
Restituicao de imposto,927.78,2025-09-25,INCOME,PIX,False
Conta de agua,84.32,2025-09-25,EXPENSE,CASH,True
Aluguel recebido,2419.12,2025-09-25,INCOME,BANK_TRANSFER,True
Eletronicos,2352.37,2025-09-26,EXPENSE,BOLETO,False
Impostos e taxas,485.67,2025-09-26,EXPENSE,CREDIT_CARD,False
Manutencao do veiculo,1592.61,2025-09-26,EXPENSE,DEBIT_CARD,False
Eletronicos,2254.56,2025-09-26,EXPENSE,BOLETO,False
Supermercado,338.32,2025-09-26,EXPENSE,CREDIT_CARD,False
Eletronicos,2019.89,2025-09-26,EXPENSE,BOLETO,False
Restituicao de imposto,2626.03,2025-09-26,INCOME,BANK_TRANSFER,False
Aluguel residencial,3043.99,2025-09-26,EXPENSE,PIX,True
Combustivel,180.8,2025-09-26,EXPENSE,DEBIT_CARD,False
Rendimento de investimento,311.04,2025-09-26,INCOME,BANK_TRANSFER,True
Conta de energia,407.89,2025-09-27,EXPENSE,BANK_TRANSFER,True
Combustivel,329.25,2025-09-27,EXPENSE,BANK_TRANSFER,False
Doacao,210.14,2025-09-27,EXPENSE,CREDIT_CARD,False
Internet residencial,112.36,2025-09-27,EXPENSE,CREDIT_CARD,True
Padaria,15.48,2025-09-27,EXPENSE,BOLETO,False
Padaria,39.71,2025-09-27,EXPENSE,PIX,False
Seguro do veiculo,226.9,2025-09-27,EXPENSE,BANK_TRANSFER,True
Padaria,66.2,2025-09-27,EXPENSE,CASH,False
Loja de roupas,461.97,2025-09-27,EXPENSE,BOLETO,False
Passagem aerea,2293.41,2025-09-27,EXPENSE,BOLETO,False
Delivery de comida,55.44,2025-09-27,EXPENSE,CASH,False
Reembolso empresarial,208.18,2025-09-27,INCOME,PIX,False
Aluguel residencial,2566.97,2025-09-27,EXPENSE,CREDIT_CARD,True
Aplicativo de transporte,27.45,2025-09-27,EXPENSE,CREDIT_CARD,False
Salario mensal,4400.82,2025-09-27,INCOME,BANK_TRANSFER,True
Doacao,245.0,2025-09-28,EXPENSE,BOLETO,False
Estacionamento,49.6,2025-09-28,EXPENSE,DEBIT_CARD,False
Restituicao de imposto,1695.96,2025-09-28,INCOME,PIX,False
Streaming,31.7,2025-09-28,EXPENSE,BANK_TRANSFER,True
Seguro do veiculo,202.52,2025-09-28,EXPENSE,DEBIT_CARD,True
Reembolso empresarial,628.65,2025-09-28,INCOME,PIX,False
Venda de produto,1195.14,2025-09-28,INCOME,PIX,False
Transferencia recebida,1975.46,2025-09-29,INCOME,BANK_TRANSFER,False
Salario mensal,7606.33,2025-09-29,INCOME,PIX,True
Combustivel,334.93,2025-09-29,EXPENSE,CASH,False
Viagem e hospedagem,2876.71,2025-09-29,EXPENSE,BANK_TRANSFER,False
Pet shop,82.37,2025-09-29,EXPENSE,DEBIT_CARD,False
Condominio,488.09,2025-09-29,EXPENSE,PIX,True
Manutencao do veiculo,741.51,2025-09-29,EXPENSE,DEBIT_CARD,False
Transferencia recebida,2002.88,2025-09-29,INCOME,PIX,False
Curso online,481.52,2025-09-30,EXPENSE,BOLETO,False
Cinema e lazer,195.69,2025-09-30,EXPENSE,BOLETO,False
Venda de produto,1455.19,2025-09-30,INCOME,PIX,False
Transferencia recebida,1175.65,2025-09-30,INCOME,PIX,False
Delivery de comida,56.42,2025-09-30,EXPENSE,CREDIT_CARD,False
Passagem aerea,825.97,2025-09-30,EXPENSE,PIX,False
Farmacia,48.0,2025-09-30,EXPENSE,BOLETO,False
Combustivel,210.56,2025-09-30,EXPENSE,BANK_TRANSFER,False
Aluguel recebido,1901.51,2025-09-30,INCOME,BANK_TRANSFER,True
Aplicativo de transporte,34.18,2025-09-30,EXPENSE,BANK_TRANSFER,False
Livraria,109.71,2025-10-01,EXPENSE,CREDIT_CARD,False
Livraria,82.43,2025-10-01,EXPENSE,CREDIT_CARD,False
Venda de produto,688.91,2025-10-01,INCOME,BANK_TRANSFER,False
Padaria,46.97,2025-10-01,EXPENSE,DEBIT_CARD,False
Dividendos,460.21,2025-10-01,INCOME,BANK_TRANSFER,True
Conta de agua,114.02,2025-10-01,EXPENSE,BOLETO,True
Eletronicos,2304.28,2025-10-01,EXPENSE,CREDIT_CARD,False
Plano de saude,275.11,2025-10-01,EXPENSE,DEBIT_CARD,True
Seguro do veiculo,211.38,2025-10-01,EXPENSE,DEBIT_CARD,True
Bonus profissional,2563.19,2025-10-01,INCOME,PIX,False
Bonus profissional,4342.18,2025-10-02,INCOME,BANK_TRANSFER,False
Supermercado,124.91,2025-10-02,EXPENSE,CREDIT_CARD,False
Passagem aerea,3371.59,2025-10-02,EXPENSE,PIX,False
Cinema e lazer,109.82,2025-10-02,EXPENSE,CASH,False
Pet shop,107.83,2025-10-02,EXPENSE,BANK_TRANSFER,False
Pagamento freelance,4075.18,2025-10-02,INCOME,BANK_TRANSFER,False
Impostos e taxas,654.59,2025-10-03,EXPENSE,BANK_TRANSFER,False
Livraria,119.48,2025-10-03,EXPENSE,DEBIT_CARD,False
Livraria,142.15,2025-10-03,EXPENSE,DEBIT_CARD,False
Cinema e lazer,41.58,2025-10-03,EXPENSE,PIX,False
Restaurante,135.64,2025-10-03,EXPENSE,CREDIT_CARD,False
Doacao,114.67,2025-10-03,EXPENSE,DEBIT_CARD,False
Plano de saude,621.17,2025-10-03,EXPENSE,BANK_TRANSFER,True
Pagamento freelance,3246.27,2025-10-03,INCOME,PIX,False
Internet residencial,146.08,2025-10-03,EXPENSE,PIX,True
Cinema e lazer,207.7,2025-10-03,EXPENSE,DEBIT_CARD,False
Academia,154.9,2025-10-03,EXPENSE,CREDIT_CARD,True
Salario mensal,10360.56,2025-10-03,INCOME,PIX,True
Veterinario,664.99,2025-10-04,EXPENSE,DEBIT_CARD,False
Aplicativo de transporte,74.39,2025-10-04,EXPENSE,CASH,False
Curso online,160.67,2025-10-04,EXPENSE,PIX,False
Aplicativo de transporte,64.08,2025-10-04,EXPENSE,PIX,False
Restaurante,168.49,2025-10-04,EXPENSE,BOLETO,False
Curso online,333.3,2025-10-04,EXPENSE,BOLETO,False
Doacao,139.87,2025-10-04,EXPENSE,BANK_TRANSFER,False
Eletronicos,4775.25,2025-10-04,EXPENSE,CASH,False
Pet shop,156.28,2025-10-04,EXPENSE,CREDIT_CARD,False
Restituicao de imposto,2278.67,2025-10-05,INCOME,PIX,False
Transferencia recebida,1469.02,2025-10-05,INCOME,BANK_TRANSFER,False
Transferencia recebida,861.38,2025-10-05,INCOME,PIX,False
Passagem aerea,680.28,2025-10-05,EXPENSE,CREDIT_CARD,False
Viagem e hospedagem,1668.55,2025-10-05,EXPENSE,DEBIT_CARD,False
Livraria,95.98,2025-10-05,EXPENSE,PIX,False
Loja de roupas,375.62,2025-10-05,EXPENSE,CREDIT_CARD,False
Conta de agua,186.63,2025-10-05,EXPENSE,PIX,True
Supermercado,267.0,2025-10-05,EXPENSE,BOLETO,False
Aluguel residencial,2059.08,2025-10-05,EXPENSE,DEBIT_CARD,True
Viagem e hospedagem,1573.54,2025-10-06,EXPENSE,CREDIT_CARD,False
Bonus profissional,2488.86,2025-10-06,INCOME,BANK_TRANSFER,False
Internet residencial,161.18,2025-10-06,EXPENSE,PIX,True
Internet residencial,135.62,2025-10-06,EXPENSE,CASH,True
Aluguel residencial,1501.29,2025-10-06,EXPENSE,BOLETO,True
Academia,109.69,2025-10-06,EXPENSE,CREDIT_CARD,True
Pet shop,134.05,2025-10-06,EXPENSE,CASH,False
Combustivel,180.43,2025-10-06,EXPENSE,BOLETO,False
Manutencao do veiculo,960.11,2025-10-06,EXPENSE,BANK_TRANSFER,False
Veterinario,397.99,2025-10-06,EXPENSE,CASH,False
Academia,149.92,2025-10-06,EXPENSE,BANK_TRANSFER,True
Plano de saude,947.34,2025-10-07,EXPENSE,CASH,True
Internet residencial,130.89,2025-10-07,EXPENSE,PIX,False
Aluguel residencial,2701.99,2025-10-07,EXPENSE,CREDIT_CARD,True
Viagem e hospedagem,1266.21,2025-10-07,EXPENSE,PIX,False
Viagem e hospedagem,3777.6,2025-10-07,EXPENSE,PIX,False
Livraria,175.97,2025-10-07,EXPENSE,BANK_TRANSFER,False
Supermercado,577.31,2025-10-07,EXPENSE,BANK_TRANSFER,False
Veterinario,386.75,2025-10-07,EXPENSE,DEBIT_CARD,False
Transferencia recebida,1473.88,2025-10-07,INCOME,PIX,False
Restaurante,120.42,2025-10-07,EXPENSE,BOLETO,False
Doacao,182.26,2025-10-07,EXPENSE,PIX,False
Condominio,635.11,2025-10-08,EXPENSE,DEBIT_CARD,True
Manutencao do veiculo,680.2,2025-10-08,EXPENSE,CREDIT_CARD,False
Supermercado,411.72,2025-10-08,EXPENSE,DEBIT_CARD,False
Veterinario,311.3,2025-10-08,EXPENSE,PIX,False
Transferencia recebida,674.2,2025-10-08,INCOME,BANK_TRANSFER,False
Venda de produto,610.69,2025-10-08,INCOME,BANK_TRANSFER,False
Estacionamento,16.18,2025-10-08,EXPENSE,BOLETO,False
Condominio,754.01,2025-10-08,EXPENSE,BANK_TRANSFER,True
Conta de agua,40.18,2025-10-08,EXPENSE,PIX,True
Salario mensal,5781.54,2025-10-08,INCOME,BANK_TRANSFER,True
Combustivel,113.9,2025-10-09,EXPENSE,CASH,False
Rendimento de investimento,216.57,2025-10-09,INCOME,PIX,True
Streaming,48.36,2025-10-09,EXPENSE,CREDIT_CARD,False
Padaria,20.28,2025-10-09,EXPENSE,CREDIT_CARD,False
Delivery de comida,49.24,2025-10-09,EXPENSE,BOLETO,False
Conta de energia,259.04,2025-10-09,EXPENSE,CASH,True
Aluguel residencial,2879.38,2025-10-09,EXPENSE,DEBIT_CARD,True
Conta de agua,62.67,2025-10-10,EXPENSE,BOLETO,True
Restaurante,169.08,2025-10-10,EXPENSE,BOLETO,False
Reembolso empresarial,627.57,2025-10-10,INCOME,BANK_TRANSFER,False
Eletronicos,1721.77,2025-10-10,EXPENSE,PIX,False
Aluguel recebido,3017.36,2025-10-10,INCOME,BANK_TRANSFER,True
Rendimento de investimento,223.62,2025-10-10,INCOME,PIX,True
Conta de energia,214.81,2025-10-10,EXPENSE,CASH,True
Bonus profissional,2080.64,2025-10-10,INCOME,PIX,False
Livraria,63.05,2025-10-10,EXPENSE,CREDIT_CARD,False
Plano de celular,59.36,2025-10-10,EXPENSE,CASH,True
Plano de celular,78.21,2025-10-10,EXPENSE,BOLETO,True
Streaming,46.84,2025-10-11,EXPENSE,CREDIT_CARD,True
Combustivel,101.22,2025-10-11,EXPENSE,PIX,False
Internet residencial,96.34,2025-10-11,EXPENSE,DEBIT_CARD,True
Dividendos,627.31,2025-10-11,INCOME,BANK_TRANSFER,True
Aluguel recebido,2929.82,2025-10-11,INCOME,BANK_TRANSFER,True
Farmacia,102.39,2025-10-11,EXPENSE,DEBIT_CARD,False
Conta de agua,104.76,2025-10-12,EXPENSE,BOLETO,True
Restaurante,64.67,2025-10-12,EXPENSE,CREDIT_CARD,False
Academia,211.76,2025-10-12,EXPENSE,DEBIT_CARD,True
Loja de roupas,330.64,2025-10-12,EXPENSE,BOLETO,False
Viagem e hospedagem,1723.37,2025-10-12,EXPENSE,DEBIT_CARD,False
Impostos e taxas,1254.89,2025-10-12,EXPENSE,CASH,False
Doacao,234.01,2025-10-12,EXPENSE,CASH,False
Academia,84.52,2025-10-12,EXPENSE,PIX,False
Delivery de comida,77.53,2025-10-12,EXPENSE,BANK_TRANSFER,False
Venda de produto,1114.13,2025-10-12,INCOME,BANK_TRANSFER,False
Livraria,201.7,2025-10-12,EXPENSE,CASH,False
Estacionamento,22.38,2025-10-12,EXPENSE,CREDIT_CARD,False
Combustivel,253.5,2025-10-13,EXPENSE,CASH,False
Rendimento de investimento,167.75,2025-10-13,INCOME,BANK_TRANSFER,True
Conta de energia,121.51,2025-10-13,EXPENSE,DEBIT_CARD,True
Cinema e lazer,73.42,2025-10-13,EXPENSE,DEBIT_CARD,False
Restituicao de imposto,1894.99,2025-10-13,INCOME,BANK_TRANSFER,False
Streaming,34.52,2025-10-13,EXPENSE,CREDIT_CARD,False
Combustivel,104.95,2025-10-13,EXPENSE,CASH,False
Salario mensal,5568.28,2025-10-13,INCOME,PIX,True
Condominio,464.94,2025-10-13,EXPENSE,CREDIT_CARD,True
Restituicao de imposto,954.29,2025-10-13,INCOME,BANK_TRANSFER,False
Pet shop,182.86,2025-10-14,EXPENSE,CASH,False
Condominio,695.04,2025-10-14,EXPENSE,BANK_TRANSFER,True
Delivery de comida,127.28,2025-10-14,EXPENSE,PIX,False
Eletronicos,1722.5,2025-10-14,EXPENSE,BANK_TRANSFER,False
Estacionamento,51.99,2025-10-14,EXPENSE,BANK_TRANSFER,False
Farmacia,55.87,2025-10-14,EXPENSE,PIX,False
Passagem aerea,642.96,2025-10-14,EXPENSE,DEBIT_CARD,False
Seguro do veiculo,307.75,2025-10-14,EXPENSE,PIX,True
Curso online,208.09,2025-10-14,EXPENSE,BANK_TRANSFER,False
Academia,134.28,2025-10-15,EXPENSE,BANK_TRANSFER,True
Streaming,47.26,2025-10-15,EXPENSE,DEBIT_CARD,True
Plano de saude,391.24,2025-10-15,EXPENSE,PIX,True
Condominio,785.64,2025-10-15,EXPENSE,PIX,True
Streaming,36.57,2025-10-15,EXPENSE,BANK_TRANSFER,True
Conta de energia,427.1,2025-10-15,EXPENSE,PIX,False
Padaria,30.18,2025-10-15,EXPENSE,CREDIT_CARD,False
Pet shop,257.16,2025-10-15,EXPENSE,BOLETO,False
Cinema e lazer,62.23,2025-10-15,EXPENSE,PIX,False
Conta de agua,127.41,2025-10-15,EXPENSE,BOLETO,True
Doacao,317.46,2025-10-15,EXPENSE,PIX,False
Supermercado,310.47,2025-10-15,EXPENSE,DEBIT_CARD,False
Impostos e taxas,686.64,2025-10-15,EXPENSE,BOLETO,False
Aluguel recebido,3017.24,2025-10-15,INCOME,PIX,True
Eletronicos,1526.58,2025-10-15,EXPENSE,BOLETO,False
Pet shop,325.75,2025-10-15,EXPENSE,CREDIT_CARD,False
Delivery de comida,65.49,2025-10-15,EXPENSE,PIX,False
Aluguel recebido,2225.45,2025-10-16,INCOME,BANK_TRANSFER,True
Passagem aerea,660.14,2025-10-16,EXPENSE,DEBIT_CARD,False
Loja de roupas,351.81,2025-10-16,EXPENSE,PIX,False
Combustivel,286.43,2025-10-16,EXPENSE,DEBIT_CARD,False
Veterinario,502.62,2025-10-16,EXPENSE,DEBIT_CARD,False
Salario mensal,8331.72,2025-10-16,INCOME,BANK_TRANSFER,True
Impostos e taxas,809.04,2025-10-16,EXPENSE,BANK_TRANSFER,False
Supermercado,466.73,2025-10-16,EXPENSE,CASH,False
Padaria,80.62,2025-10-16,EXPENSE,DEBIT_CARD,False
Eletronicos,1490.87,2025-10-16,EXPENSE,DEBIT_CARD,False
Internet residencial,151.05,2025-10-16,EXPENSE,CREDIT_CARD,False
Combustivel,197.61,2025-10-16,EXPENSE,BOLETO,False
Viagem e hospedagem,2100.64,2025-10-16,EXPENSE,BOLETO,False
Internet residencial,75.09,2025-10-17,EXPENSE,DEBIT_CARD,True
Plano de celular,166.85,2025-10-17,EXPENSE,PIX,True
Doacao,119.94,2025-10-17,EXPENSE,BANK_TRANSFER,False
Padaria,13.76,2025-10-17,EXPENSE,BANK_TRANSFER,False
Rendimento de investimento,400.31,2025-10-17,INCOME,BANK_TRANSFER,True
Aplicativo de transporte,29.75,2025-10-17,EXPENSE,BANK_TRANSFER,False
Doacao,293.72,2025-10-17,EXPENSE,BOLETO,False
Rendimento de investimento,487.31,2025-10-17,INCOME,BANK_TRANSFER,True
Academia,158.47,2025-10-17,EXPENSE,BANK_TRANSFER,True
Plano de saude,273.32,2025-10-18,EXPENSE,CASH,True
Restaurante,184.48,2025-10-18,EXPENSE,DEBIT_CARD,False
Aplicativo de transporte,47.53,2025-10-18,EXPENSE,CASH,False
Plano de celular,48.02,2025-10-18,EXPENSE,PIX,True
Manutencao do veiculo,480.04,2025-10-18,EXPENSE,DEBIT_CARD,False
Aplicativo de transporte,44.7,2025-10-18,EXPENSE,DEBIT_CARD,False
Padaria,49.37,2025-10-18,EXPENSE,BOLETO,False
Aluguel residencial,2659.8,2025-10-18,EXPENSE,BANK_TRANSFER,True
Transferencia recebida,988.96,2025-10-18,INCOME,PIX,False
Plano de saude,671.72,2025-10-18,EXPENSE,PIX,True
Aplicativo de transporte,47.71,2025-10-18,EXPENSE,BANK_TRANSFER,False
Estacionamento,40.38,2025-10-19,EXPENSE,CREDIT_CARD,False
Loja de roupas,454.75,2025-10-19,EXPENSE,CASH,False
Impostos e taxas,492.04,2025-10-19,EXPENSE,BANK_TRANSFER,False
Combustivel,238.34,2025-10-19,EXPENSE,DEBIT_CARD,False
Curso online,181.94,2025-10-19,EXPENSE,BOLETO,False
Streaming,66.31,2025-10-19,EXPENSE,DEBIT_CARD,True
Loja de roupas,325.61,2025-10-19,EXPENSE,DEBIT_CARD,False
Farmacia,42.41,2025-10-19,EXPENSE,BANK_TRANSFER,False
Plano de celular,63.73,2025-10-19,EXPENSE,BOLETO,True
Condominio,447.31,2025-10-19,EXPENSE,CASH,True
Condominio,610.36,2025-10-20,EXPENSE,DEBIT_CARD,True
Curso online,138.29,2025-10-20,EXPENSE,PIX,False
Seguro do veiculo,214.7,2025-10-20,EXPENSE,BANK_TRANSFER,True
Academia,180.95,2025-10-20,EXPENSE,BANK_TRANSFER,True
Passagem aerea,1460.07,2025-10-20,EXPENSE,BANK_TRANSFER,False
Farmacia,91.18,2025-10-20,EXPENSE,BANK_TRANSFER,False
Internet residencial,130.91,2025-10-20,EXPENSE,BOLETO,True
Academia,152.81,2025-10-20,EXPENSE,BANK_TRANSFER,True
Plano de saude,709.22,2025-10-20,EXPENSE,CREDIT_CARD,True
Seguro do veiculo,400.42,2025-10-20,EXPENSE,CASH,True
Delivery de comida,52.18,2025-10-20,EXPENSE,PIX,False
Aluguel residencial,2224.42,2025-10-21,EXPENSE,CASH,True
Dividendos,348.75,2025-10-21,INCOME,BANK_TRANSFER,True
Dividendos,466.52,2025-10-21,INCOME,PIX,True
Eletronicos,2132.97,2025-10-21,EXPENSE,PIX,False
Seguro do veiculo,172.56,2025-10-21,EXPENSE,BANK_TRANSFER,True
Restaurante,178.12,2025-10-21,EXPENSE,DEBIT_CARD,False
Dividendos,441.78,2025-10-21,INCOME,BANK_TRANSFER,True
Aplicativo de transporte,64.24,2025-10-21,EXPENSE,CASH,False
Pagamento freelance,1833.82,2025-10-21,INCOME,BANK_TRANSFER,False
Viagem e hospedagem,1484.55,2025-10-21,EXPENSE,BANK_TRANSFER,False
Combustivel,175.43,2025-10-22,EXPENSE,BOLETO,False
Aluguel recebido,1621.17,2025-10-22,INCOME,PIX,True
Loja de roupas,184.1,2025-10-22,EXPENSE,CASH,False
Farmacia,85.12,2025-10-22,EXPENSE,DEBIT_CARD,False
Internet residencial,93.01,2025-10-22,EXPENSE,CASH,True
Plano de celular,152.79,2025-10-22,EXPENSE,CASH,True
Delivery de comida,80.14,2025-10-22,EXPENSE,BOLETO,False
Manutencao do veiculo,1918.97,2025-10-22,EXPENSE,PIX,False
Streaming,38.45,2025-10-22,EXPENSE,CASH,True
Veterinario,541.07,2025-10-22,EXPENSE,CASH,False
Farmacia,137.11,2025-10-23,EXPENSE,DEBIT_CARD,False
Reembolso empresarial,757.95,2025-10-23,INCOME,PIX,False
Plano de celular,102.49,2025-10-23,EXPENSE,PIX,True
Conta de agua,116.14,2025-10-23,EXPENSE,BANK_TRANSFER,True
Padaria,26.29,2025-10-23,EXPENSE,BOLETO,False
Aluguel residencial,1915.38,2025-10-23,EXPENSE,PIX,True
Seguro do veiculo,296.7,2025-10-23,EXPENSE,CREDIT_CARD,False
Loja de roupas,436.88,2025-10-24,EXPENSE,CASH,False
Restituicao de imposto,1830.34,2025-10-24,INCOME,BANK_TRANSFER,False
Restituicao de imposto,1733.11,2025-10-24,INCOME,BANK_TRANSFER,False
Veterinario,660.97,2025-10-24,EXPENSE,PIX,False
Salario mensal,8319.56,2025-10-24,INCOME,PIX,True
Condominio,740.4,2025-10-24,EXPENSE,DEBIT_CARD,True
Plano de saude,619.72,2025-10-24,EXPENSE,BANK_TRANSFER,True
Farmacia,112.47,2025-10-24,EXPENSE,CASH,False
Estacionamento,29.05,2025-10-24,EXPENSE,CREDIT_CARD,False
Conta de energia,304.86,2025-10-24,EXPENSE,BANK_TRANSFER,True
Cinema e lazer,38.25,2025-10-24,EXPENSE,BANK_TRANSFER,False
Academia,132.33,2025-10-24,EXPENSE,BANK_TRANSFER,True
Padaria,21.89,2025-10-24,EXPENSE,BANK_TRANSFER,False
Conta de energia,474.8,2025-10-24,EXPENSE,PIX,True
Passagem aerea,1006.69,2025-10-25,EXPENSE,BOLETO,False
Supermercado,321.89,2025-10-25,EXPENSE,PIX,False
Cinema e lazer,63.0,2025-10-25,EXPENSE,BOLETO,False
Veterinario,429.71,2025-10-25,EXPENSE,BOLETO,False
Passagem aerea,1125.68,2025-10-25,EXPENSE,BOLETO,False
Impostos e taxas,1329.09,2025-10-25,EXPENSE,BANK_TRANSFER,False
Manutencao do veiculo,688.31,2025-10-25,EXPENSE,BOLETO,False
Eletronicos,3532.55,2025-10-25,EXPENSE,BANK_TRANSFER,False
Farmacia,64.72,2025-10-25,EXPENSE,BANK_TRANSFER,False
Doacao,275.57,2025-10-26,EXPENSE,PIX,False
Venda de produto,1312.38,2025-10-26,INCOME,BANK_TRANSFER,False
Curso online,563.6,2025-10-26,EXPENSE,BANK_TRANSFER,False
Delivery de comida,56.15,2025-10-26,EXPENSE,BANK_TRANSFER,False
Transferencia recebida,1670.27,2025-10-26,INCOME,PIX,False
Impostos e taxas,616.31,2025-10-26,EXPENSE,BANK_TRANSFER,False
Pet shop,51.77,2025-10-26,EXPENSE,BANK_TRANSFER,False
Loja de roupas,580.64,2025-10-26,EXPENSE,CREDIT_CARD,False
Cinema e lazer,139.28,2025-10-27,EXPENSE,CASH,False
Conta de energia,261.74,2025-10-27,EXPENSE,DEBIT_CARD,True
Aplicativo de transporte,44.52,2025-10-27,EXPENSE,BANK_TRANSFER,False
Salario mensal,8861.88,2025-10-27,INCOME,BANK_TRANSFER,True
Conta de agua,68.97,2025-10-27,EXPENSE,PIX,False
Curso online,133.75,2025-10-27,EXPENSE,PIX,False
Livraria,170.89,2025-10-27,EXPENSE,BOLETO,False
Seguro do veiculo,376.16,2025-10-27,EXPENSE,PIX,False
Estacionamento,15.38,2025-10-27,EXPENSE,CASH,False
Curso online,220.39,2025-10-27,EXPENSE,BOLETO,False
Pet shop,177.67,2025-10-27,EXPENSE,PIX,False
Reembolso empresarial,683.07,2025-10-27,INCOME,BANK_TRANSFER,False
Plano de celular,121.89,2025-10-27,EXPENSE,DEBIT_CARD,True
Eletronicos,1635.57,2025-10-27,EXPENSE,BOLETO,False
Restaurante,87.41,2025-10-28,EXPENSE,DEBIT_CARD,False
Aluguel recebido,3037.43,2025-10-28,INCOME,PIX,True
Manutencao do veiculo,267.41,2025-10-28,EXPENSE,PIX,False
Conta de agua,183.0,2025-10-28,EXPENSE,DEBIT_CARD,True
Passagem aerea,3060.44,2025-10-28,EXPENSE,CASH,False
Loja de roupas,192.45,2025-10-28,EXPENSE,CREDIT_CARD,False
Seguro do veiculo,380.23,2025-10-28,EXPENSE,DEBIT_CARD,True
Impostos e taxas,726.18,2025-10-29,EXPENSE,PIX,False
Streaming,25.96,2025-10-29,EXPENSE,PIX,False
Passagem aerea,2367.06,2025-10-29,EXPENSE,CREDIT_CARD,False
Plano de celular,102.79,2025-10-29,EXPENSE,CASH,False
Dividendos,458.45,2025-10-29,INCOME,PIX,True
Transferencia recebida,711.01,2025-10-29,INCOME,BANK_TRANSFER,False
Estacionamento,32.38,2025-10-29,EXPENSE,PIX,False
Viagem e hospedagem,2177.93,2025-10-30,EXPENSE,CREDIT_CARD,False
Delivery de comida,112.15,2025-10-30,EXPENSE,BOLETO,False
Pagamento freelance,2531.12,2025-10-30,INCOME,PIX,False
Combustivel,274.17,2025-10-30,EXPENSE,BANK_TRANSFER,False
Rendimento de investimento,395.29,2025-10-30,INCOME,BANK_TRANSFER,True
Reembolso empresarial,379.57,2025-10-31,INCOME,PIX,False
Supermercado,412.21,2025-10-31,EXPENSE,BOLETO,False
Reembolso empresarial,217.8,2025-10-31,INCOME,PIX,False
Supermercado,464.08,2025-10-31,EXPENSE,CREDIT_CARD,False
Conta de energia,295.33,2025-10-31,EXPENSE,PIX,True
Aluguel residencial,1968.14,2025-10-31,EXPENSE,BANK_TRANSFER,False
Estacionamento,45.2,2025-10-31,EXPENSE,CASH,False
Manutencao do veiculo,536.92,2025-10-31,EXPENSE,PIX,False
Condominio,887.42,2025-10-31,EXPENSE,DEBIT_CARD,True
Aplicativo de transporte,17.42,2025-10-31,EXPENSE,BANK_TRANSFER,False
Estacionamento,32.46,2025-10-31,EXPENSE,CASH,False
Condominio,1065.19,2025-11-01,EXPENSE,BANK_TRANSFER,True
Salario mensal,8441.97,2025-11-01,INCOME,BANK_TRANSFER,True
Curso online,544.73,2025-11-01,EXPENSE,PIX,False
Aluguel recebido,1770.64,2025-11-01,INCOME,PIX,False
Padaria,29.47,2025-11-01,EXPENSE,CREDIT_CARD,False
Impostos e taxas,699.7,2025-11-01,EXPENSE,BOLETO,False
Dividendos,348.91,2025-11-01,INCOME,PIX,True
Livraria,107.33,2025-11-01,EXPENSE,BANK_TRANSFER,False
Doacao,86.77,2025-11-01,EXPENSE,CREDIT_CARD,False
Combustivel,195.01,2025-11-01,EXPENSE,CREDIT_CARD,False
Doacao,26.37,2025-11-02,EXPENSE,BANK_TRANSFER,False
Veterinario,451.88,2025-11-02,EXPENSE,BOLETO,False
Veterinario,237.06,2025-11-02,EXPENSE,PIX,False
Condominio,588.2,2025-11-02,EXPENSE,CASH,True
Plano de saude,745.32,2025-11-02,EXPENSE,BOLETO,False
Manutencao do veiculo,763.79,2025-11-02,EXPENSE,CASH,False
Plano de celular,67.63,2025-11-02,EXPENSE,DEBIT_CARD,True
Viagem e hospedagem,1087.81,2025-11-02,EXPENSE,BANK_TRANSFER,False
Streaming,39.05,2025-11-02,EXPENSE,PIX,True
Bonus profissional,2729.58,2025-11-02,INCOME,BANK_TRANSFER,False
Academia,105.19,2025-11-02,EXPENSE,BANK_TRANSFER,False
Doacao,290.17,2025-11-03,EXPENSE,DEBIT_CARD,False
Padaria,54.76,2025-11-03,EXPENSE,DEBIT_CARD,False
Plano de saude,415.89,2025-11-03,EXPENSE,PIX,True
Aluguel recebido,2035.74,2025-11-03,INCOME,PIX,False
Conta de energia,234.04,2025-11-03,EXPENSE,BANK_TRANSFER,True
Manutencao do veiculo,576.14,2025-11-03,EXPENSE,BOLETO,False
Cinema e lazer,164.86,2025-11-03,EXPENSE,CASH,False
Reembolso empresarial,566.47,2025-11-03,INCOME,BANK_TRANSFER,False
Livraria,110.57,2025-11-03,EXPENSE,DEBIT_CARD,False
Supermercado,60.37,2025-11-03,EXPENSE,PIX,False
Seguro do veiculo,396.83,2025-11-03,EXPENSE,PIX,True
Farmacia,56.58,2025-11-03,EXPENSE,CASH,False
Seguro do veiculo,355.98,2025-11-04,EXPENSE,CASH,True
Estacionamento,36.54,2025-11-04,EXPENSE,CASH,False
Internet residencial,115.79,2025-11-04,EXPENSE,BOLETO,False
Supermercado,437.82,2025-11-04,EXPENSE,PIX,False
Doacao,449.45,2025-11-04,EXPENSE,PIX,False
Plano de celular,70.66,2025-11-04,EXPENSE,CREDIT_CARD,True
Loja de roupas,433.7,2025-11-04,EXPENSE,BOLETO,False
Passagem aerea,2207.93,2025-11-04,EXPENSE,PIX,False
Passagem aerea,1128.76,2025-11-04,EXPENSE,PIX,False
Farmacia,60.68,2025-11-04,EXPENSE,PIX,False
Passagem aerea,2879.39,2025-11-05,EXPENSE,BANK_TRANSFER,False
Eletronicos,1972.29,2025-11-05,EXPENSE,CREDIT_CARD,False
Pet shop,83.07,2025-11-05,EXPENSE,CASH,False
Impostos e taxas,902.72,2025-11-05,EXPENSE,DEBIT_CARD,False
Restaurante,239.47,2025-11-05,EXPENSE,BANK_TRANSFER,False
Passagem aerea,2174.68,2025-11-05,EXPENSE,BANK_TRANSFER,False
Estacionamento,40.33,2025-11-05,EXPENSE,DEBIT_CARD,False
Impostos e taxas,870.92,2025-11-05,EXPENSE,CASH,False
Plano de celular,82.22,2025-11-05,EXPENSE,CASH,False
Aplicativo de transporte,37.31,2025-11-05,EXPENSE,PIX,False
Conta de agua,61.12,2025-11-05,EXPENSE,CASH,True
Internet residencial,86.54,2025-11-06,EXPENSE,CASH,True
Livraria,177.62,2025-11-06,EXPENSE,BOLETO,False
Viagem e hospedagem,1349.8,2025-11-06,EXPENSE,CASH,False
Viagem e hospedagem,2761.94,2025-11-06,EXPENSE,PIX,False
Plano de saude,1020.38,2025-11-06,EXPENSE,BOLETO,True
Doacao,259.07,2025-11-06,EXPENSE,CREDIT_CARD,False
Livraria,124.87,2025-11-06,EXPENSE,CASH,False
Venda de produto,1213.65,2025-11-06,INCOME,PIX,False
Aluguel recebido,1758.13,2025-11-07,INCOME,BANK_TRANSFER,False
Conta de energia,321.03,2025-11-07,EXPENSE,BOLETO,False
Reembolso empresarial,330.26,2025-11-07,INCOME,BANK_TRANSFER,False
Academia,224.79,2025-11-07,EXPENSE,BANK_TRANSFER,True
Conta de agua,127.98,2025-11-07,EXPENSE,CREDIT_CARD,True
Plano de saude,624.52,2025-11-07,EXPENSE,PIX,True
Padaria,33.74,2025-11-07,EXPENSE,BOLETO,False
Livraria,90.94,2025-11-07,EXPENSE,DEBIT_CARD,False
Impostos e taxas,691.73,2025-11-08,EXPENSE,PIX,False
Venda de produto,611.03,2025-11-08,INCOME,BANK_TRANSFER,False
Rendimento de investimento,412.19,2025-11-08,INCOME,BANK_TRANSFER,False
Curso online,222.84,2025-11-08,EXPENSE,PIX,False
Viagem e hospedagem,1611.34,2025-11-08,EXPENSE,PIX,False
Cinema e lazer,29.07,2025-11-08,EXPENSE,CREDIT_CARD,False
Internet residencial,140.05,2025-11-08,EXPENSE,PIX,True
Salario mensal,9351.23,2025-11-08,INCOME,BANK_TRANSFER,True
Manutencao do veiculo,1401.04,2025-11-08,EXPENSE,PIX,False
Condominio,382.68,2025-11-09,EXPENSE,PIX,True
Padaria,34.04,2025-11-09,EXPENSE,BANK_TRANSFER,False
Loja de roupas,509.36,2025-11-09,EXPENSE,PIX,False
Academia,184.04,2025-11-09,EXPENSE,CREDIT_CARD,True
Reembolso empresarial,446.82,2025-11-09,INCOME,PIX,False
Combustivel,101.95,2025-11-10,EXPENSE,CASH,False
Impostos e taxas,1271.18,2025-11-10,EXPENSE,BANK_TRANSFER,False
Internet residencial,77.98,2025-11-10,EXPENSE,CREDIT_CARD,False
Internet residencial,106.79,2025-11-10,EXPENSE,CREDIT_CARD,True
Reembolso empresarial,420.06,2025-11-10,INCOME,PIX,False
Manutencao do veiculo,1206.62,2025-11-10,EXPENSE,BOLETO,False
Pet shop,266.11,2025-11-10,EXPENSE,BANK_TRANSFER,False
Pet shop,112.82,2025-11-10,EXPENSE,PIX,False
Padaria,39.73,2025-11-10,EXPENSE,CASH,False
Bonus profissional,3446.5,2025-11-10,INCOME,PIX,False
Loja de roupas,509.7,2025-11-10,EXPENSE,CASH,False
Seguro do veiculo,280.82,2025-11-10,EXPENSE,DEBIT_CARD,True
Academia,170.89,2025-11-10,EXPENSE,CREDIT_CARD,True
Viagem e hospedagem,1002.27,2025-11-10,EXPENSE,CASH,False
Transferencia recebida,979.19,2025-11-11,INCOME,PIX,False
Rendimento de investimento,413.41,2025-11-11,INCOME,BANK_TRANSFER,True
Supermercado,487.5,2025-11-11,EXPENSE,DEBIT_CARD,False
Bonus profissional,1460.76,2025-11-11,INCOME,PIX,False
Manutencao do veiculo,1371.16,2025-11-11,EXPENSE,CREDIT_CARD,False
Impostos e taxas,1167.2,2025-11-11,EXPENSE,DEBIT_CARD,False
Passagem aerea,2784.19,2025-11-12,EXPENSE,CREDIT_CARD,False
Transferencia recebida,624.58,2025-11-12,INCOME,PIX,False
Veterinario,555.47,2025-11-12,EXPENSE,BANK_TRANSFER,False
Passagem aerea,1375.72,2025-11-12,EXPENSE,CASH,False
Aplicativo de transporte,46.62,2025-11-12,EXPENSE,DEBIT_CARD,False
Supermercado,149.53,2025-11-12,EXPENSE,CREDIT_CARD,False
Loja de roupas,373.85,2025-11-12,EXPENSE,BANK_TRANSFER,False
Seguro do veiculo,128.54,2025-11-12,EXPENSE,BOLETO,True
Livraria,169.64,2025-11-12,EXPENSE,BANK_TRANSFER,False
Eletronicos,1833.23,2025-11-12,EXPENSE,PIX,False
Doacao,222.13,2025-11-12,EXPENSE,BOLETO,False
Manutencao do veiculo,1286.19,2025-11-13,EXPENSE,PIX,False
Delivery de comida,55.49,2025-11-13,EXPENSE,PIX,False
Padaria,45.4,2025-11-13,EXPENSE,DEBIT_CARD,False
Aluguel residencial,1726.55,2025-11-13,EXPENSE,DEBIT_CARD,True
Veterinario,226.73,2025-11-13,EXPENSE,BOLETO,False
Bonus profissional,1886.67,2025-11-13,INCOME,PIX,False
Restituicao de imposto,2497.45,2025-11-14,INCOME,BANK_TRANSFER,False
Pagamento freelance,2658.21,2025-11-14,INCOME,PIX,False
Aplicativo de transporte,28.19,2025-11-14,EXPENSE,CASH,False
Streaming,39.86,2025-11-14,EXPENSE,DEBIT_CARD,True
Pet shop,339.11,2025-11-14,EXPENSE,BOLETO,False
Conta de energia,611.51,2025-11-14,EXPENSE,CASH,True
Combustivel,87.94,2025-11-14,EXPENSE,PIX,False
Veterinario,422.64,2025-11-14,EXPENSE,DEBIT_CARD,False
Academia,211.9,2025-11-14,EXPENSE,CREDIT_CARD,True
Dividendos,493.65,2025-11-14,INCOME,PIX,True
Venda de produto,817.03,2025-11-14,INCOME,BANK_TRANSFER,False
Transferencia recebida,1581.16,2025-11-14,INCOME,PIX,False
Combustivel,214.64,2025-11-14,EXPENSE,CASH,False
Impostos e taxas,436.52,2025-11-14,EXPENSE,DEBIT_CARD,False
Cinema e lazer,178.65,2025-11-14,EXPENSE,CREDIT_CARD,False
Streaming,24.03,2025-11-15,EXPENSE,PIX,True
Conta de energia,318.01,2025-11-15,EXPENSE,CREDIT_CARD,True
Loja de roupas,465.01,2025-11-15,EXPENSE,DEBIT_CARD,False
Manutencao do veiculo,1236.02,2025-11-15,EXPENSE,BOLETO,False
Venda de produto,713.65,2025-11-15,INCOME,BANK_TRANSFER,False
Restituicao de imposto,1640.39,2025-11-15,INCOME,PIX,False
Supermercado,329.43,2025-11-15,EXPENSE,BOLETO,False
Dividendos,307.6,2025-11-15,INCOME,PIX,True
Viagem e hospedagem,1281.14,2025-11-15,EXPENSE,BANK_TRANSFER,False
Farmacia,143.8,2025-11-15,EXPENSE,CASH,False
Doacao,165.05,2025-11-16,EXPENSE,PIX,False
Cinema e lazer,136.82,2025-11-16,EXPENSE,CREDIT_CARD,False
Eletronicos,1521.71,2025-11-16,EXPENSE,CASH,False
Conta de agua,111.23,2025-11-16,EXPENSE,BANK_TRANSFER,True
Livraria,181.98,2025-11-16,EXPENSE,CREDIT_CARD,False
Viagem e hospedagem,1029.91,2025-11-16,EXPENSE,CREDIT_CARD,False
Academia,168.19,2025-11-16,EXPENSE,CREDIT_CARD,False
Pagamento freelance,2626.65,2025-11-16,INCOME,BANK_TRANSFER,False
Conta de energia,382.21,2025-11-16,EXPENSE,PIX,True
Conta de energia,210.5,2025-11-16,EXPENSE,CASH,True
Plano de celular,61.02,2025-11-16,EXPENSE,DEBIT_CARD,False
Aplicativo de transporte,32.35,2025-11-16,EXPENSE,CREDIT_CARD,False
Conta de energia,363.71,2025-11-16,EXPENSE,BOLETO,True
Estacionamento,21.45,2025-11-16,EXPENSE,DEBIT_CARD,False
Venda de produto,1085.36,2025-11-17,INCOME,BANK_TRANSFER,False
Reembolso empresarial,461.66,2025-11-17,INCOME,PIX,False
Aluguel residencial,2939.1,2025-11-17,EXPENSE,PIX,True
Streaming,45.73,2025-11-17,EXPENSE,CASH,True
Rendimento de investimento,202.63,2025-11-17,INCOME,BANK_TRANSFER,True
Restaurante,102.98,2025-11-17,EXPENSE,BANK_TRANSFER,False
Plano de celular,79.87,2025-11-17,EXPENSE,BANK_TRANSFER,False
Veterinario,530.23,2025-11-18,EXPENSE,DEBIT_CARD,False
Reembolso empresarial,556.84,2025-11-18,INCOME,PIX,False
Eletronicos,1465.63,2025-11-18,EXPENSE,DEBIT_CARD,False
Reembolso empresarial,464.61,2025-11-18,INCOME,PIX,False
Restaurante,105.2,2025-11-18,EXPENSE,CASH,False
Eletronicos,1957.33,2025-11-18,EXPENSE,CASH,False
Combustivel,195.22,2025-11-18,EXPENSE,BANK_TRANSFER,False
Conta de agua,146.73,2025-11-18,EXPENSE,BOLETO,True
Streaming,48.39,2025-11-18,EXPENSE,CASH,True
Restaurante,205.03,2025-11-18,EXPENSE,CASH,False
Farmacia,198.0,2025-11-19,EXPENSE,CASH,False
Reembolso empresarial,274.82,2025-11-19,INCOME,BANK_TRANSFER,False
Supermercado,92.92,2025-11-19,EXPENSE,CASH,False
Supermercado,205.67,2025-11-19,EXPENSE,CASH,False
Viagem e hospedagem,1079.03,2025-11-19,EXPENSE,BANK_TRANSFER,False
Restituicao de imposto,2346.44,2025-11-19,INCOME,BANK_TRANSFER,False
Restaurante,147.36,2025-11-19,EXPENSE,BOLETO,False
Delivery de comida,83.66,2025-11-19,EXPENSE,BANK_TRANSFER,False
Cinema e lazer,55.11,2025-11-19,EXPENSE,BOLETO,False
Doacao,248.26,2025-11-20,EXPENSE,BANK_TRANSFER,False
Estacionamento,49.12,2025-11-20,EXPENSE,PIX,False
Pagamento freelance,1523.86,2025-11-20,INCOME,BANK_TRANSFER,False
Rendimento de investimento,329.68,2025-11-20,INCOME,PIX,True
Padaria,45.8,2025-11-20,EXPENSE,DEBIT_CARD,False
Farmacia,228.78,2025-11-20,EXPENSE,CASH,False
Curso online,319.21,2025-11-20,EXPENSE,CREDIT_CARD,False
Plano de saude,423.52,2025-11-20,EXPENSE,CASH,True
Internet residencial,119.9,2025-11-20,EXPENSE,CASH,True
Condominio,776.6,2025-11-20,EXPENSE,BOLETO,True
Estacionamento,38.62,2025-11-20,EXPENSE,BOLETO,False
Academia,163.3,2025-11-21,EXPENSE,PIX,False
Salario mensal,9821.0,2025-11-21,INCOME,PIX,True
Livraria,164.64,2025-11-21,EXPENSE,DEBIT_CARD,False
Reembolso empresarial,613.57,2025-11-21,INCOME,PIX,False
Aplicativo de transporte,9.31,2025-11-21,EXPENSE,PIX,False
Eletronicos,3213.58,2025-11-21,EXPENSE,DEBIT_CARD,False
Curso online,77.95,2025-11-21,EXPENSE,DEBIT_CARD,False
Combustivel,120.06,2025-11-21,EXPENSE,DEBIT_CARD,False
Plano de celular,105.79,2025-11-21,EXPENSE,BOLETO,True
Aplicativo de transporte,46.33,2025-11-21,EXPENSE,BANK_TRANSFER,False
Restituicao de imposto,1876.04,2025-11-21,INCOME,BANK_TRANSFER,False
Condominio,478.4,2025-11-21,EXPENSE,BANK_TRANSFER,True
Pet shop,131.33,2025-11-21,EXPENSE,DEBIT_CARD,False
Restituicao de imposto,1209.31,2025-11-21,INCOME,PIX,False
Conta de agua,97.01,2025-11-21,EXPENSE,CREDIT_CARD,True
Passagem aerea,755.1,2025-11-21,EXPENSE,CREDIT_CARD,False
Aluguel recebido,2312.28,2025-11-22,INCOME,BANK_TRANSFER,True
Delivery de comida,77.79,2025-11-22,EXPENSE,CASH,False
Veterinario,553.3,2025-11-22,EXPENSE,BOLETO,False
Salario mensal,5176.71,2025-11-22,INCOME,PIX,True
Impostos e taxas,185.68,2025-11-22,EXPENSE,BANK_TRANSFER,False
Streaming,40.58,2025-11-22,EXPENSE,BOLETO,False
Conta de agua,114.01,2025-11-22,EXPENSE,BOLETO,True
Plano de saude,410.53,2025-11-22,EXPENSE,BOLETO,True
Eletronicos,2765.96,2025-11-22,EXPENSE,BOLETO,False
Streaming,42.99,2025-11-22,EXPENSE,BOLETO,True
Condominio,540.3,2025-11-22,EXPENSE,CASH,True
Combustivel,162.1,2025-11-23,EXPENSE,PIX,False
Estacionamento,34.19,2025-11-23,EXPENSE,BOLETO,False
Curso online,135.12,2025-11-23,EXPENSE,DEBIT_CARD,False
Aluguel residencial,1836.71,2025-11-23,EXPENSE,BOLETO,True
Aluguel residencial,2099.63,2025-11-23,EXPENSE,PIX,True
Pet shop,156.72,2025-11-23,EXPENSE,DEBIT_CARD,False
Curso online,201.97,2025-11-24,EXPENSE,BANK_TRANSFER,False
Passagem aerea,755.03,2025-11-24,EXPENSE,BANK_TRANSFER,False
Delivery de comida,71.67,2025-11-24,EXPENSE,CASH,False
Padaria,52.25,2025-11-24,EXPENSE,CREDIT_CARD,False
Rendimento de investimento,403.97,2025-11-24,INCOME,PIX,True
Dividendos,435.72,2025-11-24,INCOME,BANK_TRANSFER,True
Aluguel recebido,2563.46,2025-11-24,INCOME,BANK_TRANSFER,True
Loja de roupas,341.93,2025-11-24,EXPENSE,BANK_TRANSFER,False
Aplicativo de transporte,31.47,2025-11-24,EXPENSE,DEBIT_CARD,False
Cinema e lazer,47.37,2025-11-24,EXPENSE,BANK_TRANSFER,False
Supermercado,204.11,2025-11-24,EXPENSE,BOLETO,False
Delivery de comida,83.2,2025-11-25,EXPENSE,BANK_TRANSFER,False
Pagamento freelance,2473.34,2025-11-25,INCOME,BANK_TRANSFER,False
Seguro do veiculo,180.06,2025-11-25,EXPENSE,PIX,True
Veterinario,368.73,2025-11-25,EXPENSE,BOLETO,False
Pet shop,125.18,2025-11-25,EXPENSE,PIX,False
Bonus profissional,2495.39,2025-11-25,INCOME,PIX,False
Estacionamento,49.51,2025-11-25,EXPENSE,BOLETO,False
Plano de saude,405.33,2025-11-25,EXPENSE,BOLETO,True
Internet residencial,131.11,2025-11-25,EXPENSE,PIX,True
Aluguel residencial,2347.34,2025-11-25,EXPENSE,BANK_TRANSFER,True
Plano de saude,808.45,2025-11-25,EXPENSE,PIX,True
Internet residencial,112.49,2025-11-25,EXPENSE,CREDIT_CARD,True
Impostos e taxas,1373.92,2025-11-25,EXPENSE,DEBIT_CARD,False
Aluguel recebido,2744.6,2025-11-25,INCOME,BANK_TRANSFER,True
Restituicao de imposto,1645.81,2025-11-25,INCOME,BANK_TRANSFER,False
Transferencia recebida,541.44,2025-11-25,INCOME,BANK_TRANSFER,False
Transferencia recebida,1439.95,2025-11-25,INCOME,PIX,False
Venda de produto,1192.83,2025-11-25,INCOME,BANK_TRANSFER,False
Seguro do veiculo,220.98,2025-11-26,EXPENSE,DEBIT_CARD,False
Restituicao de imposto,1571.48,2025-11-26,INCOME,BANK_TRANSFER,False
Estacionamento,35.02,2025-11-26,EXPENSE,PIX,False
Venda de produto,1285.39,2025-11-26,INCOME,BANK_TRANSFER,False
Rendimento de investimento,223.17,2025-11-26,INCOME,PIX,False
Conta de agua,127.24,2025-11-26,EXPENSE,BOLETO,True
Plano de celular,110.45,2025-11-26,EXPENSE,CASH,True
Bonus profissional,4251.4,2025-11-26,INCOME,PIX,False
Rendimento de investimento,249.84,2025-11-26,INCOME,PIX,True
Delivery de comida,88.03,2025-11-26,EXPENSE,PIX,False
Transferencia recebida,1786.0,2025-11-26,INCOME,PIX,False
Streaming,39.14,2025-11-27,EXPENSE,BANK_TRANSFER,True
Internet residencial,142.17,2025-11-27,EXPENSE,PIX,True
Supermercado,335.81,2025-11-27,EXPENSE,CASH,False
Plano de saude,499.69,2025-11-27,EXPENSE,BOLETO,True
Dividendos,195.53,2025-11-27,INCOME,BANK_TRANSFER,True
Salario mensal,9907.83,2025-11-27,INCOME,BANK_TRANSFER,True
Loja de roupas,607.91,2025-11-27,EXPENSE,CASH,False
Veterinario,312.42,2025-11-27,EXPENSE,DEBIT_CARD,False
Dividendos,345.23,2025-11-27,INCOME,PIX,True
Combustivel,237.81,2025-11-27,EXPENSE,DEBIT_CARD,False
Cinema e lazer,128.6,2025-11-27,EXPENSE,CREDIT_CARD,False
Pagamento freelance,1385.24,2025-11-27,INCOME,BANK_TRANSFER,False
Farmacia,189.16,2025-11-27,EXPENSE,DEBIT_CARD,False
Condominio,957.59,2025-11-27,EXPENSE,CASH,True
Padaria,34.01,2025-11-28,EXPENSE,CASH,False
Restaurante,156.66,2025-11-28,EXPENSE,CREDIT_CARD,False
Cinema e lazer,66.25,2025-11-28,EXPENSE,BOLETO,False
Loja de roupas,410.07,2025-11-28,EXPENSE,DEBIT_CARD,False
Plano de celular,84.7,2025-11-28,EXPENSE,CREDIT_CARD,True
Reembolso empresarial,520.27,2025-11-28,INCOME,PIX,False
Delivery de comida,97.53,2025-11-28,EXPENSE,CREDIT_CARD,False
Estacionamento,19.96,2025-11-28,EXPENSE,DEBIT_CARD,False
Aluguel residencial,2428.83,2025-11-28,EXPENSE,BOLETO,False
Estacionamento,19.28,2025-11-28,EXPENSE,BANK_TRANSFER,False
Estacionamento,14.36,2025-11-28,EXPENSE,CASH,False
Conta de agua,119.96,2025-11-28,EXPENSE,CREDIT_CARD,True
Plano de celular,93.36,2025-11-28,EXPENSE,CASH,False
Aplicativo de transporte,35.61,2025-11-29,EXPENSE,PIX,False
Academia,163.14,2025-11-29,EXPENSE,DEBIT_CARD,True
Condominio,354.25,2025-11-29,EXPENSE,BANK_TRANSFER,False
Seguro do veiculo,292.98,2025-11-29,EXPENSE,BOLETO,True
Plano de celular,46.54,2025-11-29,EXPENSE,CREDIT_CARD,False
Pagamento freelance,2350.99,2025-11-29,INCOME,PIX,False
Farmacia,192.27,2025-11-29,EXPENSE,BOLETO,False
Restituicao de imposto,2458.48,2025-11-29,INCOME,BANK_TRANSFER,False
Aluguel residencial,2575.84,2025-11-29,EXPENSE,BOLETO,True
Conta de energia,358.37,2025-11-29,EXPENSE,CASH,True
Dividendos,512.78,2025-11-29,INCOME,PIX,True
Delivery de comida,87.04,2025-11-29,EXPENSE,CREDIT_CARD,False
Combustivel,314.32,2025-11-29,EXPENSE,CASH,False
Restaurante,121.81,2025-11-29,EXPENSE,CASH,False
Transferencia recebida,1721.15,2025-11-29,INCOME,PIX,False
Pagamento freelance,2587.96,2025-11-30,INCOME,PIX,False
Pet shop,108.14,2025-11-30,EXPENSE,PIX,False
Curso online,57.2,2025-11-30,EXPENSE,BANK_TRANSFER,False
Restaurante,146.13,2025-11-30,EXPENSE,CREDIT_CARD,False
Aplicativo de transporte,17.75,2025-11-30,EXPENSE,CREDIT_CARD,False
Dividendos,458.52,2025-11-30,INCOME,BANK_TRANSFER,True
Pet shop,80.15,2025-11-30,EXPENSE,DEBIT_CARD,False
Impostos e taxas,1808.89,2025-11-30,EXPENSE,BANK_TRANSFER,False
Curso online,417.82,2025-11-30,EXPENSE,CREDIT_CARD,False
Restituicao de imposto,1629.0,2025-11-30,INCOME,BANK_TRANSFER,False
Aluguel recebido,1137.13,2025-11-30,INCOME,BANK_TRANSFER,True
Academia,154.3,2025-11-30,EXPENSE,CREDIT_CARD,True
Eletronicos,2145.53,2025-11-30,EXPENSE,BANK_TRANSFER,False
Aluguel residencial,1778.15,2025-11-30,EXPENSE,BANK_TRANSFER,True
Salario mensal,6219.55,2025-11-30,INCOME,PIX,True
Farmacia,69.45,2025-11-30,EXPENSE,CREDIT_CARD,False
Internet residencial,111.5,2025-12-01,EXPENSE,BOLETO,True
Seguro do veiculo,171.24,2025-12-01,EXPENSE,DEBIT_CARD,True
Padaria,13.18,2025-12-01,EXPENSE,CASH,False
Delivery de comida,118.43,2025-12-01,EXPENSE,BANK_TRANSFER,False
Seguro do veiculo,375.84,2025-12-01,EXPENSE,PIX,True
Impostos e taxas,1186.86,2025-12-01,EXPENSE,PIX,False
Loja de roupas,131.38,2025-12-01,EXPENSE,CREDIT_CARD,False
Streaming,73.29,2025-12-01,EXPENSE,CREDIT_CARD,True
Condominio,599.32,2025-12-01,EXPENSE,PIX,True
Transferencia recebida,1192.07,2025-12-01,INCOME,BANK_TRANSFER,False
Aluguel recebido,2007.78,2025-12-01,INCOME,PIX,False
Rendimento de investimento,458.15,2025-12-02,INCOME,BANK_TRANSFER,True
Restituicao de imposto,1447.48,2025-12-02,INCOME,PIX,False
Pet shop,183.2,2025-12-02,EXPENSE,BOLETO,False
Plano de saude,451.77,2025-12-02,EXPENSE,BOLETO,False
Farmacia,181.77,2025-12-02,EXPENSE,CASH,False
Dividendos,488.41,2025-12-02,INCOME,PIX,True
Restaurante,128.18,2025-12-02,EXPENSE,CASH,False
Doacao,215.9,2025-12-02,EXPENSE,BANK_TRANSFER,False
Loja de roupas,347.32,2025-12-02,EXPENSE,CASH,False
Reembolso empresarial,321.67,2025-12-02,INCOME,BANK_TRANSFER,False
Viagem e hospedagem,2791.11,2025-12-03,EXPENSE,BANK_TRANSFER,False
Impostos e taxas,367.31,2025-12-03,EXPENSE,PIX,False
Aplicativo de transporte,60.81,2025-12-03,EXPENSE,BOLETO,False
Academia,123.26,2025-12-03,EXPENSE,PIX,True
Pagamento freelance,3430.23,2025-12-03,INCOME,BANK_TRANSFER,False
Loja de roupas,628.08,2025-12-03,EXPENSE,PIX,False
Transferencia recebida,626.75,2025-12-03,INCOME,PIX,False
Pagamento freelance,3660.52,2025-12-03,INCOME,PIX,False
Impostos e taxas,1102.3,2025-12-03,EXPENSE,CREDIT_CARD,False
Salario mensal,5819.19,2025-12-03,INCOME,PIX,True
Veterinario,594.3,2025-12-03,EXPENSE,DEBIT_CARD,False
Passagem aerea,1641.24,2025-12-04,EXPENSE,PIX,False
Internet residencial,95.88,2025-12-04,EXPENSE,CREDIT_CARD,False
Plano de saude,329.5,2025-12-04,EXPENSE,CREDIT_CARD,True
Transferencia recebida,573.64,2025-12-04,INCOME,BANK_TRANSFER,False
Viagem e hospedagem,2570.79,2025-12-04,EXPENSE,CREDIT_CARD,False
Impostos e taxas,705.6,2025-12-04,EXPENSE,BANK_TRANSFER,False
Conta de agua,62.98,2025-12-04,EXPENSE,DEBIT_CARD,False
Impostos e taxas,1882.92,2025-12-04,EXPENSE,PIX,False
Padaria,39.8,2025-12-04,EXPENSE,CREDIT_CARD,False
Academia,157.92,2025-12-04,EXPENSE,PIX,False
Academia,74.9,2025-12-04,EXPENSE,CREDIT_CARD,True
Manutencao do veiculo,941.34,2025-12-04,EXPENSE,DEBIT_CARD,False
Supermercado,79.81,2025-12-04,EXPENSE,CASH,False
Internet residencial,112.94,2025-12-04,EXPENSE,CREDIT_CARD,True
Farmacia,61.33,2025-12-04,EXPENSE,PIX,False
Restituicao de imposto,1892.13,2025-12-04,INCOME,BANK_TRANSFER,False
Loja de roupas,288.54,2025-12-05,EXPENSE,CREDIT_CARD,False
Restaurante,143.76,2025-12-05,EXPENSE,BANK_TRANSFER,False
Eletronicos,2749.72,2025-12-05,EXPENSE,BOLETO,False
Combustivel,164.37,2025-12-05,EXPENSE,CREDIT_CARD,False
Reembolso empresarial,431.28,2025-12-05,INCOME,BANK_TRANSFER,False
Curso online,171.76,2025-12-05,EXPENSE,CREDIT_CARD,False
Reembolso empresarial,733.16,2025-12-05,INCOME,BANK_TRANSFER,False
Salario mensal,6557.91,2025-12-05,INCOME,PIX,True
Veterinario,321.54,2025-12-05,EXPENSE,BANK_TRANSFER,False
Pagamento freelance,3595.97,2025-12-05,INCOME,BANK_TRANSFER,False
Viagem e hospedagem,1695.19,2025-12-05,EXPENSE,PIX,False
Streaming,58.48,2025-12-05,EXPENSE,CASH,True
Plano de saude,885.48,2025-12-05,EXPENSE,CASH,True
Academia,124.55,2025-12-06,EXPENSE,BOLETO,False
Estacionamento,47.88,2025-12-06,EXPENSE,CREDIT_CARD,False
Aplicativo de transporte,31.48,2025-12-06,EXPENSE,PIX,False
Livraria,116.54,2025-12-06,EXPENSE,PIX,False
Dividendos,481.08,2025-12-06,INCOME,PIX,True
Bonus profissional,2981.65,2025-12-06,INCOME,PIX,False
Combustivel,151.97,2025-12-06,EXPENSE,BANK_TRANSFER,False
Aluguel residencial,3538.07,2025-12-06,EXPENSE,CASH,True
Internet residencial,124.3,2025-12-06,EXPENSE,BOLETO,True
Pagamento freelance,2897.75,2025-12-06,INCOME,BANK_TRANSFER,False
Pet shop,201.85,2025-12-07,EXPENSE,DEBIT_CARD,False
Aplicativo de transporte,38.15,2025-12-07,EXPENSE,BOLETO,False
Eletronicos,2090.83,2025-12-07,EXPENSE,DEBIT_CARD,False
Plano de saude,616.99,2025-12-07,EXPENSE,BANK_TRANSFER,True
Salario mensal,7042.96,2025-12-07,INCOME,BANK_TRANSFER,True
Combustivel,156.7,2025-12-07,EXPENSE,BOLETO,False
Eletronicos,3438.95,2025-12-07,EXPENSE,CREDIT_CARD,False
Aluguel residencial,2355.34,2025-12-07,EXPENSE,PIX,True
Seguro do veiculo,223.13,2025-12-07,EXPENSE,PIX,True
Venda de produto,909.81,2025-12-07,INCOME,PIX,False
Supermercado,205.68,2025-12-07,EXPENSE,BANK_TRANSFER,False
Combustivel,140.91,2025-12-07,EXPENSE,BOLETO,False
Curso online,121.18,2025-12-07,EXPENSE,BOLETO,False
Venda de produto,583.48,2025-12-07,INCOME,BANK_TRANSFER,False
Pet shop,134.38,2025-12-08,EXPENSE,CREDIT_CARD,False
Aluguel recebido,2126.97,2025-12-08,INCOME,PIX,False
Farmacia,81.59,2025-12-08,EXPENSE,BOLETO,False
Restaurante,141.13,2025-12-08,EXPENSE,PIX,False
Academia,63.07,2025-12-08,EXPENSE,BOLETO,True
Rendimento de investimento,150.08,2025-12-08,INCOME,BANK_TRANSFER,True
Delivery de comida,69.77,2025-12-08,EXPENSE,BOLETO,False
Internet residencial,126.42,2025-12-08,EXPENSE,CASH,True
Supermercado,290.73,2025-12-08,EXPENSE,BANK_TRANSFER,False
Condominio,676.21,2025-12-08,EXPENSE,DEBIT_CARD,False
Reembolso empresarial,559.51,2025-12-08,INCOME,BANK_TRANSFER,False
Condominio,508.82,2025-12-08,EXPENSE,CASH,True
Veterinario,396.73,2025-12-08,EXPENSE,DEBIT_CARD,False
Impostos e taxas,503.28,2025-12-08,EXPENSE,DEBIT_CARD,False
Padaria,40.1,2025-12-09,EXPENSE,CREDIT_CARD,False
Veterinario,393.94,2025-12-09,EXPENSE,BOLETO,False
Passagem aerea,1573.45,2025-12-09,EXPENSE,BOLETO,False
Conta de energia,370.29,2025-12-09,EXPENSE,BANK_TRANSFER,False
Salario mensal,8463.86,2025-12-09,INCOME,PIX,True
Manutencao do veiculo,2005.66,2025-12-09,EXPENSE,DEBIT_CARD,False
Conta de agua,68.65,2025-12-10,EXPENSE,CASH,False
Plano de saude,871.7,2025-12-10,EXPENSE,PIX,True
Delivery de comida,99.09,2025-12-10,EXPENSE,BANK_TRANSFER,False
Eletronicos,2188.95,2025-12-10,EXPENSE,DEBIT_CARD,False
Doacao,323.11,2025-12-10,EXPENSE,BANK_TRANSFER,False
Passagem aerea,1780.13,2025-12-11,EXPENSE,PIX,False
Condominio,878.23,2025-12-11,EXPENSE,CREDIT_CARD,True
Aplicativo de transporte,46.63,2025-12-11,EXPENSE,PIX,False
Academia,66.78,2025-12-11,EXPENSE,DEBIT_CARD,True
Rendimento de investimento,172.26,2025-12-11,INCOME,PIX,True
Rendimento de investimento,556.77,2025-12-11,INCOME,BANK_TRANSFER,True
Salario mensal,8108.7,2025-12-11,INCOME,PIX,True
Aluguel residencial,1632.15,2025-12-12,EXPENSE,PIX,True
Cinema e lazer,100.98,2025-12-12,EXPENSE,BOLETO,False
Cinema e lazer,99.82,2025-12-12,EXPENSE,BOLETO,False
Transferencia recebida,1205.27,2025-12-12,INCOME,BANK_TRANSFER,False
Delivery de comida,47.52,2025-12-12,EXPENSE,DEBIT_CARD,False
Livraria,86.17,2025-12-12,EXPENSE,DEBIT_CARD,False
Doacao,226.16,2025-12-12,EXPENSE,CASH,False
Cinema e lazer,77.53,2025-12-12,EXPENSE,BANK_TRANSFER,False
Seguro do veiculo,218.22,2025-12-12,EXPENSE,BANK_TRANSFER,True
Farmacia,52.19,2025-12-12,EXPENSE,BANK_TRANSFER,False
Cinema e lazer,56.89,2025-12-12,EXPENSE,BOLETO,False
Estacionamento,56.54,2025-12-12,EXPENSE,BOLETO,False
Impostos e taxas,596.38,2025-12-12,EXPENSE,PIX,False
Farmacia,175.7,2025-12-12,EXPENSE,BOLETO,False
Padaria,25.47,2025-12-12,EXPENSE,PIX,False
Rendimento de investimento,518.05,2025-12-12,INCOME,PIX,True
Aplicativo de transporte,66.3,2025-12-12,EXPENSE,BANK_TRANSFER,False
Eletronicos,1521.6,2025-12-12,EXPENSE,CREDIT_CARD,False
Livraria,155.59,2025-12-13,EXPENSE,DEBIT_CARD,False
Pet shop,82.96,2025-12-13,EXPENSE,DEBIT_CARD,False
Streaming,70.63,2025-12-13,EXPENSE,CREDIT_CARD,True
Veterinario,850.39,2025-12-13,EXPENSE,BANK_TRANSFER,False
Aplicativo de transporte,74.82,2025-12-13,EXPENSE,CASH,False
Aluguel residencial,2920.0,2025-12-13,EXPENSE,PIX,True
Passagem aerea,1920.27,2025-12-13,EXPENSE,CREDIT_CARD,False
Passagem aerea,2432.59,2025-12-13,EXPENSE,BOLETO,False
Aluguel recebido,1668.75,2025-12-13,INCOME,BANK_TRANSFER,True
Streaming,65.74,2025-12-13,EXPENSE,BANK_TRANSFER,True
Loja de roupas,89.96,2025-12-13,EXPENSE,PIX,False
Aluguel residencial,1885.59,2025-12-14,EXPENSE,DEBIT_CARD,True
Conta de energia,119.65,2025-12-14,EXPENSE,BANK_TRANSFER,True
Farmacia,87.46,2025-12-14,EXPENSE,BOLETO,False
Rendimento de investimento,437.3,2025-12-14,INCOME,PIX,True
Pagamento freelance,2929.21,2025-12-14,INCOME,BANK_TRANSFER,False
Academia,67.1,2025-12-14,EXPENSE,DEBIT_CARD,False
Doacao,111.28,2025-12-14,EXPENSE,BOLETO,False
Aluguel recebido,2057.78,2025-12-14,INCOME,PIX,True
Aluguel residencial,1896.67,2025-12-14,EXPENSE,CREDIT_CARD,False
Delivery de comida,51.94,2025-12-14,EXPENSE,CREDIT_CARD,False
Restituicao de imposto,1968.87,2025-12-14,INCOME,PIX,False
Aluguel residencial,3188.41,2025-12-14,EXPENSE,BANK_TRANSFER,True
Condominio,622.4,2025-12-14,EXPENSE,DEBIT_CARD,False
Doacao,292.83,2025-12-14,EXPENSE,BOLETO,False
Aplicativo de transporte,50.08,2025-12-14,EXPENSE,CASH,False
Aluguel recebido,2099.66,2025-12-14,INCOME,BANK_TRANSFER,True
Combustivel,140.04,2025-12-14,EXPENSE,PIX,False
Plano de celular,115.69,2025-12-14,EXPENSE,BOLETO,True
Doacao,93.97,2025-12-15,EXPENSE,CASH,False
Aluguel recebido,1353.85,2025-12-15,INCOME,BANK_TRANSFER,True
Combustivel,283.93,2025-12-15,EXPENSE,DEBIT_CARD,False
Padaria,40.07,2025-12-15,EXPENSE,BOLETO,False
Loja de roupas,554.09,2025-12-15,EXPENSE,DEBIT_CARD,False
Restaurante,139.2,2025-12-15,EXPENSE,CASH,False
Venda de produto,1328.84,2025-12-15,INCOME,BANK_TRANSFER,False
Plano de celular,114.34,2025-12-15,EXPENSE,PIX,True
Estacionamento,12.51,2025-12-15,EXPENSE,PIX,False
Doacao,240.21,2025-12-15,EXPENSE,DEBIT_CARD,False
Manutencao do veiculo,1198.36,2025-12-16,EXPENSE,PIX,False
Livraria,79.65,2025-12-16,EXPENSE,PIX,False
Curso online,286.81,2025-12-16,EXPENSE,DEBIT_CARD,False
Conta de energia,352.97,2025-12-16,EXPENSE,DEBIT_CARD,True
Aluguel residencial,2717.21,2025-12-16,EXPENSE,PIX,True
Livraria,137.2,2025-12-16,EXPENSE,BOLETO,False
Impostos e taxas,1249.82,2025-12-16,EXPENSE,CASH,False
Venda de produto,1389.61,2025-12-16,INCOME,BANK_TRANSFER,False
Plano de celular,115.49,2025-12-16,EXPENSE,CASH,True
Cinema e lazer,131.25,2025-12-17,EXPENSE,CREDIT_CARD,False
Restaurante,55.52,2025-12-17,EXPENSE,CASH,False
Salario mensal,10597.32,2025-12-17,INCOME,PIX,True
Conta de energia,297.34,2025-12-17,EXPENSE,BOLETO,False
Condominio,377.58,2025-12-17,EXPENSE,PIX,True
Bonus profissional,2864.69,2025-12-17,INCOME,BANK_TRANSFER,False
Plano de saude,470.51,2025-12-17,EXPENSE,DEBIT_CARD,True
Passagem aerea,1265.12,2025-12-17,EXPENSE,BOLETO,False
Conta de agua,207.47,2025-12-18,EXPENSE,PIX,True
Impostos e taxas,1588.35,2025-12-18,EXPENSE,BANK_TRANSFER,False
Padaria,42.37,2025-12-18,EXPENSE,BANK_TRANSFER,False
Combustivel,130.75,2025-12-18,EXPENSE,BANK_TRANSFER,False
Impostos e taxas,1132.89,2025-12-18,EXPENSE,PIX,False
Reembolso empresarial,594.88,2025-12-18,INCOME,PIX,False
Bonus profissional,1856.62,2025-12-18,INCOME,BANK_TRANSFER,False
Doacao,425.73,2025-12-18,EXPENSE,PIX,False
Transferencia recebida,2075.32,2025-12-18,INCOME,BANK_TRANSFER,False
Manutencao do veiculo,717.92,2025-12-18,EXPENSE,PIX,False
Conta de agua,173.39,2025-12-18,EXPENSE,CASH,False
Venda de produto,1529.35,2025-12-18,INCOME,PIX,False
Supermercado,190.09,2025-12-18,EXPENSE,BANK_TRANSFER,False
Supermercado,176.34,2025-12-18,EXPENSE,CREDIT_CARD,False
Dividendos,495.54,2025-12-18,INCOME,BANK_TRANSFER,True
Estacionamento,38.58,2025-12-18,EXPENSE,CREDIT_CARD,False
Dividendos,514.09,2025-12-19,INCOME,PIX,True
Condominio,878.44,2025-12-19,EXPENSE,PIX,True
Bonus profissional,1136.26,2025-12-19,INCOME,BANK_TRANSFER,False
Condominio,897.8,2025-12-19,EXPENSE,CASH,False
Venda de produto,1683.64,2025-12-19,INCOME,PIX,False
Pet shop,192.18,2025-12-19,EXPENSE,CREDIT_CARD,False
Plano de saude,621.51,2025-12-19,EXPENSE,BOLETO,True
Conta de energia,374.24,2025-12-19,EXPENSE,CASH,True
Transferencia recebida,562.44,2025-12-19,INCOME,PIX,False
Delivery de comida,95.46,2025-12-19,EXPENSE,DEBIT_CARD,False
Plano de celular,64.69,2025-12-19,EXPENSE,CASH,True
Eletronicos,1125.03,2025-12-19,EXPENSE,BOLETO,False
Manutencao do veiculo,1216.64,2025-12-19,EXPENSE,PIX,False
Curso online,122.28,2025-12-20,EXPENSE,BANK_TRANSFER,False
Streaming,35.06,2025-12-20,EXPENSE,PIX,True
Cinema e lazer,42.04,2025-12-20,EXPENSE,CASH,False
Supermercado,485.72,2025-12-20,EXPENSE,PIX,False
Seguro do veiculo,225.21,2025-12-20,EXPENSE,CASH,False
Viagem e hospedagem,741.96,2025-12-20,EXPENSE,DEBIT_CARD,False
Conta de agua,48.05,2025-12-20,EXPENSE,CREDIT_CARD,True
Curso online,157.72,2025-12-20,EXPENSE,BANK_TRANSFER,False
Venda de produto,1236.0,2025-12-20,INCOME,PIX,False
Viagem e hospedagem,940.73,2025-12-20,EXPENSE,CREDIT_CARD,False
Streaming,38.76,2025-12-21,EXPENSE,DEBIT_CARD,True
Manutencao do veiculo,430.64,2025-12-21,EXPENSE,CREDIT_CARD,False
Viagem e hospedagem,1767.28,2025-12-21,EXPENSE,PIX,False
Farmacia,314.64,2025-12-21,EXPENSE,BANK_TRANSFER,False
Conta de energia,262.34,2025-12-21,EXPENSE,PIX,True
Viagem e hospedagem,1202.06,2025-12-21,EXPENSE,CREDIT_CARD,False
Manutencao do veiculo,226.83,2025-12-21,EXPENSE,DEBIT_CARD,False
Dividendos,303.91,2025-12-21,INCOME,BANK_TRANSFER,True
Plano de celular,125.44,2025-12-21,EXPENSE,PIX,True
Streaming,49.85,2025-12-21,EXPENSE,CREDIT_CARD,True
Pet shop,155.18,2025-12-22,EXPENSE,BANK_TRANSFER,False
Padaria,26.7,2025-12-22,EXPENSE,CREDIT_CARD,False
Loja de roupas,368.99,2025-12-22,EXPENSE,BANK_TRANSFER,False
Restaurante,183.39,2025-12-22,EXPENSE,PIX,False
Conta de agua,111.47,2025-12-22,EXPENSE,CASH,True
Loja de roupas,308.22,2025-12-22,EXPENSE,PIX,False
Livraria,100.49,2025-12-22,EXPENSE,BANK_TRANSFER,False
Dividendos,209.99,2025-12-22,INCOME,PIX,False
Livraria,86.62,2025-12-23,EXPENSE,PIX,False
Viagem e hospedagem,1652.15,2025-12-23,EXPENSE,CREDIT_CARD,False
Rendimento de investimento,437.27,2025-12-23,INCOME,PIX,True
Conta de energia,354.06,2025-12-23,EXPENSE,PIX,True
Salario mensal,5674.11,2025-12-23,INCOME,PIX,True
Eletronicos,1846.85,2025-12-23,EXPENSE,CREDIT_CARD,False
Restaurante,228.22,2025-12-23,EXPENSE,DEBIT_CARD,False
Plano de celular,114.98,2025-12-24,EXPENSE,BOLETO,True
Conta de energia,380.54,2025-12-24,EXPENSE,DEBIT_CARD,True
Restituicao de imposto,2605.59,2025-12-24,INCOME,BANK_TRANSFER,False
Bonus profissional,3171.83,2025-12-24,INCOME,PIX,False
Aplicativo de transporte,20.28,2025-12-24,EXPENSE,CREDIT_CARD,False
Combustivel,196.58,2025-12-24,EXPENSE,PIX,False
Reembolso empresarial,810.41,2025-12-24,INCOME,PIX,False
Supermercado,473.47,2025-12-24,EXPENSE,BANK_TRANSFER,False
Seguro do veiculo,344.81,2025-12-24,EXPENSE,PIX,True
Estacionamento,51.78,2025-12-24,EXPENSE,CREDIT_CARD,False
Transferencia recebida,545.92,2025-12-25,INCOME,PIX,False
Veterinario,546.39,2025-12-25,EXPENSE,DEBIT_CARD,False
Pagamento freelance,2596.26,2025-12-25,INCOME,PIX,False
Passagem aerea,2326.89,2025-12-25,EXPENSE,DEBIT_CARD,False
Plano de celular,88.85,2025-12-25,EXPENSE,BOLETO,True
Curso online,285.29,2025-12-25,EXPENSE,DEBIT_CARD,False
Padaria,59.83,2025-12-25,EXPENSE,CREDIT_CARD,False
Curso online,202.21,2025-12-25,EXPENSE,DEBIT_CARD,False
Reembolso empresarial,705.08,2025-12-26,INCOME,BANK_TRANSFER,False
Combustivel,220.62,2025-12-26,EXPENSE,BANK_TRANSFER,False
Loja de roupas,688.41,2025-12-26,EXPENSE,CASH,False
Estacionamento,24.87,2025-12-27,EXPENSE,CREDIT_CARD,False
Estacionamento,57.07,2025-12-27,EXPENSE,CREDIT_CARD,False
Delivery de comida,140.36,2025-12-27,EXPENSE,DEBIT_CARD,False
Aplicativo de transporte,35.97,2025-12-27,EXPENSE,BOLETO,False
Veterinario,290.36,2025-12-27,EXPENSE,BOLETO,False
Seguro do veiculo,305.47,2025-12-27,EXPENSE,BANK_TRANSFER,False
Academia,125.74,2025-12-27,EXPENSE,BANK_TRANSFER,False
Academia,179.01,2025-12-27,EXPENSE,BANK_TRANSFER,True
Livraria,164.98,2025-12-27,EXPENSE,CREDIT_CARD,False
Doacao,130.26,2025-12-27,EXPENSE,CREDIT_CARD,False
Doacao,58.51,2025-12-27,EXPENSE,DEBIT_CARD,False
Curso online,508.96,2025-12-28,EXPENSE,CREDIT_CARD,False
Estacionamento,35.68,2025-12-28,EXPENSE,PIX,False
Conta de agua,162.02,2025-12-28,EXPENSE,PIX,True
Manutencao do veiculo,993.11,2025-12-28,EXPENSE,BANK_TRANSFER,False
Pagamento freelance,1673.37,2025-12-28,INCOME,PIX,False
Plano de celular,103.65,2025-12-28,EXPENSE,CREDIT_CARD,True
Bonus profissional,1492.67,2025-12-28,INCOME,PIX,False
Cinema e lazer,158.32,2025-12-28,EXPENSE,PIX,False
Veterinario,446.97,2025-12-28,EXPENSE,BANK_TRANSFER,False
Salario mensal,9257.09,2025-12-28,INCOME,BANK_TRANSFER,True
Pagamento freelance,3220.82,2025-12-28,INCOME,PIX,False
Dividendos,385.81,2025-12-28,INCOME,BANK_TRANSFER,True
Delivery de comida,55.74,2025-12-28,EXPENSE,CASH,False
Eletronicos,1084.84,2025-12-29,EXPENSE,PIX,False
Aplicativo de transporte,35.23,2025-12-29,EXPENSE,PIX,False
Academia,104.77,2025-12-29,EXPENSE,BOLETO,True
Delivery de comida,92.06,2025-12-29,EXPENSE,CASH,False
Condominio,493.39,2025-12-29,EXPENSE,BANK_TRANSFER,True
Restituicao de imposto,1348.59,2025-12-29,INCOME,BANK_TRANSFER,False
Aluguel recebido,2992.08,2025-12-29,INCOME,BANK_TRANSFER,True
Restituicao de imposto,1827.18,2025-12-29,INCOME,BANK_TRANSFER,False
Supermercado,612.72,2025-12-29,EXPENSE,BOLETO,False
Aluguel residencial,2697.7,2025-12-29,EXPENSE,PIX,True
Combustivel,366.28,2025-12-29,EXPENSE,DEBIT_CARD,False
Aluguel recebido,2849.92,2025-12-29,INCOME,PIX,True
Veterinario,344.34,2025-12-29,EXPENSE,BANK_TRANSFER,False
Internet residencial,190.77,2025-12-29,EXPENSE,CASH,True
Internet residencial,109.18,2025-12-29,EXPENSE,CREDIT_CARD,True
Cinema e lazer,74.56,2025-12-29,EXPENSE,CASH,False
Passagem aerea,2629.67,2025-12-29,EXPENSE,PIX,False
Restaurante,128.92,2025-12-30,EXPENSE,CREDIT_CARD,False
Venda de produto,1590.46,2025-12-30,INCOME,PIX,False
Restituicao de imposto,1717.05,2025-12-30,INCOME,PIX,False
Conta de energia,224.5,2025-12-30,EXPENSE,BOLETO,True
Streaming,80.62,2025-12-30,EXPENSE,PIX,True
Plano de celular,57.77,2025-12-30,EXPENSE,PIX,False
Bonus profissional,3261.21,2025-12-30,INCOME,PIX,False
Pet shop,154.54,2025-12-30,EXPENSE,CREDIT_CARD,False
Farmacia,68.3,2025-12-30,EXPENSE,BANK_TRANSFER,False
Estacionamento,34.69,2025-12-30,EXPENSE,BOLETO,False
Academia,118.21,2025-12-30,EXPENSE,BANK_TRANSFER,True
Conta de agua,123.15,2025-12-31,EXPENSE,DEBIT_CARD,False
Passagem aerea,1700.72,2025-12-31,EXPENSE,BANK_TRANSFER,False
Transferencia recebida,950.81,2025-12-31,INCOME,BANK_TRANSFER,False
Salario mensal,6155.39,2025-12-31,INCOME,PIX,True
Impostos e taxas,1125.63,2025-12-31,EXPENSE,PIX,False
Curso online,363.5,2025-12-31,EXPENSE,BOLETO,False
Pet shop,220.98,2025-12-31,EXPENSE,CREDIT_CARD,False
Supermercado,573.62,2025-12-31,EXPENSE,BOLETO,False
Internet residencial,161.83,2025-12-31,EXPENSE,CREDIT_CARD,True
Seguro do veiculo,174.98,2025-12-31,EXPENSE,CASH,True
Plano de saude,528.14,2025-12-31,EXPENSE,DEBIT_CARD,True
Aplicativo de transporte,54.72,2026-01-01,EXPENSE,CREDIT_CARD,False
Aluguel residencial,1506.23,2026-01-01,EXPENSE,CASH,True
Aplicativo de transporte,46.82,2026-01-01,EXPENSE,PIX,False
Restaurante,147.48,2026-01-01,EXPENSE,BOLETO,False
Cinema e lazer,122.04,2026-01-01,EXPENSE,DEBIT_CARD,False
Venda de produto,1554.32,2026-01-01,INCOME,PIX,False
Salario mensal,7841.89,2026-01-01,INCOME,BANK_TRANSFER,True
Seguro do veiculo,228.04,2026-01-01,EXPENSE,CASH,False
Bonus profissional,3391.94,2026-01-01,INCOME,PIX,False
Eletronicos,944.46,2026-01-01,EXPENSE,PIX,False
Doacao,305.67,2026-01-01,EXPENSE,DEBIT_CARD,False
Delivery de comida,130.15,2026-01-01,EXPENSE,CREDIT_CARD,False
Viagem e hospedagem,2786.56,2026-01-02,EXPENSE,PIX,False
Viagem e hospedagem,3260.73,2026-01-02,EXPENSE,DEBIT_CARD,False
Condominio,623.87,2026-01-02,EXPENSE,BOLETO,True
Condominio,627.01,2026-01-02,EXPENSE,DEBIT_CARD,False
Eletronicos,1873.13,2026-01-02,EXPENSE,DEBIT_CARD,False
Dividendos,461.31,2026-01-02,INCOME,PIX,True
Venda de produto,757.62,2026-01-02,INCOME,PIX,False
Venda de produto,906.18,2026-01-02,INCOME,PIX,False
Venda de produto,1169.65,2026-01-02,INCOME,PIX,False
Venda de produto,1313.17,2026-01-02,INCOME,PIX,False
Livraria,121.03,2026-01-02,EXPENSE,PIX,False
Veterinario,774.72,2026-01-02,EXPENSE,PIX,False
Streaming,59.21,2026-01-02,EXPENSE,BANK_TRANSFER,False
Pagamento freelance,4039.29,2026-01-03,INCOME,PIX,False
Estacionamento,27.76,2026-01-03,EXPENSE,CASH,False
Aluguel residencial,1667.66,2026-01-03,EXPENSE,CREDIT_CARD,False
Pet shop,70.98,2026-01-03,EXPENSE,PIX,False
Conta de agua,103.94,2026-01-03,EXPENSE,PIX,True
Impostos e taxas,928.94,2026-01-03,EXPENSE,PIX,False
Condominio,533.77,2026-01-03,EXPENSE,PIX,True
Viagem e hospedagem,657.27,2026-01-03,EXPENSE,CASH,False
Internet residencial,92.15,2026-01-03,EXPENSE,BANK_TRANSFER,False
Livraria,95.74,2026-01-03,EXPENSE,CASH,False
Aluguel recebido,2821.42,2026-01-04,INCOME,BANK_TRANSFER,False
Transferencia recebida,1211.58,2026-01-04,INCOME,BANK_TRANSFER,False
Pagamento freelance,2907.98,2026-01-04,INCOME,PIX,False
Viagem e hospedagem,1227.77,2026-01-04,EXPENSE,BOLETO,False
Internet residencial,161.19,2026-01-04,EXPENSE,CASH,True
Veterinario,374.57,2026-01-04,EXPENSE,PIX,False
Conta de energia,442.38,2026-01-04,EXPENSE,BANK_TRANSFER,True
Cinema e lazer,100.9,2026-01-04,EXPENSE,BOLETO,False
Veterinario,194.24,2026-01-04,EXPENSE,CREDIT_CARD,False
Seguro do veiculo,360.94,2026-01-04,EXPENSE,BOLETO,True
Cinema e lazer,70.73,2026-01-04,EXPENSE,CASH,False
Doacao,121.44,2026-01-04,EXPENSE,BANK_TRANSFER,False
Plano de celular,78.97,2026-01-05,EXPENSE,PIX,True
Streaming,61.28,2026-01-05,EXPENSE,PIX,False
Reembolso empresarial,418.03,2026-01-05,INCOME,PIX,False
Pagamento freelance,3737.71,2026-01-05,INCOME,BANK_TRANSFER,False
Aluguel residencial,1979.18,2026-01-05,EXPENSE,PIX,True
Padaria,28.31,2026-01-05,EXPENSE,CREDIT_CARD,False
Veterinario,566.97,2026-01-06,EXPENSE,CREDIT_CARD,False
Curso online,203.59,2026-01-06,EXPENSE,BOLETO,False
Doacao,84.39,2026-01-06,EXPENSE,PIX,False
Padaria,43.51,2026-01-06,EXPENSE,CASH,False
Delivery de comida,64.91,2026-01-06,EXPENSE,BANK_TRANSFER,False
Condominio,1075.31,2026-01-06,EXPENSE,PIX,True
Estacionamento,24.94,2026-01-06,EXPENSE,BOLETO,False
Bonus profissional,4284.41,2026-01-06,INCOME,PIX,False
Livraria,182.94,2026-01-07,EXPENSE,BANK_TRANSFER,False
Farmacia,109.39,2026-01-07,EXPENSE,PIX,False
Venda de produto,1443.33,2026-01-07,INCOME,BANK_TRANSFER,False
Doacao,248.15,2026-01-07,EXPENSE,CASH,False
Aluguel residencial,1854.66,2026-01-07,EXPENSE,PIX,True
Impostos e taxas,458.62,2026-01-07,EXPENSE,BOLETO,False
Delivery de comida,61.71,2026-01-07,EXPENSE,DEBIT_CARD,False
Academia,183.66,2026-01-07,EXPENSE,DEBIT_CARD,True
Manutencao do veiculo,1325.9,2026-01-07,EXPENSE,PIX,False
Plano de saude,329.18,2026-01-08,EXPENSE,BANK_TRANSFER,True
Veterinario,827.54,2026-01-08,EXPENSE,DEBIT_CARD,False
Loja de roupas,493.23,2026-01-08,EXPENSE,CREDIT_CARD,False
Bonus profissional,3212.64,2026-01-08,INCOME,BANK_TRANSFER,False
Loja de roupas,108.99,2026-01-08,EXPENSE,PIX,False
Impostos e taxas,1199.94,2026-01-08,EXPENSE,CREDIT_CARD,False
Conta de energia,283.51,2026-01-08,EXPENSE,DEBIT_CARD,True
Supermercado,223.32,2026-01-08,EXPENSE,BOLETO,False
Farmacia,60.46,2026-01-08,EXPENSE,PIX,False
Estacionamento,40.08,2026-01-08,EXPENSE,BOLETO,False
Cinema e lazer,90.82,2026-01-09,EXPENSE,PIX,False
Conta de energia,204.17,2026-01-09,EXPENSE,BOLETO,False
Curso online,486.41,2026-01-09,EXPENSE,BANK_TRANSFER,False
Cinema e lazer,90.84,2026-01-09,EXPENSE,DEBIT_CARD,False
Manutencao do veiculo,707.52,2026-01-09,EXPENSE,PIX,False
Conta de agua,152.49,2026-01-09,EXPENSE,DEBIT_CARD,False
Supermercado,392.75,2026-01-09,EXPENSE,CREDIT_CARD,False
Salario mensal,10371.74,2026-01-09,INCOME,PIX,True
Pet shop,87.38,2026-01-09,EXPENSE,BOLETO,False
Manutencao do veiculo,722.91,2026-01-09,EXPENSE,CREDIT_CARD,False
Loja de roupas,342.73,2026-01-09,EXPENSE,BOLETO,False
Aluguel residencial,2087.75,2026-01-09,EXPENSE,BANK_TRANSFER,True
Condominio,833.19,2026-01-09,EXPENSE,BANK_TRANSFER,False
Padaria,28.76,2026-01-09,EXPENSE,BOLETO,False
Condominio,721.7,2026-01-09,EXPENSE,BOLETO,True
Impostos e taxas,536.76,2026-01-09,EXPENSE,DEBIT_CARD,False
Plano de celular,71.61,2026-01-10,EXPENSE,CREDIT_CARD,True
Curso online,352.71,2026-01-10,EXPENSE,BOLETO,False
Aluguel residencial,2874.22,2026-01-10,EXPENSE,CREDIT_CARD,True
Academia,111.61,2026-01-10,EXPENSE,BOLETO,True
Padaria,23.99,2026-01-10,EXPENSE,PIX,False
Eletronicos,428.07,2026-01-10,EXPENSE,BANK_TRANSFER,False
Aluguel residencial,2276.59,2026-01-10,EXPENSE,BOLETO,False
Plano de saude,393.42,2026-01-10,EXPENSE,PIX,True
Supermercado,136.64,2026-01-10,EXPENSE,DEBIT_CARD,False
Aplicativo de transporte,23.05,2026-01-10,EXPENSE,CREDIT_CARD,False
Pagamento freelance,1906.36,2026-01-10,INCOME,PIX,False
Farmacia,200.02,2026-01-10,EXPENSE,PIX,False
Venda de produto,708.07,2026-01-11,INCOME,BANK_TRANSFER,False
Restaurante,108.41,2026-01-11,EXPENSE,CREDIT_CARD,False
Curso online,371.52,2026-01-11,EXPENSE,CASH,False
Restituicao de imposto,1854.85,2026-01-11,INCOME,PIX,False
Internet residencial,111.52,2026-01-11,EXPENSE,BANK_TRANSFER,True
Eletronicos,2084.27,2026-01-11,EXPENSE,CREDIT_CARD,False
Internet residencial,142.59,2026-01-11,EXPENSE,CREDIT_CARD,True
Internet residencial,161.27,2026-01-11,EXPENSE,CASH,True
Livraria,46.65,2026-01-11,EXPENSE,CASH,False
Conta de agua,90.39,2026-01-11,EXPENSE,BOLETO,True
Impostos e taxas,1375.85,2026-01-11,EXPENSE,CREDIT_CARD,False
Conta de energia,180.98,2026-01-12,EXPENSE,CREDIT_CARD,True
Transferencia recebida,569.6,2026-01-12,INCOME,PIX,False
Pet shop,171.28,2026-01-12,EXPENSE,CASH,False
Restituicao de imposto,1568.94,2026-01-12,INCOME,BANK_TRANSFER,False
Salario mensal,5213.48,2026-01-12,INCOME,BANK_TRANSFER,True
Academia,174.57,2026-01-12,EXPENSE,CREDIT_CARD,False
Bonus profissional,3195.17,2026-01-12,INCOME,PIX,False
Plano de saude,437.75,2026-01-12,EXPENSE,BOLETO,True
Curso online,167.14,2026-01-13,EXPENSE,BANK_TRANSFER,False
Pagamento freelance,2260.69,2026-01-13,INCOME,BANK_TRANSFER,False
Transferencia recebida,1519.82,2026-01-13,INCOME,BANK_TRANSFER,False
Passagem aerea,2376.03,2026-01-13,EXPENSE,CREDIT_CARD,False
Restaurante,173.35,2026-01-13,EXPENSE,DEBIT_CARD,False
Rendimento de investimento,364.48,2026-01-13,INCOME,BANK_TRANSFER,True
Aplicativo de transporte,46.16,2026-01-13,EXPENSE,BOLETO,False
Streaming,50.37,2026-01-13,EXPENSE,BANK_TRANSFER,True
Estacionamento,24.7,2026-01-13,EXPENSE,PIX,False
Condominio,477.22,2026-01-13,EXPENSE,BANK_TRANSFER,True
Salario mensal,9168.45,2026-01-13,INCOME,BANK_TRANSFER,True
Condominio,950.36,2026-01-13,EXPENSE,PIX,True
Restituicao de imposto,1928.04,2026-01-13,INCOME,PIX,False
Loja de roupas,287.92,2026-01-14,EXPENSE,BANK_TRANSFER,False
Livraria,127.18,2026-01-14,EXPENSE,DEBIT_CARD,False
Seguro do veiculo,296.05,2026-01-14,EXPENSE,CREDIT_CARD,True
Reembolso empresarial,236.69,2026-01-14,INCOME,PIX,False
Restituicao de imposto,1938.47,2026-01-14,INCOME,PIX,False
Farmacia,195.57,2026-01-14,EXPENSE,PIX,False
Plano de saude,523.34,2026-01-14,EXPENSE,BANK_TRANSFER,True
Aplicativo de transporte,46.25,2026-01-14,EXPENSE,BANK_TRANSFER,False
Academia,205.62,2026-01-14,EXPENSE,PIX,True
Streaming,36.65,2026-01-14,EXPENSE,BOLETO,True
Rendimento de investimento,351.78,2026-01-14,INCOME,PIX,True
Passagem aerea,1973.11,2026-01-14,EXPENSE,BANK_TRANSFER,False
Aplicativo de transporte,69.99,2026-01-14,EXPENSE,CREDIT_CARD,False
Conta de energia,124.38,2026-01-14,EXPENSE,DEBIT_CARD,True
Supermercado,52.37,2026-01-15,EXPENSE,DEBIT_CARD,False
Salario mensal,5386.44,2026-01-15,INCOME,BANK_TRANSFER,True
Estacionamento,43.34,2026-01-15,EXPENSE,BANK_TRANSFER,False
Academia,131.07,2026-01-15,EXPENSE,CREDIT_CARD,True
Eletronicos,2070.98,2026-01-15,EXPENSE,BOLETO,False
Doacao,89.47,2026-01-15,EXPENSE,CREDIT_CARD,False
Aluguel residencial,2072.32,2026-01-15,EXPENSE,CREDIT_CARD,True
Manutencao do veiculo,397.16,2026-01-15,EXPENSE,BOLETO,False
Plano de saude,297.82,2026-01-15,EXPENSE,BOLETO,False
Salario mensal,4877.52,2026-01-15,INCOME,BANK_TRANSFER,True
Conta de agua,122.64,2026-01-15,EXPENSE,BOLETO,False
Combustivel,110.16,2026-01-16,EXPENSE,BOLETO,False
Curso online,297.86,2026-01-16,EXPENSE,CASH,False
Seguro do veiculo,261.08,2026-01-16,EXPENSE,BANK_TRANSFER,True
Curso online,429.84,2026-01-16,EXPENSE,CREDIT_CARD,False
Restaurante,169.2,2026-01-16,EXPENSE,BOLETO,False
Rendimento de investimento,321.68,2026-01-16,INCOME,PIX,True
Seguro do veiculo,401.56,2026-01-16,EXPENSE,BANK_TRANSFER,False
Rendimento de investimento,322.03,2026-01-16,INCOME,PIX,True
Restituicao de imposto,1849.67,2026-01-16,INCOME,PIX,False
Conta de agua,118.27,2026-01-16,EXPENSE,BOLETO,True
Doacao,369.97,2026-01-16,EXPENSE,BOLETO,False
Passagem aerea,567.42,2026-01-16,EXPENSE,PIX,False
Livraria,58.21,2026-01-17,EXPENSE,CASH,False
Dividendos,540.31,2026-01-17,INCOME,PIX,True
Academia,226.85,2026-01-17,EXPENSE,DEBIT_CARD,True
Padaria,19.13,2026-01-17,EXPENSE,DEBIT_CARD,False
Pet shop,139.8,2026-01-17,EXPENSE,DEBIT_CARD,False
Delivery de comida,128.23,2026-01-17,EXPENSE,PIX,False
Livraria,183.13,2026-01-17,EXPENSE,CASH,False
Supermercado,615.5,2026-01-17,EXPENSE,BOLETO,False
Salario mensal,9094.84,2026-01-17,INCOME,PIX,True
Restituicao de imposto,2554.69,2026-01-17,INCOME,PIX,False
Eletronicos,1108.41,2026-01-18,EXPENSE,BANK_TRANSFER,False
Aluguel recebido,1430.11,2026-01-18,INCOME,BANK_TRANSFER,True
Veterinario,599.91,2026-01-18,EXPENSE,BANK_TRANSFER,False
Curso online,357.82,2026-01-18,EXPENSE,BANK_TRANSFER,False
Pet shop,129.78,2026-01-18,EXPENSE,CASH,False
Reembolso empresarial,246.23,2026-01-18,INCOME,BANK_TRANSFER,False
Seguro do veiculo,289.51,2026-01-18,EXPENSE,PIX,True
Eletronicos,2785.79,2026-01-19,EXPENSE,DEBIT_CARD,False
Internet residencial,117.15,2026-01-19,EXPENSE,CREDIT_CARD,True
Manutencao do veiculo,1244.17,2026-01-19,EXPENSE,CASH,False
Estacionamento,38.86,2026-01-19,EXPENSE,BANK_TRANSFER,False
Rendimento de investimento,350.47,2026-01-19,INCOME,PIX,True
Restaurante,169.01,2026-01-19,EXPENSE,BOLETO,False
Viagem e hospedagem,2866.55,2026-01-19,EXPENSE,PIX,False
Pet shop,247.9,2026-01-19,EXPENSE,DEBIT_CARD,False
Padaria,55.68,2026-01-19,EXPENSE,BANK_TRANSFER,False
Pagamento freelance,1350.89,2026-01-19,INCOME,PIX,False
Salario mensal,5697.32,2026-01-20,INCOME,PIX,True
Manutencao do veiculo,1059.14,2026-01-20,EXPENSE,DEBIT_CARD,False
Doacao,204.82,2026-01-20,EXPENSE,PIX,False
Reembolso empresarial,486.81,2026-01-20,INCOME,BANK_TRANSFER,False
Livraria,73.59,2026-01-20,EXPENSE,BANK_TRANSFER,False
Loja de roupas,119.01,2026-01-20,EXPENSE,BOLETO,False
Plano de celular,150.11,2026-01-20,EXPENSE,BANK_TRANSFER,True
Cinema e lazer,115.89,2026-01-20,EXPENSE,CASH,False
Padaria,47.12,2026-01-20,EXPENSE,PIX,False
Plano de celular,71.86,2026-01-20,EXPENSE,PIX,True
Plano de saude,824.49,2026-01-20,EXPENSE,CREDIT_CARD,True
Conta de agua,80.94,2026-01-20,EXPENSE,CASH,True
Restaurante,113.44,2026-01-20,EXPENSE,DEBIT_CARD,False
Plano de saude,409.62,2026-01-20,EXPENSE,DEBIT_CARD,True
Conta de agua,98.03,2026-01-20,EXPENSE,CREDIT_CARD,True
Bonus profissional,2541.17,2026-01-21,INCOME,BANK_TRANSFER,False
Viagem e hospedagem,3081.71,2026-01-21,EXPENSE,CREDIT_CARD,False
Academia,114.27,2026-01-21,EXPENSE,PIX,False
Rendimento de investimento,255.33,2026-01-21,INCOME,BANK_TRANSFER,False
Passagem aerea,1101.17,2026-01-21,EXPENSE,BOLETO,False
Manutencao do veiculo,737.8,2026-01-21,EXPENSE,CREDIT_CARD,False
Pagamento freelance,3133.04,2026-01-21,INCOME,PIX,False
Dividendos,530.66,2026-01-21,INCOME,PIX,True
Delivery de comida,70.26,2026-01-21,EXPENSE,PIX,False
Seguro do veiculo,132.76,2026-01-22,EXPENSE,PIX,True
Passagem aerea,780.22,2026-01-22,EXPENSE,BANK_TRANSFER,False
Passagem aerea,750.6,2026-01-22,EXPENSE,CREDIT_CARD,False
Reembolso empresarial,332.95,2026-01-22,INCOME,BANK_TRANSFER,False
Combustivel,277.5,2026-01-22,EXPENSE,BOLETO,False
Manutencao do veiculo,594.95,2026-01-22,EXPENSE,DEBIT_CARD,False
Conta de energia,342.89,2026-01-22,EXPENSE,CREDIT_CARD,True
Pet shop,198.01,2026-01-22,EXPENSE,CASH,False
Veterinario,556.74,2026-01-22,EXPENSE,CASH,False
Impostos e taxas,1140.94,2026-01-22,EXPENSE,CREDIT_CARD,False
Impostos e taxas,683.99,2026-01-22,EXPENSE,BANK_TRANSFER,False
Combustivel,140.64,2026-01-22,EXPENSE,BOLETO,False
Transferencia recebida,546.63,2026-01-22,INCOME,PIX,False
Restaurante,234.7,2026-01-22,EXPENSE,CASH,False
Plano de celular,58.44,2026-01-23,EXPENSE,CREDIT_CARD,False
Restaurante,33.13,2026-01-23,EXPENSE,CASH,False
Viagem e hospedagem,2559.05,2026-01-23,EXPENSE,BOLETO,False
Livraria,194.58,2026-01-23,EXPENSE,CASH,False
Padaria,44.85,2026-01-23,EXPENSE,CREDIT_CARD,False
Aluguel recebido,2687.77,2026-01-23,INCOME,PIX,True
Impostos e taxas,1090.28,2026-01-23,EXPENSE,BOLETO,False
Veterinario,169.74,2026-01-23,EXPENSE,BANK_TRANSFER,False
Loja de roupas,436.32,2026-01-23,EXPENSE,BOLETO,False
Pagamento freelance,2835.78,2026-01-23,INCOME,PIX,False
Plano de celular,72.77,2026-01-23,EXPENSE,CASH,True
Impostos e taxas,1300.88,2026-01-24,EXPENSE,CASH,False
Dividendos,404.64,2026-01-24,INCOME,PIX,True
Manutencao do veiculo,916.25,2026-01-24,EXPENSE,PIX,False
Aplicativo de transporte,23.22,2026-01-24,EXPENSE,BOLETO,False
Academia,140.13,2026-01-24,EXPENSE,CASH,False
Combustivel,123.27,2026-01-24,EXPENSE,BANK_TRANSFER,False
Aluguel recebido,1811.39,2026-01-25,INCOME,PIX,False
Delivery de comida,67.54,2026-01-25,EXPENSE,BANK_TRANSFER,False
Academia,120.4,2026-01-25,EXPENSE,BANK_TRANSFER,True
Streaming,54.84,2026-01-25,EXPENSE,BANK_TRANSFER,True
Farmacia,199.51,2026-01-25,EXPENSE,PIX,False
Doacao,217.68,2026-01-25,EXPENSE,CREDIT_CARD,False
Aluguel recebido,2626.65,2026-01-25,INCOME,BANK_TRANSFER,False
Plano de celular,55.04,2026-01-25,EXPENSE,BOLETO,True
Passagem aerea,1306.01,2026-01-25,EXPENSE,BANK_TRANSFER,False
Plano de saude,704.13,2026-01-25,EXPENSE,DEBIT_CARD,True
Venda de produto,1576.51,2026-01-25,INCOME,BANK_TRANSFER,False
Plano de celular,88.95,2026-01-25,EXPENSE,PIX,True
Aluguel residencial,3313.14,2026-01-25,EXPENSE,BANK_TRANSFER,True
Impostos e taxas,512.79,2026-01-25,EXPENSE,DEBIT_CARD,False
Streaming,29.35,2026-01-26,EXPENSE,CASH,True
Aplicativo de transporte,40.35,2026-01-26,EXPENSE,PIX,False
Combustivel,142.93,2026-01-26,EXPENSE,CASH,False
Transferencia recebida,966.78,2026-01-26,INCOME,PIX,False
Rendimento de investimento,274.55,2026-01-26,INCOME,PIX,True
Bonus profissional,3728.32,2026-01-27,INCOME,PIX,False
Internet residencial,125.78,2026-01-27,EXPENSE,BOLETO,True
Livraria,81.55,2026-01-27,EXPENSE,DEBIT_CARD,False
Padaria,15.72,2026-01-27,EXPENSE,DEBIT_CARD,False
Doacao,329.44,2026-01-27,EXPENSE,BANK_TRANSFER,False
Dividendos,411.45,2026-01-27,INCOME,BANK_TRANSFER,True
Estacionamento,28.8,2026-01-27,EXPENSE,DEBIT_CARD,False
Conta de agua,80.26,2026-01-27,EXPENSE,PIX,True
Loja de roupas,233.84,2026-01-27,EXPENSE,BOLETO,False
Internet residencial,107.39,2026-01-27,EXPENSE,BANK_TRANSFER,True
Conta de agua,84.39,2026-01-27,EXPENSE,BOLETO,True
Eletronicos,966.45,2026-01-27,EXPENSE,PIX,False
Venda de produto,1225.75,2026-01-28,INCOME,BANK_TRANSFER,False
Combustivel,207.12,2026-01-28,EXPENSE,BOLETO,False
Dividendos,650.37,2026-01-28,INCOME,BANK_TRANSFER,True
Estacionamento,16.76,2026-01-28,EXPENSE,DEBIT_CARD,False
Aluguel recebido,1998.05,2026-01-28,INCOME,PIX,True
Farmacia,175.09,2026-01-28,EXPENSE,DEBIT_CARD,False
Conta de energia,280.75,2026-01-28,EXPENSE,BOLETO,True
Transferencia recebida,1606.08,2026-01-28,INCOME,BANK_TRANSFER,False
Farmacia,62.45,2026-01-28,EXPENSE,BANK_TRANSFER,False
Academia,108.86,2026-01-28,EXPENSE,BOLETO,True
Transferencia recebida,1213.04,2026-01-28,INCOME,PIX,False
Reembolso empresarial,637.08,2026-01-29,INCOME,BANK_TRANSFER,False
Cinema e lazer,163.01,2026-01-29,EXPENSE,BANK_TRANSFER,False
Cinema e lazer,99.61,2026-01-29,EXPENSE,CREDIT_CARD,False
Condominio,590.85,2026-01-29,EXPENSE,CASH,True
Viagem e hospedagem,2637.75,2026-01-29,EXPENSE,CASH,False
Delivery de comida,89.92,2026-01-29,EXPENSE,CASH,False
Combustivel,316.9,2026-01-29,EXPENSE,BANK_TRANSFER,False
Combustivel,196.01,2026-01-29,EXPENSE,CREDIT_CARD,False
Seguro do veiculo,267.56,2026-01-29,EXPENSE,PIX,False
Condominio,498.24,2026-01-29,EXPENSE,BANK_TRANSFER,True
Internet residencial,106.64,2026-01-30,EXPENSE,CREDIT_CARD,True
Loja de roupas,218.75,2026-01-30,EXPENSE,CASH,False
Conta de energia,307.88,2026-01-30,EXPENSE,CREDIT_CARD,True
Loja de roupas,301.26,2026-01-30,EXPENSE,PIX,False
Supermercado,208.07,2026-01-30,EXPENSE,CREDIT_CARD,False
Veterinario,710.52,2026-01-30,EXPENSE,PIX,False
Plano de celular,163.32,2026-01-30,EXPENSE,DEBIT_CARD,True
Padaria,54.14,2026-01-30,EXPENSE,PIX,False
Aplicativo de transporte,29.46,2026-01-30,EXPENSE,CASH,False
Delivery de comida,71.31,2026-01-30,EXPENSE,BOLETO,False
Dividendos,520.37,2026-01-30,INCOME,PIX,True
Restituicao de imposto,1190.57,2026-01-31,INCOME,PIX,False
Streaming,40.54,2026-01-31,EXPENSE,CASH,True
Pet shop,185.93,2026-01-31,EXPENSE,BOLETO,False
Dividendos,406.08,2026-01-31,INCOME,PIX,True
Seguro do veiculo,310.23,2026-01-31,EXPENSE,CASH,True
Aluguel recebido,2041.87,2026-01-31,INCOME,PIX,True
Passagem aerea,1205.41,2026-01-31,EXPENSE,CASH,False
Venda de produto,791.65,2026-01-31,INCOME,PIX,False
Supermercado,240.81,2026-01-31,EXPENSE,BOLETO,False
Supermercado,630.51,2026-01-31,EXPENSE,BOLETO,False
Reembolso empresarial,598.74,2026-01-31,INCOME,BANK_TRANSFER,False
Streaming,65.39,2026-01-31,EXPENSE,CREDIT_CARD,False
Padaria,41.55,2026-01-31,EXPENSE,BOLETO,False
Viagem e hospedagem,973.97,2026-02-01,EXPENSE,BOLETO,False
Pagamento freelance,1481.64,2026-02-01,INCOME,BANK_TRANSFER,False
Livraria,101.1,2026-02-01,EXPENSE,BANK_TRANSFER,False
Delivery de comida,103.09,2026-02-01,EXPENSE,BANK_TRANSFER,False
Aluguel recebido,2785.72,2026-02-01,INCOME,BANK_TRANSFER,True
Pagamento freelance,3086.2,2026-02-01,INCOME,BANK_TRANSFER,False
Supermercado,410.85,2026-02-01,EXPENSE,DEBIT_CARD,False
Curso online,169.58,2026-02-01,EXPENSE,BOLETO,False
Livraria,124.7,2026-02-01,EXPENSE,CASH,False
Aplicativo de transporte,47.52,2026-02-01,EXPENSE,BANK_TRANSFER,False
Cinema e lazer,113.56,2026-02-01,EXPENSE,PIX,False
Aluguel residencial,2994.87,2026-02-01,EXPENSE,DEBIT_CARD,True
Aluguel residencial,2811.98,2026-02-01,EXPENSE,BANK_TRANSFER,True
Plano de saude,393.49,2026-02-01,EXPENSE,CREDIT_CARD,True
Cinema e lazer,115.72,2026-02-01,EXPENSE,BOLETO,False
Venda de produto,740.81,2026-02-01,INCOME,PIX,False
Curso online,163.02,2026-02-01,EXPENSE,CREDIT_CARD,False
Loja de roupas,228.1,2026-02-01,EXPENSE,PIX,False
Reembolso empresarial,448.17,2026-02-02,INCOME,BANK_TRANSFER,False
Conta de agua,95.44,2026-02-02,EXPENSE,PIX,True
Plano de saude,656.49,2026-02-02,EXPENSE,CREDIT_CARD,True
Salario mensal,7340.29,2026-02-02,INCOME,BANK_TRANSFER,True
Rendimento de investimento,345.39,2026-02-02,INCOME,PIX,True
Loja de roupas,541.14,2026-02-02,EXPENSE,CREDIT_CARD,False
Loja de roupas,262.37,2026-02-02,EXPENSE,BANK_TRANSFER,False
Academia,142.44,2026-02-02,EXPENSE,BANK_TRANSFER,True
Supermercado,337.08,2026-02-03,EXPENSE,CASH,False
Aluguel residencial,2065.25,2026-02-03,EXPENSE,BOLETO,True
Farmacia,234.62,2026-02-03,EXPENSE,PIX,False
Rendimento de investimento,473.2,2026-02-03,INCOME,PIX,True
Internet residencial,89.35,2026-02-03,EXPENSE,CASH,True
Restituicao de imposto,1900.86,2026-02-03,INCOME,BANK_TRANSFER,False
Cinema e lazer,107.67,2026-02-03,EXPENSE,CREDIT_CARD,False
Padaria,19.21,2026-02-03,EXPENSE,BANK_TRANSFER,False
Aluguel recebido,3399.97,2026-02-03,INCOME,BANK_TRANSFER,True
Bonus profissional,3624.69,2026-02-03,INCOME,PIX,False
Plano de celular,134.65,2026-02-04,EXPENSE,CASH,True
Restaurante,77.95,2026-02-04,EXPENSE,BOLETO,False
Aluguel residencial,2673.62,2026-02-04,EXPENSE,CASH,True
Eletronicos,1374.06,2026-02-04,EXPENSE,BOLETO,False
Eletronicos,3141.7,2026-02-04,EXPENSE,BOLETO,False
Internet residencial,112.86,2026-02-04,EXPENSE,CASH,True
Conta de energia,132.76,2026-02-04,EXPENSE,PIX,True
Aluguel recebido,2606.83,2026-02-04,INCOME,BANK_TRANSFER,True
Combustivel,145.26,2026-02-04,EXPENSE,CREDIT_CARD,False
Livraria,159.88,2026-02-05,EXPENSE,PIX,False
Combustivel,149.49,2026-02-05,EXPENSE,BANK_TRANSFER,False
Rendimento de investimento,368.77,2026-02-05,INCOME,PIX,True
Conta de energia,384.04,2026-02-05,EXPENSE,DEBIT_CARD,True
Combustivel,113.51,2026-02-05,EXPENSE,CASH,False
Streaming,25.02,2026-02-05,EXPENSE,BOLETO,True
Impostos e taxas,111.24,2026-02-05,EXPENSE,BANK_TRANSFER,False
Condominio,815.19,2026-02-05,EXPENSE,CREDIT_CARD,True
Padaria,56.13,2026-02-05,EXPENSE,BANK_TRANSFER,False
Academia,89.75,2026-02-06,EXPENSE,BOLETO,True
Passagem aerea,1714.89,2026-02-06,EXPENSE,CREDIT_CARD,False
Streaming,42.8,2026-02-06,EXPENSE,PIX,True
Pet shop,212.7,2026-02-06,EXPENSE,BOLETO,False
Transferencia recebida,852.66,2026-02-06,INCOME,BANK_TRANSFER,False
Combustivel,192.4,2026-02-06,EXPENSE,BANK_TRANSFER,False
Farmacia,75.7,2026-02-06,EXPENSE,BOLETO,False
Doacao,131.91,2026-02-06,EXPENSE,PIX,False
Livraria,110.71,2026-02-06,EXPENSE,BANK_TRANSFER,False
Condominio,692.93,2026-02-06,EXPENSE,CASH,True
Conta de energia,353.11,2026-02-06,EXPENSE,BOLETO,True
Doacao,102.95,2026-02-06,EXPENSE,CREDIT_CARD,False
Impostos e taxas,122.98,2026-02-06,EXPENSE,CASH,False
Cinema e lazer,159.42,2026-02-06,EXPENSE,PIX,False
Padaria,38.62,2026-02-07,EXPENSE,DEBIT_CARD,False
Supermercado,340.48,2026-02-07,EXPENSE,CASH,False
Pet shop,158.68,2026-02-07,EXPENSE,BANK_TRANSFER,False
Manutencao do veiculo,790.93,2026-02-07,EXPENSE,CASH,False
Conta de energia,392.69,2026-02-07,EXPENSE,CREDIT_CARD,True
Aluguel recebido,2253.36,2026-02-07,INCOME,PIX,True
Veterinario,134.03,2026-02-07,EXPENSE,DEBIT_CARD,False
Livraria,63.71,2026-02-07,EXPENSE,PIX,False
Cinema e lazer,82.55,2026-02-07,EXPENSE,BOLETO,False
Internet residencial,90.83,2026-02-07,EXPENSE,BANK_TRANSFER,False
Dividendos,551.36,2026-02-07,INCOME,BANK_TRANSFER,True
Viagem e hospedagem,2908.86,2026-02-07,EXPENSE,BOLETO,False
Rendimento de investimento,423.94,2026-02-07,INCOME,PIX,False
Dividendos,150.14,2026-02-07,INCOME,BANK_TRANSFER,True
Conta de agua,176.2,2026-02-08,EXPENSE,BOLETO,False
Dividendos,439.69,2026-02-08,INCOME,PIX,True
Estacionamento,29.27,2026-02-08,EXPENSE,BANK_TRANSFER,False
Pet shop,104.55,2026-02-08,EXPENSE,PIX,False
Aluguel residencial,2152.06,2026-02-08,EXPENSE,DEBIT_CARD,True
Conta de agua,139.21,2026-02-08,EXPENSE,PIX,False
Restaurante,112.05,2026-02-08,EXPENSE,CASH,False
Internet residencial,73.97,2026-02-08,EXPENSE,BOLETO,True
Loja de roupas,481.18,2026-02-08,EXPENSE,BANK_TRANSFER,False
Venda de produto,1021.87,2026-02-08,INCOME,BANK_TRANSFER,False
Veterinario,475.55,2026-02-08,EXPENSE,CASH,False
Restaurante,46.47,2026-02-08,EXPENSE,BOLETO,False
Farmacia,123.48,2026-02-08,EXPENSE,BOLETO,False
Salario mensal,9938.53,2026-02-09,INCOME,BANK_TRANSFER,True
Dividendos,457.48,2026-02-09,INCOME,PIX,True
Viagem e hospedagem,1407.02,2026-02-09,EXPENSE,PIX,False
Impostos e taxas,389.71,2026-02-09,EXPENSE,CASH,False
Bonus profissional,2307.0,2026-02-09,INCOME,PIX,False
Aplicativo de transporte,24.3,2026-02-09,EXPENSE,BOLETO,False
Plano de saude,815.05,2026-02-09,EXPENSE,CREDIT_CARD,True
Reembolso empresarial,487.04,2026-02-09,INCOME,PIX,False
Restaurante,180.45,2026-02-09,EXPENSE,DEBIT_CARD,False
Aluguel residencial,3252.82,2026-02-09,EXPENSE,CREDIT_CARD,True
Aluguel residencial,1537.8,2026-02-09,EXPENSE,CASH,True
Farmacia,141.26,2026-02-10,EXPENSE,PIX,False
Streaming,29.62,2026-02-10,EXPENSE,BANK_TRANSFER,True
Pet shop,216.25,2026-02-10,EXPENSE,PIX,False
Transferencia recebida,1608.94,2026-02-10,INCOME,PIX,False
Streaming,48.04,2026-02-10,EXPENSE,DEBIT_CARD,False
Aluguel recebido,2770.31,2026-02-10,INCOME,BANK_TRANSFER,True
Loja de roupas,236.06,2026-02-10,EXPENSE,CREDIT_CARD,False
Veterinario,388.42,2026-02-10,EXPENSE,PIX,False
Combustivel,111.77,2026-02-10,EXPENSE,PIX,False
Conta de agua,75.77,2026-02-10,EXPENSE,PIX,True
Livraria,82.48,2026-02-10,EXPENSE,CASH,False
Viagem e hospedagem,599.78,2026-02-10,EXPENSE,CREDIT_CARD,False
Conta de energia,570.92,2026-02-10,EXPENSE,BANK_TRANSFER,True
Delivery de comida,44.57,2026-02-11,EXPENSE,CREDIT_CARD,False
Venda de produto,838.27,2026-02-11,INCOME,PIX,False
Cinema e lazer,30.37,2026-02-11,EXPENSE,BANK_TRANSFER,False
Passagem aerea,934.76,2026-02-11,EXPENSE,DEBIT_CARD,False
Aplicativo de transporte,44.34,2026-02-11,EXPENSE,DEBIT_CARD,False
Plano de celular,107.54,2026-02-11,EXPENSE,BOLETO,True
Viagem e hospedagem,1372.51,2026-02-11,EXPENSE,PIX,False
Livraria,248.36,2026-02-11,EXPENSE,BOLETO,False
Academia,149.44,2026-02-11,EXPENSE,CASH,True
Rendimento de investimento,450.27,2026-02-11,INCOME,BANK_TRANSFER,False
Manutencao do veiculo,1064.0,2026-02-11,EXPENSE,BANK_TRANSFER,False
Veterinario,444.94,2026-02-11,EXPENSE,CASH,False
Condominio,359.15,2026-02-12,EXPENSE,PIX,True
Impostos e taxas,1585.54,2026-02-12,EXPENSE,CREDIT_CARD,False
Conta de energia,338.67,2026-02-12,EXPENSE,BANK_TRANSFER,True
Transferencia recebida,1687.23,2026-02-12,INCOME,PIX,False
Passagem aerea,1697.59,2026-02-13,EXPENSE,CASH,False
Seguro do veiculo,361.37,2026-02-13,EXPENSE,CASH,False
Dividendos,326.08,2026-02-13,INCOME,BANK_TRANSFER,True
Dividendos,550.19,2026-02-13,INCOME,BANK_TRANSFER,True
Restaurante,61.53,2026-02-13,EXPENSE,PIX,False
Doacao,163.26,2026-02-13,EXPENSE,BOLETO,False
Conta de agua,199.74,2026-02-13,EXPENSE,PIX,True
Plano de celular,95.36,2026-02-13,EXPENSE,PIX,True
Rendimento de investimento,295.94,2026-02-13,INCOME,BANK_TRANSFER,True
Supermercado,582.8,2026-02-13,EXPENSE,BOLETO,False
Condominio,757.19,2026-02-13,EXPENSE,CREDIT_CARD,True
Loja de roupas,267.26,2026-02-13,EXPENSE,CASH,False
Curso online,229.73,2026-02-13,EXPENSE,PIX,False
Seguro do veiculo,311.48,2026-02-14,EXPENSE,DEBIT_CARD,True
Transferencia recebida,1379.61,2026-02-14,INCOME,BANK_TRANSFER,False
Plano de celular,136.57,2026-02-14,EXPENSE,DEBIT_CARD,True
Veterinario,525.35,2026-02-14,EXPENSE,CREDIT_CARD,False
Doacao,163.57,2026-02-14,EXPENSE,CREDIT_CARD,False
Restaurante,100.42,2026-02-14,EXPENSE,BANK_TRANSFER,False
Conta de energia,353.93,2026-02-14,EXPENSE,BOLETO,False
Estacionamento,40.11,2026-02-14,EXPENSE,PIX,False
Estacionamento,16.76,2026-02-14,EXPENSE,BANK_TRANSFER,False
Passagem aerea,1456.84,2026-02-14,EXPENSE,CREDIT_CARD,False
Padaria,17.62,2026-02-15,EXPENSE,CASH,False
Supermercado,433.54,2026-02-15,EXPENSE,CASH,False
Padaria,59.26,2026-02-15,EXPENSE,DEBIT_CARD,False
Livraria,113.45,2026-02-15,EXPENSE,CASH,False
Supermercado,528.4,2026-02-15,EXPENSE,DEBIT_CARD,False
Streaming,68.36,2026-02-15,EXPENSE,BOLETO,True
Doacao,345.87,2026-02-15,EXPENSE,BOLETO,False
Doacao,298.44,2026-02-15,EXPENSE,BOLETO,False
Padaria,24.39,2026-02-16,EXPENSE,CREDIT_CARD,False
Academia,83.46,2026-02-16,EXPENSE,DEBIT_CARD,True
Streaming,44.37,2026-02-16,EXPENSE,DEBIT_CARD,True
Pet shop,306.49,2026-02-16,EXPENSE,BOLETO,False
Pet shop,119.55,2026-02-16,EXPENSE,PIX,False
Padaria,44.65,2026-02-16,EXPENSE,BOLETO,False
Plano de saude,725.39,2026-02-16,EXPENSE,CREDIT_CARD,True
Conta de agua,182.98,2026-02-16,EXPENSE,BOLETO,True
Dividendos,564.97,2026-02-16,INCOME,BANK_TRANSFER,True
Dividendos,393.4,2026-02-16,INCOME,PIX,True
Cinema e lazer,159.65,2026-02-17,EXPENSE,PIX,False
Impostos e taxas,290.93,2026-02-17,EXPENSE,CREDIT_CARD,False
Internet residencial,109.26,2026-02-17,EXPENSE,CREDIT_CARD,True
Transferencia recebida,868.23,2026-02-17,INCOME,PIX,False
Veterinario,677.82,2026-02-17,EXPENSE,BOLETO,False
Padaria,52.64,2026-02-17,EXPENSE,BOLETO,False
Aluguel recebido,2083.01,2026-02-17,INCOME,PIX,True
Transferencia recebida,1635.8,2026-02-17,INCOME,BANK_TRANSFER,False
Delivery de comida,103.89,2026-02-17,EXPENSE,CREDIT_CARD,False
Condominio,745.37,2026-02-17,EXPENSE,CREDIT_CARD,True
Farmacia,284.6,2026-02-17,EXPENSE,CREDIT_CARD,False
Cinema e lazer,64.51,2026-02-17,EXPENSE,PIX,False
Passagem aerea,2539.1,2026-02-17,EXPENSE,BANK_TRANSFER,False
Passagem aerea,852.46,2026-02-17,EXPENSE,BANK_TRANSFER,False
Transferencia recebida,1103.92,2026-02-17,INCOME,PIX,False
Academia,147.86,2026-02-18,EXPENSE,CASH,True
Viagem e hospedagem,1573.32,2026-02-18,EXPENSE,BANK_TRANSFER,False
Restituicao de imposto,1838.65,2026-02-18,INCOME,PIX,False
Aluguel residencial,1611.46,2026-02-18,EXPENSE,DEBIT_CARD,True
Conta de agua,138.23,2026-02-18,EXPENSE,DEBIT_CARD,True
Curso online,328.23,2026-02-18,EXPENSE,PIX,False
Streaming,55.3,2026-02-18,EXPENSE,CREDIT_CARD,True
Aluguel recebido,2696.33,2026-02-18,INCOME,BANK_TRANSFER,True
Aplicativo de transporte,49.8,2026-02-18,EXPENSE,DEBIT_CARD,False
Bonus profissional,4343.72,2026-02-19,INCOME,BANK_TRANSFER,False
Salario mensal,6167.5,2026-02-19,INCOME,PIX,True
Academia,213.03,2026-02-19,EXPENSE,CASH,True
Viagem e hospedagem,2069.27,2026-02-19,EXPENSE,BOLETO,False
Livraria,32.14,2026-02-19,EXPENSE,BANK_TRANSFER,False
Venda de produto,1710.73,2026-02-19,INCOME,BANK_TRANSFER,False
Passagem aerea,2661.87,2026-02-19,EXPENSE,PIX,False
Internet residencial,126.13,2026-02-19,EXPENSE,CASH,True
Viagem e hospedagem,802.49,2026-02-20,EXPENSE,CASH,False
Rendimento de investimento,449.71,2026-02-20,INCOME,PIX,True
Supermercado,358.02,2026-02-20,EXPENSE,BOLETO,False
Farmacia,231.14,2026-02-20,EXPENSE,BANK_TRANSFER,False
Supermercado,507.75,2026-02-20,EXPENSE,CASH,False
Restaurante,32.03,2026-02-20,EXPENSE,BOLETO,False
Condominio,531.16,2026-02-20,EXPENSE,CREDIT_CARD,True
Manutencao do veiculo,663.89,2026-02-20,EXPENSE,BOLETO,False
Estacionamento,26.13,2026-02-20,EXPENSE,CASH,False
Plano de saude,996.88,2026-02-20,EXPENSE,DEBIT_CARD,True
Salario mensal,7501.58,2026-02-20,INCOME,PIX,True
Doacao,330.51,2026-02-20,EXPENSE,CREDIT_CARD,False
Loja de roupas,486.38,2026-02-20,EXPENSE,BOLETO,False
Impostos e taxas,840.07,2026-02-20,EXPENSE,PIX,False
Venda de produto,997.51,2026-02-20,INCOME,PIX,False
Condominio,656.77,2026-02-20,EXPENSE,BOLETO,False
Aplicativo de transporte,37.56,2026-02-20,EXPENSE,BOLETO,False
Restaurante,181.03,2026-02-20,EXPENSE,BANK_TRANSFER,False
Seguro do veiculo,199.83,2026-02-20,EXPENSE,DEBIT_CARD,True
Salario mensal,4407.11,2026-02-21,INCOME,BANK_TRANSFER,True
Seguro do veiculo,220.31,2026-02-21,EXPENSE,BOLETO,False
Plano de celular,125.37,2026-02-21,EXPENSE,PIX,True
Delivery de comida,98.14,2026-02-21,EXPENSE,CASH,False
Internet residencial,170.11,2026-02-21,EXPENSE,PIX,True
Combustivel,136.89,2026-02-21,EXPENSE,CREDIT_CARD,False
Academia,158.26,2026-02-21,EXPENSE,CASH,True
Pet shop,311.18,2026-02-21,EXPENSE,CASH,False
Manutencao do veiculo,387.8,2026-02-21,EXPENSE,CASH,False
Curso online,301.06,2026-02-21,EXPENSE,BOLETO,False
Delivery de comida,74.06,2026-02-21,EXPENSE,CREDIT_CARD,False
Eletronicos,1202.33,2026-02-22,EXPENSE,CASH,False
Estacionamento,36.27,2026-02-22,EXPENSE,DEBIT_CARD,False
Eletronicos,2430.98,2026-02-22,EXPENSE,BANK_TRANSFER,False
Reembolso empresarial,470.79,2026-02-22,INCOME,PIX,False
Aluguel residencial,3005.6,2026-02-22,EXPENSE,CASH,True
Plano de saude,328.24,2026-02-22,EXPENSE,CASH,True
Manutencao do veiculo,2170.5,2026-02-22,EXPENSE,BOLETO,False
Condominio,419.48,2026-02-22,EXPENSE,PIX,True
Conta de agua,112.07,2026-02-22,EXPENSE,DEBIT_CARD,True
Supermercado,441.12,2026-02-22,EXPENSE,DEBIT_CARD,False
Condominio,547.19,2026-02-22,EXPENSE,BOLETO,True
Plano de celular,80.46,2026-02-22,EXPENSE,PIX,True
Manutencao do veiculo,395.64,2026-02-22,EXPENSE,CASH,False
Impostos e taxas,385.23,2026-02-22,EXPENSE,BANK_TRANSFER,False
Salario mensal,8481.16,2026-02-22,INCOME,BANK_TRANSFER,True
Seguro do veiculo,158.94,2026-02-22,EXPENSE,PIX,True
Farmacia,55.99,2026-02-22,EXPENSE,BOLETO,False
Combustivel,305.4,2026-02-22,EXPENSE,DEBIT_CARD,False
Delivery de comida,69.16,2026-02-23,EXPENSE,CREDIT_CARD,False
Plano de celular,140.53,2026-02-23,EXPENSE,CASH,True
Plano de celular,117.72,2026-02-23,EXPENSE,CREDIT_CARD,True
Plano de celular,76.95,2026-02-23,EXPENSE,BOLETO,True
Eletronicos,353.33,2026-02-23,EXPENSE,CASH,False
Dividendos,374.16,2026-02-23,INCOME,BANK_TRANSFER,True
Doacao,113.31,2026-02-23,EXPENSE,CASH,False
Curso online,441.47,2026-02-23,EXPENSE,DEBIT_CARD,False
Streaming,63.56,2026-02-23,EXPENSE,DEBIT_CARD,True
Reembolso empresarial,386.88,2026-02-23,INCOME,BANK_TRANSFER,False
Plano de celular,149.41,2026-02-23,EXPENSE,BANK_TRANSFER,True
Passagem aerea,1770.24,2026-02-24,EXPENSE,BOLETO,False
Manutencao do veiculo,1285.28,2026-02-24,EXPENSE,PIX,False
Internet residencial,76.59,2026-02-24,EXPENSE,PIX,True
Pagamento freelance,2723.69,2026-02-24,INCOME,PIX,False
Aplicativo de transporte,37.04,2026-02-24,EXPENSE,PIX,False
Condominio,841.37,2026-02-24,EXPENSE,PIX,True
Estacionamento,15.46,2026-02-24,EXPENSE,BANK_TRANSFER,False
Restituicao de imposto,2025.62,2026-02-24,INCOME,BANK_TRANSFER,False
Combustivel,231.19,2026-02-24,EXPENSE,CASH,False
Veterinario,470.15,2026-02-24,EXPENSE,DEBIT_CARD,False
Delivery de comida,58.66,2026-02-24,EXPENSE,BANK_TRANSFER,False
Manutencao do veiculo,2074.37,2026-02-25,EXPENSE,BOLETO,False
Eletronicos,1465.98,2026-02-25,EXPENSE,BOLETO,False
Eletronicos,960.92,2026-02-25,EXPENSE,CREDIT_CARD,False
Pet shop,291.54,2026-02-25,EXPENSE,PIX,False
Academia,207.95,2026-02-25,EXPENSE,BANK_TRANSFER,False
Conta de energia,256.51,2026-02-25,EXPENSE,PIX,True
Salario mensal,8775.81,2026-02-25,INCOME,BANK_TRANSFER,True
Livraria,123.11,2026-02-25,EXPENSE,DEBIT_CARD,False
Aplicativo de transporte,30.81,2026-02-26,EXPENSE,BOLETO,False
Streaming,59.39,2026-02-26,EXPENSE,BOLETO,True
Cinema e lazer,113.33,2026-02-26,EXPENSE,BANK_TRANSFER,False
Seguro do veiculo,249.47,2026-02-26,EXPENSE,BOLETO,True
Manutencao do veiculo,1647.57,2026-02-26,EXPENSE,BOLETO,False
Plano de saude,459.11,2026-02-26,EXPENSE,PIX,True
Delivery de comida,104.54,2026-02-26,EXPENSE,DEBIT_CARD,False
Loja de roupas,508.72,2026-02-26,EXPENSE,CASH,False
Veterinario,701.36,2026-02-26,EXPENSE,CASH,False
Cinema e lazer,131.48,2026-02-26,EXPENSE,BOLETO,False
Eletronicos,2760.99,2026-02-26,EXPENSE,CASH,False
Aplicativo de transporte,66.13,2026-02-27,EXPENSE,DEBIT_CARD,False
Padaria,32.35,2026-02-27,EXPENSE,PIX,False
Curso online,257.01,2026-02-27,EXPENSE,BANK_TRANSFER,False
Impostos e taxas,175.76,2026-02-27,EXPENSE,CREDIT_CARD,False
Academia,169.88,2026-02-27,EXPENSE,CREDIT_CARD,True
Eletronicos,4478.23,2026-02-27,EXPENSE,PIX,False
Estacionamento,26.52,2026-02-27,EXPENSE,CASH,False
Curso online,540.14,2026-02-27,EXPENSE,CASH,False
Plano de saude,397.45,2026-02-27,EXPENSE,DEBIT_CARD,False
Conta de agua,146.3,2026-02-27,EXPENSE,BOLETO,True
Internet residencial,162.15,2026-02-28,EXPENSE,BANK_TRANSFER,True
Combustivel,332.96,2026-02-28,EXPENSE,CASH,False
Estacionamento,38.09,2026-02-28,EXPENSE,CASH,False
Pagamento freelance,721.82,2026-02-28,INCOME,BANK_TRANSFER,False
Internet residencial,163.16,2026-02-28,EXPENSE,PIX,False
Seguro do veiculo,291.36,2026-02-28,EXPENSE,BOLETO,True
Farmacia,136.12,2026-02-28,EXPENSE,DEBIT_CARD,False
Aplicativo de transporte,35.24,2026-02-28,EXPENSE,CREDIT_CARD,False
Doacao,190.74,2026-03-01,EXPENSE,BOLETO,False
Manutencao do veiculo,987.55,2026-03-01,EXPENSE,PIX,False
Restaurante,190.23,2026-03-01,EXPENSE,DEBIT_CARD,False
Pagamento freelance,2169.05,2026-03-01,INCOME,PIX,False
Pagamento freelance,3109.99,2026-03-01,INCOME,PIX,False
Doacao,438.85,2026-03-01,EXPENSE,BOLETO,False
Farmacia,214.67,2026-03-01,EXPENSE,DEBIT_CARD,False
Bonus profissional,3317.77,2026-03-01,INCOME,BANK_TRANSFER,False
Cinema e lazer,32.26,2026-03-01,EXPENSE,CASH,False
Seguro do veiculo,245.75,2026-03-01,EXPENSE,BANK_TRANSFER,True
Supermercado,437.47,2026-03-01,EXPENSE,BOLETO,False
Pet shop,62.21,2026-03-01,EXPENSE,PIX,False
Rendimento de investimento,367.74,2026-03-01,INCOME,PIX,True
Venda de produto,1577.05,2026-03-01,INCOME,PIX,False
Conta de agua,129.85,2026-03-02,EXPENSE,CASH,True
Pet shop,213.36,2026-03-02,EXPENSE,BOLETO,False
Plano de celular,104.2,2026-03-02,EXPENSE,PIX,True
Salario mensal,11577.28,2026-03-02,INCOME,PIX,True
Estacionamento,31.18,2026-03-02,EXPENSE,BOLETO,False
Farmacia,158.66,2026-03-02,EXPENSE,CREDIT_CARD,False
Impostos e taxas,128.6,2026-03-02,EXPENSE,CASH,False
Impostos e taxas,607.33,2026-03-03,EXPENSE,CASH,False
Loja de roupas,280.44,2026-03-03,EXPENSE,CASH,False
Veterinario,336.73,2026-03-03,EXPENSE,CASH,False
Viagem e hospedagem,1188.35,2026-03-03,EXPENSE,PIX,False
Doacao,168.02,2026-03-03,EXPENSE,BOLETO,False
Combustivel,238.83,2026-03-03,EXPENSE,CREDIT_CARD,False
Plano de saude,401.48,2026-03-03,EXPENSE,BANK_TRANSFER,True
Estacionamento,26.17,2026-03-03,EXPENSE,BOLETO,False
Combustivel,324.52,2026-03-03,EXPENSE,DEBIT_CARD,False
Aluguel residencial,2385.0,2026-03-03,EXPENSE,BANK_TRANSFER,True
Aluguel residencial,2288.65,2026-03-03,EXPENSE,PIX,True
Restaurante,202.84,2026-03-03,EXPENSE,BANK_TRANSFER,False
Supermercado,248.54,2026-03-03,EXPENSE,DEBIT_CARD,False
Aplicativo de transporte,33.38,2026-03-04,EXPENSE,DEBIT_CARD,False
Academia,108.97,2026-03-04,EXPENSE,DEBIT_CARD,True
Livraria,116.57,2026-03-04,EXPENSE,BANK_TRANSFER,False
Restituicao de imposto,915.15,2026-03-04,INCOME,PIX,False
Padaria,26.99,2026-03-04,EXPENSE,PIX,False
Livraria,137.23,2026-03-04,EXPENSE,CREDIT_CARD,False
Aplicativo de transporte,27.14,2026-03-04,EXPENSE,DEBIT_CARD,False
Salario mensal,8333.35,2026-03-04,INCOME,PIX,True
Estacionamento,25.36,2026-03-04,EXPENSE,BANK_TRANSFER,False
Manutencao do veiculo,1370.34,2026-03-04,EXPENSE,CASH,False
Estacionamento,30.82,2026-03-04,EXPENSE,BOLETO,False
Estacionamento,35.03,2026-03-04,EXPENSE,BOLETO,False
Delivery de comida,129.21,2026-03-04,EXPENSE,CASH,False
Venda de produto,931.7,2026-03-05,INCOME,BANK_TRANSFER,False
Cinema e lazer,49.26,2026-03-05,EXPENSE,CREDIT_CARD,False
Seguro do veiculo,255.03,2026-03-05,EXPENSE,CASH,True
Curso online,155.28,2026-03-05,EXPENSE,DEBIT_CARD,False
Dividendos,439.37,2026-03-05,INCOME,PIX,False
Plano de celular,78.32,2026-03-05,EXPENSE,BOLETO,False
Streaming,58.7,2026-03-05,EXPENSE,BOLETO,True
Delivery de comida,47.5,2026-03-05,EXPENSE,BANK_TRANSFER,False
Eletronicos,3600.63,2026-03-05,EXPENSE,PIX,False
Aluguel residencial,2613.87,2026-03-05,EXPENSE,PIX,True
Manutencao do veiculo,990.57,2026-03-05,EXPENSE,BOLETO,False
Doacao,145.94,2026-03-06,EXPENSE,PIX,False
Conta de energia,208.95,2026-03-06,EXPENSE,BOLETO,True
Condominio,866.41,2026-03-06,EXPENSE,BOLETO,True
Conta de energia,112.68,2026-03-06,EXPENSE,DEBIT_CARD,True
Viagem e hospedagem,2331.61,2026-03-06,EXPENSE,PIX,False
Curso online,218.92,2026-03-06,EXPENSE,BOLETO,False
Supermercado,489.51,2026-03-06,EXPENSE,DEBIT_CARD,False
Viagem e hospedagem,1255.48,2026-03-06,EXPENSE,PIX,False
Eletronicos,1497.47,2026-03-06,EXPENSE,PIX,False
Plano de celular,66.7,2026-03-06,EXPENSE,PIX,True
Restituicao de imposto,1382.29,2026-03-06,INCOME,PIX,False
Transferencia recebida,1149.19,2026-03-06,INCOME,PIX,False
Academia,133.54,2026-03-06,EXPENSE,CASH,False
Dividendos,157.03,2026-03-06,INCOME,BANK_TRANSFER,True
Bonus profissional,1781.07,2026-03-06,INCOME,BANK_TRANSFER,False
Streaming,35.38,2026-03-07,EXPENSE,BOLETO,True
Loja de roupas,413.7,2026-03-07,EXPENSE,CREDIT_CARD,False
Plano de celular,109.58,2026-03-07,EXPENSE,DEBIT_CARD,True
Manutencao do veiculo,1711.18,2026-03-07,EXPENSE,CREDIT_CARD,False
Aluguel residencial,1988.38,2026-03-07,EXPENSE,BOLETO,False
Internet residencial,169.03,2026-03-07,EXPENSE,PIX,True
Academia,187.62,2026-03-07,EXPENSE,CASH,True
Conta de energia,350.39,2026-03-07,EXPENSE,BOLETO,True
Internet residencial,171.46,2026-03-07,EXPENSE,BANK_TRANSFER,True
Aluguel recebido,2864.0,2026-03-07,INCOME,BANK_TRANSFER,True
Reembolso empresarial,581.43,2026-03-07,INCOME,BANK_TRANSFER,False
Aplicativo de transporte,50.95,2026-03-07,EXPENSE,CREDIT_CARD,False
Supermercado,503.05,2026-03-07,EXPENSE,PIX,False
Restaurante,170.4,2026-03-07,EXPENSE,PIX,False
Farmacia,190.84,2026-03-07,EXPENSE,CASH,False
Doacao,88.36,2026-03-07,EXPENSE,CASH,False
Transferencia recebida,1272.38,2026-03-08,INCOME,BANK_TRANSFER,False
Aluguel residencial,2295.0,2026-03-08,EXPENSE,PIX,False
Rendimento de investimento,256.76,2026-03-08,INCOME,PIX,True
Padaria,42.66,2026-03-08,EXPENSE,BOLETO,False
Plano de saude,1189.41,2026-03-08,EXPENSE,DEBIT_CARD,True
Veterinario,565.23,2026-03-08,EXPENSE,BANK_TRANSFER,False
Condominio,334.74,2026-03-08,EXPENSE,BANK_TRANSFER,True
Delivery de comida,104.68,2026-03-09,EXPENSE,PIX,False
Cinema e lazer,57.64,2026-03-09,EXPENSE,BOLETO,False
Transferencia recebida,636.07,2026-03-09,INCOME,PIX,False
Venda de produto,824.09,2026-03-09,INCOME,PIX,False
Condominio,871.23,2026-03-09,EXPENSE,CREDIT_CARD,True
Internet residencial,98.59,2026-03-09,EXPENSE,BOLETO,True
Plano de celular,76.5,2026-03-09,EXPENSE,BOLETO,True
Passagem aerea,1594.67,2026-03-09,EXPENSE,BOLETO,False
Eletronicos,1572.71,2026-03-09,EXPENSE,BOLETO,False
Seguro do veiculo,175.41,2026-03-09,EXPENSE,CREDIT_CARD,False
Streaming,38.31,2026-03-09,EXPENSE,DEBIT_CARD,True
Conta de agua,56.21,2026-03-10,EXPENSE,CREDIT_CARD,True
Aluguel recebido,2509.19,2026-03-10,INCOME,BANK_TRANSFER,True
Manutencao do veiculo,1672.13,2026-03-10,EXPENSE,CREDIT_CARD,False
Dividendos,404.51,2026-03-10,INCOME,BANK_TRANSFER,True
Farmacia,58.54,2026-03-10,EXPENSE,BANK_TRANSFER,False
Streaming,48.01,2026-03-10,EXPENSE,BOLETO,True
Conta de energia,305.75,2026-03-10,EXPENSE,DEBIT_CARD,True
Bonus profissional,3800.48,2026-03-10,INCOME,PIX,False
Conta de energia,459.68,2026-03-10,EXPENSE,CREDIT_CARD,False
Venda de produto,543.36,2026-03-11,INCOME,BANK_TRANSFER,False
Eletronicos,3513.0,2026-03-11,EXPENSE,DEBIT_CARD,False
Farmacia,128.46,2026-03-11,EXPENSE,PIX,False
Supermercado,623.06,2026-03-11,EXPENSE,DEBIT_CARD,False
Pet shop,184.4,2026-03-11,EXPENSE,DEBIT_CARD,False
Supermercado,345.58,2026-03-11,EXPENSE,BANK_TRANSFER,False
Conta de agua,139.93,2026-03-11,EXPENSE,BANK_TRANSFER,True
Restituicao de imposto,1703.45,2026-03-11,INCOME,BANK_TRANSFER,False
Passagem aerea,632.7,2026-03-11,EXPENSE,BOLETO,False
Viagem e hospedagem,2559.9,2026-03-12,EXPENSE,BANK_TRANSFER,False
Loja de roupas,521.81,2026-03-12,EXPENSE,CASH,False
Transferencia recebida,1656.24,2026-03-12,INCOME,PIX,False
Aplicativo de transporte,25.54,2026-03-12,EXPENSE,BOLETO,False
Passagem aerea,2543.44,2026-03-12,EXPENSE,CASH,False
Delivery de comida,138.16,2026-03-12,EXPENSE,PIX,False
Restaurante,180.05,2026-03-12,EXPENSE,CASH,False
Plano de saude,559.64,2026-03-12,EXPENSE,BOLETO,True
Restituicao de imposto,2112.15,2026-03-12,INCOME,PIX,False
Eletronicos,1050.2,2026-03-12,EXPENSE,PIX,False
Conta de agua,89.79,2026-03-12,EXPENSE,PIX,False
Livraria,154.18,2026-03-12,EXPENSE,CREDIT_CARD,False
Rendimento de investimento,289.0,2026-03-12,INCOME,PIX,True
Curso online,291.16,2026-03-12,EXPENSE,BOLETO,False
Padaria,55.41,2026-03-12,EXPENSE,CASH,False
Pet shop,147.53,2026-03-13,EXPENSE,BANK_TRANSFER,False
Rendimento de investimento,216.37,2026-03-13,INCOME,BANK_TRANSFER,True
Internet residencial,135.63,2026-03-13,EXPENSE,BOLETO,True
Padaria,60.84,2026-03-13,EXPENSE,CASH,False
Plano de saude,710.65,2026-03-13,EXPENSE,BOLETO,True
Academia,151.59,2026-03-13,EXPENSE,BANK_TRANSFER,True
Estacionamento,39.83,2026-03-13,EXPENSE,DEBIT_CARD,False
Manutencao do veiculo,1501.85,2026-03-13,EXPENSE,CASH,False
Conta de agua,133.64,2026-03-13,EXPENSE,DEBIT_CARD,False
Padaria,19.09,2026-03-14,EXPENSE,DEBIT_CARD,False
Restituicao de imposto,711.26,2026-03-14,INCOME,PIX,False
Cinema e lazer,40.81,2026-03-14,EXPENSE,CASH,False
Combustivel,168.39,2026-03-14,EXPENSE,CREDIT_CARD,False
Streaming,41.89,2026-03-14,EXPENSE,BANK_TRANSFER,True
Curso online,125.68,2026-03-14,EXPENSE,DEBIT_CARD,False
Streaming,39.36,2026-03-14,EXPENSE,BOLETO,False
Aluguel recebido,2167.29,2026-03-14,INCOME,PIX,True
Internet residencial,129.15,2026-03-14,EXPENSE,BANK_TRANSFER,True
Restaurante,156.07,2026-03-14,EXPENSE,BOLETO,False
Veterinario,466.92,2026-03-14,EXPENSE,DEBIT_CARD,False
Delivery de comida,50.09,2026-03-14,EXPENSE,PIX,False
Restaurante,211.84,2026-03-14,EXPENSE,CREDIT_CARD,False
Curso online,393.37,2026-03-14,EXPENSE,DEBIT_CARD,False
Transferencia recebida,1157.91,2026-03-14,INCOME,BANK_TRANSFER,False
Bonus profissional,1704.08,2026-03-14,INCOME,BANK_TRANSFER,False
Transferencia recebida,1397.18,2026-03-14,INCOME,PIX,False
Condominio,664.82,2026-03-15,EXPENSE,CREDIT_CARD,True
Transferencia recebida,1846.96,2026-03-15,INCOME,PIX,False
Impostos e taxas,1254.73,2026-03-15,EXPENSE,PIX,False
Curso online,400.5,2026-03-15,EXPENSE,DEBIT_CARD,False
Pet shop,271.34,2026-03-15,EXPENSE,PIX,False
Cinema e lazer,43.56,2026-03-15,EXPENSE,CREDIT_CARD,False
Conta de agua,177.33,2026-03-15,EXPENSE,BANK_TRANSFER,True
Delivery de comida,70.89,2026-03-15,EXPENSE,PIX,False
Padaria,26.63,2026-03-15,EXPENSE,BOLETO,False
Reembolso empresarial,573.35,2026-03-16,INCOME,PIX,False
Farmacia,139.54,2026-03-16,EXPENSE,PIX,False
Rendimento de investimento,409.1,2026-03-16,INCOME,BANK_TRANSFER,False
Venda de produto,1395.41,2026-03-16,INCOME,BANK_TRANSFER,False
Eletronicos,676.45,2026-03-16,EXPENSE,BANK_TRANSFER,False
Veterinario,475.68,2026-03-16,EXPENSE,BANK_TRANSFER,False
Combustivel,226.35,2026-03-16,EXPENSE,CREDIT_CARD,False
Internet residencial,106.64,2026-03-16,EXPENSE,PIX,True
Manutencao do veiculo,1355.22,2026-03-17,EXPENSE,BANK_TRANSFER,False
Dividendos,485.01,2026-03-17,INCOME,BANK_TRANSFER,True
Conta de energia,340.49,2026-03-17,EXPENSE,CASH,True
Aplicativo de transporte,41.83,2026-03-17,EXPENSE,DEBIT_CARD,False
Aplicativo de transporte,69.31,2026-03-17,EXPENSE,BANK_TRANSFER,False
Reembolso empresarial,356.42,2026-03-17,INCOME,PIX,False
Pet shop,251.72,2026-03-17,EXPENSE,BANK_TRANSFER,False
Pagamento freelance,3341.97,2026-03-17,INCOME,BANK_TRANSFER,False
Academia,70.67,2026-03-17,EXPENSE,BANK_TRANSFER,True
Veterinario,664.28,2026-03-17,EXPENSE,DEBIT_CARD,False
Livraria,49.43,2026-03-17,EXPENSE,BOLETO,False
Padaria,23.0,2026-03-17,EXPENSE,PIX,False
Aluguel residencial,2184.54,2026-03-17,EXPENSE,DEBIT_CARD,True
Internet residencial,108.09,2026-03-18,EXPENSE,PIX,True
Delivery de comida,57.16,2026-03-18,EXPENSE,DEBIT_CARD,False
Plano de celular,69.33,2026-03-18,EXPENSE,CASH,False
Doacao,248.39,2026-03-18,EXPENSE,CREDIT_CARD,False
Eletronicos,3369.19,2026-03-18,EXPENSE,PIX,False
Restituicao de imposto,1950.27,2026-03-19,INCOME,BANK_TRANSFER,False
Impostos e taxas,502.64,2026-03-19,EXPENSE,CASH,False
Delivery de comida,28.55,2026-03-19,EXPENSE,PIX,False
Restaurante,131.06,2026-03-19,EXPENSE,PIX,False
Restaurante,156.48,2026-03-19,EXPENSE,BANK_TRANSFER,False
Seguro do veiculo,319.06,2026-03-19,EXPENSE,BOLETO,True
Condominio,625.76,2026-03-19,EXPENSE,CASH,True
Curso online,566.93,2026-03-20,EXPENSE,BANK_TRANSFER,False
Padaria,56.64,2026-03-20,EXPENSE,DEBIT_CARD,False
Venda de produto,1168.24,2026-03-20,INCOME,BANK_TRANSFER,False
Aluguel recebido,1150.88,2026-03-20,INCOME,PIX,True
Plano de saude,642.71,2026-03-20,EXPENSE,CASH,True
Bonus profissional,2264.51,2026-03-20,INCOME,PIX,False
Doacao,31.6,2026-03-20,EXPENSE,CREDIT_CARD,False
Salario mensal,7496.01,2026-03-20,INCOME,PIX,True
Veterinario,172.62,2026-03-20,EXPENSE,BANK_TRANSFER,False
Pagamento freelance,3617.35,2026-03-20,INCOME,BANK_TRANSFER,False
Veterinario,639.36,2026-03-20,EXPENSE,BANK_TRANSFER,False
Impostos e taxas,1133.16,2026-03-20,EXPENSE,CREDIT_CARD,False
Impostos e taxas,1481.65,2026-03-20,EXPENSE,DEBIT_CARD,False
Livraria,161.92,2026-03-20,EXPENSE,CASH,False
Reembolso empresarial,551.32,2026-03-21,INCOME,PIX,False
Impostos e taxas,839.61,2026-03-21,EXPENSE,CASH,False
Supermercado,282.75,2026-03-21,EXPENSE,BANK_TRANSFER,False
Viagem e hospedagem,2311.39,2026-03-21,EXPENSE,BOLETO,False
Internet residencial,135.61,2026-03-21,EXPENSE,BANK_TRANSFER,True
Passagem aerea,1736.8,2026-03-21,EXPENSE,PIX,False
Curso online,508.64,2026-03-21,EXPENSE,CASH,False
Aplicativo de transporte,20.08,2026-03-21,EXPENSE,CREDIT_CARD,False
Loja de roupas,422.72,2026-03-21,EXPENSE,PIX,False
Combustivel,231.12,2026-03-21,EXPENSE,DEBIT_CARD,False
Conta de energia,442.18,2026-03-22,EXPENSE,CASH,True
Dividendos,134.77,2026-03-22,INCOME,PIX,True
Aluguel recebido,1803.82,2026-03-22,INCOME,PIX,True
Academia,128.64,2026-03-22,EXPENSE,BOLETO,True
Dividendos,588.3,2026-03-22,INCOME,BANK_TRANSFER,False
Academia,156.63,2026-03-22,EXPENSE,CREDIT_CARD,True
Restituicao de imposto,1817.36,2026-03-22,INCOME,PIX,False
Conta de energia,99.24,2026-03-22,EXPENSE,PIX,True
Conta de agua,194.1,2026-03-22,EXPENSE,CASH,True
Cinema e lazer,129.6,2026-03-23,EXPENSE,BOLETO,False
Internet residencial,90.95,2026-03-23,EXPENSE,BANK_TRANSFER,True
Plano de saude,645.59,2026-03-23,EXPENSE,CREDIT_CARD,False
Viagem e hospedagem,1958.07,2026-03-23,EXPENSE,PIX,False
Aplicativo de transporte,54.18,2026-03-23,EXPENSE,DEBIT_CARD,False
Academia,173.01,2026-03-23,EXPENSE,PIX,True
Academia,114.13,2026-03-23,EXPENSE,BOLETO,True
Pagamento freelance,4354.37,2026-03-23,INCOME,BANK_TRANSFER,False
Doacao,145.53,2026-03-23,EXPENSE,CASH,False
Estacionamento,42.42,2026-03-23,EXPENSE,CREDIT_CARD,False
Reembolso empresarial,690.35,2026-03-24,INCOME,PIX,False
Farmacia,184.85,2026-03-24,EXPENSE,DEBIT_CARD,False
Rendimento de investimento,378.06,2026-03-24,INCOME,BANK_TRANSFER,True
Combustivel,213.62,2026-03-24,EXPENSE,DEBIT_CARD,False
Seguro do veiculo,298.19,2026-03-24,EXPENSE,CREDIT_CARD,True
Condominio,742.9,2026-03-24,EXPENSE,PIX,True
Cinema e lazer,39.82,2026-03-24,EXPENSE,BOLETO,False
Dividendos,523.56,2026-03-24,INCOME,BANK_TRANSFER,False
Eletronicos,650.91,2026-03-24,EXPENSE,CREDIT_CARD,False
Delivery de comida,166.17,2026-03-24,EXPENSE,CASH,False
Passagem aerea,568.08,2026-03-24,EXPENSE,BANK_TRANSFER,False
Plano de celular,64.28,2026-03-24,EXPENSE,BOLETO,True
Conta de agua,218.8,2026-03-24,EXPENSE,PIX,True
Academia,86.99,2026-03-24,EXPENSE,CREDIT_CARD,True
Bonus profissional,4047.54,2026-03-24,INCOME,PIX,False
Farmacia,156.07,2026-03-25,EXPENSE,CREDIT_CARD,False
Streaming,22.71,2026-03-25,EXPENSE,CASH,False
Conta de agua,101.0,2026-03-25,EXPENSE,CREDIT_CARD,True
Salario mensal,9176.41,2026-03-25,INCOME,PIX,False
Rendimento de investimento,324.54,2026-03-25,INCOME,PIX,False
Plano de celular,147.23,2026-03-25,EXPENSE,DEBIT_CARD,True
Aluguel recebido,1994.7,2026-03-25,INCOME,PIX,True
Aluguel residencial,1626.93,2026-03-25,EXPENSE,DEBIT_CARD,True
Pagamento freelance,3027.97,2026-03-25,INCOME,BANK_TRANSFER,False
Supermercado,525.16,2026-03-25,EXPENSE,CASH,False
Loja de roupas,303.68,2026-03-25,EXPENSE,CASH,False
Salario mensal,6518.02,2026-03-26,INCOME,PIX,False
Conta de energia,259.81,2026-03-26,EXPENSE,BOLETO,False
Aluguel residencial,1333.05,2026-03-26,EXPENSE,CREDIT_CARD,False
Reembolso empresarial,485.7,2026-03-26,INCOME,PIX,False
Reembolso empresarial,479.23,2026-03-26,INCOME,BANK_TRANSFER,False
Estacionamento,37.65,2026-03-26,EXPENSE,DEBIT_CARD,False
Condominio,988.18,2026-03-26,EXPENSE,BANK_TRANSFER,True
Plano de celular,75.62,2026-03-26,EXPENSE,BOLETO,False
Passagem aerea,1203.34,2026-03-26,EXPENSE,DEBIT_CARD,False
Passagem aerea,2082.68,2026-03-26,EXPENSE,DEBIT_CARD,False
Livraria,158.75,2026-03-27,EXPENSE,DEBIT_CARD,False
Livraria,50.87,2026-03-27,EXPENSE,BANK_TRANSFER,False
Loja de roupas,291.39,2026-03-27,EXPENSE,DEBIT_CARD,False
Pagamento freelance,967.34,2026-03-27,INCOME,BANK_TRANSFER,False
Restituicao de imposto,1876.33,2026-03-27,INCOME,PIX,False
Plano de saude,453.73,2026-03-28,EXPENSE,CREDIT_CARD,True
Passagem aerea,1492.05,2026-03-28,EXPENSE,BOLETO,False
Venda de produto,1131.98,2026-03-28,INCOME,PIX,False
Aluguel recebido,1590.73,2026-03-28,INCOME,PIX,True
Aluguel recebido,1993.3,2026-03-28,INCOME,BANK_TRANSFER,True
Pet shop,266.97,2026-03-28,EXPENSE,BOLETO,False
Manutencao do veiculo,280.67,2026-03-28,EXPENSE,CASH,False
Combustivel,327.6,2026-03-28,EXPENSE,BANK_TRANSFER,False
Loja de roupas,240.75,2026-03-28,EXPENSE,PIX,False
Loja de roupas,174.96,2026-03-29,EXPENSE,CASH,False
Salario mensal,7477.04,2026-03-29,INCOME,PIX,False
Bonus profissional,3545.44,2026-03-29,INCOME,PIX,False
Streaming,36.48,2026-03-29,EXPENSE,CREDIT_CARD,True
Loja de roupas,537.55,2026-03-29,EXPENSE,CREDIT_CARD,False
Seguro do veiculo,204.05,2026-03-29,EXPENSE,PIX,True
Restituicao de imposto,915.09,2026-03-29,INCOME,BANK_TRANSFER,False
Restituicao de imposto,1358.99,2026-03-29,INCOME,PIX,False
Livraria,87.09,2026-03-29,EXPENSE,BOLETO,False
Viagem e hospedagem,2021.88,2026-03-29,EXPENSE,CREDIT_CARD,False
Aplicativo de transporte,70.43,2026-03-29,EXPENSE,BOLETO,False
Combustivel,301.86,2026-03-30,EXPENSE,PIX,False
Impostos e taxas,1307.03,2026-03-30,EXPENSE,DEBIT_CARD,False
Condominio,731.63,2026-03-30,EXPENSE,CREDIT_CARD,True
Venda de produto,735.89,2026-03-30,INCOME,PIX,False
Farmacia,139.83,2026-03-30,EXPENSE,CASH,False
Seguro do veiculo,246.7,2026-03-30,EXPENSE,BANK_TRANSFER,True
Supermercado,418.42,2026-03-30,EXPENSE,CASH,False
Cinema e lazer,208.44,2026-03-30,EXPENSE,BANK_TRANSFER,False
Cinema e lazer,101.55,2026-03-30,EXPENSE,BOLETO,False
Pet shop,267.14,2026-03-30,EXPENSE,BANK_TRANSFER,False
Pet shop,96.53,2026-03-30,EXPENSE,DEBIT_CARD,False
Veterinario,667.84,2026-03-30,EXPENSE,BANK_TRANSFER,False
Plano de saude,670.67,2026-03-31,EXPENSE,BANK_TRANSFER,False
Veterinario,539.86,2026-03-31,EXPENSE,BOLETO,False
Aluguel residencial,1985.92,2026-03-31,EXPENSE,DEBIT_CARD,True
Estacionamento,27.84,2026-03-31,EXPENSE,BANK_TRANSFER,False
Aplicativo de transporte,34.59,2026-03-31,EXPENSE,BOLETO,False
Aplicativo de transporte,63.61,2026-04-01,EXPENSE,CREDIT_CARD,False
Condominio,650.08,2026-04-01,EXPENSE,BANK_TRANSFER,True
Condominio,462.6,2026-04-01,EXPENSE,DEBIT_CARD,True
Eletronicos,1455.97,2026-04-01,EXPENSE,DEBIT_CARD,False
Plano de celular,58.95,2026-04-01,EXPENSE,DEBIT_CARD,False
Manutencao do veiculo,596.84,2026-04-01,EXPENSE,BANK_TRANSFER,False
Loja de roupas,564.98,2026-04-01,EXPENSE,BOLETO,False
Bonus profissional,2036.61,2026-04-01,INCOME,BANK_TRANSFER,False
Cinema e lazer,118.25,2026-04-01,EXPENSE,CREDIT_CARD,False
Veterinario,371.9,2026-04-02,EXPENSE,BOLETO,False
Passagem aerea,628.63,2026-04-02,EXPENSE,CREDIT_CARD,False
Eletronicos,2062.65,2026-04-02,EXPENSE,CASH,False
Bonus profissional,2166.63,2026-04-02,INCOME,BANK_TRANSFER,False
Aluguel recebido,2949.69,2026-04-02,INCOME,PIX,True
Manutencao do veiculo,514.35,2026-04-02,EXPENSE,CASH,False
Academia,193.03,2026-04-02,EXPENSE,CASH,True
Supermercado,566.96,2026-04-02,EXPENSE,PIX,False
Streaming,56.06,2026-04-03,EXPENSE,BOLETO,True
Cinema e lazer,83.73,2026-04-03,EXPENSE,CREDIT_CARD,False
Loja de roupas,365.18,2026-04-03,EXPENSE,PIX,False
Eletronicos,3995.01,2026-04-03,EXPENSE,BANK_TRANSFER,False
Cinema e lazer,112.04,2026-04-03,EXPENSE,PIX,False
Transferencia recebida,1661.69,2026-04-03,INCOME,PIX,False
Curso online,94.59,2026-04-03,EXPENSE,BANK_TRANSFER,False
Seguro do veiculo,259.04,2026-04-03,EXPENSE,PIX,True
Doacao,80.1,2026-04-04,EXPENSE,PIX,False
Curso online,439.75,2026-04-04,EXPENSE,CREDIT_CARD,False
Streaming,31.75,2026-04-04,EXPENSE,BANK_TRANSFER,True
Transferencia recebida,1225.96,2026-04-04,INCOME,PIX,False
Padaria,35.91,2026-04-05,EXPENSE,CASH,False
Pet shop,183.8,2026-04-05,EXPENSE,BANK_TRANSFER,False
Aluguel residencial,2363.05,2026-04-05,EXPENSE,DEBIT_CARD,True
Doacao,208.7,2026-04-05,EXPENSE,CASH,False
Doacao,247.86,2026-04-05,EXPENSE,CASH,False
Impostos e taxas,638.61,2026-04-05,EXPENSE,DEBIT_CARD,False
Curso online,357.53,2026-04-05,EXPENSE,PIX,False
Salario mensal,4795.52,2026-04-05,INCOME,BANK_TRANSFER,True
Farmacia,27.03,2026-04-05,EXPENSE,BANK_TRANSFER,False
Aluguel recebido,2377.22,2026-04-05,INCOME,BANK_TRANSFER,True
Condominio,587.95,2026-04-05,EXPENSE,CASH,True
Viagem e hospedagem,2482.43,2026-04-05,EXPENSE,BOLETO,False
Reembolso empresarial,713.47,2026-04-05,INCOME,BANK_TRANSFER,False
Estacionamento,20.16,2026-04-06,EXPENSE,PIX,False
Combustivel,205.68,2026-04-06,EXPENSE,BANK_TRANSFER,False
Aplicativo de transporte,69.49,2026-04-06,EXPENSE,BANK_TRANSFER,False
Viagem e hospedagem,2083.13,2026-04-06,EXPENSE,CREDIT_CARD,False
Supermercado,241.5,2026-04-06,EXPENSE,CASH,False
Cinema e lazer,141.81,2026-04-06,EXPENSE,CASH,False
Bonus profissional,3862.02,2026-04-06,INCOME,PIX,False
Venda de produto,1268.71,2026-04-06,INCOME,BANK_TRANSFER,False
Manutencao do veiculo,1459.85,2026-04-06,EXPENSE,CREDIT_CARD,False
Veterinario,598.59,2026-04-07,EXPENSE,BOLETO,False
Streaming,21.77,2026-04-07,EXPENSE,PIX,True
Dividendos,211.84,2026-04-07,INCOME,BANK_TRANSFER,True
Venda de produto,1161.15,2026-04-07,INCOME,PIX,False
Eletronicos,1725.51,2026-04-07,EXPENSE,BOLETO,False
Internet residencial,153.72,2026-04-07,EXPENSE,CREDIT_CARD,False
Restituicao de imposto,647.56,2026-04-07,INCOME,PIX,False
Plano de saude,724.68,2026-04-07,EXPENSE,CASH,True
Streaming,37.59,2026-04-07,EXPENSE,CASH,True
Supermercado,291.19,2026-04-07,EXPENSE,BANK_TRANSFER,False
Aplicativo de transporte,66.01,2026-04-07,EXPENSE,PIX,False
Academia,121.33,2026-04-07,EXPENSE,BANK_TRANSFER,True
Salario mensal,6613.24,2026-04-07,INCOME,BANK_TRANSFER,True
Impostos e taxas,1855.86,2026-04-07,EXPENSE,BANK_TRANSFER,False
Rendimento de investimento,525.43,2026-04-07,INCOME,BANK_TRANSFER,True
Academia,160.75,2026-04-07,EXPENSE,CREDIT_CARD,True
Passagem aerea,478.62,2026-04-08,EXPENSE,BOLETO,False
Curso online,446.94,2026-04-08,EXPENSE,CREDIT_CARD,False
Venda de produto,597.38,2026-04-08,INCOME,PIX,False
Pet shop,260.84,2026-04-08,EXPENSE,CREDIT_CARD,False
Dividendos,191.99,2026-04-08,INCOME,PIX,True
Padaria,10.88,2026-04-08,EXPENSE,DEBIT_CARD,False
Restaurante,57.8,2026-04-08,EXPENSE,BANK_TRANSFER,False
Restituicao de imposto,1477.18,2026-04-08,INCOME,BANK_TRANSFER,False
Internet residencial,167.83,2026-04-08,EXPENSE,CASH,True
Veterinario,220.58,2026-04-08,EXPENSE,BANK_TRANSFER,False
Internet residencial,127.79,2026-04-08,EXPENSE,CASH,False
Restituicao de imposto,2017.36,2026-04-08,INCOME,BANK_TRANSFER,False
Aplicativo de transporte,37.1,2026-04-08,EXPENSE,BANK_TRANSFER,False
Aplicativo de transporte,52.07,2026-04-08,EXPENSE,BOLETO,False
Aluguel residencial,2340.31,2026-04-08,EXPENSE,BANK_TRANSFER,False
Salario mensal,7776.16,2026-04-09,INCOME,PIX,False
Aluguel residencial,1195.02,2026-04-09,EXPENSE,DEBIT_CARD,True
Seguro do veiculo,193.43,2026-04-09,EXPENSE,DEBIT_CARD,True
Restituicao de imposto,1688.47,2026-04-09,INCOME,BANK_TRANSFER,False
Veterinario,363.6,2026-04-09,EXPENSE,PIX,False
Streaming,32.35,2026-04-09,EXPENSE,DEBIT_CARD,True
Pagamento freelance,3121.58,2026-04-09,INCOME,BANK_TRANSFER,False
Condominio,700.46,2026-04-09,EXPENSE,CREDIT_CARD,True
Salario mensal,8151.81,2026-04-09,INCOME,PIX,True
Farmacia,79.31,2026-04-09,EXPENSE,BANK_TRANSFER,False
Veterinario,498.56,2026-04-09,EXPENSE,DEBIT_CARD,False
Aluguel recebido,3223.03,2026-04-09,INCOME,PIX,True
Conta de energia,110.17,2026-04-09,EXPENSE,DEBIT_CARD,True
Plano de celular,40.58,2026-04-09,EXPENSE,PIX,True
Venda de produto,656.71,2026-04-10,INCOME,BANK_TRANSFER,False
Condominio,1096.82,2026-04-10,EXPENSE,CASH,True
Manutencao do veiculo,1283.08,2026-04-10,EXPENSE,CREDIT_CARD,False
Combustivel,157.89,2026-04-10,EXPENSE,BOLETO,False
Condominio,503.53,2026-04-10,EXPENSE,BOLETO,True
Seguro do veiculo,241.26,2026-04-10,EXPENSE,DEBIT_CARD,True
Plano de saude,615.1,2026-04-10,EXPENSE,BOLETO,False
Delivery de comida,109.93,2026-04-10,EXPENSE,BOLETO,False
Conta de agua,106.32,2026-04-10,EXPENSE,CREDIT_CARD,False
Aluguel residencial,1159.99,2026-04-10,EXPENSE,CREDIT_CARD,True
Impostos e taxas,1167.32,2026-04-10,EXPENSE,BOLETO,False
Aluguel recebido,1647.45,2026-04-10,INCOME,PIX,True
Pagamento freelance,2457.33,2026-04-10,INCOME,PIX,False
Restaurante,150.72,2026-04-10,EXPENSE,BOLETO,False
Veterinario,398.15,2026-04-10,EXPENSE,BOLETO,False
Restaurante,112.11,2026-04-10,EXPENSE,CASH,False
Dividendos,455.6,2026-04-11,INCOME,BANK_TRANSFER,False
Restaurante,29.35,2026-04-11,EXPENSE,BANK_TRANSFER,False
Veterinario,460.96,2026-04-11,EXPENSE,CASH,False
Supermercado,179.67,2026-04-11,EXPENSE,BOLETO,False
Impostos e taxas,1035.3,2026-04-11,EXPENSE,PIX,False
Livraria,186.02,2026-04-11,EXPENSE,PIX,False
Dividendos,459.25,2026-04-11,INCOME,PIX,True
Loja de roupas,275.25,2026-04-11,EXPENSE,DEBIT_CARD,False
Reembolso empresarial,654.7,2026-04-11,INCOME,BANK_TRANSFER,False
Loja de roupas,338.48,2026-04-11,EXPENSE,BANK_TRANSFER,False
Transferencia recebida,1829.99,2026-04-11,INCOME,PIX,False
Combustivel,112.83,2026-04-11,EXPENSE,CASH,False
Academia,233.38,2026-04-11,EXPENSE,PIX,True
Delivery de comida,93.97,2026-04-11,EXPENSE,PIX,False
Manutencao do veiculo,319.52,2026-04-12,EXPENSE,BOLETO,False
Impostos e taxas,291.99,2026-04-12,EXPENSE,BOLETO,False
Bonus profissional,4175.9,2026-04-12,INCOME,BANK_TRANSFER,False
Pagamento freelance,723.61,2026-04-12,INCOME,BANK_TRANSFER,False
Internet residencial,98.81,2026-04-12,EXPENSE,BOLETO,True
Padaria,14.88,2026-04-12,EXPENSE,CREDIT_CARD,False
Pet shop,272.43,2026-04-12,EXPENSE,CASH,False
Restituicao de imposto,1739.85,2026-04-12,INCOME,BANK_TRANSFER,False
Cinema e lazer,87.79,2026-04-12,EXPENSE,DEBIT_CARD,False
Delivery de comida,129.33,2026-04-12,EXPENSE,CASH,False
Dividendos,112.27,2026-04-13,INCOME,BANK_TRANSFER,True
Supermercado,252.6,2026-04-13,EXPENSE,DEBIT_CARD,False
Conta de agua,175.6,2026-04-13,EXPENSE,DEBIT_CARD,True
Streaming,36.39,2026-04-13,EXPENSE,CREDIT_CARD,True
Plano de saude,808.24,2026-04-13,EXPENSE,BANK_TRANSFER,True
Doacao,102.26,2026-04-13,EXPENSE,PIX,False
Conta de agua,148.25,2026-04-13,EXPENSE,BANK_TRANSFER,True
Seguro do veiculo,271.05,2026-04-13,EXPENSE,BOLETO,True
Impostos e taxas,1048.32,2026-04-13,EXPENSE,BANK_TRANSFER,False
Cinema e lazer,65.48,2026-04-13,EXPENSE,BANK_TRANSFER,False
Supermercado,261.03,2026-04-13,EXPENSE,CREDIT_CARD,False
Passagem aerea,1517.84,2026-04-14,EXPENSE,BANK_TRANSFER,False
Conta de energia,214.26,2026-04-14,EXPENSE,BOLETO,True
Plano de celular,52.24,2026-04-14,EXPENSE,BOLETO,False
Plano de celular,103.3,2026-04-14,EXPENSE,BOLETO,False
Cinema e lazer,161.99,2026-04-14,EXPENSE,BANK_TRANSFER,False
Viagem e hospedagem,1683.46,2026-04-14,EXPENSE,BANK_TRANSFER,False
Livraria,129.09,2026-04-14,EXPENSE,DEBIT_CARD,False
Conta de energia,283.2,2026-04-15,EXPENSE,CREDIT_CARD,True
Eletronicos,2223.94,2026-04-15,EXPENSE,CASH,False
Farmacia,185.15,2026-04-15,EXPENSE,BOLETO,False
Aluguel recebido,1534.47,2026-04-15,INCOME,PIX,True
Livraria,33.89,2026-04-15,EXPENSE,BOLETO,False
Combustivel,214.51,2026-04-15,EXPENSE,PIX,False
Pagamento freelance,1835.46,2026-04-15,INCOME,BANK_TRANSFER,False
Streaming,27.29,2026-04-15,EXPENSE,CREDIT_CARD,True
Padaria,55.22,2026-04-15,EXPENSE,BOLETO,False
Passagem aerea,984.33,2026-04-15,EXPENSE,CREDIT_CARD,False
Conta de agua,200.24,2026-04-16,EXPENSE,BOLETO,True
Viagem e hospedagem,676.39,2026-04-16,EXPENSE,DEBIT_CARD,False
Conta de agua,155.4,2026-04-16,EXPENSE,CASH,True
Pet shop,179.91,2026-04-16,EXPENSE,CREDIT_CARD,False
Livraria,244.87,2026-04-16,EXPENSE,BANK_TRANSFER,False
Conta de agua,81.77,2026-04-16,EXPENSE,CREDIT_CARD,True
Passagem aerea,1758.58,2026-04-17,EXPENSE,BOLETO,False
Rendimento de investimento,332.03,2026-04-17,INCOME,BANK_TRANSFER,True
Veterinario,373.26,2026-04-17,EXPENSE,BANK_TRANSFER,False
Internet residencial,177.36,2026-04-17,EXPENSE,CASH,True
Veterinario,288.11,2026-04-17,EXPENSE,BOLETO,False
Rendimento de investimento,315.22,2026-04-17,INCOME,PIX,True
Viagem e hospedagem,3166.75,2026-04-17,EXPENSE,BOLETO,False
Plano de saude,566.46,2026-04-17,EXPENSE,PIX,False
Pagamento freelance,3759.14,2026-04-18,INCOME,PIX,False
Pagamento freelance,3045.62,2026-04-18,INCOME,BANK_TRANSFER,False
Internet residencial,117.88,2026-04-18,EXPENSE,CASH,False
Venda de produto,960.68,2026-04-18,INCOME,BANK_TRANSFER,False
Supermercado,543.71,2026-04-18,EXPENSE,BOLETO,False
Condominio,494.58,2026-04-18,EXPENSE,BOLETO,True
Transferencia recebida,1976.46,2026-04-18,INCOME,PIX,False
Delivery de comida,158.72,2026-04-18,EXPENSE,CREDIT_CARD,False
Reembolso empresarial,800.57,2026-04-18,INCOME,BANK_TRANSFER,False
Venda de produto,940.96,2026-04-18,INCOME,PIX,False
Manutencao do veiculo,1020.84,2026-04-19,EXPENSE,BANK_TRANSFER,False
Bonus profissional,2031.1,2026-04-19,INCOME,BANK_TRANSFER,False
Pet shop,43.18,2026-04-19,EXPENSE,CREDIT_CARD,False
Aplicativo de transporte,38.57,2026-04-19,EXPENSE,BANK_TRANSFER,False
Livraria,166.39,2026-04-19,EXPENSE,CREDIT_CARD,False
Aluguel residencial,2329.09,2026-04-19,EXPENSE,DEBIT_CARD,True
Reembolso empresarial,328.85,2026-04-19,INCOME,BANK_TRANSFER,False
Impostos e taxas,767.09,2026-04-19,EXPENSE,PIX,False
Livraria,191.38,2026-04-19,EXPENSE,DEBIT_CARD,False
Passagem aerea,2251.7,2026-04-19,EXPENSE,PIX,False
Restaurante,122.23,2026-04-20,EXPENSE,BANK_TRANSFER,False
Venda de produto,1008.29,2026-04-20,INCOME,PIX,False
Combustivel,163.8,2026-04-20,EXPENSE,DEBIT_CARD,False
Viagem e hospedagem,3175.86,2026-04-20,EXPENSE,DEBIT_CARD,False
Aluguel recebido,2252.27,2026-04-20,INCOME,BANK_TRANSFER,True
Estacionamento,48.09,2026-04-20,EXPENSE,BANK_TRANSFER,False
Reembolso empresarial,419.91,2026-04-20,INCOME,PIX,False
Doacao,66.88,2026-04-20,EXPENSE,BANK_TRANSFER,False
Doacao,216.77,2026-04-20,EXPENSE,CASH,False
Rendimento de investimento,232.69,2026-04-20,INCOME,PIX,True
Manutencao do veiculo,595.02,2026-04-20,EXPENSE,BANK_TRANSFER,False
Condominio,511.4,2026-04-21,EXPENSE,CASH,True
Restaurante,59.22,2026-04-21,EXPENSE,BOLETO,False
Estacionamento,32.73,2026-04-21,EXPENSE,CASH,False
Aluguel recebido,2456.7,2026-04-21,INCOME,PIX,True
Plano de celular,78.09,2026-04-21,EXPENSE,BOLETO,True
Restituicao de imposto,1974.86,2026-04-21,INCOME,BANK_TRANSFER,False
Reembolso empresarial,323.37,2026-04-21,INCOME,PIX,False
Farmacia,158.42,2026-04-21,EXPENSE,BOLETO,False
Academia,174.0,2026-04-21,EXPENSE,BANK_TRANSFER,True
Aluguel residencial,1500.67,2026-04-21,EXPENSE,DEBIT_CARD,True
Farmacia,174.26,2026-04-21,EXPENSE,PIX,False
Padaria,31.16,2026-04-21,EXPENSE,BANK_TRANSFER,False
Padaria,15.83,2026-04-21,EXPENSE,BANK_TRANSFER,False
Combustivel,316.18,2026-04-22,EXPENSE,DEBIT_CARD,False
Farmacia,52.54,2026-04-22,EXPENSE,BANK_TRANSFER,False
Livraria,116.8,2026-04-22,EXPENSE,BANK_TRANSFER,False
Streaming,43.68,2026-04-22,EXPENSE,BANK_TRANSFER,True
Restituicao de imposto,1293.85,2026-04-22,INCOME,PIX,False
Seguro do veiculo,277.3,2026-04-22,EXPENSE,PIX,False
Plano de celular,151.49,2026-04-22,EXPENSE,BOLETO,True
Restaurante,61.78,2026-04-22,EXPENSE,BANK_TRANSFER,False
Pet shop,162.12,2026-04-22,EXPENSE,PIX,False
Dividendos,452.4,2026-04-22,INCOME,PIX,True
Rendimento de investimento,389.72,2026-04-23,INCOME,BANK_TRANSFER,True
Cinema e lazer,101.45,2026-04-23,EXPENSE,DEBIT_CARD,False
Loja de roupas,426.82,2026-04-23,EXPENSE,DEBIT_CARD,False
Pet shop,151.51,2026-04-23,EXPENSE,BANK_TRANSFER,False
Academia,119.23,2026-04-23,EXPENSE,BOLETO,False
Combustivel,89.11,2026-04-23,EXPENSE,DEBIT_CARD,False
Academia,117.79,2026-04-23,EXPENSE,PIX,True
Rendimento de investimento,450.38,2026-04-23,INCOME,BANK_TRANSFER,True
Conta de energia,289.07,2026-04-23,EXPENSE,BOLETO,False
Cinema e lazer,204.85,2026-04-23,EXPENSE,BANK_TRANSFER,False
Conta de energia,392.6,2026-04-23,EXPENSE,BANK_TRANSFER,False
Delivery de comida,110.94,2026-04-23,EXPENSE,DEBIT_CARD,False
Delivery de comida,95.21,2026-04-23,EXPENSE,CREDIT_CARD,False
Eletronicos,1949.97,2026-04-23,EXPENSE,DEBIT_CARD,False
Seguro do veiculo,156.56,2026-04-23,EXPENSE,PIX,True
Supermercado,605.62,2026-04-23,EXPENSE,BOLETO,False
Supermercado,582.19,2026-04-23,EXPENSE,CASH,False
Farmacia,206.02,2026-04-23,EXPENSE,DEBIT_CARD,False
Viagem e hospedagem,1858.19,2026-04-24,EXPENSE,PIX,False
Loja de roupas,244.29,2026-04-24,EXPENSE,CREDIT_CARD,False
Restaurante,174.63,2026-04-24,EXPENSE,PIX,False
Aluguel residencial,1286.49,2026-04-24,EXPENSE,BANK_TRANSFER,False
Passagem aerea,1532.96,2026-04-24,EXPENSE,DEBIT_CARD,False
Condominio,882.17,2026-04-24,EXPENSE,DEBIT_CARD,True
Doacao,249.34,2026-04-24,EXPENSE,CASH,False
Padaria,26.26,2026-04-24,EXPENSE,BOLETO,False
Plano de saude,680.22,2026-04-24,EXPENSE,BANK_TRANSFER,True
Padaria,61.15,2026-04-24,EXPENSE,BANK_TRANSFER,False
Estacionamento,35.14,2026-04-24,EXPENSE,PIX,False
Delivery de comida,87.79,2026-04-24,EXPENSE,BOLETO,False
Aplicativo de transporte,55.13,2026-04-24,EXPENSE,DEBIT_CARD,False
Academia,168.54,2026-04-24,EXPENSE,CASH,True
Aplicativo de transporte,58.77,2026-04-24,EXPENSE,CREDIT_CARD,False
Conta de agua,166.47,2026-04-24,EXPENSE,BOLETO,True
Curso online,139.78,2026-04-25,EXPENSE,CREDIT_CARD,False
Pet shop,97.16,2026-04-25,EXPENSE,CASH,False
Plano de celular,74.69,2026-04-25,EXPENSE,CASH,False
Plano de celular,75.16,2026-04-25,EXPENSE,BANK_TRANSFER,True
Passagem aerea,1677.37,2026-04-25,EXPENSE,DEBIT_CARD,False
Plano de saude,1030.59,2026-04-25,EXPENSE,CREDIT_CARD,True
Combustivel,288.26,2026-04-25,EXPENSE,CASH,False
Academia,157.41,2026-04-25,EXPENSE,BOLETO,True
Aplicativo de transporte,75.26,2026-04-25,EXPENSE,BOLETO,False
Loja de roupas,515.32,2026-04-25,EXPENSE,PIX,False
Internet residencial,80.21,2026-04-25,EXPENSE,CASH,True
Estacionamento,44.84,2026-04-26,EXPENSE,CREDIT_CARD,False
Estacionamento,16.25,2026-04-26,EXPENSE,CREDIT_CARD,False
Transferencia recebida,1305.9,2026-04-26,INCOME,PIX,False
Aluguel residencial,2618.89,2026-04-26,EXPENSE,BOLETO,True
Restaurante,172.78,2026-04-26,EXPENSE,CREDIT_CARD,False
Viagem e hospedagem,3012.56,2026-04-26,EXPENSE,DEBIT_CARD,False
Curso online,95.18,2026-04-26,EXPENSE,BOLETO,False
Aluguel recebido,2569.48,2026-04-26,INCOME,BANK_TRANSFER,True
Restituicao de imposto,1954.12,2026-04-26,INCOME,BANK_TRANSFER,False
Supermercado,472.87,2026-04-26,EXPENSE,DEBIT_CARD,False
Supermercado,237.32,2026-04-26,EXPENSE,DEBIT_CARD,False
Farmacia,185.83,2026-04-26,EXPENSE,BANK_TRANSFER,False
Manutencao do veiculo,351.79,2026-04-26,EXPENSE,PIX,False
Internet residencial,94.91,2026-04-27,EXPENSE,DEBIT_CARD,False
Reembolso empresarial,264.9,2026-04-27,INCOME,PIX,False
Rendimento de investimento,317.46,2026-04-27,INCOME,BANK_TRANSFER,True
Seguro do veiculo,216.07,2026-04-27,EXPENSE,DEBIT_CARD,True
Estacionamento,36.49,2026-04-27,EXPENSE,BOLETO,False
Passagem aerea,546.06,2026-04-27,EXPENSE,DEBIT_CARD,False
Loja de roupas,90.81,2026-04-27,EXPENSE,BANK_TRANSFER,False
Curso online,217.01,2026-04-27,EXPENSE,BOLETO,False
Livraria,249.82,2026-04-27,EXPENSE,BANK_TRANSFER,False
Conta de energia,309.76,2026-04-27,EXPENSE,BOLETO,False
Transferencia recebida,721.51,2026-04-28,INCOME,BANK_TRANSFER,False
Combustivel,230.28,2026-04-28,EXPENSE,PIX,False
Curso online,274.44,2026-04-28,EXPENSE,PIX,False
Pagamento freelance,2311.48,2026-04-28,INCOME,PIX,False
Conta de agua,89.42,2026-04-28,EXPENSE,BOLETO,True
Doacao,281.56,2026-04-28,EXPENSE,BOLETO,False
Padaria,52.75,2026-04-28,EXPENSE,CASH,False
Manutencao do veiculo,1614.77,2026-04-29,EXPENSE,CREDIT_CARD,False
Dividendos,349.15,2026-04-29,INCOME,PIX,True
Aluguel residencial,1784.91,2026-04-29,EXPENSE,PIX,True
Salario mensal,9397.49,2026-04-29,INCOME,BANK_TRANSFER,True
Loja de roupas,87.29,2026-04-29,EXPENSE,DEBIT_CARD,False
Venda de produto,883.38,2026-04-29,INCOME,BANK_TRANSFER,False
Eletronicos,2465.89,2026-04-29,EXPENSE,CASH,False
Estacionamento,36.22,2026-04-29,EXPENSE,BOLETO,False
Salario mensal,7575.08,2026-04-29,INCOME,PIX,True
Transferencia recebida,1640.18,2026-04-29,INCOME,BANK_TRANSFER,False
Bonus profissional,1486.08,2026-04-30,INCOME,PIX,False
Conta de energia,398.51,2026-04-30,EXPENSE,PIX,True
Livraria,227.0,2026-04-30,EXPENSE,PIX,False
Impostos e taxas,619.36,2026-04-30,EXPENSE,BOLETO,False
Aluguel residencial,1230.1,2026-04-30,EXPENSE,DEBIT_CARD,True
Conta de energia,122.57,2026-04-30,EXPENSE,BANK_TRANSFER,True
Restituicao de imposto,1209.67,2026-04-30,INCOME,PIX,False
Salario mensal,9367.2,2026-04-30,INCOME,PIX,False
Eletronicos,2707.91,2026-04-30,EXPENSE,CASH,False
Plano de saude,682.78,2026-04-30,EXPENSE,BOLETO,True
Plano de saude,951.8,2026-04-30,EXPENSE,BOLETO,True
Plano de celular,81.93,2026-04-30,EXPENSE,DEBIT_CARD,True
Seguro do veiculo,304.28,2026-04-30,EXPENSE,DEBIT_CARD,True
Delivery de comida,136.35,2026-04-30,EXPENSE,CASH,False
Reembolso empresarial,610.88,2026-05-01,INCOME,BANK_TRANSFER,False
Academia,86.24,2026-05-01,EXPENSE,CREDIT_CARD,True
Reembolso empresarial,832.66,2026-05-01,INCOME,PIX,False
Estacionamento,36.16,2026-05-01,EXPENSE,CREDIT_CARD,False
Loja de roupas,583.61,2026-05-01,EXPENSE,PIX,False
Restaurante,178.68,2026-05-01,EXPENSE,DEBIT_CARD,False
Manutencao do veiculo,1172.29,2026-05-01,EXPENSE,BOLETO,False
Eletronicos,2785.14,2026-05-01,EXPENSE,BOLETO,False
Curso online,409.35,2026-05-02,EXPENSE,PIX,False
Loja de roupas,529.41,2026-05-02,EXPENSE,PIX,False
Cinema e lazer,50.54,2026-05-02,EXPENSE,DEBIT_CARD,False
Veterinario,484.81,2026-05-02,EXPENSE,CASH,False
Passagem aerea,2193.2,2026-05-02,EXPENSE,BANK_TRANSFER,False
Doacao,265.65,2026-05-02,EXPENSE,BANK_TRANSFER,False
Pagamento freelance,2174.02,2026-05-02,INCOME,PIX,False
Restaurante,278.84,2026-05-02,EXPENSE,CREDIT_CARD,False
Streaming,36.97,2026-05-02,EXPENSE,BANK_TRANSFER,False
Conta de agua,132.73,2026-05-02,EXPENSE,BOLETO,True
Supermercado,96.43,2026-05-02,EXPENSE,CASH,False
Delivery de comida,101.2,2026-05-03,EXPENSE,CASH,False
Loja de roupas,526.31,2026-05-03,EXPENSE,BOLETO,False
Doacao,371.66,2026-05-03,EXPENSE,PIX,False
Loja de roupas,386.92,2026-05-03,EXPENSE,CASH,False
Aluguel residencial,1724.5,2026-05-03,EXPENSE,CASH,True
Doacao,241.55,2026-05-03,EXPENSE,CREDIT_CARD,False
Academia,83.55,2026-05-03,EXPENSE,BANK_TRANSFER,True
Estacionamento,53.15,2026-05-03,EXPENSE,DEBIT_CARD,False
Viagem e hospedagem,597.09,2026-05-03,EXPENSE,BOLETO,False
Aluguel residencial,3120.45,2026-05-03,EXPENSE,BANK_TRANSFER,True
Rendimento de investimento,164.04,2026-05-04,INCOME,BANK_TRANSFER,True
Farmacia,256.02,2026-05-04,EXPENSE,BANK_TRANSFER,False
Pet shop,178.14,2026-05-04,EXPENSE,DEBIT_CARD,False
Eletronicos,2364.73,2026-05-04,EXPENSE,CASH,False
Delivery de comida,128.66,2026-05-04,EXPENSE,PIX,False
Aplicativo de transporte,33.4,2026-05-04,EXPENSE,BANK_TRANSFER,False
Veterinario,249.43,2026-05-04,EXPENSE,PIX,False
Streaming,39.02,2026-05-04,EXPENSE,PIX,True
Curso online,297.8,2026-05-04,EXPENSE,DEBIT_CARD,False
Pagamento freelance,1784.24,2026-05-04,INCOME,BANK_TRANSFER,False
Rendimento de investimento,461.36,2026-05-04,INCOME,BANK_TRANSFER,False
Pet shop,135.53,2026-05-04,EXPENSE,DEBIT_CARD,False
Eletronicos,1574.06,2026-05-05,EXPENSE,CASH,False
Pet shop,48.0,2026-05-05,EXPENSE,BOLETO,False
Delivery de comida,63.22,2026-05-05,EXPENSE,PIX,False
Padaria,43.6,2026-05-05,EXPENSE,PIX,False
Academia,190.26,2026-05-05,EXPENSE,CREDIT_CARD,False
Restituicao de imposto,1579.7,2026-05-05,INCOME,PIX,False
Conta de energia,284.2,2026-05-05,EXPENSE,CREDIT_CARD,True
Farmacia,216.7,2026-05-05,EXPENSE,CREDIT_CARD,False
Impostos e taxas,856.22,2026-05-05,EXPENSE,CREDIT_CARD,False
Loja de roupas,624.84,2026-05-06,EXPENSE,PIX,False
Dividendos,484.88,2026-05-06,INCOME,PIX,False
Eletronicos,3264.01,2026-05-06,EXPENSE,BOLETO,False
Plano de celular,50.87,2026-05-06,EXPENSE,BANK_TRANSFER,True
Impostos e taxas,195.17,2026-05-06,EXPENSE,BANK_TRANSFER,False
Pet shop,124.62,2026-05-06,EXPENSE,BANK_TRANSFER,False
Transferencia recebida,1515.26,2026-05-06,INCOME,BANK_TRANSFER,False
Veterinario,385.92,2026-05-06,EXPENSE,BOLETO,False
Internet residencial,140.16,2026-05-06,EXPENSE,DEBIT_CARD,True
Academia,182.46,2026-05-06,EXPENSE,BANK_TRANSFER,True
Manutencao do veiculo,967.59,2026-05-07,EXPENSE,DEBIT_CARD,False
Livraria,87.76,2026-05-07,EXPENSE,CREDIT_CARD,False
Seguro do veiculo,286.26,2026-05-07,EXPENSE,DEBIT_CARD,False
Rendimento de investimento,274.9,2026-05-07,INCOME,BANK_TRANSFER,True
Combustivel,163.55,2026-05-07,EXPENSE,DEBIT_CARD,False
Academia,157.35,2026-05-07,EXPENSE,BANK_TRANSFER,True
Doacao,224.36,2026-05-07,EXPENSE,CREDIT_CARD,False
Condominio,784.98,2026-05-07,EXPENSE,BOLETO,True
Venda de produto,1482.23,2026-05-07,INCOME,PIX,False
Bonus profissional,1602.3,2026-05-07,INCOME,BANK_TRANSFER,False
Plano de saude,908.43,2026-05-07,EXPENSE,CREDIT_CARD,True
Plano de saude,636.97,2026-05-07,EXPENSE,CASH,True
Transferencia recebida,938.46,2026-05-07,INCOME,PIX,False
Farmacia,130.56,2026-05-07,EXPENSE,BOLETO,False
Manutencao do veiculo,667.55,2026-05-08,EXPENSE,CASH,False
Venda de produto,1280.55,2026-05-08,INCOME,PIX,False
Delivery de comida,163.77,2026-05-08,EXPENSE,BANK_TRANSFER,False
Pet shop,315.44,2026-05-08,EXPENSE,CREDIT_CARD,False
Venda de produto,1038.3,2026-05-08,INCOME,BANK_TRANSFER,False
Doacao,281.2,2026-05-08,EXPENSE,DEBIT_CARD,False
Cinema e lazer,126.16,2026-05-08,EXPENSE,BANK_TRANSFER,False
Cinema e lazer,56.86,2026-05-08,EXPENSE,CREDIT_CARD,False
Livraria,52.3,2026-05-09,EXPENSE,CASH,False
Supermercado,492.68,2026-05-09,EXPENSE,CASH,False
Passagem aerea,2840.24,2026-05-09,EXPENSE,DEBIT_CARD,False
Combustivel,230.49,2026-05-09,EXPENSE,PIX,False
Padaria,33.59,2026-05-09,EXPENSE,PIX,False
Veterinario,296.12,2026-05-09,EXPENSE,BOLETO,False
Pet shop,241.44,2026-05-09,EXPENSE,CASH,False
Farmacia,142.76,2026-05-09,EXPENSE,BOLETO,False
Aplicativo de transporte,27.06,2026-05-09,EXPENSE,DEBIT_CARD,False
Restituicao de imposto,2627.99,2026-05-09,INCOME,PIX,False
Eletronicos,532.85,2026-05-09,EXPENSE,CASH,False
Aplicativo de transporte,79.41,2026-05-10,EXPENSE,BOLETO,False
Manutencao do veiculo,469.12,2026-05-10,EXPENSE,BANK_TRANSFER,False
Conta de agua,88.43,2026-05-10,EXPENSE,CASH,True
Rendimento de investimento,474.23,2026-05-10,INCOME,BANK_TRANSFER,True
Passagem aerea,787.28,2026-05-10,EXPENSE,PIX,False
Viagem e hospedagem,2629.9,2026-05-10,EXPENSE,CREDIT_CARD,False
Reembolso empresarial,309.7,2026-05-10,INCOME,BANK_TRANSFER,False
Curso online,254.14,2026-05-10,EXPENSE,CASH,False
Reembolso empresarial,343.48,2026-05-10,INCOME,BANK_TRANSFER,False
Aluguel residencial,2350.98,2026-05-10,EXPENSE,PIX,True
Seguro do veiculo,359.72,2026-05-10,EXPENSE,BANK_TRANSFER,True
Cinema e lazer,102.79,2026-05-10,EXPENSE,PIX,False
Farmacia,236.69,2026-05-10,EXPENSE,CREDIT_CARD,False
Academia,110.71,2026-05-10,EXPENSE,DEBIT_CARD,True
Seguro do veiculo,189.27,2026-05-10,EXPENSE,PIX,True
Restaurante,215.89,2026-05-10,EXPENSE,BANK_TRANSFER,False
Farmacia,294.1,2026-05-11,EXPENSE,BOLETO,False
Conta de agua,146.69,2026-05-11,EXPENSE,CREDIT_CARD,True
Veterinario,682.91,2026-05-11,EXPENSE,CREDIT_CARD,False
Pagamento freelance,992.79,2026-05-11,INCOME,PIX,False
Veterinario,558.57,2026-05-11,EXPENSE,CREDIT_CARD,False
Padaria,59.59,2026-05-11,EXPENSE,BOLETO,False
Livraria,84.32,2026-05-11,EXPENSE,BOLETO,False
Combustivel,168.89,2026-05-11,EXPENSE,CREDIT_CARD,False
Veterinario,478.41,2026-05-12,EXPENSE,BANK_TRANSFER,False
Doacao,154.07,2026-05-12,EXPENSE,DEBIT_CARD,False
Padaria,31.48,2026-05-12,EXPENSE,BOLETO,False
Conta de energia,263.34,2026-05-12,EXPENSE,BANK_TRANSFER,True
Combustivel,311.93,2026-05-12,EXPENSE,BOLETO,False
Bonus profissional,2747.75,2026-05-12,INCOME,PIX,False
Restituicao de imposto,1082.65,2026-05-12,INCOME,BANK_TRANSFER,False
Salario mensal,3419.86,2026-05-12,INCOME,PIX,True
Transferencia recebida,1199.89,2026-05-12,INCOME,PIX,False
Delivery de comida,91.68,2026-05-12,EXPENSE,BOLETO,False
Plano de saude,602.0,2026-05-13,EXPENSE,DEBIT_CARD,True
Salario mensal,7225.23,2026-05-13,INCOME,PIX,False
Conta de agua,136.03,2026-05-13,EXPENSE,BANK_TRANSFER,True
Conta de energia,250.9,2026-05-13,EXPENSE,DEBIT_CARD,True
Delivery de comida,147.45,2026-05-13,EXPENSE,PIX,False
Plano de celular,62.54,2026-05-13,EXPENSE,PIX,False
Padaria,44.22,2026-05-13,EXPENSE,CREDIT_CARD,False
Combustivel,254.47,2026-05-13,EXPENSE,PIX,False
Padaria,18.57,2026-05-13,EXPENSE,CREDIT_CARD,False
Internet residencial,89.55,2026-05-13,EXPENSE,DEBIT_CARD,True
Restaurante,111.71,2026-05-13,EXPENSE,CASH,False
Combustivel,260.59,2026-05-13,EXPENSE,CASH,False
Supermercado,393.15,2026-05-13,EXPENSE,CREDIT_CARD,False
Eletronicos,2480.12,2026-05-13,EXPENSE,PIX,False
Impostos e taxas,443.71,2026-05-13,EXPENSE,CREDIT_CARD,False
Reembolso empresarial,474.07,2026-05-13,INCOME,PIX,False
Impostos e taxas,784.6,2026-05-13,EXPENSE,BANK_TRANSFER,False
Streaming,40.89,2026-05-14,EXPENSE,PIX,True
Plano de saude,731.75,2026-05-14,EXPENSE,DEBIT_CARD,True
Bonus profissional,2678.33,2026-05-14,INCOME,BANK_TRANSFER,False
Restaurante,106.29,2026-05-14,EXPENSE,BANK_TRANSFER,False
Pagamento freelance,1999.75,2026-05-14,INCOME,BANK_TRANSFER,False
Plano de celular,80.09,2026-05-14,EXPENSE,PIX,True
Passagem aerea,1338.41,2026-05-14,EXPENSE,BANK_TRANSFER,False
Combustivel,197.67,2026-05-14,EXPENSE,BOLETO,False
Pet shop,246.95,2026-05-14,EXPENSE,BOLETO,False
Restaurante,98.53,2026-05-14,EXPENSE,CREDIT_CARD,False
Aluguel recebido,1822.77,2026-05-14,INCOME,BANK_TRANSFER,True
Supermercado,344.72,2026-05-14,EXPENSE,BANK_TRANSFER,False
Rendimento de investimento,76.39,2026-05-14,INCOME,PIX,True
Aluguel residencial,1752.04,2026-05-14,EXPENSE,DEBIT_CARD,True
Farmacia,107.9,2026-05-14,EXPENSE,BOLETO,False
Seguro do veiculo,243.61,2026-05-15,EXPENSE,CASH,True
Plano de celular,129.82,2026-05-15,EXPENSE,PIX,True
Plano de saude,872.36,2026-05-15,EXPENSE,BANK_TRANSFER,True
Transferencia recebida,1038.22,2026-05-15,INCOME,PIX,False
Internet residencial,148.65,2026-05-15,EXPENSE,DEBIT_CARD,True
Conta de energia,100.92,2026-05-15,EXPENSE,DEBIT_CARD,True
Aplicativo de transporte,37.26,2026-05-15,EXPENSE,PIX,False
Condominio,699.76,2026-05-15,EXPENSE,PIX,True
Cinema e lazer,133.72,2026-05-15,EXPENSE,CREDIT_CARD,False
Estacionamento,28.17,2026-05-15,EXPENSE,CASH,False
Conta de energia,371.62,2026-05-15,EXPENSE,BANK_TRANSFER,False
Salario mensal,6099.08,2026-05-15,INCOME,PIX,True
Pagamento freelance,3254.77,2026-05-15,INCOME,BANK_TRANSFER,False
Passagem aerea,1398.18,2026-05-15,EXPENSE,DEBIT_CARD,False
Livraria,84.16,2026-05-16,EXPENSE,DEBIT_CARD,False
Condominio,261.05,2026-05-16,EXPENSE,CREDIT_CARD,True
Aluguel residencial,1755.67,2026-05-16,EXPENSE,PIX,True
Transferencia recebida,1033.0,2026-05-16,INCOME,PIX,False
Cinema e lazer,124.22,2026-05-16,EXPENSE,BOLETO,False
Passagem aerea,1653.69,2026-05-16,EXPENSE,CASH,False
Transferencia recebida,914.38,2026-05-16,INCOME,BANK_TRANSFER,False
Plano de celular,76.02,2026-05-16,EXPENSE,CREDIT_CARD,True
Padaria,43.14,2026-05-16,EXPENSE,CREDIT_CARD,False
Conta de energia,91.99,2026-05-17,EXPENSE,BANK_TRANSFER,False
Aluguel recebido,2664.31,2026-05-17,INCOME,BANK_TRANSFER,True
Plano de saude,213.8,2026-05-17,EXPENSE,BANK_TRANSFER,True
Academia,102.34,2026-05-17,EXPENSE,BOLETO,False
Rendimento de investimento,187.87,2026-05-17,INCOME,BANK_TRANSFER,False
Impostos e taxas,1371.43,2026-05-17,EXPENSE,CREDIT_CARD,False
Seguro do veiculo,260.42,2026-05-17,EXPENSE,BANK_TRANSFER,True
Estacionamento,15.94,2026-05-17,EXPENSE,CREDIT_CARD,False
Livraria,113.79,2026-05-17,EXPENSE,BOLETO,False
Loja de roupas,258.31,2026-05-18,EXPENSE,CASH,False
Aluguel recebido,2954.27,2026-05-18,INCOME,BANK_TRANSFER,True
Impostos e taxas,980.59,2026-05-18,EXPENSE,CREDIT_CARD,False
Plano de celular,128.73,2026-05-18,EXPENSE,PIX,True
Combustivel,209.6,2026-05-18,EXPENSE,CREDIT_CARD,False
Curso online,324.85,2026-05-18,EXPENSE,CASH,False
Internet residencial,116.51,2026-05-18,EXPENSE,CREDIT_CARD,True
Internet residencial,131.8,2026-05-18,EXPENSE,DEBIT_CARD,True
Pagamento freelance,2918.86,2026-05-18,INCOME,BANK_TRANSFER,False
Rendimento de investimento,420.89,2026-05-18,INCOME,PIX,False
Dividendos,313.68,2026-05-19,INCOME,BANK_TRANSFER,True
Venda de produto,1011.26,2026-05-19,INCOME,PIX,False
Farmacia,228.89,2026-05-19,EXPENSE,CREDIT_CARD,False
Aluguel recebido,2534.16,2026-05-19,INCOME,BANK_TRANSFER,False
Pagamento freelance,2619.04,2026-05-19,INCOME,BANK_TRANSFER,False
Loja de roupas,690.15,2026-05-19,EXPENSE,BANK_TRANSFER,False
Aplicativo de transporte,23.88,2026-05-19,EXPENSE,CASH,False
Salario mensal,9703.61,2026-05-19,INCOME,PIX,True
Internet residencial,111.36,2026-05-19,EXPENSE,BOLETO,True
Loja de roupas,583.32,2026-05-19,EXPENSE,CREDIT_CARD,False
Condominio,564.83,2026-05-19,EXPENSE,CREDIT_CARD,True
Seguro do veiculo,331.07,2026-05-19,EXPENSE,DEBIT_CARD,True
Estacionamento,48.37,2026-05-20,EXPENSE,DEBIT_CARD,False
Livraria,106.49,2026-05-20,EXPENSE,BANK_TRANSFER,False
Streaming,52.35,2026-05-20,EXPENSE,CASH,True
Viagem e hospedagem,1286.18,2026-05-20,EXPENSE,DEBIT_CARD,False
Academia,128.1,2026-05-20,EXPENSE,BANK_TRANSFER,True
Condominio,307.09,2026-05-20,EXPENSE,CREDIT_CARD,True
Doacao,176.3,2026-05-20,EXPENSE,CREDIT_CARD,False
Streaming,58.57,2026-05-20,EXPENSE,PIX,True
Manutencao do veiculo,849.72,2026-05-21,EXPENSE,CREDIT_CARD,False
Loja de roupas,321.68,2026-05-21,EXPENSE,BOLETO,False
Condominio,451.47,2026-05-21,EXPENSE,BOLETO,False
Supermercado,277.37,2026-05-21,EXPENSE,CREDIT_CARD,False
Padaria,14.67,2026-05-21,EXPENSE,DEBIT_CARD,False
Supermercado,141.86,2026-05-21,EXPENSE,BANK_TRANSFER,False
Livraria,59.03,2026-05-21,EXPENSE,PIX,False
Padaria,59.47,2026-05-21,EXPENSE,BANK_TRANSFER,False
Restaurante,131.91,2026-05-21,EXPENSE,PIX,False
Restituicao de imposto,2277.87,2026-05-21,INCOME,PIX,False
Restituicao de imposto,857.54,2026-05-21,INCOME,BANK_TRANSFER,False
Conta de agua,156.43,2026-05-22,EXPENSE,BANK_TRANSFER,True
Streaming,46.56,2026-05-22,EXPENSE,PIX,True
Curso online,264.01,2026-05-22,EXPENSE,CASH,False
Estacionamento,50.08,2026-05-22,EXPENSE,PIX,False
Conta de energia,332.59,2026-05-22,EXPENSE,DEBIT_CARD,True
Conta de energia,417.36,2026-05-22,EXPENSE,BANK_TRANSFER,True
Cinema e lazer,40.21,2026-05-22,EXPENSE,DEBIT_CARD,False
Academia,80.3,2026-05-23,EXPENSE,CASH,True
Farmacia,185.79,2026-05-23,EXPENSE,CASH,False
Streaming,39.59,2026-05-23,EXPENSE,CREDIT_CARD,False
Restituicao de imposto,1912.78,2026-05-23,INCOME,PIX,False
Estacionamento,18.7,2026-05-23,EXPENSE,CASH,False
Bonus profissional,3897.93,2026-05-23,INCOME,PIX,False
Bonus profissional,4190.76,2026-05-23,INCOME,PIX,False
Condominio,349.19,2026-05-23,EXPENSE,PIX,True
Conta de agua,121.9,2026-05-23,EXPENSE,CREDIT_CARD,False
Dividendos,259.24,2026-05-23,INCOME,PIX,True
Aplicativo de transporte,42.01,2026-05-23,EXPENSE,BOLETO,False
Pagamento freelance,3405.56,2026-05-23,INCOME,PIX,False
Dividendos,475.39,2026-05-23,INCOME,PIX,True
Cinema e lazer,84.91,2026-05-23,EXPENSE,DEBIT_CARD,False
Condominio,692.03,2026-05-24,EXPENSE,CASH,True
Viagem e hospedagem,1975.17,2026-05-24,EXPENSE,BOLETO,False
Aplicativo de transporte,23.04,2026-05-24,EXPENSE,BANK_TRANSFER,False
Pagamento freelance,4174.41,2026-05-24,INCOME,BANK_TRANSFER,False
Bonus profissional,2306.21,2026-05-24,INCOME,PIX,False
Transferencia recebida,1638.86,2026-05-25,INCOME,PIX,False
Curso online,337.9,2026-05-25,EXPENSE,BANK_TRANSFER,False
Condominio,650.6,2026-05-25,EXPENSE,CREDIT_CARD,True
Doacao,152.89,2026-05-25,EXPENSE,BANK_TRANSFER,False
Condominio,537.56,2026-05-25,EXPENSE,PIX,True
Salario mensal,5897.08,2026-05-25,INCOME,BANK_TRANSFER,True
Estacionamento,23.7,2026-05-25,EXPENSE,BOLETO,False
Salario mensal,6626.64,2026-05-25,INCOME,BANK_TRANSFER,True
Restituicao de imposto,2203.11,2026-05-25,INCOME,PIX,False
Seguro do veiculo,164.95,2026-05-25,EXPENSE,CASH,True
Plano de celular,131.83,2026-05-25,EXPENSE,DEBIT_CARD,True
Delivery de comida,71.57,2026-05-25,EXPENSE,PIX,False
Manutencao do veiculo,1634.73,2026-05-26,EXPENSE,DEBIT_CARD,False
Doacao,112.8,2026-05-26,EXPENSE,CREDIT_CARD,False
Delivery de comida,157.93,2026-05-26,EXPENSE,CREDIT_CARD,False
Reembolso empresarial,699.4,2026-05-26,INCOME,PIX,False
Passagem aerea,1956.57,2026-05-26,EXPENSE,DEBIT_CARD,False
Reembolso empresarial,459.74,2026-05-26,INCOME,BANK_TRANSFER,False
Eletronicos,2509.93,2026-05-26,EXPENSE,BANK_TRANSFER,False
Seguro do veiculo,341.83,2026-05-26,EXPENSE,PIX,True
Viagem e hospedagem,1925.44,2026-05-26,EXPENSE,BANK_TRANSFER,False
Supermercado,429.61,2026-05-27,EXPENSE,BOLETO,False
Padaria,18.94,2026-05-27,EXPENSE,BOLETO,False
Internet residencial,111.47,2026-05-27,EXPENSE,BOLETO,True
Supermercado,55.37,2026-05-27,EXPENSE,CASH,False
Curso online,222.56,2026-05-27,EXPENSE,DEBIT_CARD,False
Aplicativo de transporte,32.24,2026-05-27,EXPENSE,DEBIT_CARD,False
Aluguel residencial,1953.8,2026-05-27,EXPENSE,CASH,True
Supermercado,203.47,2026-05-27,EXPENSE,BOLETO,False
Reembolso empresarial,779.75,2026-05-27,INCOME,BANK_TRANSFER,False
Aluguel recebido,2648.88,2026-05-27,INCOME,BANK_TRANSFER,True
Rendimento de investimento,312.32,2026-05-27,INCOME,PIX,False
Venda de produto,1261.86,2026-05-27,INCOME,PIX,False
Plano de celular,130.32,2026-05-27,EXPENSE,CREDIT_CARD,True
Dividendos,392.79,2026-05-27,INCOME,BANK_TRANSFER,True
Plano de saude,311.08,2026-05-28,EXPENSE,CASH,True
Viagem e hospedagem,2361.36,2026-05-28,EXPENSE,BOLETO,False
Manutencao do veiculo,916.8,2026-05-28,EXPENSE,DEBIT_CARD,False
Dividendos,300.37,2026-05-28,INCOME,PIX,True
Passagem aerea,2154.32,2026-05-28,EXPENSE,BOLETO,False
Supermercado,131.55,2026-05-28,EXPENSE,DEBIT_CARD,False
Delivery de comida,105.68,2026-05-28,EXPENSE,CREDIT_CARD,False
Aluguel residencial,2774.61,2026-05-28,EXPENSE,BOLETO,True
Eletronicos,1759.83,2026-05-29,EXPENSE,BOLETO,False
Venda de produto,1094.29,2026-05-29,INCOME,BANK_TRANSFER,False
Curso online,493.26,2026-05-29,EXPENSE,PIX,False
Pet shop,282.49,2026-05-29,EXPENSE,CREDIT_CARD,False
Restituicao de imposto,1779.54,2026-05-29,INCOME,BANK_TRANSFER,False
Impostos e taxas,843.39,2026-05-29,EXPENSE,BANK_TRANSFER,False
Delivery de comida,94.18,2026-05-29,EXPENSE,CASH,False
Plano de saude,412.27,2026-05-29,EXPENSE,PIX,True
Aplicativo de transporte,47.96,2026-05-29,EXPENSE,BANK_TRANSFER,False
Viagem e hospedagem,1174.6,2026-05-29,EXPENSE,BANK_TRANSFER,False
Reembolso empresarial,674.43,2026-05-29,INCOME,BANK_TRANSFER,False
Aluguel recebido,1699.16,2026-05-29,INCOME,BANK_TRANSFER,True
Livraria,169.4,2026-05-29,EXPENSE,CASH,False
Aluguel recebido,2163.57,2026-05-29,INCOME,BANK_TRANSFER,False
Veterinario,457.9,2026-05-29,EXPENSE,PIX,False
Delivery de comida,100.0,2026-05-30,EXPENSE,CASH,False
Venda de produto,1012.41,2026-05-30,INCOME,BANK_TRANSFER,False
Plano de celular,90.64,2026-05-30,EXPENSE,PIX,True
Conta de agua,44.98,2026-05-30,EXPENSE,CASH,True
Manutencao do veiculo,1755.91,2026-05-30,EXPENSE,CASH,False
Restaurante,227.56,2026-05-30,EXPENSE,CREDIT_CARD,False
Restituicao de imposto,1392.33,2026-05-30,INCOME,PIX,False
Conta de agua,200.32,2026-05-30,EXPENSE,DEBIT_CARD,True
Rendimento de investimento,366.55,2026-05-30,INCOME,BANK_TRANSFER,True
Aluguel residencial,1257.91,2026-05-30,EXPENSE,CREDIT_CARD,True
Conta de energia,228.49,2026-05-31,EXPENSE,CASH,True
Streaming,47.67,2026-05-31,EXPENSE,CASH,True
Dividendos,387.7,2026-05-31,INCOME,PIX,False
Internet residencial,167.06,2026-05-31,EXPENSE,CASH,False
Livraria,104.37,2026-05-31,EXPENSE,BOLETO,False
Impostos e taxas,1125.55,2026-05-31,EXPENSE,BANK_TRANSFER,False
Livraria,110.04,2026-05-31,EXPENSE,DEBIT_CARD,False
Streaming,48.33,2026-05-31,EXPENSE,PIX,True
Aluguel residencial,3053.74,2026-05-31,EXPENSE,CREDIT_CARD,True
Cinema e lazer,66.13,2026-05-31,EXPENSE,CASH,False
Restaurante,223.05,2026-06-01,EXPENSE,BOLETO,False
Loja de roupas,295.95,2026-06-01,EXPENSE,DEBIT_CARD,False
Salario mensal,8870.15,2026-06-01,INCOME,PIX,True
Conta de energia,344.26,2026-06-01,EXPENSE,BANK_TRANSFER,True
Aluguel recebido,2122.32,2026-06-01,INCOME,PIX,True
Aluguel recebido,3140.69,2026-06-01,INCOME,BANK_TRANSFER,True
Combustivel,215.33,2026-06-01,EXPENSE,BANK_TRANSFER,False
Loja de roupas,373.01,2026-06-01,EXPENSE,CASH,False
Passagem aerea,1364.8,2026-06-01,EXPENSE,PIX,False
Cinema e lazer,156.04,2026-06-01,EXPENSE,BANK_TRANSFER,False
Plano de saude,842.53,2026-06-01,EXPENSE,PIX,True
Cinema e lazer,61.92,2026-06-01,EXPENSE,CREDIT_CARD,False
Dividendos,248.95,2026-06-01,INCOME,BANK_TRANSFER,True
Farmacia,190.06,2026-06-02,EXPENSE,PIX,False
Estacionamento,46.85,2026-06-02,EXPENSE,CREDIT_CARD,False
Eletronicos,2327.76,2026-06-02,EXPENSE,CASH,False
Restituicao de imposto,1329.57,2026-06-02,INCOME,PIX,False
Conta de agua,111.08,2026-06-03,EXPENSE,CASH,True
Rendimento de investimento,544.82,2026-06-03,INCOME,PIX,True
Estacionamento,28.13,2026-06-03,EXPENSE,CASH,False
Livraria,75.23,2026-06-03,EXPENSE,CREDIT_CARD,False
Manutencao do veiculo,1277.47,2026-06-03,EXPENSE,BOLETO,False
Viagem e hospedagem,1830.71,2026-06-03,EXPENSE,PIX,False
Veterinario,422.94,2026-06-03,EXPENSE,BOLETO,False
Internet residencial,177.07,2026-06-03,EXPENSE,CASH,True
Padaria,30.61,2026-06-03,EXPENSE,PIX,False
Conta de energia,224.31,2026-06-03,EXPENSE,DEBIT_CARD,True
Cinema e lazer,99.52,2026-06-03,EXPENSE,BOLETO,False
Passagem aerea,3516.87,2026-06-04,EXPENSE,CASH,False
Viagem e hospedagem,1470.09,2026-06-04,EXPENSE,CREDIT_CARD,False
Restaurante,215.94,2026-06-04,EXPENSE,DEBIT_CARD,False
Aplicativo de transporte,32.17,2026-06-04,EXPENSE,CASH,False
Salario mensal,4204.79,2026-06-04,INCOME,BANK_TRANSFER,True
Supermercado,236.87,2026-06-04,EXPENSE,CREDIT_CARD,False
Academia,151.37,2026-06-04,EXPENSE,DEBIT_CARD,True
Passagem aerea,1204.31,2026-06-04,EXPENSE,BOLETO,False
Transferencia recebida,757.74,2026-06-04,INCOME,BANK_TRANSFER,False
Supermercado,171.78,2026-06-05,EXPENSE,CASH,False
Curso online,342.98,2026-06-05,EXPENSE,DEBIT_CARD,False
Viagem e hospedagem,1207.28,2026-06-05,EXPENSE,PIX,False
Viagem e hospedagem,1431.68,2026-06-05,EXPENSE,CREDIT_CARD,False
Aluguel residencial,2101.56,2026-06-05,EXPENSE,CASH,True
Combustivel,224.1,2026-06-05,EXPENSE,CREDIT_CARD,False
Plano de saude,338.65,2026-06-05,EXPENSE,DEBIT_CARD,True
Seguro do veiculo,185.63,2026-06-05,EXPENSE,CASH,False
Impostos e taxas,1172.36,2026-06-06,EXPENSE,PIX,False
Rendimento de investimento,395.91,2026-06-06,INCOME,BANK_TRANSFER,True
Combustivel,317.44,2026-06-06,EXPENSE,CREDIT_CARD,False
Dividendos,558.66,2026-06-06,INCOME,PIX,True
Combustivel,213.89,2026-06-06,EXPENSE,PIX,False
Livraria,151.1,2026-06-06,EXPENSE,PIX,False
Livraria,36.62,2026-06-06,EXPENSE,BOLETO,False
Plano de saude,549.37,2026-06-06,EXPENSE,BOLETO,True
Estacionamento,42.21,2026-06-06,EXPENSE,BANK_TRANSFER,False
Condominio,859.66,2026-06-06,EXPENSE,PIX,True
Rendimento de investimento,278.01,2026-06-06,INCOME,BANK_TRANSFER,True
Loja de roupas,573.59,2026-06-07,EXPENSE,DEBIT_CARD,False
Loja de roupas,704.01,2026-06-07,EXPENSE,BOLETO,False
Livraria,63.04,2026-06-07,EXPENSE,BOLETO,False
Conta de energia,262.55,2026-06-07,EXPENSE,BANK_TRANSFER,True
Farmacia,48.53,2026-06-07,EXPENSE,BOLETO,False
Pet shop,125.63,2026-06-07,EXPENSE,BOLETO,False
Dividendos,371.44,2026-06-07,INCOME,PIX,True
Estacionamento,46.43,2026-06-07,EXPENSE,BOLETO,False
Conta de agua,111.55,2026-06-07,EXPENSE,BANK_TRANSFER,True
Cinema e lazer,155.61,2026-06-07,EXPENSE,DEBIT_CARD,False
Rendimento de investimento,398.0,2026-06-07,INCOME,PIX,True
Conta de agua,64.44,2026-06-07,EXPENSE,CASH,True
Delivery de comida,81.56,2026-06-07,EXPENSE,PIX,False
Delivery de comida,59.08,2026-06-07,EXPENSE,CREDIT_CARD,False
Viagem e hospedagem,2858.83,2026-06-07,EXPENSE,BOLETO,False
Aplicativo de transporte,26.08,2026-06-07,EXPENSE,CASH,False
Restituicao de imposto,1744.77,2026-06-07,INCOME,BANK_TRANSFER,False
Delivery de comida,116.73,2026-06-08,EXPENSE,BOLETO,False
Aluguel recebido,2367.36,2026-06-08,INCOME,BANK_TRANSFER,True
Streaming,27.68,2026-06-08,EXPENSE,BANK_TRANSFER,True
Cinema e lazer,87.83,2026-06-08,EXPENSE,BANK_TRANSFER,False
Conta de energia,160.23,2026-06-08,EXPENSE,CASH,True
Delivery de comida,60.8,2026-06-08,EXPENSE,PIX,False
Dividendos,449.68,2026-06-08,INCOME,PIX,True
Impostos e taxas,1234.08,2026-06-09,EXPENSE,CASH,False
Plano de saude,482.2,2026-06-09,EXPENSE,PIX,True
Transferencia recebida,1370.68,2026-06-09,INCOME,PIX,False
Transferencia recebida,1075.36,2026-06-09,INCOME,PIX,False
Transferencia recebida,1030.87,2026-06-09,INCOME,PIX,False
Supermercado,174.09,2026-06-09,EXPENSE,CASH,False
Pet shop,92.85,2026-06-09,EXPENSE,CREDIT_CARD,False
Impostos e taxas,838.19,2026-06-09,EXPENSE,CASH,False
Padaria,60.23,2026-06-09,EXPENSE,BOLETO,False
Combustivel,109.42,2026-06-09,EXPENSE,PIX,False
Combustivel,165.77,2026-06-09,EXPENSE,BANK_TRANSFER,False
Supermercado,449.93,2026-06-09,EXPENSE,DEBIT_CARD,False
Passagem aerea,996.94,2026-06-09,EXPENSE,PIX,False
Doacao,51.6,2026-06-09,EXPENSE,DEBIT_CARD,False
Combustivel,155.62,2026-06-09,EXPENSE,CREDIT_CARD,False
Curso online,564.4,2026-06-09,EXPENSE,CASH,False
Cinema e lazer,72.48,2026-06-09,EXPENSE,BOLETO,False
Doacao,307.44,2026-06-09,EXPENSE,BANK_TRANSFER,False
Farmacia,34.49,2026-06-10,EXPENSE,PIX,False
Loja de roupas,109.2,2026-06-10,EXPENSE,DEBIT_CARD,False
Supermercado,311.04,2026-06-10,EXPENSE,PIX,False
Streaming,30.19,2026-06-10,EXPENSE,DEBIT_CARD,True
Streaming,61.62,2026-06-10,EXPENSE,CREDIT_CARD,True
Restaurante,133.57,2026-06-10,EXPENSE,BANK_TRANSFER,False
Internet residencial,80.51,2026-06-10,EXPENSE,PIX,False
Academia,140.92,2026-06-10,EXPENSE,BOLETO,False
Delivery de comida,104.25,2026-06-10,EXPENSE,BOLETO,False
Livraria,251.16,2026-06-10,EXPENSE,PIX,False
Manutencao do veiculo,198.68,2026-06-10,EXPENSE,CREDIT_CARD,False
Conta de energia,268.91,2026-06-10,EXPENSE,CREDIT_CARD,True
Supermercado,87.29,2026-06-10,EXPENSE,PIX,False
Veterinario,430.12,2026-06-10,EXPENSE,CREDIT_CARD,False
Bonus profissional,3484.33,2026-06-10,INCOME,PIX,False
Passagem aerea,438.91,2026-06-10,EXPENSE,BANK_TRANSFER,False
Passagem aerea,661.9,2026-06-10,EXPENSE,CASH,False
Salario mensal,10635.78,2026-06-10,INCOME,PIX,True
Eletronicos,2867.82,2026-06-10,EXPENSE,DEBIT_CARD,False
Doacao,112.49,2026-06-10,EXPENSE,PIX,False
Restituicao de imposto,1548.65,2026-06-10,INCOME,PIX,False
Internet residencial,113.7,2026-06-10,EXPENSE,BOLETO,True
Internet residencial,179.08,2026-06-10,EXPENSE,BOLETO,True
Padaria,30.35,2026-06-11,EXPENSE,PIX,False
Combustivel,307.69,2026-06-11,EXPENSE,BOLETO,False
Cinema e lazer,93.38,2026-06-11,EXPENSE,PIX,False
Condominio,804.78,2026-06-11,EXPENSE,BOLETO,True
Venda de produto,1174.19,2026-06-11,INCOME,PIX,False
Pet shop,178.37,2026-06-11,EXPENSE,CREDIT_CARD,False
Venda de produto,865.04,2026-06-11,INCOME,PIX,False
Conta de energia,295.37,2026-06-11,EXPENSE,CREDIT_CARD,True
Streaming,26.47,2026-06-11,EXPENSE,PIX,True
Veterinario,508.75,2026-06-12,EXPENSE,DEBIT_CARD,False
Delivery de comida,67.71,2026-06-12,EXPENSE,CREDIT_CARD,False
Passagem aerea,1842.09,2026-06-12,EXPENSE,CASH,False
Livraria,145.12,2026-06-12,EXPENSE,CREDIT_CARD,False
Aluguel residencial,2155.09,2026-06-12,EXPENSE,CREDIT_CARD,True
Livraria,61.64,2026-06-12,EXPENSE,DEBIT_CARD,False
Farmacia,192.22,2026-06-12,EXPENSE,PIX,False
Bonus profissional,4761.15,2026-06-12,INCOME,BANK_TRANSFER,False
Restituicao de imposto,1778.95,2026-06-12,INCOME,BANK_TRANSFER,False
Doacao,151.3,2026-06-12,EXPENSE,CREDIT_CARD,False
Plano de celular,99.84,2026-06-12,EXPENSE,CREDIT_CARD,True
Estacionamento,55.69,2026-06-12,EXPENSE,CREDIT_CARD,False
Streaming,50.65,2026-06-12,EXPENSE,PIX,False
Cinema e lazer,167.6,2026-06-12,EXPENSE,BANK_TRANSFER,False
Aplicativo de transporte,57.75,2026-06-12,EXPENSE,BANK_TRANSFER,False
Aplicativo de transporte,35.25,2026-06-12,EXPENSE,CREDIT_CARD,False
Restaurante,217.63,2026-06-12,EXPENSE,BOLETO,False
Padaria,41.46,2026-06-12,EXPENSE,DEBIT_CARD,False
Eletronicos,1713.68,2026-06-13,EXPENSE,PIX,False
Loja de roupas,675.86,2026-06-13,EXPENSE,BOLETO,False
Restaurante,86.3,2026-06-13,EXPENSE,PIX,False
Veterinario,461.2,2026-06-13,EXPENSE,CASH,False
Veterinario,485.93,2026-06-13,EXPENSE,CREDIT_CARD,False
Reembolso empresarial,180.38,2026-06-13,INCOME,BANK_TRANSFER,False
Venda de produto,1151.85,2026-06-13,INCOME,BANK_TRANSFER,False
Curso online,342.57,2026-06-13,EXPENSE,BOLETO,False
Pagamento freelance,3848.02,2026-06-13,INCOME,PIX,False
Plano de saude,367.5,2026-06-13,EXPENSE,CREDIT_CARD,False
Padaria,30.59,2026-06-13,EXPENSE,CASH,False
Manutencao do veiculo,318.44,2026-06-13,EXPENSE,PIX,False
Academia,150.16,2026-06-14,EXPENSE,DEBIT_CARD,True
Restituicao de imposto,1811.44,2026-06-14,INCOME,BANK_TRANSFER,False
Bonus profissional,3933.0,2026-06-14,INCOME,BANK_TRANSFER,False
Curso online,137.94,2026-06-14,EXPENSE,CREDIT_CARD,False
Padaria,49.95,2026-06-14,EXPENSE,BOLETO,False
Streaming,24.03,2026-06-14,EXPENSE,BANK_TRANSFER,True
Eletronicos,2618.14,2026-06-14,EXPENSE,CASH,False
Aplicativo de transporte,53.22,2026-06-14,EXPENSE,CREDIT_CARD,False
Aluguel recebido,3170.16,2026-06-14,INCOME,BANK_TRANSFER,True
Viagem e hospedagem,1841.37,2026-06-14,EXPENSE,PIX,False
Veterinario,280.66,2026-06-14,EXPENSE,BANK_TRANSFER,False
Pagamento freelance,2886.28,2026-06-14,INCOME,PIX,False
Conta de agua,47.53,2026-06-14,EXPENSE,BANK_TRANSFER,True
Academia,111.87,2026-06-14,EXPENSE,CASH,True
Internet residencial,112.61,2026-06-14,EXPENSE,PIX,True
Cinema e lazer,37.47,2026-06-14,EXPENSE,BOLETO,False
Impostos e taxas,804.79,2026-06-14,EXPENSE,BOLETO,False
Rendimento de investimento,315.21,2026-06-15,INCOME,PIX,True
Aplicativo de transporte,68.33,2026-06-15,EXPENSE,BOLETO,False
Pet shop,121.59,2026-06-15,EXPENSE,PIX,False
Aluguel residencial,2420.21,2026-06-15,EXPENSE,BOLETO,False
Restituicao de imposto,2415.96,2026-06-15,INCOME,BANK_TRANSFER,False
Eletronicos,1236.42,2026-06-15,EXPENSE,CASH,False
Reembolso empresarial,551.02,2026-06-15,INCOME,BANK_TRANSFER,False
Plano de celular,117.4,2026-06-15,EXPENSE,DEBIT_CARD,True
Padaria,51.98,2026-06-15,EXPENSE,BANK_TRANSFER,False
Transferencia recebida,1435.04,2026-06-16,INCOME,BANK_TRANSFER,False
Bonus profissional,2245.27,2026-06-16,INCOME,BANK_TRANSFER,False
Transferencia recebida,532.53,2026-06-16,INCOME,BANK_TRANSFER,False
Pet shop,242.93,2026-06-16,EXPENSE,CASH,False
Reembolso empresarial,641.1,2026-06-16,INCOME,BANK_TRANSFER,False
Viagem e hospedagem,1604.29,2026-06-16,EXPENSE,CASH,False
Academia,207.22,2026-06-16,EXPENSE,PIX,True
Academia,132.84,2026-06-16,EXPENSE,DEBIT_CARD,True
Restaurante,130.92,2026-06-16,EXPENSE,PIX,False
Aluguel residencial,2573.72,2026-06-16,EXPENSE,PIX,True
Farmacia,175.62,2026-06-16,EXPENSE,CREDIT_CARD,False
Transferencia recebida,1295.42,2026-06-16,INCOME,PIX,False
Plano de saude,436.25,2026-06-17,EXPENSE,BOLETO,False
Manutencao do veiculo,866.83,2026-06-17,EXPENSE,CREDIT_CARD,False
Supermercado,408.03,2026-06-17,EXPENSE,CASH,False
Dividendos,337.37,2026-06-17,INCOME,PIX,True
Pet shop,119.82,2026-06-17,EXPENSE,BANK_TRANSFER,False
Doacao,146.72,2026-06-17,EXPENSE,CASH,False
Viagem e hospedagem,1760.0,2026-06-17,EXPENSE,PIX,False
Salario mensal,6202.22,2026-06-17,INCOME,BANK_TRANSFER,True
Condominio,350.07,2026-06-17,EXPENSE,BANK_TRANSFER,False
Livraria,51.34,2026-06-17,EXPENSE,CREDIT_CARD,False
Internet residencial,99.53,2026-06-17,EXPENSE,CREDIT_CARD,True
Salario mensal,8706.03,2026-06-17,INCOME,PIX,True
Plano de celular,74.84,2026-06-18,EXPENSE,BOLETO,True
Dividendos,182.02,2026-06-18,INCOME,PIX,False
Pet shop,53.37,2026-06-18,EXPENSE,CASH,False
Aplicativo de transporte,41.24,2026-06-18,EXPENSE,BANK_TRANSFER,False
Padaria,43.04,2026-06-18,EXPENSE,BANK_TRANSFER,False
Reembolso empresarial,608.51,2026-06-18,INCOME,BANK_TRANSFER,False
Curso online,389.44,2026-06-18,EXPENSE,PIX,False
Dividendos,414.43,2026-06-18,INCOME,PIX,True
Internet residencial,145.98,2026-06-19,EXPENSE,DEBIT_CARD,True
Pagamento freelance,3872.09,2026-06-19,INCOME,BANK_TRANSFER,False
Conta de energia,157.5,2026-06-19,EXPENSE,BOLETO,True
Venda de produto,1156.62,2026-06-19,INCOME,BANK_TRANSFER,False
Bonus profissional,4088.62,2026-06-19,INCOME,BANK_TRANSFER,False
Impostos e taxas,150.02,2026-06-19,EXPENSE,PIX,False
Plano de celular,101.44,2026-06-19,EXPENSE,BOLETO,False
Pet shop,299.86,2026-06-19,EXPENSE,BANK_TRANSFER,False
Pet shop,333.37,2026-06-20,EXPENSE,CREDIT_CARD,False
Aluguel residencial,1484.36,2026-06-20,EXPENSE,PIX,True
Curso online,254.5,2026-06-20,EXPENSE,CREDIT_CARD,False
Delivery de comida,74.34,2026-06-20,EXPENSE,BANK_TRANSFER,False
Streaming,52.24,2026-06-20,EXPENSE,BANK_TRANSFER,True
Salario mensal,9465.63,2026-06-20,INCOME,PIX,True
Transferencia recebida,1578.7,2026-06-20,INCOME,PIX,False
Rendimento de investimento,497.03,2026-06-20,INCOME,BANK_TRANSFER,True
Venda de produto,190.63,2026-06-20,INCOME,BANK_TRANSFER,False
Impostos e taxas,91.28,2026-06-20,EXPENSE,BANK_TRANSFER,False
Doacao,183.14,2026-06-20,EXPENSE,DEBIT_CARD,False
Rendimento de investimento,327.42,2026-06-20,INCOME,PIX,True
Impostos e taxas,1289.14,2026-06-20,EXPENSE,DEBIT_CARD,False
Internet residencial,140.28,2026-06-20,EXPENSE,CASH,True
Seguro do veiculo,158.97,2026-06-20,EXPENSE,CREDIT_CARD,True
Academia,176.33,2026-06-20,EXPENSE,CREDIT_CARD,True
Pagamento freelance,2612.14,2026-06-20,INCOME,PIX,False
Loja de roupas,381.59,2026-06-20,EXPENSE,CREDIT_CARD,False
Doacao,88.34,2026-06-20,EXPENSE,CASH,False
Seguro do veiculo,180.41,2026-06-21,EXPENSE,CREDIT_CARD,True
Loja de roupas,538.36,2026-06-21,EXPENSE,BANK_TRANSFER,False
Reembolso empresarial,670.75,2026-06-21,INCOME,BANK_TRANSFER,False
Impostos e taxas,451.83,2026-06-21,EXPENSE,CREDIT_CARD,False
Plano de celular,113.06,2026-06-21,EXPENSE,PIX,True
Supermercado,148.27,2026-06-21,EXPENSE,BANK_TRANSFER,False
Plano de saude,634.11,2026-06-21,EXPENSE,DEBIT_CARD,False
Bonus profissional,2509.74,2026-06-21,INCOME,PIX,False
Seguro do veiculo,469.8,2026-06-22,EXPENSE,CREDIT_CARD,True
Estacionamento,19.85,2026-06-22,EXPENSE,PIX,False
Aluguel residencial,1527.92,2026-06-22,EXPENSE,CREDIT_CARD,True
Estacionamento,28.73,2026-06-22,EXPENSE,CASH,False
Internet residencial,137.88,2026-06-22,EXPENSE,CASH,False
Plano de celular,66.46,2026-06-23,EXPENSE,BOLETO,False
Manutencao do veiculo,588.95,2026-06-23,EXPENSE,CREDIT_CARD,False
Plano de saude,538.73,2026-06-23,EXPENSE,DEBIT_CARD,True
Seguro do veiculo,283.43,2026-06-23,EXPENSE,DEBIT_CARD,True
Pagamento freelance,2373.16,2026-06-23,INCOME,PIX,False
Seguro do veiculo,400.78,2026-06-23,EXPENSE,BANK_TRANSFER,True
Curso online,156.27,2026-06-23,EXPENSE,CREDIT_CARD,False
Aplicativo de transporte,37.42,2026-06-23,EXPENSE,CASH,False
Salario mensal,7895.89,2026-06-23,INCOME,BANK_TRANSFER,True
Salario mensal,4769.15,2026-06-24,INCOME,PIX,True
Academia,168.54,2026-06-24,EXPENSE,BANK_TRANSFER,True
Restituicao de imposto,2155.88,2026-06-24,INCOME,PIX,False
Pagamento freelance,2021.12,2026-06-24,INCOME,PIX,False
Reembolso empresarial,250.96,2026-06-24,INCOME,BANK_TRANSFER,False
Conta de agua,159.24,2026-06-24,EXPENSE,CREDIT_CARD,True
Conta de agua,114.53,2026-06-24,EXPENSE,PIX,True
Veterinario,288.58,2026-06-24,EXPENSE,BOLETO,False
Eletronicos,2415.12,2026-06-24,EXPENSE,CASH,False
Aluguel recebido,1870.4,2026-06-24,INCOME,PIX,False
Restaurante,206.82,2026-06-24,EXPENSE,CREDIT_CARD,False
Supermercado,609.64,2026-06-25,EXPENSE,CREDIT_CARD,False
Eletronicos,352.71,2026-06-25,EXPENSE,DEBIT_CARD,False
Eletronicos,3602.94,2026-06-25,EXPENSE,CREDIT_CARD,False
Padaria,36.88,2026-06-25,EXPENSE,BOLETO,False
Streaming,46.65,2026-06-25,EXPENSE,CREDIT_CARD,True
Plano de saude,513.53,2026-06-25,EXPENSE,BOLETO,True
Impostos e taxas,998.42,2026-06-25,EXPENSE,CREDIT_CARD,False
Condominio,496.88,2026-06-25,EXPENSE,CASH,False
Conta de energia,384.69,2026-06-25,EXPENSE,CREDIT_CARD,False
Plano de celular,113.29,2026-06-25,EXPENSE,CASH,True
Estacionamento,44.03,2026-06-26,EXPENSE,BANK_TRANSFER,False
Livraria,97.0,2026-06-26,EXPENSE,BOLETO,False
Doacao,142.06,2026-06-26,EXPENSE,CASH,False
Reembolso empresarial,637.13,2026-06-26,INCOME,BANK_TRANSFER,False
Dividendos,380.18,2026-06-26,INCOME,PIX,True
Aluguel residencial,3222.47,2026-06-26,EXPENSE,BOLETO,True
Veterinario,200.02,2026-06-26,EXPENSE,BANK_TRANSFER,False
Plano de celular,62.14,2026-06-27,EXPENSE,BOLETO,False
Viagem e hospedagem,2764.72,2026-06-27,EXPENSE,BOLETO,False
Manutencao do veiculo,1567.47,2026-06-27,EXPENSE,CREDIT_CARD,False
Delivery de comida,123.86,2026-06-27,EXPENSE,DEBIT_CARD,False
Farmacia,163.93,2026-06-27,EXPENSE,PIX,False
Rendimento de investimento,562.02,2026-06-27,INCOME,PIX,True
Conta de agua,138.88,2026-06-27,EXPENSE,DEBIT_CARD,True
Condominio,340.03,2026-06-28,EXPENSE,PIX,True
Passagem aerea,1179.32,2026-06-28,EXPENSE,CASH,False
Estacionamento,34.54,2026-06-28,EXPENSE,CREDIT_CARD,False
Pagamento freelance,3962.28,2026-06-28,INCOME,PIX,False
Restaurante,102.73,2026-06-28,EXPENSE,PIX,False
Delivery de comida,92.43,2026-06-28,EXPENSE,BANK_TRANSFER,False
Curso online,220.95,2026-06-28,EXPENSE,DEBIT_CARD,False
Conta de energia,511.67,2026-06-28,EXPENSE,BANK_TRANSFER,True
Conta de agua,49.04,2026-06-28,EXPENSE,BANK_TRANSFER,True
Condominio,642.19,2026-06-28,EXPENSE,PIX,True
Academia,88.47,2026-06-28,EXPENSE,BANK_TRANSFER,True
Manutencao do veiculo,579.06,2026-06-28,EXPENSE,BANK_TRANSFER,False
Padaria,66.36,2026-06-28,EXPENSE,BANK_TRANSFER,False
Conta de agua,150.41,2026-06-29,EXPENSE,CREDIT_CARD,True
Condominio,792.86,2026-06-29,EXPENSE,CASH,True
Aluguel residencial,2417.58,2026-06-29,EXPENSE,CASH,False
Plano de celular,158.39,2026-06-29,EXPENSE,DEBIT_CARD,True
Condominio,1071.55,2026-06-29,EXPENSE,BANK_TRANSFER,False
Venda de produto,805.67,2026-06-29,INCOME,BANK_TRANSFER,False
Aluguel residencial,2005.42,2026-06-29,EXPENSE,CREDIT_CARD,True
Pet shop,171.5,2026-06-29,EXPENSE,CASH,False
Venda de produto,1283.81,2026-06-29,INCOME,PIX,False
Academia,175.05,2026-06-30,EXPENSE,DEBIT_CARD,True
Seguro do veiculo,207.7,2026-06-30,EXPENSE,BANK_TRANSFER,True
Farmacia,266.25,2026-06-30,EXPENSE,BANK_TRANSFER,False
Aluguel recebido,1693.93,2026-06-30,INCOME,PIX,True
Aluguel recebido,1790.88,2026-06-30,INCOME,PIX,True
Manutencao do veiculo,767.01,2026-06-30,EXPENSE,BANK_TRANSFER,False
Veterinario,358.7,2026-06-30,EXPENSE,CASH,False
Aplicativo de transporte,46.5,2026-06-30,EXPENSE,BOLETO,False
Aluguel recebido,1805.53,2026-07-01,INCOME,PIX,True
Internet residencial,96.99,2026-07-01,EXPENSE,CASH,True
Estacionamento,52.24,2026-07-01,EXPENSE,DEBIT_CARD,False
Reembolso empresarial,468.02,2026-07-01,INCOME,PIX,False
Transferencia recebida,707.2,2026-07-01,INCOME,BANK_TRANSFER,False
Condominio,1020.21,2026-07-01,EXPENSE,DEBIT_CARD,False
Curso online,280.83,2026-07-01,EXPENSE,DEBIT_CARD,False
Conta de agua,138.97,2026-07-01,EXPENSE,BANK_TRANSFER,False
Salario mensal,9113.96,2026-07-01,INCOME,BANK_TRANSFER,True
Aluguel recebido,2138.32,2026-07-01,INCOME,PIX,True
Restaurante,85.78,2026-07-01,EXPENSE,CREDIT_CARD,False
Restituicao de imposto,1837.95,2026-07-01,INCOME,PIX,False
Dividendos,319.25,2026-07-01,INCOME,BANK_TRANSFER,True
Conta de energia,302.53,2026-07-01,EXPENSE,BANK_TRANSFER,True
Conta de energia,525.22,2026-07-01,EXPENSE,BANK_TRANSFER,True
Combustivel,149.92,2026-07-01,EXPENSE,CREDIT_CARD,False
Combustivel,302.9,2026-07-01,EXPENSE,CASH,False
Viagem e hospedagem,2570.49,2026-07-01,EXPENSE,BANK_TRANSFER,False
Aluguel residencial,2198.2,2026-07-01,EXPENSE,DEBIT_CARD,True
Plano de celular,79.44,2026-07-01,EXPENSE,DEBIT_CARD,True
Condominio,654.69,2026-07-02,EXPENSE,CREDIT_CARD,False
Loja de roupas,86.15,2026-07-02,EXPENSE,BOLETO,False
Bonus profissional,2194.71,2026-07-02,INCOME,BANK_TRANSFER,False
Aluguel residencial,2703.71,2026-07-02,EXPENSE,CREDIT_CARD,False
Impostos e taxas,1446.84,2026-07-02,EXPENSE,PIX,False
Delivery de comida,124.61,2026-07-02,EXPENSE,CREDIT_CARD,False
Curso online,515.75,2026-07-03,EXPENSE,PIX,False
Aluguel recebido,2233.25,2026-07-03,INCOME,BANK_TRANSFER,True
Impostos e taxas,632.86,2026-07-03,EXPENSE,PIX,False
Restituicao de imposto,1723.94,2026-07-03,INCOME,BANK_TRANSFER,False
Internet residencial,99.44,2026-07-03,EXPENSE,CASH,True
Estacionamento,19.35,2026-07-03,EXPENSE,CASH,False
Conta de agua,111.61,2026-07-03,EXPENSE,BOLETO,False
Supermercado,204.54,2026-07-03,EXPENSE,CREDIT_CARD,False
Academia,200.98,2026-07-04,EXPENSE,CREDIT_CARD,True
Dividendos,525.87,2026-07-04,INCOME,PIX,True
Doacao,370.63,2026-07-04,EXPENSE,DEBIT_CARD,False
Venda de produto,1723.63,2026-07-04,INCOME,PIX,False
Manutencao do veiculo,960.3,2026-07-04,EXPENSE,CASH,False
Passagem aerea,906.62,2026-07-04,EXPENSE,BOLETO,False
Streaming,58.48,2026-07-04,EXPENSE,BOLETO,True
Estacionamento,18.51,2026-07-04,EXPENSE,DEBIT_CARD,False
Aplicativo de transporte,73.66,2026-07-04,EXPENSE,BOLETO,False
Cinema e lazer,104.1,2026-07-05,EXPENSE,CREDIT_CARD,False
Delivery de comida,50.02,2026-07-05,EXPENSE,CREDIT_CARD,False
Passagem aerea,1622.35,2026-07-05,EXPENSE,DEBIT_CARD,False
Restituicao de imposto,1963.07,2026-07-05,INCOME,BANK_TRANSFER,False
Viagem e hospedagem,968.66,2026-07-05,EXPENSE,CASH,False
Veterinario,378.69,2026-07-05,EXPENSE,CREDIT_CARD,False
Doacao,343.71,2026-07-05,EXPENSE,CASH,False
Cinema e lazer,93.47,2026-07-05,EXPENSE,CASH,False
Veterinario,129.01,2026-07-05,EXPENSE,BOLETO,False
Venda de produto,646.57,2026-07-05,INCOME,BANK_TRANSFER,False
Salario mensal,8660.03,2026-07-05,INCOME,PIX,False
Conta de energia,106.68,2026-07-05,EXPENSE,BANK_TRANSFER,False
Seguro do veiculo,183.04,2026-07-06,EXPENSE,CASH,True
Plano de saude,637.89,2026-07-06,EXPENSE,PIX,True
Plano de celular,61.7,2026-07-06,EXPENSE,BOLETO,True
Livraria,87.65,2026-07-06,EXPENSE,BANK_TRANSFER,False
Restaurante,85.12,2026-07-06,EXPENSE,PIX,False
Manutencao do veiculo,804.81,2026-07-06,EXPENSE,BANK_TRANSFER,False
Plano de saude,779.96,2026-07-07,EXPENSE,CREDIT_CARD,False
Aluguel residencial,3333.2,2026-07-07,EXPENSE,DEBIT_CARD,True
Supermercado,79.73,2026-07-07,EXPENSE,CREDIT_CARD,False
Doacao,136.77,2026-07-07,EXPENSE,BANK_TRANSFER,False
Condominio,907.96,2026-07-07,EXPENSE,BANK_TRANSFER,True
Rendimento de investimento,350.05,2026-07-07,INCOME,PIX,True
Pagamento freelance,3653.98,2026-07-07,INCOME,PIX,False
Cinema e lazer,74.39,2026-07-07,EXPENSE,BANK_TRANSFER,False
Viagem e hospedagem,1838.5,2026-07-07,EXPENSE,PIX,False
Venda de produto,1317.22,2026-07-07,INCOME,BANK_TRANSFER,False
Curso online,304.75,2026-07-07,EXPENSE,PIX,False
Livraria,56.58,2026-07-08,EXPENSE,PIX,False
Supermercado,383.57,2026-07-08,EXPENSE,PIX,False
Doacao,133.7,2026-07-08,EXPENSE,CASH,False
Transferencia recebida,1240.86,2026-07-08,INCOME,PIX,False
Streaming,52.86,2026-07-08,EXPENSE,DEBIT_CARD,True
Transferencia recebida,1069.02,2026-07-08,INCOME,BANK_TRANSFER,False
Aluguel recebido,2081.31,2026-07-08,INCOME,BANK_TRANSFER,True
Internet residencial,116.65,2026-07-08,EXPENSE,BOLETO,True
Combustivel,173.89,2026-07-08,EXPENSE,BANK_TRANSFER,False
Veterinario,431.11,2026-07-08,EXPENSE,PIX,False
Livraria,134.17,2026-07-08,EXPENSE,CASH,False
Passagem aerea,1235.82,2026-07-08,EXPENSE,BANK_TRANSFER,False
Curso online,347.64,2026-07-08,EXPENSE,PIX,False
Restaurante,170.93,2026-07-08,EXPENSE,CASH,False
Pet shop,144.91,2026-07-08,EXPENSE,BOLETO,False
Academia,109.81,2026-07-08,EXPENSE,CASH,True
Padaria,28.61,2026-07-09,EXPENSE,BANK_TRANSFER,False
Delivery de comida,144.71,2026-07-09,EXPENSE,PIX,False
Restituicao de imposto,1650.25,2026-07-09,INCOME,BANK_TRANSFER,False
Passagem aerea,3198.47,2026-07-09,EXPENSE,DEBIT_CARD,False
Padaria,56.2,2026-07-09,EXPENSE,CASH,False
Conta de agua,170.42,2026-07-09,EXPENSE,CREDIT_CARD,True
Bonus profissional,1234.8,2026-07-09,INCOME,PIX,False
Farmacia,141.13,2026-07-09,EXPENSE,DEBIT_CARD,False
Eletronicos,1403.95,2026-07-09,EXPENSE,CASH,False
Seguro do veiculo,211.24,2026-07-09,EXPENSE,DEBIT_CARD,True
Padaria,60.43,2026-07-09,EXPENSE,PIX,False
Venda de produto,1354.4,2026-07-10,INCOME,BANK_TRANSFER,False
Pagamento freelance,2929.48,2026-07-10,INCOME,PIX,False
Plano de saude,797.2,2026-07-10,EXPENSE,DEBIT_CARD,True
Livraria,216.16,2026-07-10,EXPENSE,PIX,False
Viagem e hospedagem,992.71,2026-07-10,EXPENSE,CASH,False
Streaming,35.75,2026-07-11,EXPENSE,BOLETO,True
Loja de roupas,266.71,2026-07-11,EXPENSE,BANK_TRANSFER,False
Passagem aerea,2134.41,2026-07-11,EXPENSE,DEBIT_CARD,False
Farmacia,136.25,2026-07-11,EXPENSE,PIX,False
Conta de energia,270.35,2026-07-11,EXPENSE,CASH,True
Eletronicos,1209.22,2026-07-11,EXPENSE,CASH,False
Impostos e taxas,1531.21,2026-07-11,EXPENSE,PIX,False
Estacionamento,30.15,2026-07-11,EXPENSE,CREDIT_CARD,False
Salario mensal,11577.66,2026-07-11,INCOME,PIX,True
Plano de saude,1085.3,2026-07-11,EXPENSE,DEBIT_CARD,True
Plano de celular,78.11,2026-07-11,EXPENSE,PIX,True
Academia,164.62,2026-07-12,EXPENSE,BANK_TRANSFER,True
Eletronicos,2337.57,2026-07-12,EXPENSE,BANK_TRANSFER,False
Academia,151.79,2026-07-12,EXPENSE,PIX,True
Farmacia,97.3,2026-07-12,EXPENSE,BOLETO,False
Farmacia,57.59,2026-07-12,EXPENSE,BANK_TRANSFER,False
Pagamento freelance,2022.37,2026-07-12,INCOME,BANK_TRANSFER,False
Condominio,418.13,2026-07-12,EXPENSE,CASH,False
Doacao,176.16,2026-07-12,EXPENSE,CASH,False
Internet residencial,154.46,2026-07-12,EXPENSE,PIX,True
Seguro do veiculo,190.36,2026-07-12,EXPENSE,CREDIT_CARD,False
Aplicativo de transporte,28.02,2026-07-12,EXPENSE,DEBIT_CARD,False
Transferencia recebida,1018.29,2026-07-12,INCOME,BANK_TRANSFER,False
Estacionamento,31.47,2026-07-12,EXPENSE,BANK_TRANSFER,False
Loja de roupas,239.67,2026-07-12,EXPENSE,CREDIT_CARD,False
Rendimento de investimento,475.54,2026-07-12,INCOME,PIX,False
Pet shop,203.31,2026-07-13,EXPENSE,DEBIT_CARD,False
Pet shop,236.53,2026-07-13,EXPENSE,CASH,False
Farmacia,158.18,2026-07-13,EXPENSE,BOLETO,False
Supermercado,561.66,2026-07-13,EXPENSE,BANK_TRANSFER,False
Dividendos,538.62,2026-07-13,INCOME,PIX,True
Rendimento de investimento,511.64,2026-07-13,INCOME,BANK_TRANSFER,True
Combustivel,134.32,2026-07-13,EXPENSE,CREDIT_CARD,False
Aluguel residencial,1971.72,2026-07-13,EXPENSE,DEBIT_CARD,True
Aplicativo de transporte,53.08,2026-07-13,EXPENSE,PIX,False
Manutencao do veiculo,865.19,2026-07-13,EXPENSE,BANK_TRANSFER,False
Manutencao do veiculo,216.28,2026-07-13,EXPENSE,BOLETO,False
Impostos e taxas,1344.25,2026-07-13,EXPENSE,DEBIT_CARD,False
Reembolso empresarial,592.97,2026-07-13,INCOME,BANK_TRANSFER,False
Reembolso empresarial,267.42,2026-07-13,INCOME,BANK_TRANSFER,False
Streaming,58.25,2026-07-13,EXPENSE,BANK_TRANSFER,True
Livraria,62.73,2026-07-14,EXPENSE,PIX,False
Padaria,25.26,2026-07-14,EXPENSE,CREDIT_CARD,False
Supermercado,459.42,2026-07-14,EXPENSE,PIX,False
Pet shop,313.34,2026-07-14,EXPENSE,CREDIT_CARD,False
Seguro do veiculo,317.2,2026-07-14,EXPENSE,DEBIT_CARD,True
Academia,137.97,2026-07-14,EXPENSE,DEBIT_CARD,False
Loja de roupas,384.98,2026-07-14,EXPENSE,CREDIT_CARD,False
Conta de agua,151.59,2026-07-14,EXPENSE,CREDIT_CARD,True
Restaurante,184.51,2026-07-14,EXPENSE,CREDIT_CARD,False
Aluguel residencial,1759.38,2026-07-15,EXPENSE,PIX,True
Dividendos,124.19,2026-07-15,INCOME,BANK_TRANSFER,True
Cinema e lazer,126.26,2026-07-15,EXPENSE,DEBIT_CARD,False
Pagamento freelance,3501.78,2026-07-15,INCOME,BANK_TRANSFER,False
Delivery de comida,109.89,2026-07-15,EXPENSE,CASH,False
Impostos e taxas,536.29,2026-07-15,EXPENSE,CREDIT_CARD,False
Aplicativo de transporte,44.56,2026-07-15,EXPENSE,PIX,False
Bonus profissional,4672.67,2026-07-15,INCOME,BANK_TRANSFER,False
Veterinario,197.37,2026-07-15,EXPENSE,PIX,False
Plano de celular,98.39,2026-07-15,EXPENSE,BANK_TRANSFER,True
Eletronicos,630.08,2026-07-15,EXPENSE,BOLETO,False
