usuario_id,idade,estado,cidade,renda_mensal_base,nivel_endividamento_base_pct,frequencia_poupanca_declarada,reserva_financeira_inicial,dependentes,objetivo_financeiro,perfil_sintetico_base,split,fonte
USR000001,31,RJ,Rio de Janeiro,3232.92,1.72,ALTA,14294.16,1,QUITAR_DIVIDAS,SAUDAVEL,TRAIN,SINTETICO
USR000002,39,ES,Serra,4813.39,25.24,BAIXA,13293.07,0,COMPRAR_IMOVEL,EM_OBSERVACAO,TRAIN,SINTETICO
USR000003,18,GO,Anapolis,4145.26,75.15,NUNCA,3695.26,0,QUITAR_DIVIDAS,EM_RISCO,TRAIN,SINTETICO
USR000004,50,PE,Jaboatao,2528.99,36.35,MEDIA,2099.13,1,COMPRAR_IMOVEL,EM_OBSERVACAO,TRAIN,SINTETICO
USR000005,37,PR,Maringa,4440.91,7.89,ALTA,35233.77,3,ORGANIZAR_ORCAMENTO,SAUDAVEL,TRAIN,SINTETICO
USR000006,50,GO,Goiania,11177.71,42.36,BAIXA,43634.57,0,QUITAR_DIVIDAS,EM_OBSERVACAO,TRAIN,SINTETICO
USR000007,37,CE,Fortaleza,3300.13,0.5,MEDIA,32393.48,0,VIAGEM,SAUDAVEL,TRAIN,SINTETICO
USR000008,27,MG,Uberlandia,5745.46,20.47,ALTA,53288.03,0,ORGANIZAR_ORCAMENTO,SAUDAVEL,TRAIN,SINTETICO
USR000009,33,ES,Vitoria,2114.81,35.05,MEDIA,1730.4,4,APOSENTADORIA,EM_OBSERVACAO,TRAIN,SINTETICO
USR000010,35,SC,Blumenau,9120.63,3.7,ALTA,64227.71,1,COMPRAR_IMOVEL,SAUDAVEL,TRAIN,SINTETICO
USR000011,42,RS,Porto Alegre,6708.22,14.15,ALTA,44866.5,0,RESERVA_EMERGENCIA,SAUDAVEL,TRAIN,SINTETICO
USR000012,38,BA,Feira de Santana,3091.88,23.27,MEDIA,7253.05,0,ORGANIZAR_ORCAMENTO,EM_OBSERVACAO,TRAIN,SINTETICO
USR000013,43,BA,Vitoria da Conquista,2941.34,11.21,ALTA,27323.94,1,ORGANIZAR_ORCAMENTO,SAUDAVEL,TRAIN,SINTETICO
USR000014,45,RJ,Niteroi,2542.47,23.64,ALTA,21449.71,0,RESERVA_EMERGENCIA,SAUDAVEL,VALIDATION,SINTETICO
USR000015,38,RS,Pelotas,6800.32,28.14,MEDIA,7865.6,0,QUITAR_DIVIDAS,EM_OBSERVACAO,VALIDATION,SINTETICO
USR000016,33,DF,Brasilia,4130.17,19.57,BAIXA,15693.55,0,COMPRAR_IMOVEL,EM_OBSERVACAO,VALIDATION,SINTETICO
USR000017,50,PR,Londrina,9155.15,10.4,MEDIA,35247.58,1,APOSENTADORIA,SAUDAVEL,TEST,SINTETICO
USR000018,24,GO,Anapolis,7653.64,29.74,MEDIA,15983.03,2,APOSENTADORIA,EM_OBSERVACAO,TEST,SINTETICO
USR000019,25,GO,Aparecida de Goiania,8787.76,2.5,MEDIA,61167.31,1,ORGANIZAR_ORCAMENTO,SAUDAVEL,TEST,SINTETICO
USR000020,34,DF,Brasilia,9661.45,63.7,BAIXA,4426.63,0,COMPRAR_IMOVEL,EM_RISCO,TRAIN,SINTETICO
USR000021,39,ES,Vila Velha,2477.56,13.7,ALTA,19307.77,1,COMPRAR_IMOVEL,SAUDAVEL,TRAIN,SINTETICO
USR000022,44,GO,Aparecida de Goiania,1948.6,42.13,MEDIA,5050.06,2,QUITAR_DIVIDAS,EM_OBSERVACAO,TRAIN,SINTETICO
USR000023,70,SP,Santos,15827.75,39.06,MEDIA,35692.64,3,RESERVA_EMERGENCIA,EM_OBSERVACAO,TRAIN,SINTETICO
USR000024,27,CE,Juazeiro do Norte,3417.13,6.07,ALTA,31742.48,1,COMPRAR_IMOVEL,SAUDAVEL,TRAIN,SINTETICO
USR000025,49,PR,Londrina,3149.54,10.73,ALTA,29433.44,1,ORGANIZAR_ORCAMENTO,SAUDAVEL,TRAIN,SINTETICO
USR000026,40,PE,Recife,1764.51,5.35,ALTA,10762.12,0,VIAGEM,SAUDAVEL,TRAIN,SINTETICO
USR000027,50,MG,Juiz de Fora,1925.69,31.26,MEDIA,2530.59,3,COMPRAR_IMOVEL,EM_OBSERVACAO,TRAIN,SINTETICO
USR000028,37,CE,Juazeiro do Norte,8207.18,23.68,MEDIA,29041.37,1,COMPRAR_IMOVEL,EM_OBSERVACAO,TRAIN,SINTETICO
USR000029,48,ES,Serra,3234.76,24.56,MEDIA,10099.14,2,VIAGEM,EM_OBSERVACAO,TRAIN,SINTETICO
USR000030,21,BA,Salvador,8147.12,37.71,BAIXA,19685.5,3,APOSENTADORIA,EM_OBSERVACAO,TRAIN,SINTETICO
USR000031,45,RJ,Rio de Janeiro,4134.74,44.17,BAIXA,12749.7,1,RESERVA_EMERGENCIA,EM_OBSERVACAO,TRAIN,SINTETICO
USR000032,38,ES,Cariacica,3119.25,57.96,NUNCA,356.06,0,VIAGEM,EM_RISCO,TRAIN,SINTETICO
USR000033,42,RJ,Niteroi,4201.48,78.61,BAIXA,360.52,0,QUITAR_DIVIDAS,EM_RISCO,TRAIN,SINTETICO
USR000034,18,SP,Sao Paulo,6472.31,16.22,MEDIA,32426.41,1,VIAGEM,SAUDAVEL,VALIDATION,SINTETICO
USR000035,57,CE,Caucaia,6821.49,19.58,MEDIA,6938.93,2,ORGANIZAR_ORCAMENTO,EM_OBSERVACAO,VALIDATION,SINTETICO
USR000036,43,RS,Pelotas,5082.38,8.36,MEDIA,49330.3,1,VIAGEM,SAUDAVEL,VALIDATION,SINTETICO
USR000037,42,BA,Vitoria da Conquista,1922.34,23.47,BAIXA,3770.0,2,VIAGEM,EM_OBSERVACAO,TEST,SINTETICO
USR000038,41,ES,Serra,4556.49,56.95,NUNCA,1794.37,1,APOSENTADORIA,EM_RISCO,TEST,SINTETICO
USR000039,53,SC,Joinville,4743.13,5.63,ALTA,36715.49,0,ORGANIZAR_ORCAMENTO,SAUDAVEL,TEST,SINTETICO
USR000040,30,SC,Florianopolis,3998.36,13.84,MEDIA,33292.38,2,RESERVA_EMERGENCIA,SAUDAVEL,TRAIN,SINTETICO
USR000041,50,RJ,Niteroi,6874.63,20.46,MEDIA,22352.74,1,ORGANIZAR_ORCAMENTO,EM_OBSERVACAO,TRAIN,SINTETICO
USR000042,19,SP,Sorocaba,2885.42,36.45,BAIXA,1572.12,3,ORGANIZAR_ORCAMENTO,EM_OBSERVACAO,TRAIN,SINTETICO
USR000043,56,DF,Brasilia,4465.67,22.05,MEDIA,20899.78,0,RESERVA_EMERGENCIA,SAUDAVEL,TRAIN,SINTETICO
USR000044,33,RJ,Rio de Janeiro,3465.51,31.85,BAIXA,4475.68,0,COMPRAR_IMOVEL,EM_OBSERVACAO,TRAIN,SINTETICO
USR000045,25,CE,Juazeiro do Norte,2494.05,35.98,MEDIA,6244.96,1,RESERVA_EMERGENCIA,EM_OBSERVACAO,TRAIN,SINTETICO
USR000046,34,ES,Vitoria,7378.64,40.82,NUNCA,7336.3,0,APOSENTADORIA,EM_RISCO,TRAIN,SINTETICO
USR000047,50,ES,Vitoria,4157.45,20.16,MEDIA,2106.59,0,ORGANIZAR_ORCAMENTO,EM_OBSERVACAO,TRAIN,SINTETICO
USR000048,41,SC,Blumenau,2852.54,21.11,BAIXA,10539.41,2,VIAGEM,EM_OBSERVACAO,TRAIN,SINTETICO
USR000049,32,SP,Sao Paulo,7566.32,13.33,ALTA,44120.61,2,APOSENTADORIA,SAUDAVEL,TRAIN,SINTETICO
USR000050,37,SP,Sorocaba,3208.23,7.9,MEDIA,22058.23,1,COMPRAR_IMOVEL,SAUDAVEL,TRAIN,SINTETICO
USR000051,34,SC,Florianopolis,4033.76,22.63,MEDIA,5193.32,3,APOSENTADORIA,EM_OBSERVACAO,TRAIN,SINTETICO
USR000052,34,SP,Sao Paulo,3414.52,17.93,ALTA,33449.12,2,COMPRAR_IMOVEL,SAUDAVEL,TRAIN,SINTETICO
USR000053,37,SC,Blumenau,7858.12,10.27,ALTA,32951.25,0,APOSENTADORIA,SAUDAVEL,TRAIN,SINTETICO
USR000054,37,GO,Aparecida de Goiania,3074.44,67.31,NUNCA,2626.13,1,QUITAR_DIVIDAS,EM_RISCO,VALIDATION,SINTETICO
USR000055,40,RS,Caxias do Sul,4978.37,34.47,MEDIA,7871.76,1,QUITAR_DIVIDAS,EM_OBSERVACAO,VALIDATION,SINTETICO
USR000056,37,SP,Santos,3907.77,19.94,MEDIA,13978.81,0,QUITAR_DIVIDAS,EM_OBSERVACAO,VALIDATION,SINTETICO
USR000057,50,BA,Feira de Santana,4384.62,25.4,MEDIA,13045.68,0,QUITAR_DIVIDAS,EM_OBSERVACAO,TEST,SINTETICO
USR000058,33,RJ,Rio de Janeiro,6947.32,24.34,BAIXA,26442.04,3,COMPRAR_IMOVEL,EM_OBSERVACAO,TEST,SINTETICO
USR000059,62,RS,Pelotas,3238.82,4.66,ALTA,11893.79,0,APOSENTADORIA,SAUDAVEL,TEST,SINTETICO
USR000060,42,SC,Blumenau,3933.02,45.19,MEDIA,13590.66,4,COMPRAR_IMOVEL,EM_OBSERVACAO,TRAIN,SINTETICO
USR000061,53,GO,Aparecida de Goiania,1582.76,25.11,BAIXA,5679.46,0,COMPRAR_IMOVEL,EM_OBSERVACAO,TRAIN,SINTETICO
USR000062,29,SP,Sao Paulo,8563.81,38.5,NUNCA,4576.66,0,VIAGEM,EM_RISCO,TRAIN,SINTETICO
USR000063,39,ES,Cariacica,5266.24,77.25,BAIXA,1513.57,1,RESERVA_EMERGENCIA,EM_RISCO,TRAIN,SINTETICO
USR000064,34,GO,Aparecida de Goiania,7725.21,34.32,MEDIA,8344.88,0,COMPRAR_IMOVEL,EM_OBSERVACAO,TRAIN,SINTETICO
USR000065,37,ES,Serra,4619.89,22.4,MEDIA,12614.66,1,QUITAR_DIVIDAS,EM_OBSERVACAO,TRAIN,SINTETICO
USR000066,36,SP,Sorocaba,3677.84,13.35,MEDIA,16591.22,0,APOSENTADORIA,SAUDAVEL,TRAIN,SINTETICO
USR000067,39,CE,Juazeiro do Norte,4120.92,2.78,MEDIA,27870.61,2,QUITAR_DIVIDAS,SAUDAVEL,TRAIN,SINTETICO
USR000068,35,PR,Londrina,2212.63,26.51,BAIXA,7400.34,2,RESERVA_EMERGENCIA,EM_OBSERVACAO,TRAIN,SINTETICO
USR000069,34,BA,Vitoria da Conquista,5628.72,21.42,MEDIA,21827.59,0,RESERVA_EMERGENCIA,EM_OBSERVACAO,TRAIN,SINTETICO
USR000070,24,RJ,Niteroi,13140.23,15.87,ALTA,73196.88,0,RESERVA_EMERGENCIA,SAUDAVEL,TRAIN,SINTETICO
USR000071,46,SP,Sao Paulo,5669.72,27.86,MEDIA,20379.67,2,COMPRAR_IMOVEL,EM_OBSERVACAO,TRAIN,SINTETICO
USR000072,34,BA,Salvador,4674.62,27.35,BAIXA,18471.2,0,COMPRAR_IMOVEL,EM_OBSERVACAO,TRAIN,SINTETICO
USR000073,38,DF,Brasilia,6067.7,42.53,MEDIA,15765.06,0,ORGANIZAR_ORCAMENTO,EM_OBSERVACAO,TRAIN,SINTETICO
USR000074,42,ES,Vitoria,8077.33,38.98,BAIXA,4102.15,1,APOSENTADORIA,EM_RISCO,VALIDATION,SINTETICO
USR000075,32,CE,Caucaia,5461.66,41.38,BAIXA,10672.5,0,VIAGEM,EM_OBSERVACAO,VALIDATION,SINTETICO
USR000076,19,RS,Caxias do Sul,17479.31,35.45,MEDIA,17951.89,1,COMPRAR_IMOVEL,EM_OBSERVACAO,VALIDATION,SINTETICO
USR000077,37,GO,Anapolis,10618.67,65.51,BAIXA,7112.45,2,VIAGEM,EM_RISCO,TEST,SINTETICO
USR000078,29,RS,Caxias do Sul,4590.17,40.67,MEDIA,2725.52,2,APOSENTADORIA,EM_OBSERVACAO,TEST,SINTETICO
USR000079,54,PR,Maringa,4971.4,23.52,MEDIA,46794.69,2,APOSENTADORIA,SAUDAVEL,TEST,SINTETICO
USR000080,41,PE,Jaboatao,1400.0,38.95,BAIXA,4564.58,3,QUITAR_DIVIDAS,EM_OBSERVACAO,TRAIN,SINTETICO
USR000081,38,PE,Recife,8042.99,4.1,ALTA,52773.48,2,RESERVA_EMERGENCIA,SAUDAVEL,TRAIN,SINTETICO
USR000082,18,PR,Maringa,5393.45,27.69,MEDIA,11259.69,0,COMPRAR_IMOVEL,EM_OBSERVACAO,TRAIN,SINTETICO
USR000083,48,SC,Blumenau,1400.0,43.59,BAIXA,180.26,1,COMPRAR_IMOVEL,EM_RISCO,TRAIN,SINTETICO
USR000084,41,SC,Blumenau,2291.26,38.54,BAIXA,1170.38,2,COMPRAR_IMOVEL,EM_RISCO,TRAIN,SINTETICO
USR000085,28,RJ,Duque de Caxias,12941.82,36.03,MEDIA,26101.61,2,VIAGEM,EM_OBSERVACAO,TRAIN,SINTETICO
USR000086,39,BA,Vitoria da Conquista,5421.35,36.71,MEDIA,13723.87,1,VIAGEM,EM_OBSERVACAO,TRAIN,SINTETICO
USR000087,58,CE,Juazeiro do Norte,12326.08,31.16,MEDIA,15877.33,0,RESERVA_EMERGENCIA,EM_OBSERVACAO,TRAIN,SINTETICO
USR000088,47,RJ,Rio de Janeiro,1400.0,23.53,BAIXA,3862.54,2,RESERVA_EMERGENCIA,EM_OBSERVACAO,TRAIN,SINTETICO
USR000089,33,MG,Belo Horizonte,4917.53,50.69,NUNCA,1871.04,1,VIAGEM,EM_RISCO,TRAIN,SINTETICO
USR000090,30,MG,Belo Horizonte,2956.22,77.57,NUNCA,2782.58,2,ORGANIZAR_ORCAMENTO,EM_RISCO,TRAIN,SINTETICO
USR000091,33,RS,Pelotas,5006.9,47.57,BAIXA,2755.21,1,QUITAR_DIVIDAS,EM_RISCO,TRAIN,SINTETICO
USR000092,53,BA,Feira de Santana,3249.8,42.44,BAIXA,4361.58,0,QUITAR_DIVIDAS,EM_OBSERVACAO,TRAIN,SINTETICO
USR000093,33,BA,Salvador,7332.96,4.99,MEDIA,39085.83,3,VIAGEM,SAUDAVEL,TRAIN,SINTETICO
USR000094,40,BA,Vitoria da Conquista,4215.89,76.13,NUNCA,1420.39,0,COMPRAR_IMOVEL,EM_RISCO,VALIDATION,SINTETICO
USR000095,48,RJ,Niteroi,4483.12,77.52,BAIXA,2938.86,0,COMPRAR_IMOVEL,EM_RISCO,VALIDATION,SINTETICO
USR000096,31,RS,Porto Alegre,8113.9,19.53,ALTA,71076.48,2,ORGANIZAR_ORCAMENTO,SAUDAVEL,VALIDATION,SINTETICO
USR000097,28,RJ,Niteroi,12075.91,7.58,ALTA,58170.52,1,RESERVA_EMERGENCIA,SAUDAVEL,TEST,SINTETICO
USR000098,50,SC,Florianopolis,13036.59,37.47,MEDIA,33536.14,1,APOSENTADORIA,EM_OBSERVACAO,TEST,SINTETICO
USR000099,29,RS,Porto Alegre,1923.9,27.05,MEDIA,4354.02,1,VIAGEM,EM_OBSERVACAO,TEST,SINTETICO
USR000100,37,RJ,Niteroi,3514.59,24.83,MEDIA,7031.3,0,QUITAR_DIVIDAS,EM_OBSERVACAO,TRAIN,SINTETICO
USR000101,38,CE,Juazeiro do Norte,2269.59,29.96,MEDIA,2856.15,1,QUITAR_DIVIDAS,EM_OBSERVACAO,TRAIN,SINTETICO
USR000102,45,RJ,Niteroi,7736.29,81.61,BAIXA,7297.45,2,VIAGEM,EM_RISCO,TRAIN,SINTETICO
USR000103,30,PE,Jaboatao,8137.36,1.7,ALTA,58539.59,1,RESERVA_EMERGENCIA,SAUDAVEL,TRAIN,SINTETICO
USR000104,39,PR,Londrina,5872.52,20.4,MEDIA,6864.99,2,RESERVA_EMERGENCIA,EM_OBSERVACAO,TRAIN,SINTETICO
USR000105,25,SC,Florianopolis,17793.78,14.74,ALTA,131220.38,0,COMPRAR_IMOVEL,SAUDAVEL,TRAIN,SINTETICO
USR000106,22,BA,Feira de Santana,3953.12,6.26,MEDIA,27241.7,1,APOSENTADORIA,SAUDAVEL,TRAIN,SINTETICO
USR000107,29,GO,Aparecida de Goiania,9007.51,71.29,NUNCA,89.93,3,APOSENTADORIA,EM_RISCO,TRAIN,SINTETICO
USR000108,57,PR,Curitiba,12071.13,22.72,BAIXA,25969.06,0,ORGANIZAR_ORCAMENTO,EM_OBSERVACAO,TRAIN,SINTETICO
USR000109,31,RJ,Duque de Caxias,4225.8,26.15,BAIXA,11634.67,1,ORGANIZAR_ORCAMENTO,EM_OBSERVACAO,TRAIN,SINTETICO
USR000110,41,GO,Goiania,2314.62,46.81,BAIXA,1669.3,2,COMPRAR_IMOVEL,EM_RISCO,TRAIN,SINTETICO
USR000111,41,PE,Jaboatao,1400.0,15.44,MEDIA,9028.64,4,RESERVA_EMERGENCIA,SAUDAVEL,TRAIN,SINTETICO
USR000112,42,RS,Pelotas,3755.03,43.15,MEDIA,7047.13,0,VIAGEM,EM_OBSERVACAO,TRAIN,SINTETICO
USR000113,41,SC,Joinville,2568.44,72.42,BAIXA,1113.96,3,QUITAR_DIVIDAS,EM_RISCO,TRAIN,SINTETICO
USR000114,34,SC,Blumenau,4002.76,74.78,NUNCA,864.2,0,ORGANIZAR_ORCAMENTO,EM_RISCO,VALIDATION,SINTETICO
USR000115,21,RJ,Rio de Janeiro,2307.76,43.06,BAIXA,8915.16,0,ORGANIZAR_ORCAMENTO,EM_OBSERVACAO,VALIDATION,SINTETICO
USR000116,47,DF,Brasilia,2534.87,9.3,MEDIA,13613.62,0,RESERVA_EMERGENCIA,SAUDAVEL,VALIDATION,SINTETICO
USR000117,53,PE,Jaboatao,5027.89,42.5,MEDIA,14927.88,2,ORGANIZAR_ORCAMENTO,EM_OBSERVACAO,TEST,SINTETICO
USR000118,25,SC,Blumenau,8050.85,39.65,BAIXA,24905.12,0,QUITAR_DIVIDAS,EM_OBSERVACAO,TEST,SINTETICO
USR000119,44,MG,Belo Horizonte,3394.76,20.73,MEDIA,24944.4,1,APOSENTADORIA,SAUDAVEL,TEST,SINTETICO
USR000120,57,RS,Pelotas,5445.41,1.0,MEDIA,22490.08,0,APOSENTADORIA,SAUDAVEL,TRAIN,SINTETICO
USR000121,18,RJ,Niteroi,3901.4,73.61,BAIXA,1839.8,0,QUITAR_DIVIDAS,EM_RISCO,TRAIN,SINTETICO
USR000122,51,SC,Joinville,12409.56,52.2,BAIXA,10861.38,0,VIAGEM,EM_RISCO,TRAIN,SINTETICO
USR000123,18,BA,Vitoria da Conquista,5287.04,47.29,MEDIA,15669.08,2,APOSENTADORIA,EM_OBSERVACAO,TRAIN,SINTETICO
USR000124,54,MG,Uberlandia,6112.41,47.37,BAIXA,2590.25,0,APOSENTADORIA,EM_RISCO,TRAIN,SINTETICO
USR000125,41,GO,Aparecida de Goiania,3065.07,38.69,BAIXA,1110.2,1,QUITAR_DIVIDAS,EM_RISCO,TRAIN,SINTETICO
USR000126,51,PE,Jaboatao,4501.74,30.92,BAIXA,6560.88,0,RESERVA_EMERGENCIA,EM_OBSERVACAO,TRAIN,SINTETICO
USR000127,41,CE,Caucaia,5012.34,51.84,NUNCA,1188.24,2,RESERVA_EMERGENCIA,EM_RISCO,TRAIN,SINTETICO
USR000128,49,RS,Caxias do Sul,6692.24,17.93,ALTA,30513.71,0,COMPRAR_IMOVEL,SAUDAVEL,TRAIN,SINTETICO
USR000129,24,MG,Uberlandia,5629.92,22.33,MEDIA,8593.33,1,VIAGEM,EM_OBSERVACAO,TRAIN,SINTETICO
USR000130,18,RJ,Niteroi,4143.63,46.11,NUNCA,3384.48,0,QUITAR_DIVIDAS,EM_RISCO,TRAIN,SINTETICO
USR000131,35,SC,Florianopolis,9907.92,60.21,BAIXA,185.52,1,QUITAR_DIVIDAS,EM_RISCO,TRAIN,SINTETICO
USR000132,19,PR,Maringa,1400.0,44.52,MEDIA,2218.16,3,VIAGEM,EM_OBSERVACAO,TRAIN,SINTETICO
USR000133,18,MG,Belo Horizonte,10391.68,53.96,BAIXA,7384.06,2,ORGANIZAR_ORCAMENTO,EM_RISCO,TRAIN,SINTETICO
USR000134,52,DF,Brasilia,2931.43,46.54,MEDIA,11278.29,0,ORGANIZAR_ORCAMENTO,EM_OBSERVACAO,VALIDATION,SINTETICO
USR000135,33,BA,Salvador,5320.79,41.62,BAIXA,18206.58,2,RESERVA_EMERGENCIA,EM_OBSERVACAO,VALIDATION,SINTETICO
USR000136,26,PE,Jaboatao,4936.39,21.09,MEDIA,26963.48,0,RESERVA_EMERGENCIA,SAUDAVEL,VALIDATION,SINTETICO
USR000137,45,PE,Olinda,8851.62,33.5,BAIXA,10905.26,2,VIAGEM,EM_OBSERVACAO,TEST,SINTETICO
USR000138,23,SP,Sao Paulo,1830.62,20.28,ALTA,13643.43,3,COMPRAR_IMOVEL,SAUDAVEL,TEST,SINTETICO
USR000139,23,MG,Belo Horizonte,3141.54,40.6,BAIXA,4340.48,1,APOSENTADORIA,EM_OBSERVACAO,TEST,SINTETICO
USR000140,61,GO,Anapolis,9954.44,37.39,BAIXA,21783.76,0,QUITAR_DIVIDAS,EM_OBSERVACAO,TRAIN,SINTETICO
USR000141,46,RS,Porto Alegre,4117.71,42.18,NUNCA,2353.85,0,APOSENTADORIA,EM_RISCO,TRAIN,SINTETICO
USR000142,30,BA,Feira de Santana,8535.34,62.31,BAIXA,5272.46,1,VIAGEM,EM_RISCO,TRAIN,SINTETICO
USR000143,33,PE,Recife,5676.12,32.29,MEDIA,13051.93,0,ORGANIZAR_ORCAMENTO,EM_OBSERVACAO,TRAIN,SINTETICO
USR000144,25,RS,Porto Alegre,4164.06,26.0,MEDIA,11652.89,0,ORGANIZAR_ORCAMENTO,EM_OBSERVACAO,TRAIN,SINTETICO
USR000145,29,ES,Cariacica,9616.97,15.06,ALTA,35199.11,0,RESERVA_EMERGENCIA,SAUDAVEL,TRAIN,SINTETICO
USR000146,59,MG,Belo Horizonte,2280.31,6.98,MEDIA,14427.34,0,QUITAR_DIVIDAS,SAUDAVEL,TRAIN,SINTETICO
USR000147,52,MG,Belo Horizonte,10805.68,47.41,MEDIA,33126.56,0,QUITAR_DIVIDAS,EM_OBSERVACAO,TRAIN,SINTETICO
USR000148,23,PR,Londrina,2121.77,41.85,MEDIA,7867.59,0,QUITAR_DIVIDAS,EM_OBSERVACAO,TRAIN,SINTETICO
USR000149,31,MG,Juiz de Fora,3610.71,22.35,MEDIA,4060.92,0,COMPRAR_IMOVEL,EM_OBSERVACAO,TRAIN,SINTETICO
USR000150,44,RS,Caxias do Sul,3624.28,22.43,MEDIA,12894.85,1,ORGANIZAR_ORCAMENTO,EM_OBSERVACAO,TRAIN,SINTETICO
USR000151,40,SC,Joinville,2241.86,6.52,MEDIA,12011.98,1,COMPRAR_IMOVEL,SAUDAVEL,TRAIN,SINTETICO
USR000152,39,PR,Maringa,3164.28,48.69,BAIXA,763.25,3,ORGANIZAR_ORCAMENTO,EM_RISCO,TRAIN,SINTETICO
USR000153,49,GO,Aparecida de Goiania,4519.83,36.37,MEDIA,5797.6,1,COMPRAR_IMOVEL,EM_OBSERVACAO,TRAIN,SINTETICO
USR000154,43,GO,Anapolis,3323.26,65.26,NUNCA,2762.93,1,RESERVA_EMERGENCIA,EM_RISCO,VALIDATION,SINTETICO
USR000155,29,DF,Brasilia,4041.79,29.56,MEDIA,10680.42,2,APOSENTADORIA,EM_OBSERVACAO,VALIDATION,SINTETICO
USR000156,39,SP,Sao Paulo,6123.15,4.51,MEDIA,28324.88,1,VIAGEM,SAUDAVEL,VALIDATION,SINTETICO
USR000157,42,SP,Campinas,6397.14,2.68,ALTA,56806.78,4,COMPRAR_IMOVEL,SAUDAVEL,TEST,SINTETICO
USR000158,40,SC,Joinville,8446.95,19.16,MEDIA,76794.66,0,APOSENTADORIA,SAUDAVEL,TEST,SINTETICO
USR000159,63,DF,Brasilia,3753.54,6.93,ALTA,30847.61,0,COMPRAR_IMOVEL,SAUDAVEL,TEST,SINTETICO
USR000160,21,CE,Fortaleza,6806.7,15.15,MEDIA,25816.18,0,COMPRAR_IMOVEL,SAUDAVEL,TRAIN,SINTETICO
USR000161,28,ES,Vitoria,11947.4,30.19,BAIXA,20182.07,0,RESERVA_EMERGENCIA,EM_OBSERVACAO,TRAIN,SINTETICO
USR000162,18,RJ,Duque de Caxias,6035.37,28.33,MEDIA,23996.41,2,COMPRAR_IMOVEL,EM_OBSERVACAO,TRAIN,SINTETICO
USR000163,45,GO,Aparecida de Goiania,14651.56,21.95,ALTA,84709.08,0,COMPRAR_IMOVEL,SAUDAVEL,TRAIN,SINTETICO
USR000164,38,RJ,Niteroi,3005.01,4.94,ALTA,15894.04,1,VIAGEM,SAUDAVEL,TRAIN,SINTETICO
USR000165,49,RJ,Niteroi,6760.1,32.82,MEDIA,12006.77,1,COMPRAR_IMOVEL,EM_OBSERVACAO,TRAIN,SINTETICO
USR000166,43,PR,Maringa,4157.13,18.8,ALTA,20201.56,3,APOSENTADORIA,SAUDAVEL,TRAIN,SINTETICO
USR000167,35,SC,Blumenau,1586.63,24.41,BAIXA,849.33,2,QUITAR_DIVIDAS,EM_OBSERVACAO,TRAIN,SINTETICO
USR000168,18,RS,Porto Alegre,2735.36,43.96,MEDIA,2812.58,0,APOSENTADORIA,EM_OBSERVACAO,TRAIN,SINTETICO
USR000169,32,BA,Salvador,4126.8,28.26,MEDIA,10889.53,0,VIAGEM,EM_OBSERVACAO,TRAIN,SINTETICO
USR000170,35,GO,Aparecida de Goiania,1938.08,20.39,ALTA,12365.59,2,RESERVA_EMERGENCIA,SAUDAVEL,TRAIN,SINTETICO
USR000171,33,MG,Belo Horizonte,5094.09,2.2,ALTA,35393.3,2,ORGANIZAR_ORCAMENTO,SAUDAVEL,TRAIN,SINTETICO
USR000172,52,RS,Caxias do Sul,3560.87,35.96,MEDIA,3417.92,3,VIAGEM,EM_OBSERVACAO,TRAIN,SINTETICO
USR000173,25,PR,Maringa,3023.73,10.14,ALTA,29317.62,1,QUITAR_DIVIDAS,SAUDAVEL,TRAIN,SINTETICO
USR000174,28,PE,Jaboatao,5001.59,11.9,MEDIA,44861.02,2,VIAGEM,SAUDAVEL,VALIDATION,SINTETICO
USR000175,41,PE,Jaboatao,9791.17,61.78,BAIXA,2862.34,0,APOSENTADORIA,EM_RISCO,VALIDATION,SINTETICO
USR000176,36,ES,Vila Velha,8073.67,61.77,BAIXA,4347.1,1,APOSENTADORIA,EM_RISCO,VALIDATION,SINTETICO
USR000177,46,GO,Anapolis,4885.78,2.2,ALTA,31733.97,1,QUITAR_DIVIDAS,SAUDAVEL,TEST,SINTETICO
USR000178,33,CE,Caucaia,8311.49,44.66,MEDIA,21053.93,3,COMPRAR_IMOVEL,EM_OBSERVACAO,TEST,SINTETICO
USR000179,50,SP,Sao Paulo,8614.37,32.15,MEDIA,11283.2,2,APOSENTADORIA,EM_OBSERVACAO,TEST,SINTETICO
USR000180,42,CE,Juazeiro do Norte,7042.13,19.43,MEDIA,65483.68,4,QUITAR_DIVIDAS,SAUDAVEL,TRAIN,SINTETICO
USR000181,43,GO,Goiania,9290.71,30.36,MEDIA,5587.09,2,QUITAR_DIVIDAS,EM_OBSERVACAO,TRAIN,SINTETICO
USR000182,30,SC,Florianopolis,5454.57,28.52,MEDIA,8439.27,0,VIAGEM,EM_OBSERVACAO,TRAIN,SINTETICO
USR000183,19,CE,Fortaleza,5561.22,81.7,NUNCA,2275.62,0,VIAGEM,EM_RISCO,TRAIN,SINTETICO
USR000184,36,DF,Brasilia,6935.69,17.16,ALTA,63222.19,2,ORGANIZAR_ORCAMENTO,SAUDAVEL,TRAIN,SINTETICO
USR000185,52,CE,Fortaleza,4194.58,34.46,MEDIA,7232.27,0,VIAGEM,EM_OBSERVACAO,TRAIN,SINTETICO
USR000186,31,RS,Porto Alegre,3812.8,19.87,ALTA,21611.08,4,ORGANIZAR_ORCAMENTO,SAUDAVEL,TRAIN,SINTETICO
USR000187,34,SC,Blumenau,10238.13,13.74,ALTA,87405.49,3,COMPRAR_IMOVEL,SAUDAVEL,TRAIN,SINTETICO
USR000188,40,MG,Belo Horizonte,2827.0,8.23,ALTA,24406.41,1,ORGANIZAR_ORCAMENTO,SAUDAVEL,TRAIN,SINTETICO
USR000189,58,ES,Serra,7358.36,20.41,MEDIA,54861.35,0,VIAGEM,SAUDAVEL,TRAIN,SINTETICO
USR000190,48,PE,Jaboatao,3393.6,33.6,MEDIA,11356.09,1,COMPRAR_IMOVEL,EM_OBSERVACAO,TRAIN,SINTETICO
USR000191,39,DF,Brasilia,4680.83,15.95,ALTA,20245.12,2,RESERVA_EMERGENCIA,SAUDAVEL,TRAIN,SINTETICO
USR000192,26,CE,Juazeiro do Norte,5128.7,47.3,BAIXA,1529.53,3,VIAGEM,EM_RISCO,TRAIN,SINTETICO
USR000193,30,ES,Cariacica,5038.55,17.46,MEDIA,45332.82,2,RESERVA_EMERGENCIA,SAUDAVEL,TRAIN,SINTETICO
USR000194,31,SC,Joinville,6133.13,58.87,BAIXA,3933.53,2,QUITAR_DIVIDAS,EM_RISCO,VALIDATION,SINTETICO
USR000195,43,CE,Fortaleza,15662.79,40.42,BAIXA,57860.82,2,APOSENTADORIA,EM_OBSERVACAO,VALIDATION,SINTETICO
USR000196,18,SP,Sorocaba,7564.21,79.01,BAIXA,3595.75,1,APOSENTADORIA,EM_RISCO,VALIDATION,SINTETICO
USR000197,24,GO,Goiania,2440.43,62.71,NUNCA,1213.18,0,VIAGEM,EM_RISCO,TEST,SINTETICO
USR000198,38,CE,Fortaleza,2304.09,45.64,NUNCA,4.95,2,ORGANIZAR_ORCAMENTO,EM_RISCO,TEST,SINTETICO
USR000199,31,BA,Feira de Santana,8485.78,70.37,BAIXA,5364.61,1,QUITAR_DIVIDAS,EM_RISCO,TEST,SINTETICO
USR000200,29,GO,Anapolis,4146.9,0.78,ALTA,19888.4,2,ORGANIZAR_ORCAMENTO,SAUDAVEL,TRAIN,SINTETICO
USR000201,22,BA,Vitoria da Conquista,5732.38,56.72,BAIXA,2253.05,1,RESERVA_EMERGENCIA,EM_RISCO,TRAIN,SINTETICO
USR000202,48,MG,Uberlandia,2617.41,1.8,ALTA,25541.08,1,QUITAR_DIVIDAS,SAUDAVEL,TRAIN,SINTETICO
USR000203,30,PR,Curitiba,4143.4,19.4,MEDIA,3971.97,4,COMPRAR_IMOVEL,EM_OBSERVACAO,TRAIN,SINTETICO
USR000204,24,RJ,Rio de Janeiro,3900.43,27.64,MEDIA,14816.26,0,QUITAR_DIVIDAS,EM_OBSERVACAO,TRAIN,SINTETICO
USR000205,30,PE,Recife,23927.62,46.56,NUNCA,9608.83,1,COMPRAR_IMOVEL,EM_RISCO,TRAIN,SINTETICO
USR000206,52,PE,Jaboatao,2748.4,32.66,MEDIA,3332.53,2,ORGANIZAR_ORCAMENTO,EM_OBSERVACAO,TRAIN,SINTETICO
USR000207,38,SC,Florianopolis,11805.23,17.94,ALTA,88153.44,0,COMPRAR_IMOVEL,SAUDAVEL,TRAIN,SINTETICO
USR000208,40,PR,Curitiba,4695.86,28.66,BAIXA,2967.36,1,RESERVA_EMERGENCIA,EM_OBSERVACAO,TRAIN,SINTETICO
USR000209,37,RS,Pelotas,10688.27,78.63,BAIXA,240.52,3,QUITAR_DIVIDAS,EM_RISCO,TRAIN,SINTETICO
USR000210,33,PE,Recife,3402.2,37.02,BAIXA,6490.77,1,APOSENTADORIA,EM_OBSERVACAO,TRAIN,SINTETICO
USR000211,31,SP,Sao Paulo,7029.62,58.29,BAIXA,5538.75,2,APOSENTADORIA,EM_RISCO,TRAIN,SINTETICO
USR000212,47,DF,Brasilia,5209.8,42.5,MEDIA,8905.48,0,COMPRAR_IMOVEL,EM_OBSERVACAO,TRAIN,SINTETICO
USR000213,23,RS,Caxias do Sul,6631.62,6.61,ALTA,44091.86,1,ORGANIZAR_ORCAMENTO,SAUDAVEL,TRAIN,SINTETICO
USR000214,28,SP,Sorocaba,9284.48,44.47,BAIXA,35758.0,3,APOSENTADORIA,EM_OBSERVACAO,VALIDATION,SINTETICO
USR000215,41,GO,Anapolis,5442.33,80.25,BAIXA,1271.3,0,ORGANIZAR_ORCAMENTO,EM_RISCO,VALIDATION,SINTETICO
USR000216,48,GO,Goiania,2659.4,21.47,ALTA,24449.39,3,VIAGEM,SAUDAVEL,VALIDATION,SINTETICO
USR000217,31,SC,Florianopolis,3235.27,10.87,ALTA,16770.14,1,QUITAR_DIVIDAS,SAUDAVEL,TEST,SINTETICO
USR000218,35,DF,Brasilia,4722.24,51.18,BAIXA,1111.42,0,RESERVA_EMERGENCIA,EM_RISCO,TEST,SINTETICO
USR000219,40,MG,Belo Horizonte,5149.17,14.95,ALTA,16502.89,2,QUITAR_DIVIDAS,SAUDAVEL,TEST,SINTETICO
USR000220,36,RS,Porto Alegre,6593.58,34.32,MEDIA,13267.32,2,ORGANIZAR_ORCAMENTO,EM_OBSERVACAO,TRAIN,SINTETICO
USR000221,27,BA,Vitoria da Conquista,1709.4,27.41,MEDIA,3481.73,3,VIAGEM,EM_OBSERVACAO,TRAIN,SINTETICO
USR000222,20,DF,Brasilia,5164.32,20.55,MEDIA,5464.44,1,COMPRAR_IMOVEL,EM_OBSERVACAO,TRAIN,SINTETICO
USR000223,46,ES,Cariacica,3944.83,19.76,MEDIA,8447.25,0,QUITAR_DIVIDAS,EM_OBSERVACAO,TRAIN,SINTETICO
USR000224,32,RS,Porto Alegre,5058.13,1.92,ALTA,16107.41,1,ORGANIZAR_ORCAMENTO,SAUDAVEL,TRAIN,SINTETICO
USR000225,42,CE,Caucaia,7440.52,26.76,MEDIA,13154.77,0,RESERVA_EMERGENCIA,EM_OBSERVACAO,TRAIN,SINTETICO
USR000226,18,PE,Olinda,10731.89,38.13,NUNCA,9338.41,2,VIAGEM,EM_RISCO,TRAIN,SINTETICO
USR000227,29,CE,Fortaleza,12725.15,68.24,BAIXA,595.63,1,APOSENTADORIA,EM_RISCO,TRAIN,SINTETICO
USR000228,46,SC,Florianopolis,3163.07,7.92,ALTA,28265.26,1,VIAGEM,SAUDAVEL,TRAIN,SINTETICO
USR000229,53,ES,Cariacica,4964.66,20.88,MEDIA,45833.23,1,COMPRAR_IMOVEL,SAUDAVEL,TRAIN,SINTETICO
USR000230,21,ES,Vila Velha,4865.18,22.18,ALTA,29856.2,0,RESERVA_EMERGENCIA,SAUDAVEL,TRAIN,SINTETICO
USR000231,28,BA,Vitoria da Conquista,3550.93,76.05,NUNCA,140.83,2,RESERVA_EMERGENCIA,EM_RISCO,TRAIN,SINTETICO
USR000232,30,BA,Vitoria da Conquista,2360.83,28.55,BAIXA,9359.61,1,COMPRAR_IMOVEL,EM_OBSERVACAO,TRAIN,SINTETICO
USR000233,51,BA,Feira de Santana,5666.8,21.08,BAIXA,7182.55,1,VIAGEM,EM_OBSERVACAO,TRAIN,SINTETICO
USR000234,49,RJ,Rio de Janeiro,9024.71,36.46,MEDIA,25578.1,0,COMPRAR_IMOVEL,EM_OBSERVACAO,VALIDATION,SINTETICO
USR000235,26,PR,Londrina,2066.39,26.93,MEDIA,6772.19,2,APOSENTADORIA,EM_OBSERVACAO,VALIDATION,SINTETICO
USR000236,43,SP,Sao Paulo,4392.17,42.06,BAIXA,3754.21,0,VIAGEM,EM_RISCO,VALIDATION,SINTETICO
USR000237,50,RJ,Rio de Janeiro,5735.5,77.95,BAIXA,2467.68,0,VIAGEM,EM_RISCO,TEST,SINTETICO
USR000238,30,MG,Juiz de Fora,7506.87,1.36,MEDIA,51156.43,2,ORGANIZAR_ORCAMENTO,SAUDAVEL,TEST,SINTETICO
USR000239,42,BA,Feira de Santana,7673.64,38.75,BAIXA,4260.8,0,VIAGEM,EM_OBSERVACAO,TEST,SINTETICO
USR000240,51,ES,Cariacica,6677.08,43.18,MEDIA,16156.83,2,COMPRAR_IMOVEL,EM_OBSERVACAO,TRAIN,SINTETICO
USR000241,23,RS,Porto Alegre,2896.56,26.05,BAIXA,7370.06,2,VIAGEM,EM_OBSERVACAO,TRAIN,SINTETICO
USR000242,18,RS,Porto Alegre,11885.44,42.57,NUNCA,11024.73,0,RESERVA_EMERGENCIA,EM_RISCO,TRAIN,SINTETICO
USR000243,38,GO,Goiania,1400.0,33.6,MEDIA,4989.96,0,QUITAR_DIVIDAS,EM_OBSERVACAO,TRAIN,SINTETICO
USR000244,25,MG,Belo Horizonte,4280.47,27.51,BAIXA,15247.51,0,COMPRAR_IMOVEL,EM_OBSERVACAO,TRAIN,SINTETICO
USR000245,29,MG,Uberlandia,1551.89,34.38,MEDIA,4529.34,2,RESERVA_EMERGENCIA,EM_OBSERVACAO,TRAIN,SINTETICO
USR000246,33,PE,Recife,8244.5,4.13,MEDIA,30741.63,2,APOSENTADORIA,SAUDAVEL,TRAIN,SINTETICO
USR000247,36,PE,Recife,4880.02,22.58,MEDIA,6400.93,0,VIAGEM,EM_OBSERVACAO,TRAIN,SINTETICO
USR000248,28,MG,Uberlandia,6527.99,23.32,ALTA,46250.46,1,COMPRAR_IMOVEL,SAUDAVEL,TRAIN,SINTETICO
USR000249,18,ES,Vitoria,3242.56,18.43,ALTA,28501.59,0,RESERVA_EMERGENCIA,SAUDAVEL,TRAIN,SINTETICO
USR000250,33,SC,Blumenau,6291.82,17.73,ALTA,56727.39,1,COMPRAR_IMOVEL,SAUDAVEL,TRAIN,SINTETICO
USR000251,36,MG,Belo Horizonte,4507.43,48.29,NUNCA,1800.51,1,APOSENTADORIA,EM_RISCO,TRAIN,SINTETICO
USR000252,35,CE,Fortaleza,2459.79,5.25,MEDIA,24148.13,0,QUITAR_DIVIDAS,SAUDAVEL,TRAIN,SINTETICO
USR000253,29,PE,Olinda,7150.88,2.42,ALTA,39553.17,2,COMPRAR_IMOVEL,SAUDAVEL,TRAIN,SINTETICO
USR000254,30,RS,Pelotas,3329.17,0.87,MEDIA,27857.51,1,APOSENTADORIA,SAUDAVEL,VALIDATION,SINTETICO
USR000255,46,MG,Juiz de Fora,3181.93,30.2,BAIXA,7375.45,2,ORGANIZAR_ORCAMENTO,EM_OBSERVACAO,VALIDATION,SINTETICO
USR000256,32,PR,Londrina,3755.44,38.73,BAIXA,10722.91,2,APOSENTADORIA,EM_OBSERVACAO,VALIDATION,SINTETICO
USR000257,41,MG,Belo Horizonte,5470.03,46.21,BAIXA,12382.84,1,ORGANIZAR_ORCAMENTO,EM_OBSERVACAO,TEST,SINTETICO
USR000258,37,DF,Brasilia,3016.34,12.33,ALTA,19219.33,2,COMPRAR_IMOVEL,SAUDAVEL,TEST,SINTETICO
USR000259,44,SC,Florianopolis,6448.38,8.06,ALTA,44203.1,2,ORGANIZAR_ORCAMENTO,SAUDAVEL,TEST,SINTETICO
USR000260,42,SC,Blumenau,7554.16,25.94,MEDIA,4655.03,0,APOSENTADORIA,EM_OBSERVACAO,TRAIN,SINTETICO
USR000261,25,GO,Goiania,8383.53,28.85,MEDIA,27673.08,0,ORGANIZAR_ORCAMENTO,EM_OBSERVACAO,TRAIN,SINTETICO
USR000262,68,ES,Cariacica,6853.12,13.18,ALTA,63545.73,0,VIAGEM,SAUDAVEL,TRAIN,SINTETICO
USR000263,41,ES,Vitoria,1400.0,20.88,BAIXA,4392.61,2,RESERVA_EMERGENCIA,EM_OBSERVACAO,TRAIN,SINTETICO
USR000264,43,RS,Pelotas,3655.54,39.66,MEDIA,14505.0,1,APOSENTADORIA,EM_OBSERVACAO,TRAIN,SINTETICO
USR000265,40,SC,Joinville,7189.62,4.57,MEDIA,71648.6,0,ORGANIZAR_ORCAMENTO,SAUDAVEL,TRAIN,SINTETICO
USR000266,43,PE,Recife,8676.59,58.05,NUNCA,3014.72,0,QUITAR_DIVIDAS,EM_RISCO,TRAIN,SINTETICO
USR000267,49,PR,Maringa,6206.72,40.71,MEDIA,8601.86,0,VIAGEM,EM_OBSERVACAO,TRAIN,SINTETICO
USR000268,29,RJ,Rio de Janeiro,5416.01,45.3,BAIXA,8231.2,0,RESERVA_EMERGENCIA,EM_OBSERVACAO,TRAIN,SINTETICO
USR000269,31,RS,Porto Alegre,3660.61,18.32,ALTA,19532.32,2,COMPRAR_IMOVEL,SAUDAVEL,TRAIN,SINTETICO
USR000270,31,SP,Sorocaba,4419.4,34.78,MEDIA,11409.52,0,RESERVA_EMERGENCIA,EM_OBSERVACAO,TRAIN,SINTETICO
USR000271,40,SC,Florianopolis,2116.74,70.89,BAIXA,1068.45,0,QUITAR_DIVIDAS,EM_RISCO,TRAIN,SINTETICO
USR000272,26,PR,Londrina,4117.16,5.74,MEDIA,18316.07,0,APOSENTADORIA,SAUDAVEL,TRAIN,SINTETICO
USR000273,47,RJ,Niteroi,6232.08,25.89,MEDIA,16847.28,2,ORGANIZAR_ORCAMENTO,EM_OBSERVACAO,TRAIN,SINTETICO
USR000274,30,RS,Caxias do Sul,5763.14,21.07,ALTA,45324.34,1,APOSENTADORIA,SAUDAVEL,VALIDATION,SINTETICO
USR000275,37,DF,Brasilia,4699.69,47.41,MEDIA,7543.93,1,ORGANIZAR_ORCAMENTO,EM_OBSERVACAO,VALIDATION,SINTETICO
USR000276,49,MG,Juiz de Fora,5931.49,39.54,BAIXA,1843.13,3,QUITAR_DIVIDAS,EM_RISCO,VALIDATION,SINTETICO
USR000277,38,DF,Brasilia,3011.28,8.62,ALTA,20094.95,1,RESERVA_EMERGENCIA,SAUDAVEL,TEST,SINTETICO
USR000278,56,PE,Jaboatao,3614.21,66.53,NUNCA,3277.0,0,VIAGEM,EM_RISCO,TEST,SINTETICO
USR000279,40,PR,Maringa,4998.24,47.9,MEDIA,17222.87,1,RESERVA_EMERGENCIA,EM_OBSERVACAO,TEST,SINTETICO
USR000280,40,ES,Vila Velha,2767.04,23.7,ALTA,14574.54,0,ORGANIZAR_ORCAMENTO,SAUDAVEL,TRAIN,SINTETICO
USR000281,36,PR,Curitiba,7633.75,80.09,BAIXA,2813.89,1,APOSENTADORIA,EM_RISCO,TRAIN,SINTETICO
USR000282,50,GO,Aparecida de Goiania,5248.06,5.14,ALTA,23885.14,2,VIAGEM,SAUDAVEL,TRAIN,SINTETICO
USR000283,46,MG,Juiz de Fora,9089.23,44.36,BAIXA,4492.95,0,QUITAR_DIVIDAS,EM_RISCO,TRAIN,SINTETICO
USR000284,28,RJ,Niteroi,7573.61,27.56,MEDIA,5453.44,2,COMPRAR_IMOVEL,EM_OBSERVACAO,TRAIN,SINTETICO
USR000285,62,DF,Brasilia,8145.61,3.66,ALTA,44257.07,1,ORGANIZAR_ORCAMENTO,SAUDAVEL,TRAIN,SINTETICO
USR000286,37,MG,Uberlandia,5003.11,9.72,ALTA,43335.9,3,RESERVA_EMERGENCIA,SAUDAVEL,TRAIN,SINTETICO
USR000287,34,GO,Anapolis,2028.86,18.99,MEDIA,2066.58,2,APOSENTADORIA,EM_OBSERVACAO,TRAIN,SINTETICO
USR000288,60,SC,Florianopolis,13610.03,23.18,BAIXA,27497.43,2,RESERVA_EMERGENCIA,EM_OBSERVACAO,TRAIN,SINTETICO
USR000289,36,MG,Belo Horizonte,9266.06,39.17,MEDIA,14153.97,0,VIAGEM,EM_OBSERVACAO,TRAIN,SINTETICO
USR000290,47,DF,Brasilia,6728.44,49.11,NUNCA,3861.36,0,QUITAR_DIVIDAS,EM_RISCO,TRAIN,SINTETICO
USR000291,39,GO,Aparecida de Goiania,6156.74,12.17,ALTA,47971.97,0,COMPRAR_IMOVEL,SAUDAVEL,TRAIN,SINTETICO
USR000292,63,RJ,Duque de Caxias,4177.3,3.95,MEDIA,16972.35,0,QUITAR_DIVIDAS,SAUDAVEL,TRAIN,SINTETICO
USR000293,43,GO,Anapolis,3367.47,15.56,ALTA,14293.01,1,RESERVA_EMERGENCIA,SAUDAVEL,TRAIN,SINTETICO
USR000294,39,GO,Aparecida de Goiania,2466.55,45.14,BAIXA,2141.07,0,QUITAR_DIVIDAS,EM_OBSERVACAO,VALIDATION,SINTETICO
USR000295,36,ES,Vitoria,6028.76,2.59,MEDIA,46149.46,3,RESERVA_EMERGENCIA,SAUDAVEL,VALIDATION,SINTETICO
USR000296,39,PR,Maringa,4784.26,47.59,BAIXA,5513.69,2,APOSENTADORIA,EM_OBSERVACAO,VALIDATION,SINTETICO
USR000297,45,DF,Brasilia,16361.54,18.77,ALTA,123853.6,1,COMPRAR_IMOVEL,SAUDAVEL,TEST,SINTETICO
USR000298,44,GO,Anapolis,7532.01,26.21,BAIXA,7670.47,0,COMPRAR_IMOVEL,EM_OBSERVACAO,TEST,SINTETICO
USR000299,23,BA,Salvador,9063.65,22.96,MEDIA,19832.89,1,RESERVA_EMERGENCIA,EM_OBSERVACAO,TEST,SINTETICO
USR000300,37,RJ,Rio de Janeiro,4263.42,35.66,MEDIA,9356.42,0,APOSENTADORIA,EM_OBSERVACAO,TRAIN,SINTETICO
USR000301,48,SP,Campinas,2468.86,8.03,ALTA,10690.51,0,COMPRAR_IMOVEL,SAUDAVEL,TRAIN,SINTETICO
USR000302,34,BA,Feira de Santana,7769.96,67.68,BAIXA,2502.04,1,COMPRAR_IMOVEL,EM_RISCO,TRAIN,SINTETICO
USR000303,38,PR,Londrina,4090.78,57.82,BAIXA,1461.21,2,VIAGEM,EM_RISCO,TRAIN,SINTETICO
USR000304,40,SP,Sao Paulo,4887.62,50.49,NUNCA,1169.45,1,RESERVA_EMERGENCIA,EM_RISCO,TRAIN,SINTETICO
USR000305,35,GO,Aparecida de Goiania,1691.89,22.39,BAIXA,6464.43,1,COMPRAR_IMOVEL,EM_OBSERVACAO,TRAIN,SINTETICO
USR000306,46,RJ,Niteroi,9116.91,37.65,MEDIA,18030.46,1,APOSENTADORIA,EM_OBSERVACAO,TRAIN,SINTETICO
USR000307,42,SP,Santos,5546.65,70.4,BAIXA,1658.0,0,RESERVA_EMERGENCIA,EM_RISCO,TRAIN,SINTETICO
USR000308,39,BA,Salvador,2207.11,20.16,ALTA,7580.39,0,RESERVA_EMERGENCIA,SAUDAVEL,TRAIN,SINTETICO
USR000309,35,CE,Caucaia,6085.31,43.48,MEDIA,3197.2,2,APOSENTADORIA,EM_OBSERVACAO,TRAIN,SINTETICO
USR000310,32,ES,Serra,5349.57,79.73,BAIXA,4482.29,0,ORGANIZAR_ORCAMENTO,EM_RISCO,TRAIN,SINTETICO
USR000311,18,GO,Anapolis,5520.42,18.01,MEDIA,15779.28,2,VIAGEM,EM_OBSERVACAO,TRAIN,SINTETICO
USR000312,25,CE,Caucaia,3618.0,28.77,BAIXA,3368.61,3,QUITAR_DIVIDAS,EM_OBSERVACAO,TRAIN,SINTETICO
USR000313,29,PR,Curitiba,9640.92,1.83,ALTA,53567.65,0,ORGANIZAR_ORCAMENTO,SAUDAVEL,TRAIN,SINTETICO
USR000314,27,BA,Vitoria da Conquista,6793.28,19.57,MEDIA,32196.86,2,APOSENTADORIA,SAUDAVEL,VALIDATION,SINTETICO
USR000315,46,RS,Pelotas,5073.54,1.73,MEDIA,33562.5,2,ORGANIZAR_ORCAMENTO,SAUDAVEL,VALIDATION,SINTETICO
USR000316,30,GO,Anapolis,7837.37,22.43,ALTA,35580.22,0,VIAGEM,SAUDAVEL,VALIDATION,SINTETICO
USR000317,29,DF,Brasilia,2881.47,41.62,MEDIA,5986.57,1,RESERVA_EMERGENCIA,EM_OBSERVACAO,TEST,SINTETICO
USR000318,51,MG,Belo Horizonte,3118.86,7.28,ALTA,27169.48,3,VIAGEM,SAUDAVEL,TEST,SINTETICO
USR000319,34,DF,Brasilia,4452.13,42.28,MEDIA,17260.96,1,COMPRAR_IMOVEL,EM_OBSERVACAO,TEST,SINTETICO
USR000320,45,RS,Pelotas,2656.47,20.4,MEDIA,8898.1,0,APOSENTADORIA,SAUDAVEL,TRAIN,SINTETICO
USR000321,54,GO,Aparecida de Goiania,2351.26,15.19,ALTA,18026.73,2,RESERVA_EMERGENCIA,SAUDAVEL,TRAIN,SINTETICO
USR000322,38,DF,Brasilia,2569.52,67.82,BAIXA,500.57,1,VIAGEM,EM_RISCO,TRAIN,SINTETICO
USR000323,60,PE,Recife,2383.38,1.33,ALTA,12011.18,2,APOSENTADORIA,SAUDAVEL,TRAIN,SINTETICO
USR000324,60,RS,Caxias do Sul,3237.26,21.74,MEDIA,16426.85,0,VIAGEM,SAUDAVEL,TRAIN,SINTETICO
USR000325,23,PE,Recife,4649.93,56.47,BAIXA,242.39,1,APOSENTADORIA,EM_RISCO,TRAIN,SINTETICO
USR000326,54,DF,Brasilia,4509.32,43.94,MEDIA,18031.56,0,RESERVA_EMERGENCIA,EM_OBSERVACAO,TRAIN,SINTETICO
USR000327,27,SC,Joinville,1940.59,43.04,BAIXA,5411.55,0,QUITAR_DIVIDAS,EM_OBSERVACAO,TRAIN,SINTETICO
USR000328,33,MG,Belo Horizonte,8812.55,18.65,MEDIA,81520.56,1,RESERVA_EMERGENCIA,SAUDAVEL,TRAIN,SINTETICO
USR000329,38,MG,Uberlandia,4592.25,43.54,MEDIA,14853.58,1,ORGANIZAR_ORCAMENTO,EM_OBSERVACAO,TRAIN,SINTETICO
USR000330,38,ES,Serra,3442.06,32.7,BAIXA,3672.58,0,RESERVA_EMERGENCIA,EM_OBSERVACAO,TRAIN,SINTETICO
USR000331,25,MG,Uberlandia,4550.72,12.56,ALTA,18873.24,2,RESERVA_EMERGENCIA,SAUDAVEL,TRAIN,SINTETICO
USR000332,39,RJ,Rio de Janeiro,6974.57,2.76,MEDIA,26868.31,1,QUITAR_DIVIDAS,SAUDAVEL,TRAIN,SINTETICO
USR000333,38,PR,Curitiba,2819.07,22.6,ALTA,26234.56,0,COMPRAR_IMOVEL,SAUDAVEL,TRAIN,SINTETICO
USR000334,20,GO,Goiania,6779.77,16.3,ALTA,49239.41,3,APOSENTADORIA,SAUDAVEL,VALIDATION,SINTETICO
USR000335,44,BA,Salvador,4538.82,13.65,ALTA,41586.96,3,ORGANIZAR_ORCAMENTO,SAUDAVEL,VALIDATION,SINTETICO
USR000336,41,MG,Uberlandia,4848.47,18.83,ALTA,19574.24,1,ORGANIZAR_ORCAMENTO,SAUDAVEL,VALIDATION,SINTETICO
USR000337,27,PE,Jaboatao,2649.06,40.44,BAIXA,370.57,0,COMPRAR_IMOVEL,EM_RISCO,TEST,SINTETICO
USR000338,33,SP,Sao Paulo,6865.04,47.63,BAIXA,21109.07,1,VIAGEM,EM_OBSERVACAO,TEST,SINTETICO
USR000339,40,RJ,Duque de Caxias,6657.67,49.02,NUNCA,6485.03,3,COMPRAR_IMOVEL,EM_RISCO,TEST,SINTETICO
USR000340,34,GO,Anapolis,2282.31,11.53,MEDIA,10857.79,0,VIAGEM,SAUDAVEL,TRAIN,SINTETICO
USR000341,67,RJ,Rio de Janeiro,6659.24,4.13,ALTA,35803.96,1,APOSENTADORIA,SAUDAVEL,TRAIN,SINTETICO
USR000342,35,ES,Vila Velha,5110.25,4.93,MEDIA,24495.19,0,APOSENTADORIA,SAUDAVEL,TRAIN,SINTETICO
USR000343,22,RS,Porto Alegre,5513.73,23.05,MEDIA,27174.19,0,QUITAR_DIVIDAS,SAUDAVEL,TRAIN,SINTETICO
USR000344,36,CE,Fortaleza,4202.64,23.67,ALTA,32652.21,3,ORGANIZAR_ORCAMENTO,SAUDAVEL,TRAIN,SINTETICO
USR000345,46,DF,Brasilia,4576.04,39.57,BAIXA,10180.9,0,APOSENTADORIA,EM_OBSERVACAO,TRAIN,SINTETICO
USR000346,49,PR,Curitiba,5280.56,47.51,MEDIA,17194.34,1,APOSENTADORIA,EM_OBSERVACAO,TRAIN,SINTETICO
USR000347,29,RJ,Rio de Janeiro,10355.41,45.97,MEDIA,12864.07,2,COMPRAR_IMOVEL,EM_OBSERVACAO,TRAIN,SINTETICO
USR000348,40,RJ,Rio de Janeiro,3112.49,2.86,MEDIA,23872.99,1,QUITAR_DIVIDAS,SAUDAVEL,TRAIN,SINTETICO
USR000349,49,MG,Belo Horizonte,9275.38,41.55,NUNCA,8444.33,1,RESERVA_EMERGENCIA,EM_RISCO,TRAIN,SINTETICO
USR000350,26,PR,Maringa,2189.6,45.1,BAIXA,3532.37,2,APOSENTADORIA,EM_OBSERVACAO,TRAIN,SINTETICO
USR000351,55,PE,Jaboatao,3083.55,42.47,MEDIA,9862.96,2,APOSENTADORIA,EM_OBSERVACAO,TRAIN,SINTETICO
USR000352,27,CE,Juazeiro do Norte,8164.86,21.79,BAIXA,17822.4,0,COMPRAR_IMOVEL,EM_OBSERVACAO,TRAIN,SINTETICO
USR000353,64,MG,Juiz de Fora,4640.84,23.67,MEDIA,19538.82,3,QUITAR_DIVIDAS,SAUDAVEL,TRAIN,SINTETICO
USR000354,36,PR,Londrina,8468.18,44.87,MEDIA,14798.6,1,QUITAR_DIVIDAS,EM_OBSERVACAO,VALIDATION,SINTETICO
USR000355,55,BA,Vitoria da Conquista,3361.9,25.9,MEDIA,8750.5,0,QUITAR_DIVIDAS,EM_OBSERVACAO,VALIDATION,SINTETICO
USR000356,36,PR,Curitiba,3692.17,27.37,BAIXA,8721.06,0,QUITAR_DIVIDAS,EM_OBSERVACAO,VALIDATION,SINTETICO
USR000357,31,MG,Belo Horizonte,5707.89,47.77,MEDIA,11527.02,0,RESERVA_EMERGENCIA,EM_OBSERVACAO,TEST,SINTETICO
USR000358,29,SP,Campinas,3641.86,43.99,NUNCA,15.05,0,ORGANIZAR_ORCAMENTO,EM_RISCO,TEST,SINTETICO
USR000359,39,RJ,Duque de Caxias,5930.9,50.34,BAIXA,2184.29,0,VIAGEM,EM_RISCO,TEST,SINTETICO
USR000360,43,SC,Florianopolis,5719.28,3.37,MEDIA,47034.29,1,COMPRAR_IMOVEL,SAUDAVEL,TRAIN,SINTETICO
USR000361,35,RS,Pelotas,10751.98,39.96,BAIXA,20352.62,0,QUITAR_DIVIDAS,EM_OBSERVACAO,TRAIN,SINTETICO
USR000362,27,RJ,Duque de Caxias,5175.64,41.65,MEDIA,7035.75,0,APOSENTADORIA,EM_OBSERVACAO,TRAIN,SINTETICO
USR000363,46,SP,Sao Paulo,1574.03,34.34,MEDIA,5328.37,3,ORGANIZAR_ORCAMENTO,EM_OBSERVACAO,TRAIN,SINTETICO
USR000364,41,GO,Goiania,11802.89,81.15,BAIXA,10687.64,0,COMPRAR_IMOVEL,EM_RISCO,TRAIN,SINTETICO
USR000365,31,BA,Salvador,11475.83,21.78,MEDIA,21790.2,0,ORGANIZAR_ORCAMENTO,EM_OBSERVACAO,TRAIN,SINTETICO
USR000366,52,PR,Londrina,2692.95,20.23,MEDIA,22221.07,0,COMPRAR_IMOVEL,SAUDAVEL,TRAIN,SINTETICO
USR000367,25,GO,Goiania,9586.3,26.14,MEDIA,37294.33,0,QUITAR_DIVIDAS,EM_OBSERVACAO,TRAIN,SINTETICO
USR000368,27,CE,Caucaia,3369.56,13.28,ALTA,30834.39,1,APOSENTADORIA,SAUDAVEL,TRAIN,SINTETICO
USR000369,29,RJ,Niteroi,5372.11,36.67,MEDIA,16939.17,1,RESERVA_EMERGENCIA,EM_OBSERVACAO,TRAIN,SINTETICO
USR000370,40,PR,Londrina,6305.15,45.52,MEDIA,13358.28,1,APOSENTADORIA,EM_OBSERVACAO,TRAIN,SINTETICO
USR000371,37,MG,Juiz de Fora,6220.45,63.92,BAIXA,2193.55,0,COMPRAR_IMOVEL,EM_RISCO,TRAIN,SINTETICO
USR000372,33,ES,Vila Velha,2682.52,19.08,BAIXA,2504.41,0,RESERVA_EMERGENCIA,EM_OBSERVACAO,TRAIN,SINTETICO
USR000373,27,PR,Londrina,7805.45,46.52,BAIXA,4018.87,2,RESERVA_EMERGENCIA,EM_RISCO,TRAIN,SINTETICO
USR000374,44,MG,Belo Horizonte,8810.16,17.89,ALTA,66969.7,2,VIAGEM,SAUDAVEL,VALIDATION,SINTETICO
USR000375,50,CE,Caucaia,3558.25,21.68,ALTA,13789.92,0,ORGANIZAR_ORCAMENTO,SAUDAVEL,VALIDATION,SINTETICO
USR000376,43,ES,Vila Velha,3594.04,10.23,ALTA,28365.85,2,VIAGEM,SAUDAVEL,VALIDATION,SINTETICO
USR000377,24,GO,Goiania,3162.21,15.59,MEDIA,26029.48,1,APOSENTADORIA,SAUDAVEL,TEST,SINTETICO
USR000378,40,MG,Belo Horizonte,4855.77,15.45,MEDIA,33031.62,3,RESERVA_EMERGENCIA,SAUDAVEL,TEST,SINTETICO
USR000379,54,PE,Jaboatao,7296.68,29.01,MEDIA,6591.78,2,ORGANIZAR_ORCAMENTO,EM_OBSERVACAO,TEST,SINTETICO
USR000380,34,ES,Serra,3368.02,26.38,MEDIA,2036.13,0,RESERVA_EMERGENCIA,EM_OBSERVACAO,TRAIN,SINTETICO
USR000381,39,CE,Juazeiro do Norte,9787.14,65.41,BAIXA,4409.21,2,ORGANIZAR_ORCAMENTO,EM_RISCO,TRAIN,SINTETICO
USR000382,26,PR,Maringa,5574.28,40.71,MEDIA,15343.29,1,RESERVA_EMERGENCIA,EM_OBSERVACAO,TRAIN,SINTETICO
USR000383,31,PE,Recife,6216.45,43.78,MEDIA,11852.25,1,VIAGEM,EM_OBSERVACAO,TRAIN,SINTETICO
USR000384,43,SP,Sao Paulo,2261.25,45.81,NUNCA,1866.44,0,ORGANIZAR_ORCAMENTO,EM_RISCO,TRAIN,SINTETICO
USR000385,51,RJ,Duque de Caxias,7670.5,19.74,ALTA,27338.78,0,ORGANIZAR_ORCAMENTO,SAUDAVEL,TRAIN,SINTETICO
USR000386,36,GO,Goiania,3822.22,47.54,MEDIA,2842.37,0,RESERVA_EMERGENCIA,EM_OBSERVACAO,TRAIN,SINTETICO
USR000387,18,ES,Vitoria,5110.7,2.75,ALTA,15821.65,0,QUITAR_DIVIDAS,SAUDAVEL,TRAIN,SINTETICO
USR000388,39,DF,Brasilia,4502.17,72.01,NUNCA,3186.75,0,VIAGEM,EM_RISCO,TRAIN,SINTETICO
USR000389,39,BA,Vitoria da Conquista,5391.73,34.0,BAIXA,12133.6,2,RESERVA_EMERGENCIA,EM_OBSERVACAO,TRAIN,SINTETICO
USR000390,40,PE,Olinda,2293.62,47.98,BAIXA,5975.0,2,VIAGEM,EM_OBSERVACAO,TRAIN,SINTETICO
USR000391,37,MG,Juiz de Fora,7620.35,31.74,BAIXA,7774.15,0,QUITAR_DIVIDAS,EM_OBSERVACAO,TRAIN,SINTETICO
USR000392,38,MG,Belo Horizonte,4158.78,3.46,ALTA,18065.82,3,QUITAR_DIVIDAS,SAUDAVEL,TRAIN,SINTETICO
USR000393,45,BA,Vitoria da Conquista,4823.1,34.42,MEDIA,17263.49,0,RESERVA_EMERGENCIA,EM_OBSERVACAO,TRAIN,SINTETICO
USR000394,23,BA,Vitoria da Conquista,5298.6,29.39,BAIXA,17472.59,0,RESERVA_EMERGENCIA,EM_OBSERVACAO,VALIDATION,SINTETICO
USR000395,55,RJ,Duque de Caxias,5676.94,16.26,ALTA,38049.28,3,ORGANIZAR_ORCAMENTO,SAUDAVEL,VALIDATION,SINTETICO
USR000396,41,PR,Curitiba,3016.67,46.92,BAIXA,11247.02,2,RESERVA_EMERGENCIA,EM_OBSERVACAO,VALIDATION,SINTETICO
USR000397,37,ES,Serra,14480.85,65.76,NUNCA,1166.96,1,QUITAR_DIVIDAS,EM_RISCO,TEST,SINTETICO
USR000398,36,ES,Serra,2279.64,52.82,BAIXA,645.79,1,QUITAR_DIVIDAS,EM_RISCO,TEST,SINTETICO
USR000399,45,RJ,Rio de Janeiro,1400.0,13.78,ALTA,11619.43,3,COMPRAR_IMOVEL,SAUDAVEL,TEST,SINTETICO
USR000400,56,SC,Joinville,3188.38,38.74,MEDIA,1925.29,4,COMPRAR_IMOVEL,EM_OBSERVACAO,TRAIN,SINTETICO
USR000401,50,RJ,Niteroi,5621.44,5.25,ALTA,21948.83,3,APOSENTADORIA,SAUDAVEL,TRAIN,SINTETICO
USR000402,37,MG,Juiz de Fora,5216.64,43.38,MEDIA,12592.47,2,COMPRAR_IMOVEL,EM_OBSERVACAO,TRAIN,SINTETICO
USR000403,30,RJ,Duque de Caxias,2119.92,41.97,NUNCA,731.85,1,COMPRAR_IMOVEL,EM_RISCO,TRAIN,SINTETICO
USR000404,25,GO,Aparecida de Goiania,3187.55,43.6,MEDIA,5999.74,2,VIAGEM,EM_OBSERVACAO,TRAIN,SINTETICO
USR000405,20,DF,Brasilia,7448.19,13.61,ALTA,41989.16,2,ORGANIZAR_ORCAMENTO,SAUDAVEL,TRAIN,SINTETICO
USR000406,18,DF,Brasilia,2081.5,13.67,ALTA,7061.17,1,VIAGEM,SAUDAVEL,TRAIN,SINTETICO
USR000407,31,DF,Brasilia,4263.58,45.24,BAIXA,1441.46,0,QUITAR_DIVIDAS,EM_RISCO,TRAIN,SINTETICO
USR000408,31,PR,Londrina,10695.39,40.63,BAIXA,26400.84,0,RESERVA_EMERGENCIA,EM_OBSERVACAO,TRAIN,SINTETICO
USR000409,44,GO,Goiania,5750.97,81.9,NUNCA,1455.3,0,QUITAR_DIVIDAS,EM_RISCO,TRAIN,SINTETICO
USR000410,36,GO,Aparecida de Goiania,4248.36,4.93,ALTA,36743.95,2,VIAGEM,SAUDAVEL,TRAIN,SINTETICO
USR000411,26,PR,Londrina,5515.25,68.73,BAIXA,4949.56,1,APOSENTADORIA,EM_RISCO,TRAIN,SINTETICO
USR000412,41,PE,Recife,3115.11,37.99,MEDIA,2931.71,1,COMPRAR_IMOVEL,EM_OBSERVACAO,TRAIN,SINTETICO
USR000413,25,CE,Fortaleza,19569.15,0.07,MEDIA,116871.34,0,RESERVA_EMERGENCIA,SAUDAVEL,TRAIN,SINTETICO
USR000414,37,BA,Vitoria da Conquista,5682.48,21.92,ALTA,56501.61,3,RESERVA_EMERGENCIA,SAUDAVEL,VALIDATION,SINTETICO
USR000415,52,CE,Fortaleza,5977.05,73.14,BAIXA,2728.87,0,COMPRAR_IMOVEL,EM_RISCO,VALIDATION,SINTETICO
USR000416,49,ES,Vitoria,5056.85,7.7,MEDIA,22065.36,1,COMPRAR_IMOVEL,SAUDAVEL,VALIDATION,SINTETICO
USR000417,31,CE,Caucaia,24778.53,8.59,ALTA,122829.69,2,COMPRAR_IMOVEL,SAUDAVEL,TEST,SINTETICO
USR000418,21,PR,Londrina,6939.29,33.0,MEDIA,27087.89,1,RESERVA_EMERGENCIA,EM_OBSERVACAO,TEST,SINTETICO
USR000419,43,CE,Juazeiro do Norte,4514.35,12.63,MEDIA,44808.15,1,QUITAR_DIVIDAS,SAUDAVEL,TEST,SINTETICO
USR000420,46,BA,Feira de Santana,4177.57,38.6,NUNCA,598.24,1,APOSENTADORIA,EM_RISCO,TRAIN,SINTETICO
USR000421,31,SP,Sao Paulo,11920.32,45.3,BAIXA,40828.11,3,COMPRAR_IMOVEL,EM_OBSERVACAO,TRAIN,SINTETICO
USR000422,18,PR,Curitiba,3331.09,39.1,MEDIA,1798.14,0,VIAGEM,EM_OBSERVACAO,TRAIN,SINTETICO
USR000423,55,MG,Uberlandia,7031.96,27.46,BAIXA,22189.26,0,ORGANIZAR_ORCAMENTO,EM_OBSERVACAO,TRAIN,SINTETICO
USR000424,40,BA,Salvador,13653.32,70.19,NUNCA,7025.06,0,COMPRAR_IMOVEL,EM_RISCO,TRAIN,SINTETICO
USR000425,46,RS,Caxias do Sul,6986.01,29.4,BAIXA,10386.39,1,APOSENTADORIA,EM_OBSERVACAO,TRAIN,SINTETICO
USR000426,57,RJ,Niteroi,4093.0,1.11,ALTA,13987.93,3,APOSENTADORIA,SAUDAVEL,TRAIN,SINTETICO
USR000427,37,CE,Fortaleza,7273.5,34.57,MEDIA,29003.78,3,ORGANIZAR_ORCAMENTO,EM_OBSERVACAO,TRAIN,SINTETICO
USR000428,29,MG,Belo Horizonte,4586.24,78.86,BAIXA,970.57,0,QUITAR_DIVIDAS,EM_RISCO,TRAIN,SINTETICO
USR000429,33,ES,Cariacica,3685.49,17.3,ALTA,21212.88,2,APOSENTADORIA,SAUDAVEL,TRAIN,SINTETICO
USR000430,51,RS,Caxias do Sul,2354.23,43.83,MEDIA,2396.57,2,QUITAR_DIVIDAS,EM_OBSERVACAO,TRAIN,SINTETICO
USR000431,45,CE,Caucaia,7220.89,11.7,ALTA,44859.35,0,VIAGEM,SAUDAVEL,TRAIN,SINTETICO
USR000432,38,DF,Brasilia,7427.08,54.65,NUNCA,5996.06,0,APOSENTADORIA,EM_RISCO,TRAIN,SINTETICO
USR000433,20,SC,Joinville,5912.82,44.08,MEDIA,16452.41,2,COMPRAR_IMOVEL,EM_OBSERVACAO,TRAIN,SINTETICO
USR000434,18,CE,Juazeiro do Norte,3143.02,39.03,BAIXA,3032.58,4,ORGANIZAR_ORCAMENTO,EM_RISCO,VALIDATION,SINTETICO
USR000435,45,RJ,Duque de Caxias,21141.54,3.77,MEDIA,178267.33,2,RESERVA_EMERGENCIA,SAUDAVEL,VALIDATION,SINTETICO
USR000436,48,SP,Santos,5307.41,4.4,ALTA,35392.71,3,COMPRAR_IMOVEL,SAUDAVEL,VALIDATION,SINTETICO
USR000437,32,DF,Brasilia,5773.66,13.33,ALTA,21499.47,0,VIAGEM,SAUDAVEL,TEST,SINTETICO
USR000438,30,SP,Sorocaba,1643.96,7.68,MEDIA,9180.38,0,QUITAR_DIVIDAS,SAUDAVEL,TEST,SINTETICO
USR000439,22,CE,Fortaleza,3059.43,29.59,MEDIA,5495.54,3,RESERVA_EMERGENCIA,EM_OBSERVACAO,TEST,SINTETICO
USR000440,59,RS,Porto Alegre,8614.43,11.31,ALTA,77841.01,0,VIAGEM,SAUDAVEL,TRAIN,SINTETICO
USR000441,51,CE,Caucaia,4377.12,21.33,MEDIA,24896.1,0,COMPRAR_IMOVEL,SAUDAVEL,TRAIN,SINTETICO
USR000442,18,RS,Porto Alegre,10081.07,2.55,MEDIA,84063.93,1,ORGANIZAR_ORCAMENTO,SAUDAVEL,TRAIN,SINTETICO
USR000443,58,DF,Brasilia,20773.84,32.12,MEDIA,37649.51,2,VIAGEM,EM_OBSERVACAO,TRAIN,SINTETICO
USR000444,43,PR,Curitiba,2321.19,72.95,BAIXA,1068.69,0,QUITAR_DIVIDAS,EM_RISCO,TRAIN,SINTETICO
USR000445,29,ES,Cariacica,11955.2,40.75,NUNCA,11900.55,1,VIAGEM,EM_RISCO,TRAIN,SINTETICO
USR000446,20,RJ,Rio de Janeiro,6934.91,77.32,BAIXA,1576.77,4,APOSENTADORIA,EM_RISCO,TRAIN,SINTETICO
USR000447,18,CE,Fortaleza,5170.43,30.31,BAIXA,12451.77,1,VIAGEM,EM_OBSERVACAO,TRAIN,SINTETICO
USR000448,42,MG,Uberlandia,6824.45,21.15,MEDIA,55730.27,2,VIAGEM,SAUDAVEL,TRAIN,SINTETICO
USR000449,33,PE,Jaboatao,6893.25,42.58,MEDIA,7374.41,2,VIAGEM,EM_OBSERVACAO,TRAIN,SINTETICO
USR000450,50,MG,Juiz de Fora,2439.41,53.15,BAIXA,495.72,1,RESERVA_EMERGENCIA,EM_RISCO,TRAIN,SINTETICO
USR000451,22,DF,Brasilia,4649.51,18.1,MEDIA,45761.92,0,QUITAR_DIVIDAS,SAUDAVEL,TRAIN,SINTETICO
USR000452,44,SP,Sorocaba,5244.73,46.9,MEDIA,20975.26,1,QUITAR_DIVIDAS,EM_OBSERVACAO,TRAIN,SINTETICO
USR000453,30,RJ,Niteroi,11473.62,54.68,BAIXA,5684.08,0,COMPRAR_IMOVEL,EM_RISCO,TRAIN,SINTETICO
USR000454,44,BA,Salvador,3079.67,39.12,MEDIA,4010.73,0,APOSENTADORIA,EM_OBSERVACAO,VALIDATION,SINTETICO
USR000455,20,PR,Curitiba,6868.99,22.03,MEDIA,11715.6,3,VIAGEM,EM_OBSERVACAO,VALIDATION,SINTETICO
USR000456,25,SC,Florianopolis,6310.84,13.68,MEDIA,48187.79,2,RESERVA_EMERGENCIA,SAUDAVEL,VALIDATION,SINTETICO
USR000457,42,PR,Maringa,8751.14,28.41,BAIXA,18042.06,0,VIAGEM,EM_OBSERVACAO,TEST,SINTETICO
USR000458,42,GO,Goiania,5813.28,25.74,MEDIA,4563.73,2,RESERVA_EMERGENCIA,EM_OBSERVACAO,TEST,SINTETICO
USR000459,18,GO,Anapolis,3550.14,23.14,MEDIA,32972.11,1,APOSENTADORIA,SAUDAVEL,TEST,SINTETICO
USR000460,23,MG,Uberlandia,2385.4,25.97,BAIXA,8555.83,2,RESERVA_EMERGENCIA,EM_OBSERVACAO,TRAIN,SINTETICO
USR000461,27,PR,Londrina,9449.51,23.68,MEDIA,28106.45,0,VIAGEM,EM_OBSERVACAO,TRAIN,SINTETICO
USR000462,21,GO,Goiania,8870.34,21.86,BAIXA,31081.26,0,COMPRAR_IMOVEL,EM_OBSERVACAO,TRAIN,SINTETICO
USR000463,48,SP,Campinas,2274.86,17.52,ALTA,22227.47,1,QUITAR_DIVIDAS,SAUDAVEL,TRAIN,SINTETICO
USR000464,46,DF,Brasilia,2599.14,27.94,MEDIA,8514.74,2,ORGANIZAR_ORCAMENTO,EM_OBSERVACAO,TRAIN,SINTETICO
USR000465,39,PE,Jaboatao,3262.65,66.63,BAIXA,2657.39,2,ORGANIZAR_ORCAMENTO,EM_RISCO,TRAIN,SINTETICO
USR000466,48,SC,Florianopolis,6070.84,18.79,ALTA,34406.31,0,COMPRAR_IMOVEL,SAUDAVEL,TRAIN,SINTETICO
USR000467,44,GO,Goiania,8284.46,67.64,NUNCA,5616.71,2,COMPRAR_IMOVEL,EM_RISCO,TRAIN,SINTETICO
USR000468,26,PE,Olinda,8943.67,3.44,ALTA,43350.55,0,QUITAR_DIVIDAS,SAUDAVEL,TRAIN,SINTETICO
USR000469,52,MG,Belo Horizonte,5687.54,48.63,BAIXA,1565.38,0,APOSENTADORIA,EM_RISCO,TRAIN,SINTETICO
USR000470,36,SP,Santos,4298.3,40.27,MEDIA,11639.39,1,ORGANIZAR_ORCAMENTO,EM_OBSERVACAO,TRAIN,SINTETICO
USR000471,50,PE,Jaboatao,4836.99,7.83,ALTA,18816.48,1,QUITAR_DIVIDAS,SAUDAVEL,TRAIN,SINTETICO
USR000472,45,PR,Londrina,2189.0,73.95,BAIXA,1560.47,0,QUITAR_DIVIDAS,EM_RISCO,TRAIN,SINTETICO
USR000473,61,MG,Uberlandia,6425.41,1.61,ALTA,60186.85,1,VIAGEM,SAUDAVEL,TRAIN,SINTETICO
USR000474,47,RS,Pelotas,5701.35,72.63,NUNCA,4028.56,2,APOSENTADORIA,EM_RISCO,VALIDATION,SINTETICO
USR000475,36,RJ,Duque de Caxias,4793.08,67.68,BAIXA,1773.52,4,ORGANIZAR_ORCAMENTO,EM_RISCO,VALIDATION,SINTETICO
USR000476,47,ES,Cariacica,1776.29,50.68,BAIXA,1748.98,0,RESERVA_EMERGENCIA,EM_RISCO,VALIDATION,SINTETICO
USR000477,59,CE,Juazeiro do Norte,2956.24,22.55,MEDIA,12303.04,2,ORGANIZAR_ORCAMENTO,SAUDAVEL,TEST,SINTETICO
USR000478,47,MG,Belo Horizonte,9116.04,44.76,BAIXA,15531.64,3,APOSENTADORIA,EM_OBSERVACAO,TEST,SINTETICO
USR000479,41,DF,Brasilia,5494.02,31.34,MEDIA,5316.36,4,ORGANIZAR_ORCAMENTO,EM_OBSERVACAO,TEST,SINTETICO
USR000480,38,ES,Vitoria,5439.19,30.82,MEDIA,6378.17,0,ORGANIZAR_ORCAMENTO,EM_OBSERVACAO,TRAIN,SINTETICO
USR000481,27,MG,Belo Horizonte,4798.68,45.3,NUNCA,3725.42,1,RESERVA_EMERGENCIA,EM_RISCO,TRAIN,SINTETICO
USR000482,21,RJ,Duque de Caxias,9381.49,23.65,MEDIA,10145.3,2,ORGANIZAR_ORCAMENTO,EM_OBSERVACAO,TRAIN,SINTETICO
USR000483,50,GO,Goiania,8810.17,26.68,MEDIA,12825.68,1,APOSENTADORIA,EM_OBSERVACAO,TRAIN,SINTETICO
USR000484,26,CE,Caucaia,9851.45,34.01,MEDIA,8376.96,0,QUITAR_DIVIDAS,EM_OBSERVACAO,TRAIN,SINTETICO
USR000485,44,BA,Vitoria da Conquista,9260.9,17.9,ALTA,78382.25,0,APOSENTADORIA,SAUDAVEL,TRAIN,SINTETICO
USR000486,39,GO,Aparecida de Goiania,8618.18,23.33,MEDIA,13830.97,1,ORGANIZAR_ORCAMENTO,EM_OBSERVACAO,TRAIN,SINTETICO
USR000487,24,PR,Curitiba,4792.31,47.41,BAIXA,18968.14,0,RESERVA_EMERGENCIA,EM_OBSERVACAO,TRAIN,SINTETICO
USR000488,18,RJ,Duque de Caxias,3071.52,1.08,ALTA,26110.55,2,COMPRAR_IMOVEL,SAUDAVEL,TRAIN,SINTETICO
USR000489,33,MG,Uberlandia,6999.33,22.62,ALTA,48275.09,0,ORGANIZAR_ORCAMENTO,SAUDAVEL,TRAIN,SINTETICO
USR000490,31,RJ,Duque de Caxias,6249.74,4.82,ALTA,48415.33,1,QUITAR_DIVIDAS,SAUDAVEL,TRAIN,SINTETICO
USR000491,20,MG,Uberlandia,7627.8,3.04,MEDIA,73258.1,0,VIAGEM,SAUDAVEL,TRAIN,SINTETICO
USR000492,30,PR,Maringa,3516.31,47.48,BAIXA,755.27,2,ORGANIZAR_ORCAMENTO,EM_RISCO,TRAIN,SINTETICO
USR000493,30,RJ,Rio de Janeiro,4617.25,3.6,ALTA,15538.37,0,COMPRAR_IMOVEL,SAUDAVEL,TRAIN,SINTETICO
USR000494,18,RJ,Duque de Caxias,3281.59,27.53,MEDIA,6054.47,0,COMPRAR_IMOVEL,EM_OBSERVACAO,VALIDATION,SINTETICO
USR000495,36,RS,Caxias do Sul,3856.08,26.68,MEDIA,14522.01,2,APOSENTADORIA,EM_OBSERVACAO,VALIDATION,SINTETICO
USR000496,27,RS,Porto Alegre,2048.96,26.75,MEDIA,6442.59,1,ORGANIZAR_ORCAMENTO,EM_OBSERVACAO,VALIDATION,SINTETICO
USR000497,38,MG,Juiz de Fora,4513.71,29.89,MEDIA,11582.45,2,VIAGEM,EM_OBSERVACAO,TEST,SINTETICO
USR000498,18,BA,Feira de Santana,6555.74,37.96,MEDIA,19714.35,2,ORGANIZAR_ORCAMENTO,EM_OBSERVACAO,TEST,SINTETICO
USR000499,43,SP,Sorocaba,8336.61,29.89,BAIXA,20377.95,1,APOSENTADORIA,EM_OBSERVACAO,TEST,SINTETICO
USR000500,26,PR,Curitiba,5516.36,45.82,MEDIA,5935.8,3,ORGANIZAR_ORCAMENTO,EM_OBSERVACAO,TRAIN,SINTETICO
USR000501,29,SP,Campinas,4131.05,34.65,BAIXA,7136.07,2,RESERVA_EMERGENCIA,EM_OBSERVACAO,TRAIN,SINTETICO
USR000502,46,RS,Caxias do Sul,7347.2,2.72,ALTA,31484.61,0,QUITAR_DIVIDAS,SAUDAVEL,TRAIN,SINTETICO
USR000503,49,SP,Campinas,5742.54,36.11,BAIXA,6327.36,0,APOSENTADORIA,EM_OBSERVACAO,TRAIN,SINTETICO
USR000504,36,BA,Salvador,2935.68,46.05,BAIXA,6849.11,0,APOSENTADORIA,EM_OBSERVACAO,TRAIN,SINTETICO
USR000505,30,ES,Serra,4022.73,9.13,ALTA,23834.3,4,RESERVA_EMERGENCIA,SAUDAVEL,TRAIN,SINTETICO
USR000506,42,DF,Brasilia,3141.92,1.17,MEDIA,22635.77,3,APOSENTADORIA,SAUDAVEL,TRAIN,SINTETICO
USR000507,23,ES,Vila Velha,3147.5,40.01,BAIXA,2123.3,2,ORGANIZAR_ORCAMENTO,EM_RISCO,TRAIN,SINTETICO
USR000508,39,SP,Santos,6080.92,16.18,ALTA,33641.76,0,RESERVA_EMERGENCIA,SAUDAVEL,TRAIN,SINTETICO
USR000509,50,SC,Florianopolis,2359.95,8.51,MEDIA,21947.12,2,RESERVA_EMERGENCIA,SAUDAVEL,TRAIN,SINTETICO
USR000510,41,GO,Anapolis,2453.53,37.08,BAIXA,6870.65,0,QUITAR_DIVIDAS,EM_OBSERVACAO,TRAIN,SINTETICO
USR000511,33,MG,Uberlandia,3442.71,1.07,ALTA,26628.76,1,RESERVA_EMERGENCIA,SAUDAVEL,TRAIN,SINTETICO
USR000512,18,MG,Uberlandia,6656.52,5.07,ALTA,46215.18,1,COMPRAR_IMOVEL,SAUDAVEL,TRAIN,SINTETICO
USR000513,52,ES,Vitoria,8279.01,57.9,BAIXA,4866.14,1,QUITAR_DIVIDAS,EM_RISCO,TRAIN,SINTETICO
USR000514,45,ES,Vitoria,4536.9,23.58,MEDIA,4746.62,3,ORGANIZAR_ORCAMENTO,EM_OBSERVACAO,VALIDATION,SINTETICO
USR000515,37,DF,Brasilia,4406.67,20.39,ALTA,25008.34,0,COMPRAR_IMOVEL,SAUDAVEL,VALIDATION,SINTETICO
USR000516,28,PR,Curitiba,3823.06,28.17,MEDIA,7197.58,4,ORGANIZAR_ORCAMENTO,EM_OBSERVACAO,VALIDATION,SINTETICO
USR000517,53,RJ,Rio de Janeiro,7244.49,6.38,MEDIA,71187.88,0,RESERVA_EMERGENCIA,SAUDAVEL,TEST,SINTETICO
USR000518,35,SP,Santos,9017.84,21.97,ALTA,74392.33,0,ORGANIZAR_ORCAMENTO,SAUDAVEL,TEST,SINTETICO
USR000519,54,CE,Fortaleza,6726.18,76.51,BAIXA,4209.31,0,VIAGEM,EM_RISCO,TEST,SINTETICO
USR000520,34,GO,Goiania,10099.61,8.42,ALTA,63155.54,0,VIAGEM,SAUDAVEL,TRAIN,SINTETICO
USR000521,31,DF,Brasilia,2350.37,19.44,MEDIA,4307.31,0,QUITAR_DIVIDAS,EM_OBSERVACAO,TRAIN,SINTETICO
USR000522,37,PR,Curitiba,8260.68,8.9,MEDIA,68934.47,0,VIAGEM,SAUDAVEL,TRAIN,SINTETICO
USR000523,22,SP,Campinas,6315.61,19.51,MEDIA,44783.29,0,QUITAR_DIVIDAS,SAUDAVEL,TRAIN,SINTETICO
USR000524,35,ES,Cariacica,5639.67,20.62,MEDIA,15066.43,1,COMPRAR_IMOVEL,EM_OBSERVACAO,TRAIN,SINTETICO
USR000525,29,PR,Maringa,3630.66,10.67,MEDIA,13008.5,0,APOSENTADORIA,SAUDAVEL,TRAIN,SINTETICO
USR000526,37,RJ,Niteroi,5082.95,51.92,BAIXA,3485.07,2,RESERVA_EMERGENCIA,EM_RISCO,TRAIN,SINTETICO
USR000527,50,CE,Caucaia,7310.2,23.0,ALTA,23915.75,0,RESERVA_EMERGENCIA,SAUDAVEL,TRAIN,SINTETICO
USR000528,52,SC,Joinville,1400.0,77.72,BAIXA,288.29,0,RESERVA_EMERGENCIA,EM_RISCO,TRAIN,SINTETICO
USR000529,53,DF,Brasilia,6603.66,25.47,MEDIA,15697.44,2,QUITAR_DIVIDAS,EM_OBSERVACAO,TRAIN,SINTETICO
USR000530,51,SP,Sao Paulo,3998.74,25.85,BAIXA,11286.25,3,VIAGEM,EM_OBSERVACAO,TRAIN,SINTETICO
USR000531,35,BA,Feira de Santana,7849.62,18.49,ALTA,60679.93,1,APOSENTADORIA,SAUDAVEL,TRAIN,SINTETICO
USR000532,42,DF,Brasilia,4896.85,17.2,ALTA,23129.18,1,RESERVA_EMERGENCIA,SAUDAVEL,TRAIN,SINTETICO
USR000533,45,SC,Florianopolis,5924.05,24.96,MEDIA,12654.92,0,COMPRAR_IMOVEL,EM_OBSERVACAO,TRAIN,SINTETICO
USR000534,38,PE,Jaboatao,2221.37,16.53,ALTA,10585.29,0,APOSENTADORIA,SAUDAVEL,VALIDATION,SINTETICO
USR000535,41,PE,Jaboatao,8203.39,33.38,MEDIA,31482.45,0,VIAGEM,EM_OBSERVACAO,VALIDATION,SINTETICO
USR000536,37,SC,Florianopolis,5165.1,23.98,MEDIA,18720.95,0,QUITAR_DIVIDAS,EM_OBSERVACAO,VALIDATION,SINTETICO
USR000537,26,GO,Aparecida de Goiania,8389.75,37.58,MEDIA,20012.06,2,APOSENTADORIA,EM_OBSERVACAO,TEST,SINTETICO
USR000538,48,CE,Fortaleza,4888.27,38.08,MEDIA,14492.47,1,VIAGEM,EM_OBSERVACAO,TEST,SINTETICO
USR000539,37,SC,Blumenau,7075.2,49.56,NUNCA,5365.73,2,APOSENTADORIA,EM_RISCO,TEST,SINTETICO
USR000540,52,PR,Maringa,6213.12,73.58,NUNCA,3413.73,0,RESERVA_EMERGENCIA,EM_RISCO,TRAIN,SINTETICO
USR000541,48,BA,Feira de Santana,14766.92,37.6,MEDIA,38882.43,2,APOSENTADORIA,EM_OBSERVACAO,TRAIN,SINTETICO
USR000542,44,SC,Joinville,5418.15,38.92,BAIXA,3996.45,0,ORGANIZAR_ORCAMENTO,EM_OBSERVACAO,TRAIN,SINTETICO
USR000543,29,SC,Florianopolis,1400.0,21.73,MEDIA,3906.66,3,VIAGEM,EM_OBSERVACAO,TRAIN,SINTETICO
USR000544,42,SC,Florianopolis,4864.32,45.45,MEDIA,12481.7,1,COMPRAR_IMOVEL,EM_OBSERVACAO,TRAIN,SINTETICO
USR000545,49,MG,Uberlandia,4648.17,6.15,ALTA,24807.4,2,COMPRAR_IMOVEL,SAUDAVEL,TRAIN,SINTETICO
USR000546,38,RJ,Niteroi,10418.21,62.4,BAIXA,9995.56,1,QUITAR_DIVIDAS,EM_RISCO,TRAIN,SINTETICO
USR000547,23,ES,Vila Velha,2706.08,1.54,ALTA,15482.96,2,APOSENTADORIA,SAUDAVEL,TRAIN,SINTETICO
USR000548,32,RS,Porto Alegre,3179.0,66.63,BAIXA,1900.99,3,APOSENTADORIA,EM_RISCO,TRAIN,SINTETICO
USR000549,47,SC,Blumenau,3838.85,13.4,MEDIA,21999.8,2,RESERVA_EMERGENCIA,SAUDAVEL,TRAIN,SINTETICO
USR000550,34,PR,Londrina,2818.51,43.06,BAIXA,752.18,0,APOSENTADORIA,EM_RISCO,TRAIN,SINTETICO
USR000551,32,MG,Juiz de Fora,7289.89,27.2,MEDIA,10903.31,2,VIAGEM,EM_OBSERVACAO,TRAIN,SINTETICO
USR000552,55,RJ,Niteroi,10084.89,77.66,BAIXA,8093.4,1,QUITAR_DIVIDAS,EM_RISCO,TRAIN,SINTETICO
USR000553,33,PE,Recife,7389.41,22.32,BAIXA,18564.14,0,ORGANIZAR_ORCAMENTO,EM_OBSERVACAO,TRAIN,SINTETICO
USR000554,41,SC,Blumenau,12332.04,21.74,ALTA,102246.46,2,VIAGEM,SAUDAVEL,VALIDATION,SINTETICO
USR000555,26,SC,Florianopolis,4865.55,54.88,NUNCA,290.28,2,COMPRAR_IMOVEL,EM_RISCO,VALIDATION,SINTETICO
USR000556,28,BA,Feira de Santana,3698.86,25.15,MEDIA,11159.91,1,ORGANIZAR_ORCAMENTO,EM_OBSERVACAO,VALIDATION,SINTETICO
USR000557,31,SP,Sao Paulo,12593.86,27.86,MEDIA,19427.5,0,APOSENTADORIA,EM_OBSERVACAO,TEST,SINTETICO
USR000558,28,MG,Belo Horizonte,1739.94,46.35,BAIXA,698.34,2,VIAGEM,EM_RISCO,TEST,SINTETICO
USR000559,53,PR,Curitiba,4306.14,40.17,BAIXA,8776.77,1,ORGANIZAR_ORCAMENTO,EM_OBSERVACAO,TEST,SINTETICO
USR000560,27,ES,Serra,6208.28,37.3,MEDIA,21114.2,1,QUITAR_DIVIDAS,EM_OBSERVACAO,TRAIN,SINTETICO
USR000561,54,ES,Vitoria,4265.29,40.19,BAIXA,2777.35,0,VIAGEM,EM_OBSERVACAO,TRAIN,SINTETICO
USR000562,59,SP,Santos,3555.56,3.67,ALTA,30607.89,1,VIAGEM,SAUDAVEL,TRAIN,SINTETICO
USR000563,22,PR,Maringa,2944.6,44.79,MEDIA,10691.05,2,ORGANIZAR_ORCAMENTO,EM_OBSERVACAO,TRAIN,SINTETICO
USR000564,37,CE,Fortaleza,12077.32,21.02,MEDIA,22717.23,1,COMPRAR_IMOVEL,EM_OBSERVACAO,TRAIN,SINTETICO
USR000565,45,BA,Salvador,5901.9,3.2,ALTA,55946.77,2,RESERVA_EMERGENCIA,SAUDAVEL,TRAIN,SINTETICO
USR000566,42,DF,Brasilia,7116.3,16.74,MEDIA,58803.95,2,RESERVA_EMERGENCIA,SAUDAVEL,TRAIN,SINTETICO
USR000567,43,RS,Porto Alegre,3566.42,70.97,BAIXA,1274.82,2,COMPRAR_IMOVEL,EM_RISCO,TRAIN,SINTETICO
USR000568,27,RJ,Rio de Janeiro,2718.44,33.52,MEDIA,8452.02,0,APOSENTADORIA,EM_OBSERVACAO,TRAIN,SINTETICO
USR000569,27,PE,Jaboatao,6506.32,5.58,ALTA,44369.2,2,VIAGEM,SAUDAVEL,TRAIN,SINTETICO
USR000570,56,GO,Goiania,6163.24,9.85,MEDIA,24520.7,1,ORGANIZAR_ORCAMENTO,SAUDAVEL,TRAIN,SINTETICO
USR000571,18,DF,Brasilia,5139.51,32.81,MEDIA,13134.45,3,RESERVA_EMERGENCIA,EM_OBSERVACAO,TRAIN,SINTETICO
USR000572,31,RJ,Rio de Janeiro,8476.69,29.1,BAIXA,21202.04,0,QUITAR_DIVIDAS,EM_OBSERVACAO,TRAIN,SINTETICO
USR000573,39,PE,Recife,6400.38,9.06,ALTA,36087.05,1,QUITAR_DIVIDAS,SAUDAVEL,TRAIN,SINTETICO
USR000574,32,DF,Brasilia,5546.27,22.15,ALTA,33501.81,0,VIAGEM,SAUDAVEL,VALIDATION,SINTETICO
USR000575,46,DF,Brasilia,4959.33,37.12,BAIXA,5458.07,0,APOSENTADORIA,EM_OBSERVACAO,VALIDATION,SINTETICO
USR000576,32,MG,Juiz de Fora,5264.39,17.39,ALTA,22565.86,2,ORGANIZAR_ORCAMENTO,SAUDAVEL,VALIDATION,SINTETICO
USR000577,34,GO,Aparecida de Goiania,6515.88,13.27,MEDIA,56385.05,1,RESERVA_EMERGENCIA,SAUDAVEL,TEST,SINTETICO
USR000578,56,PR,Maringa,2268.42,37.07,MEDIA,2447.97,1,COMPRAR_IMOVEL,EM_OBSERVACAO,TEST,SINTETICO
USR000579,42,GO,Goiania,3507.93,62.47,NUNCA,252.98,4,RESERVA_EMERGENCIA,EM_RISCO,TEST,SINTETICO
USR000580,54,RS,Porto Alegre,3455.53,1.93,ALTA,32555.31,1,VIAGEM,SAUDAVEL,TRAIN,SINTETICO
USR000581,47,RJ,Niteroi,2257.67,23.45,BAIXA,6290.71,1,APOSENTADORIA,EM_OBSERVACAO,TRAIN,SINTETICO
USR000582,48,BA,Feira de Santana,12385.87,18.81,ALTA,72872.57,3,QUITAR_DIVIDAS,SAUDAVEL,TRAIN,SINTETICO
USR000583,37,SP,Sorocaba,4188.04,23.8,BAIXA,2226.95,0,COMPRAR_IMOVEL,EM_OBSERVACAO,TRAIN,SINTETICO
USR000584,25,CE,Juazeiro do Norte,5935.13,31.53,BAIXA,13434.5,0,RESERVA_EMERGENCIA,EM_OBSERVACAO,TRAIN,SINTETICO
USR000585,32,SC,Blumenau,2238.47,33.33,MEDIA,8710.87,0,ORGANIZAR_ORCAMENTO,EM_OBSERVACAO,TRAIN,SINTETICO
USR000586,26,CE,Juazeiro do Norte,6119.89,46.22,NUNCA,18.18,1,ORGANIZAR_ORCAMENTO,EM_RISCO,TRAIN,SINTETICO
USR000587,45,SP,Sao Paulo,4032.31,72.55,NUNCA,3742.47,2,COMPRAR_IMOVEL,EM_RISCO,TRAIN,SINTETICO
USR000588,51,SC,Joinville,2419.53,48.3,BAIXA,1381.14,4,RESERVA_EMERGENCIA,EM_RISCO,TRAIN,SINTETICO
USR000589,35,ES,Cariacica,3333.49,19.23,ALTA,22699.13,1,APOSENTADORIA,SAUDAVEL,TRAIN,SINTETICO
USR000590,21,PE,Olinda,1866.62,8.65,ALTA,6514.84,2,VIAGEM,SAUDAVEL,TRAIN,SINTETICO
USR000591,39,SP,Sao Paulo,7174.62,9.93,ALTA,70552.75,2,APOSENTADORIA,SAUDAVEL,TRAIN,SINTETICO
USR000592,40,PE,Recife,8780.8,12.43,ALTA,72505.92,1,QUITAR_DIVIDAS,SAUDAVEL,TRAIN,SINTETICO
USR000593,62,GO,Aparecida de Goiania,9867.09,1.35,ALTA,94318.57,2,ORGANIZAR_ORCAMENTO,SAUDAVEL,TRAIN,SINTETICO
USR000594,41,ES,Vila Velha,4787.67,57.84,BAIXA,2311.32,1,COMPRAR_IMOVEL,EM_RISCO,VALIDATION,SINTETICO
USR000595,38,BA,Salvador,9352.71,33.63,MEDIA,32430.72,2,ORGANIZAR_ORCAMENTO,EM_OBSERVACAO,VALIDATION,SINTETICO
USR000596,44,MG,Belo Horizonte,3346.98,42.35,MEDIA,11469.01,0,RESERVA_EMERGENCIA,EM_OBSERVACAO,VALIDATION,SINTETICO
USR000597,36,DF,Brasilia,2176.59,12.53,ALTA,10486.27,1,APOSENTADORIA,SAUDAVEL,TEST,SINTETICO
USR000598,22,BA,Feira de Santana,7387.62,9.33,MEDIA,56716.45,2,ORGANIZAR_ORCAMENTO,SAUDAVEL,TEST,SINTETICO
USR000599,18,DF,Brasilia,8728.97,22.0,BAIXA,23114.33,0,COMPRAR_IMOVEL,EM_OBSERVACAO,TEST,SINTETICO
USR000600,50,GO,Aparecida de Goiania,7776.71,23.46,ALTA,73307.22,2,VIAGEM,SAUDAVEL,TRAIN,SINTETICO
USR000601,38,ES,Serra,6152.42,28.69,BAIXA,24551.58,0,COMPRAR_IMOVEL,EM_OBSERVACAO,TRAIN,SINTETICO
USR000602,51,RJ,Duque de Caxias,4426.73,46.55,MEDIA,4971.69,1,QUITAR_DIVIDAS,EM_OBSERVACAO,TRAIN,SINTETICO
USR000603,44,PE,Jaboatao,4961.97,1.65,MEDIA,48641.38,2,COMPRAR_IMOVEL,SAUDAVEL,TRAIN,SINTETICO
USR000604,24,CE,Fortaleza,4582.02,47.53,MEDIA,18309.07,2,COMPRAR_IMOVEL,EM_OBSERVACAO,TRAIN,SINTETICO
USR000605,32,ES,Cariacica,9221.68,46.06,MEDIA,7094.33,0,APOSENTADORIA,EM_OBSERVACAO,TRAIN,SINTETICO
USR000606,36,GO,Aparecida de Goiania,1683.65,37.06,BAIXA,5773.02,2,VIAGEM,EM_OBSERVACAO,TRAIN,SINTETICO
USR000607,63,BA,Vitoria da Conquista,2925.44,51.49,BAIXA,199.26,0,COMPRAR_IMOVEL,EM_RISCO,TRAIN,SINTETICO
USR000608,22,SP,Sorocaba,5088.23,27.39,MEDIA,5681.57,0,VIAGEM,EM_OBSERVACAO,TRAIN,SINTETICO
USR000609,51,PE,Jaboatao,5250.98,38.76,MEDIA,7906.06,3,QUITAR_DIVIDAS,EM_OBSERVACAO,TRAIN,SINTETICO
USR000610,35,CE,Caucaia,15029.56,53.93,BAIXA,10550.73,4,VIAGEM,EM_RISCO,TRAIN,SINTETICO
USR000611,32,SC,Blumenau,5994.38,17.26,ALTA,39170.04,4,COMPRAR_IMOVEL,SAUDAVEL,TRAIN,SINTETICO
USR000612,50,RS,Caxias do Sul,6393.58,70.86,NUNCA,310.64,3,COMPRAR_IMOVEL,EM_RISCO,TRAIN,SINTETICO
USR000613,18,GO,Anapolis,4767.14,29.07,MEDIA,7966.87,0,VIAGEM,EM_OBSERVACAO,TRAIN,SINTETICO
USR000614,32,CE,Caucaia,1794.53,67.96,BAIXA,1530.83,1,QUITAR_DIVIDAS,EM_RISCO,VALIDATION,SINTETICO
USR000615,29,ES,Cariacica,3108.32,9.84,ALTA,29367.92,3,VIAGEM,SAUDAVEL,VALIDATION,SINTETICO
USR000616,63,RS,Pelotas,4001.93,34.95,MEDIA,10799.82,2,VIAGEM,EM_OBSERVACAO,VALIDATION,SINTETICO
USR000617,53,RJ,Niteroi,4598.89,69.67,NUNCA,342.89,1,QUITAR_DIVIDAS,EM_RISCO,TEST,SINTETICO
USR000618,25,CE,Caucaia,4550.72,28.13,MEDIA,10077.74,4,VIAGEM,EM_OBSERVACAO,TEST,SINTETICO
USR000619,33,MG,Belo Horizonte,7527.88,42.58,MEDIA,18475.56,3,ORGANIZAR_ORCAMENTO,EM_OBSERVACAO,TEST,SINTETICO
USR000620,60,SC,Blumenau,6181.67,74.72,BAIXA,856.59,0,RESERVA_EMERGENCIA,EM_RISCO,TRAIN,SINTETICO
USR000621,47,SP,Santos,3013.51,34.46,MEDIA,8010.13,0,COMPRAR_IMOVEL,EM_OBSERVACAO,TRAIN,SINTETICO
USR000622,38,CE,Juazeiro do Norte,7884.93,39.24,BAIXA,22855.34,4,COMPRAR_IMOVEL,EM_OBSERVACAO,TRAIN,SINTETICO
USR000623,48,BA,Feira de Santana,2559.14,2.2,MEDIA,8192.77,0,RESERVA_EMERGENCIA,SAUDAVEL,TRAIN,SINTETICO
USR000624,35,GO,Aparecida de Goiania,3018.78,73.97,NUNCA,520.26,1,VIAGEM,EM_RISCO,TRAIN,SINTETICO
USR000625,47,MG,Belo Horizonte,4174.96,46.3,MEDIA,2821.47,2,VIAGEM,EM_OBSERVACAO,TRAIN,SINTETICO
USR000626,46,ES,Vila Velha,12629.32,20.29,MEDIA,37073.9,2,QUITAR_DIVIDAS,EM_OBSERVACAO,TRAIN,SINTETICO
USR000627,32,DF,Brasilia,1400.0,46.45,MEDIA,1827.96,3,VIAGEM,EM_OBSERVACAO,TRAIN,SINTETICO
USR000628,31,MG,Juiz de Fora,2541.9,40.24,MEDIA,1563.84,0,RESERVA_EMERGENCIA,EM_OBSERVACAO,TRAIN,SINTETICO
USR000629,54,SC,Joinville,8299.93,11.65,MEDIA,31478.71,1,VIAGEM,SAUDAVEL,TRAIN,SINTETICO
USR000630,31,GO,Aparecida de Goiania,5281.15,19.27,MEDIA,3879.75,3,VIAGEM,EM_OBSERVACAO,TRAIN,SINTETICO
USR000631,35,PE,Olinda,2800.22,11.7,ALTA,13655.68,3,VIAGEM,SAUDAVEL,TRAIN,SINTETICO
USR000632,43,MG,Belo Horizonte,5909.9,22.26,MEDIA,3835.77,3,QUITAR_DIVIDAS,EM_OBSERVACAO,TRAIN,SINTETICO
USR000633,29,ES,Cariacica,5682.44,45.77,MEDIA,7186.8,2,RESERVA_EMERGENCIA,EM_OBSERVACAO,TRAIN,SINTETICO
USR000634,48,RJ,Duque de Caxias,11213.27,11.83,MEDIA,70315.38,2,COMPRAR_IMOVEL,SAUDAVEL,VALIDATION,SINTETICO
USR000635,31,RS,Pelotas,3288.2,49.79,BAIXA,1488.63,3,VIAGEM,EM_RISCO,VALIDATION,SINTETICO
USR000636,35,CE,Caucaia,3239.48,46.41,BAIXA,9849.54,1,COMPRAR_IMOVEL,EM_OBSERVACAO,VALIDATION,SINTETICO
USR000637,41,CE,Caucaia,2925.96,17.49,MEDIA,16115.7,0,VIAGEM,SAUDAVEL,TEST,SINTETICO
USR000638,27,DF,Brasilia,5716.47,13.28,ALTA,29111.36,2,RESERVA_EMERGENCIA,SAUDAVEL,TEST,SINTETICO
USR000639,33,SP,Campinas,5496.8,2.11,ALTA,24730.82,0,ORGANIZAR_ORCAMENTO,SAUDAVEL,TEST,SINTETICO
USR000640,42,RJ,Duque de Caxias,4536.49,4.63,MEDIA,21823.11,3,ORGANIZAR_ORCAMENTO,SAUDAVEL,TRAIN,SINTETICO
USR000641,18,DF,Brasilia,4589.77,26.81,MEDIA,9492.7,1,COMPRAR_IMOVEL,EM_OBSERVACAO,TRAIN,SINTETICO
USR000642,28,GO,Anapolis,3898.58,38.76,MEDIA,4101.68,2,RESERVA_EMERGENCIA,EM_OBSERVACAO,TRAIN,SINTETICO
USR000643,40,CE,Caucaia,2908.35,23.6,MEDIA,1529.81,1,RESERVA_EMERGENCIA,EM_OBSERVACAO,TRAIN,SINTETICO
USR000644,33,SC,Blumenau,9372.75,48.29,BAIXA,2293.82,2,VIAGEM,EM_RISCO,TRAIN,SINTETICO
USR000645,36,ES,Vila Velha,7639.29,33.3,BAIXA,22700.25,1,ORGANIZAR_ORCAMENTO,EM_OBSERVACAO,TRAIN,SINTETICO
USR000646,43,ES,Cariacica,7931.73,48.68,NUNCA,5545.63,1,APOSENTADORIA,EM_RISCO,TRAIN,SINTETICO
USR000647,50,SC,Joinville,8924.93,27.87,MEDIA,19825.18,0,RESERVA_EMERGENCIA,EM_OBSERVACAO,TRAIN,SINTETICO
USR000648,44,GO,Goiania,7007.1,20.31,MEDIA,17736.89,0,ORGANIZAR_ORCAMENTO,EM_OBSERVACAO,TRAIN,SINTETICO
USR000649,41,SP,Sorocaba,4282.31,18.13,MEDIA,16785.01,1,ORGANIZAR_ORCAMENTO,SAUDAVEL,TRAIN,SINTETICO
USR000650,45,CE,Juazeiro do Norte,4933.96,26.18,BAIXA,15444.77,0,QUITAR_DIVIDAS,EM_OBSERVACAO,TRAIN,SINTETICO
USR000651,18,RS,Caxias do Sul,7643.04,1.28,ALTA,26819.54,0,ORGANIZAR_ORCAMENTO,SAUDAVEL,TRAIN,SINTETICO
USR000652,32,GO,Goiania,6083.98,15.56,ALTA,47986.35,0,COMPRAR_IMOVEL,SAUDAVEL,TRAIN,SINTETICO
USR000653,24,PE,Recife,2704.93,21.14,MEDIA,13806.87,0,QUITAR_DIVIDAS,SAUDAVEL,TRAIN,SINTETICO
USR000654,23,GO,Anapolis,4041.05,10.48,ALTA,27827.45,2,RESERVA_EMERGENCIA,SAUDAVEL,VALIDATION,SINTETICO
USR000655,28,RS,Caxias do Sul,1416.42,52.16,BAIXA,1397.37,3,ORGANIZAR_ORCAMENTO,EM_RISCO,VALIDATION,SINTETICO
USR000656,59,DF,Brasilia,3938.08,27.86,BAIXA,3218.32,0,RESERVA_EMERGENCIA,EM_OBSERVACAO,VALIDATION,SINTETICO
USR000657,34,DF,Brasilia,8067.69,18.05,MEDIA,8598.27,1,COMPRAR_IMOVEL,EM_OBSERVACAO,TEST,SINTETICO
USR000658,40,ES,Serra,3396.74,21.84,MEDIA,15004.04,0,COMPRAR_IMOVEL,SAUDAVEL,TEST,SINTETICO
USR000659,32,ES,Serra,4062.65,56.26,BAIXA,1427.31,0,APOSENTADORIA,EM_RISCO,TEST,SINTETICO
USR000660,45,SC,Joinville,5742.54,4.61,MEDIA,45465.96,1,ORGANIZAR_ORCAMENTO,SAUDAVEL,TRAIN,SINTETICO
USR000661,26,DF,Brasilia,4993.48,19.11,BAIXA,17032.23,2,COMPRAR_IMOVEL,EM_OBSERVACAO,TRAIN,SINTETICO
USR000662,30,CE,Fortaleza,5629.94,65.06,BAIXA,1178.3,2,QUITAR_DIVIDAS,EM_RISCO,TRAIN,SINTETICO
USR000663,55,CE,Caucaia,4256.87,56.56,BAIXA,784.91,3,ORGANIZAR_ORCAMENTO,EM_RISCO,TRAIN,SINTETICO
USR000664,21,PR,Maringa,6124.01,23.48,MEDIA,20394.38,0,ORGANIZAR_ORCAMENTO,EM_OBSERVACAO,TRAIN,SINTETICO
USR000665,45,CE,Juazeiro do Norte,3136.87,40.74,BAIXA,1798.61,1,VIAGEM,EM_OBSERVACAO,TRAIN,SINTETICO
USR000666,45,SP,Sorocaba,1826.09,2.02,ALTA,11503.59,2,QUITAR_DIVIDAS,SAUDAVEL,TRAIN,SINTETICO
USR000667,47,BA,Vitoria da Conquista,5985.65,40.52,MEDIA,12381.16,0,QUITAR_DIVIDAS,EM_OBSERVACAO,TRAIN,SINTETICO
USR000668,18,DF,Brasilia,5661.8,21.92,BAIXA,10245.64,0,QUITAR_DIVIDAS,EM_OBSERVACAO,TRAIN,SINTETICO
USR000669,27,GO,Goiania,1972.93,25.93,MEDIA,5424.82,1,QUITAR_DIVIDAS,EM_OBSERVACAO,TRAIN,SINTETICO
USR000670,40,BA,Feira de Santana,3490.89,45.74,MEDIA,3181.46,0,QUITAR_DIVIDAS,EM_OBSERVACAO,TRAIN,SINTETICO
USR000671,29,RS,Pelotas,3066.27,47.26,MEDIA,3450.43,0,VIAGEM,EM_OBSERVACAO,TRAIN,SINTETICO
USR000672,18,RJ,Niteroi,2188.98,20.84,MEDIA,8569.02,2,RESERVA_EMERGENCIA,EM_OBSERVACAO,TRAIN,SINTETICO
USR000673,44,PE,Recife,5054.69,48.62,BAIXA,195.93,1,VIAGEM,EM_RISCO,TRAIN,SINTETICO
USR000674,43,BA,Salvador,4642.83,25.6,BAIXA,10548.04,3,QUITAR_DIVIDAS,EM_OBSERVACAO,VALIDATION,SINTETICO
USR000675,22,SC,Blumenau,5766.67,29.64,MEDIA,7181.39,1,VIAGEM,EM_OBSERVACAO,VALIDATION,SINTETICO
USR000676,27,BA,Feira de Santana,1634.5,22.42,ALTA,8054.25,0,COMPRAR_IMOVEL,SAUDAVEL,VALIDATION,SINTETICO
USR000677,43,CE,Juazeiro do Norte,7785.69,39.46,MEDIA,8499.89,0,QUITAR_DIVIDAS,EM_OBSERVACAO,TEST,SINTETICO
USR000678,56,ES,Cariacica,2765.06,68.27,NUNCA,2381.59,0,ORGANIZAR_ORCAMENTO,EM_RISCO,TEST,SINTETICO
USR000679,42,ES,Serra,6451.94,27.33,MEDIA,21047.99,2,RESERVA_EMERGENCIA,EM_OBSERVACAO,TEST,SINTETICO
USR000680,47,RS,Pelotas,2577.77,34.32,BAIXA,9741.63,1,VIAGEM,EM_OBSERVACAO,TRAIN,SINTETICO
USR000681,23,CE,Juazeiro do Norte,16978.14,62.62,BAIXA,9743.07,0,COMPRAR_IMOVEL,EM_RISCO,TRAIN,SINTETICO
USR000682,22,MG,Juiz de Fora,7111.68,71.5,NUNCA,5941.12,1,COMPRAR_IMOVEL,EM_RISCO,TRAIN,SINTETICO
USR000683,23,PE,Olinda,2768.61,65.54,NUNCA,122.95,3,APOSENTADORIA,EM_RISCO,TRAIN,SINTETICO
USR000684,58,PR,Curitiba,4099.0,29.54,MEDIA,4582.01,0,ORGANIZAR_ORCAMENTO,EM_OBSERVACAO,TRAIN,SINTETICO
USR000685,39,SC,Blumenau,2662.5,77.44,BAIXA,2460.08,0,ORGANIZAR_ORCAMENTO,EM_RISCO,TRAIN,SINTETICO
USR000686,21,BA,Salvador,5352.03,16.57,MEDIA,48950.29,0,QUITAR_DIVIDAS,SAUDAVEL,TRAIN,SINTETICO
USR000687,31,PR,Curitiba,5542.42,47.13,BAIXA,7112.45,0,COMPRAR_IMOVEL,EM_OBSERVACAO,TRAIN,SINTETICO
USR000688,38,SC,Joinville,4839.48,7.83,MEDIA,29744.03,1,ORGANIZAR_ORCAMENTO,SAUDAVEL,TRAIN,SINTETICO
USR000689,42,BA,Vitoria da Conquista,3088.03,40.56,MEDIA,6169.74,2,COMPRAR_IMOVEL,EM_OBSERVACAO,TRAIN,SINTETICO
USR000690,18,GO,Anapolis,17413.38,42.57,MEDIA,20187.06,0,COMPRAR_IMOVEL,EM_OBSERVACAO,TRAIN,SINTETICO
USR000691,36,SC,Joinville,1752.37,12.53,ALTA,13461.17,0,COMPRAR_IMOVEL,SAUDAVEL,TRAIN,SINTETICO
USR000692,39,DF,Brasilia,7397.97,28.56,MEDIA,8739.72,0,VIAGEM,EM_OBSERVACAO,TRAIN,SINTETICO
USR000693,23,SC,Blumenau,6007.66,77.98,BAIXA,616.81,1,COMPRAR_IMOVEL,EM_RISCO,TRAIN,SINTETICO
USR000694,64,RS,Pelotas,3487.02,41.48,MEDIA,6123.08,1,VIAGEM,EM_OBSERVACAO,VALIDATION,SINTETICO
USR000695,51,BA,Salvador,2579.17,16.18,MEDIA,15191.91,0,VIAGEM,SAUDAVEL,VALIDATION,SINTETICO
USR000696,42,BA,Salvador,6430.57,19.92,MEDIA,16397.88,3,QUITAR_DIVIDAS,EM_OBSERVACAO,VALIDATION,SINTETICO
USR000697,23,GO,Anapolis,3693.22,61.4,NUNCA,1887.53,0,COMPRAR_IMOVEL,EM_RISCO,TEST,SINTETICO
USR000698,54,DF,Brasilia,5497.47,23.58,MEDIA,49554.7,1,VIAGEM,SAUDAVEL,TEST,SINTETICO
USR000699,42,GO,Aparecida de Goiania,5105.31,55.82,BAIXA,1779.31,3,ORGANIZAR_ORCAMENTO,EM_RISCO,TEST,SINTETICO
USR000700,30,PR,Londrina,3351.17,29.94,MEDIA,5877.52,2,QUITAR_DIVIDAS,EM_OBSERVACAO,TRAIN,SINTETICO
USR000701,47,DF,Brasilia,6285.35,22.16,MEDIA,58063.82,0,QUITAR_DIVIDAS,SAUDAVEL,TRAIN,SINTETICO
USR000702,46,RJ,Duque de Caxias,5467.83,33.66,MEDIA,10035.47,3,QUITAR_DIVIDAS,EM_OBSERVACAO,TRAIN,SINTETICO
USR000703,43,ES,Vitoria,3164.48,33.69,MEDIA,12618.81,1,VIAGEM,EM_OBSERVACAO,TRAIN,SINTETICO
USR000704,37,SC,Blumenau,5172.1,26.68,BAIXA,13409.59,0,VIAGEM,EM_OBSERVACAO,TRAIN,SINTETICO
USR000705,56,PE,Olinda,8223.48,24.26,MEDIA,11893.83,0,COMPRAR_IMOVEL,EM_OBSERVACAO,TRAIN,SINTETICO
USR000706,23,CE,Fortaleza,4293.32,19.78,BAIXA,5177.57,2,ORGANIZAR_ORCAMENTO,EM_OBSERVACAO,TRAIN,SINTETICO
USR000707,51,PR,Londrina,2651.91,7.76,MEDIA,15499.04,0,COMPRAR_IMOVEL,SAUDAVEL,TRAIN,SINTETICO
USR000708,60,PR,Maringa,2072.07,39.63,MEDIA,2302.83,0,RESERVA_EMERGENCIA,EM_OBSERVACAO,TRAIN,SINTETICO
USR000709,25,BA,Salvador,6664.04,46.28,BAIXA,14390.49,1,VIAGEM,EM_OBSERVACAO,TRAIN,SINTETICO
USR000710,26,PE,Olinda,9412.79,19.25,BAIXA,15788.82,0,RESERVA_EMERGENCIA,EM_OBSERVACAO,TRAIN,SINTETICO
USR000711,40,PR,Curitiba,2058.0,13.48,MEDIA,19738.08,0,APOSENTADORIA,SAUDAVEL,TRAIN,SINTETICO
USR000712,32,BA,Feira de Santana,5139.47,27.05,MEDIA,19778.35,2,QUITAR_DIVIDAS,EM_OBSERVACAO,TRAIN,SINTETICO
USR000713,34,DF,Brasilia,9972.64,54.51,BAIXA,6578.23,0,APOSENTADORIA,EM_RISCO,TRAIN,SINTETICO
USR000714,39,GO,Anapolis,16417.6,21.78,ALTA,55791.22,0,QUITAR_DIVIDAS,SAUDAVEL,VALIDATION,SINTETICO
USR000715,32,CE,Fortaleza,10990.66,23.81,MEDIA,47494.12,2,QUITAR_DIVIDAS,SAUDAVEL,VALIDATION,SINTETICO
USR000716,35,MG,Belo Horizonte,5552.33,16.28,MEDIA,17697.44,1,RESERVA_EMERGENCIA,SAUDAVEL,VALIDATION,SINTETICO
USR000717,52,GO,Anapolis,5168.46,29.56,MEDIA,17237.05,1,VIAGEM,EM_OBSERVACAO,TEST,SINTETICO
USR000718,35,SC,Florianopolis,4123.03,31.92,MEDIA,10623.51,1,QUITAR_DIVIDAS,EM_OBSERVACAO,TEST,SINTETICO
USR000719,18,BA,Salvador,5222.4,39.15,BAIXA,2984.98,1,QUITAR_DIVIDAS,EM_RISCO,TEST,SINTETICO
USR000720,47,GO,Anapolis,3143.56,22.22,BAIXA,6706.3,0,VIAGEM,EM_OBSERVACAO,TRAIN,SINTETICO
USR000721,35,ES,Vitoria,2144.47,20.79,MEDIA,5176.49,0,QUITAR_DIVIDAS,EM_OBSERVACAO,TRAIN,SINTETICO
USR000722,48,DF,Brasilia,1987.94,29.74,MEDIA,1410.7,2,QUITAR_DIVIDAS,EM_OBSERVACAO,TRAIN,SINTETICO
USR000723,38,DF,Brasilia,5429.17,46.7,MEDIA,3398.45,2,RESERVA_EMERGENCIA,EM_OBSERVACAO,TRAIN,SINTETICO
USR000724,32,MG,Uberlandia,5860.45,62.47,BAIXA,4252.89,2,APOSENTADORIA,EM_RISCO,TRAIN,SINTETICO
USR000725,45,SP,Sorocaba,12579.36,14.33,MEDIA,102965.39,3,RESERVA_EMERGENCIA,SAUDAVEL,TRAIN,SINTETICO
USR000726,24,BA,Salvador,3206.26,42.19,MEDIA,1678.18,0,RESERVA_EMERGENCIA,EM_OBSERVACAO,TRAIN,SINTETICO
USR000727,55,SC,Joinville,3313.43,25.81,MEDIA,3970.02,2,VIAGEM,EM_OBSERVACAO,TRAIN,SINTETICO
USR000728,19,PR,Curitiba,3713.42,80.66,NUNCA,3575.55,0,COMPRAR_IMOVEL,EM_RISCO,TRAIN,SINTETICO
USR000729,37,BA,Feira de Santana,5136.8,36.93,BAIXA,3156.39,1,QUITAR_DIVIDAS,EM_OBSERVACAO,TRAIN,SINTETICO
USR000730,49,SP,Sao Paulo,3438.51,50.17,BAIXA,231.8,0,ORGANIZAR_ORCAMENTO,EM_RISCO,TRAIN,SINTETICO
USR000731,20,DF,Brasilia,6248.74,3.72,ALTA,51123.57,1,VIAGEM,SAUDAVEL,TRAIN,SINTETICO
USR000732,23,RS,Pelotas,5107.6,23.49,ALTA,20020.52,2,VIAGEM,SAUDAVEL,TRAIN,SINTETICO
USR000733,45,CE,Juazeiro do Norte,4749.15,42.62,NUNCA,3570.28,2,APOSENTADORIA,EM_RISCO,TRAIN,SINTETICO
USR000734,40,ES,Vila Velha,2456.98,21.45,ALTA,19864.31,1,RESERVA_EMERGENCIA,SAUDAVEL,VALIDATION,SINTETICO
USR000735,48,PR,Maringa,3191.03,1.19,MEDIA,14887.17,2,COMPRAR_IMOVEL,SAUDAVEL,VALIDATION,SINTETICO
USR000736,18,CE,Fortaleza,6700.67,52.78,NUNCA,4567.06,1,QUITAR_DIVIDAS,EM_RISCO,VALIDATION,SINTETICO
USR000737,42,BA,Feira de Santana,5435.46,63.41,BAIXA,1956.54,2,ORGANIZAR_ORCAMENTO,EM_RISCO,TEST,SINTETICO
USR000738,38,PR,Curitiba,7771.25,23.93,MEDIA,8413.59,3,APOSENTADORIA,EM_OBSERVACAO,TEST,SINTETICO
USR000739,37,SC,Blumenau,1638.91,37.38,MEDIA,6047.86,0,COMPRAR_IMOVEL,EM_OBSERVACAO,TEST,SINTETICO
USR000740,38,ES,Vitoria,2672.63,28.72,BAIXA,3052.42,2,RESERVA_EMERGENCIA,EM_OBSERVACAO,TRAIN,SINTETICO
USR000741,33,PE,Recife,13701.46,41.95,BAIXA,6058.88,1,RESERVA_EMERGENCIA,EM_RISCO,TRAIN,SINTETICO
USR000742,42,PR,Curitiba,2768.62,18.23,ALTA,9298.93,0,QUITAR_DIVIDAS,SAUDAVEL,TRAIN,SINTETICO
USR000743,56,DF,Brasilia,2180.79,44.28,MEDIA,3260.73,0,ORGANIZAR_ORCAMENTO,EM_OBSERVACAO,TRAIN,SINTETICO
USR000744,31,CE,Juazeiro do Norte,6856.18,30.72,MEDIA,7987.39,3,ORGANIZAR_ORCAMENTO,EM_OBSERVACAO,TRAIN,SINTETICO
USR000745,44,DF,Brasilia,3439.38,32.7,BAIXA,11278.93,1,RESERVA_EMERGENCIA,EM_OBSERVACAO,TRAIN,SINTETICO
USR000746,45,DF,Brasilia,5311.54,27.93,BAIXA,19813.7,0,APOSENTADORIA,EM_OBSERVACAO,TRAIN,SINTETICO
USR000747,45,DF,Brasilia,1796.59,34.87,BAIXA,7126.92,1,ORGANIZAR_ORCAMENTO,EM_OBSERVACAO,TRAIN,SINTETICO
USR000748,37,DF,Brasilia,2514.11,32.39,MEDIA,1470.49,0,RESERVA_EMERGENCIA,EM_OBSERVACAO,TRAIN,SINTETICO
USR000749,27,RS,Caxias do Sul,7668.98,42.55,MEDIA,7897.69,2,APOSENTADORIA,EM_OBSERVACAO,TRAIN,SINTETICO
USR000750,18,PE,Recife,5051.49,1.85,ALTA,37603.84,0,ORGANIZAR_ORCAMENTO,SAUDAVEL,TRAIN,SINTETICO
USR000751,30,MG,Belo Horizonte,3088.99,9.38,MEDIA,28811.63,1,APOSENTADORIA,SAUDAVEL,TRAIN,SINTETICO
USR000752,45,PR,Maringa,10398.21,45.08,MEDIA,8295.61,1,ORGANIZAR_ORCAMENTO,EM_OBSERVACAO,TRAIN,SINTETICO
USR000753,49,RS,Caxias do Sul,4737.48,27.06,MEDIA,3861.73,1,APOSENTADORIA,EM_OBSERVACAO,TRAIN,SINTETICO
USR000754,37,SP,Sorocaba,7526.12,21.85,MEDIA,66946.2,2,QUITAR_DIVIDAS,SAUDAVEL,VALIDATION,SINTETICO
USR000755,58,BA,Feira de Santana,5375.69,8.66,MEDIA,25823.85,0,COMPRAR_IMOVEL,SAUDAVEL,VALIDATION,SINTETICO
USR000756,27,BA,Feira de Santana,7326.59,8.41,ALTA,57195.41,2,VIAGEM,SAUDAVEL,VALIDATION,SINTETICO
USR000757,35,ES,Vila Velha,3122.44,61.14,NUNCA,2123.73,2,QUITAR_DIVIDAS,EM_RISCO,TEST,SINTETICO
USR000758,48,BA,Salvador,2938.11,15.49,MEDIA,25027.86,1,RESERVA_EMERGENCIA,SAUDAVEL,TEST,SINTETICO
USR000759,43,SP,Sao Paulo,2297.75,71.0,BAIXA,57.42,2,VIAGEM,EM_RISCO,TEST,SINTETICO
USR000760,46,SP,Santos,11801.66,79.51,BAIXA,7219.55,0,RESERVA_EMERGENCIA,EM_RISCO,TRAIN,SINTETICO
USR000761,54,CE,Caucaia,5791.28,36.79,MEDIA,11124.35,0,RESERVA_EMERGENCIA,EM_OBSERVACAO,TRAIN,SINTETICO
USR000762,41,CE,Juazeiro do Norte,3649.98,25.04,MEDIA,7578.75,2,ORGANIZAR_ORCAMENTO,EM_OBSERVACAO,TRAIN,SINTETICO
USR000763,33,DF,Brasilia,2918.86,28.54,BAIXA,5260.45,1,ORGANIZAR_ORCAMENTO,EM_OBSERVACAO,TRAIN,SINTETICO
USR000764,47,RS,Porto Alegre,4085.92,25.4,BAIXA,16323.94,0,RESERVA_EMERGENCIA,EM_OBSERVACAO,TRAIN,SINTETICO
USR000765,31,SP,Sorocaba,4456.23,29.3,MEDIA,9159.55,0,ORGANIZAR_ORCAMENTO,EM_OBSERVACAO,TRAIN,SINTETICO
USR000766,34,SP,Sao Paulo,3415.75,26.08,MEDIA,8040.49,0,QUITAR_DIVIDAS,EM_OBSERVACAO,TRAIN,SINTETICO
USR000767,30,BA,Salvador,4236.57,34.02,MEDIA,4458.45,2,RESERVA_EMERGENCIA,EM_OBSERVACAO,TRAIN,SINTETICO
USR000768,35,GO,Anapolis,3362.76,17.84,MEDIA,16285.7,0,RESERVA_EMERGENCIA,SAUDAVEL,TRAIN,SINTETICO
USR000769,47,ES,Vitoria,3132.08,20.35,ALTA,30444.04,4,VIAGEM,SAUDAVEL,TRAIN,SINTETICO
USR000770,18,ES,Serra,3137.39,22.33,BAIXA,3834.28,1,QUITAR_DIVIDAS,EM_OBSERVACAO,TRAIN,SINTETICO
USR000771,38,RJ,Rio de Janeiro,8669.46,2.63,ALTA,34419.62,0,COMPRAR_IMOVEL,SAUDAVEL,TRAIN,SINTETICO
USR000772,45,RJ,Duque de Caxias,2196.21,18.65,MEDIA,9445.94,1,ORGANIZAR_ORCAMENTO,SAUDAVEL,TRAIN,SINTETICO
USR000773,25,GO,Anapolis,2833.56,81.45,BAIXA,2767.88,3,QUITAR_DIVIDAS,EM_RISCO,TRAIN,SINTETICO
USR000774,37,RJ,Rio de Janeiro,1821.39,30.71,BAIXA,2061.06,1,COMPRAR_IMOVEL,EM_OBSERVACAO,VALIDATION,SINTETICO
USR000775,20,RJ,Duque de Caxias,1840.05,17.54,MEDIA,16686.48,2,APOSENTADORIA,SAUDAVEL,VALIDATION,SINTETICO
USR000776,31,SC,Florianopolis,4693.58,39.98,BAIXA,4488.22,1,RESERVA_EMERGENCIA,EM_RISCO,VALIDATION,SINTETICO
USR000777,33,DF,Brasilia,9820.11,48.72,BAIXA,6833.82,2,VIAGEM,EM_RISCO,TEST,SINTETICO
USR000778,31,SP,Sorocaba,6300.32,44.61,MEDIA,3814.56,0,APOSENTADORIA,EM_OBSERVACAO,TEST,SINTETICO
USR000779,29,PE,Recife,4504.54,15.2,ALTA,30628.19,3,RESERVA_EMERGENCIA,SAUDAVEL,TEST,SINTETICO
USR000780,45,RJ,Niteroi,4014.97,6.3,ALTA,35713.54,0,COMPRAR_IMOVEL,SAUDAVEL,TRAIN,SINTETICO
USR000781,57,MG,Juiz de Fora,6888.85,63.21,NUNCA,3377.25,0,COMPRAR_IMOVEL,EM_RISCO,TRAIN,SINTETICO
USR000782,40,SP,Campinas,1818.17,23.23,MEDIA,6114.15,1,RESERVA_EMERGENCIA,EM_OBSERVACAO,TRAIN,SINTETICO
USR000783,45,PR,Maringa,2506.82,17.12,MEDIA,17589.32,1,ORGANIZAR_ORCAMENTO,SAUDAVEL,TRAIN,SINTETICO
USR000784,38,CE,Caucaia,3819.46,46.63,MEDIA,8086.91,1,VIAGEM,EM_OBSERVACAO,TRAIN,SINTETICO
USR000785,20,RS,Caxias do Sul,2446.46,22.89,MEDIA,2096.07,2,VIAGEM,EM_OBSERVACAO,TRAIN,SINTETICO
USR000786,25,ES,Cariacica,3065.71,8.63,ALTA,17449.98,1,RESERVA_EMERGENCIA,SAUDAVEL,TRAIN,SINTETICO
USR000787,37,SC,Blumenau,2895.95,55.22,BAIXA,2689.19,0,QUITAR_DIVIDAS,EM_RISCO,TRAIN,SINTETICO
USR000788,47,RS,Pelotas,6672.81,45.61,MEDIA,21287.19,1,VIAGEM,EM_OBSERVACAO,TRAIN,SINTETICO
USR000789,45,RS,Porto Alegre,3927.64,40.26,MEDIA,8665.29,0,APOSENTADORIA,EM_OBSERVACAO,TRAIN,SINTETICO
USR000790,46,PE,Recife,6598.18,46.67,BAIXA,6412.86,3,VIAGEM,EM_RISCO,TRAIN,SINTETICO
USR000791,39,DF,Brasilia,4368.9,46.3,BAIXA,16323.26,1,VIAGEM,EM_OBSERVACAO,TRAIN,SINTETICO
USR000792,42,BA,Salvador,5345.49,23.71,ALTA,31402.15,2,COMPRAR_IMOVEL,SAUDAVEL,TRAIN,SINTETICO
USR000793,40,CE,Fortaleza,2333.78,22.19,MEDIA,3799.28,1,QUITAR_DIVIDAS,EM_OBSERVACAO,TRAIN,SINTETICO
USR000794,41,SP,Sorocaba,5037.09,43.95,MEDIA,3187.49,1,APOSENTADORIA,EM_OBSERVACAO,VALIDATION,SINTETICO
USR000795,33,CE,Fortaleza,4668.91,39.26,BAIXA,2433.17,0,APOSENTADORIA,EM_OBSERVACAO,VALIDATION,SINTETICO
USR000796,18,SC,Blumenau,4097.02,24.03,BAIXA,2087.18,0,QUITAR_DIVIDAS,EM_OBSERVACAO,VALIDATION,SINTETICO
USR000797,36,BA,Feira de Santana,3457.65,27.16,MEDIA,2638.64,4,RESERVA_EMERGENCIA,EM_OBSERVACAO,TEST,SINTETICO
USR000798,34,DF,Brasilia,16343.66,60.93,NUNCA,8623.25,0,VIAGEM,EM_RISCO,TEST,SINTETICO
USR000799,38,DF,Brasilia,3179.1,16.77,ALTA,18401.8,0,ORGANIZAR_ORCAMENTO,SAUDAVEL,TEST,SINTETICO
USR000800,33,PE,Recife,1530.49,26.33,BAIXA,3484.31,3,QUITAR_DIVIDAS,EM_OBSERVACAO,TRAIN,SINTETICO
USR000801,27,GO,Anapolis,7210.17,2.98,ALTA,35830.64,0,VIAGEM,SAUDAVEL,TRAIN,SINTETICO
USR000802,27,GO,Aparecida de Goiania,3603.34,31.8,BAIXA,9766.67,3,RESERVA_EMERGENCIA,EM_OBSERVACAO,TRAIN,SINTETICO
USR000803,37,RJ,Duque de Caxias,3013.23,19.38,BAIXA,5340.07,1,RESERVA_EMERGENCIA,EM_OBSERVACAO,TRAIN,SINTETICO
USR000804,63,DF,Brasilia,2870.05,75.8,BAIXA,2267.29,0,ORGANIZAR_ORCAMENTO,EM_RISCO,TRAIN,SINTETICO
USR000805,43,PE,Olinda,2846.62,73.71,NUNCA,2573.49,0,RESERVA_EMERGENCIA,EM_RISCO,TRAIN,SINTETICO
USR000806,39,GO,Anapolis,3174.62,35.36,MEDIA,11980.5,2,APOSENTADORIA,EM_OBSERVACAO,TRAIN,SINTETICO
USR000807,26,ES,Vila Velha,4336.3,2.57,ALTA,39137.9,2,ORGANIZAR_ORCAMENTO,SAUDAVEL,TRAIN,SINTETICO
USR000808,30,BA,Feira de Santana,7065.25,11.68,ALTA,50315.09,0,APOSENTADORIA,SAUDAVEL,TRAIN,SINTETICO
USR000809,53,MG,Juiz de Fora,3548.75,40.53,MEDIA,7704.86,2,APOSENTADORIA,EM_OBSERVACAO,TRAIN,SINTETICO
USR000810,35,PE,Jaboatao,3465.19,32.29,BAIXA,3358.15,0,APOSENTADORIA,EM_OBSERVACAO,TRAIN,SINTETICO
USR000811,20,CE,Fortaleza,5897.82,12.28,MEDIA,49211.19,1,RESERVA_EMERGENCIA,SAUDAVEL,TRAIN,SINTETICO
USR000812,33,RJ,Niteroi,7235.71,46.32,BAIXA,19401.19,1,RESERVA_EMERGENCIA,EM_OBSERVACAO,TRAIN,SINTETICO
USR000813,39,PR,Maringa,5757.96,0.41,ALTA,27486.07,1,APOSENTADORIA,SAUDAVEL,TRAIN,SINTETICO
USR000814,31,PE,Jaboatao,2753.66,15.5,ALTA,13537.14,2,VIAGEM,SAUDAVEL,VALIDATION,SINTETICO
USR000815,35,BA,Salvador,5047.76,21.56,MEDIA,9040.9,3,QUITAR_DIVIDAS,EM_OBSERVACAO,VALIDATION,SINTETICO
USR000816,38,SP,Sao Paulo,6876.16,26.61,MEDIA,12013.47,0,RESERVA_EMERGENCIA,EM_OBSERVACAO,VALIDATION,SINTETICO
USR000817,35,SC,Joinville,3541.84,19.99,ALTA,23252.82,2,VIAGEM,SAUDAVEL,TEST,SINTETICO
USR000818,27,DF,Brasilia,6665.81,43.74,MEDIA,8160.32,1,RESERVA_EMERGENCIA,EM_OBSERVACAO,TEST,SINTETICO
USR000819,57,DF,Brasilia,4657.11,2.3,ALTA,25929.48,0,QUITAR_DIVIDAS,SAUDAVEL,TEST,SINTETICO
USR000820,23,MG,Belo Horizonte,11098.11,34.86,MEDIA,28719.02,3,VIAGEM,EM_OBSERVACAO,TRAIN,SINTETICO
USR000821,40,MG,Juiz de Fora,3454.87,0.61,ALTA,18076.15,2,RESERVA_EMERGENCIA,SAUDAVEL,TRAIN,SINTETICO
USR000822,34,RS,Pelotas,6602.46,28.86,MEDIA,11836.99,0,QUITAR_DIVIDAS,EM_OBSERVACAO,TRAIN,SINTETICO
USR000823,22,PE,Jaboatao,4851.44,24.69,BAIXA,4128.55,3,ORGANIZAR_ORCAMENTO,EM_OBSERVACAO,TRAIN,SINTETICO
USR000824,19,ES,Vila Velha,5396.68,62.07,BAIXA,3765.19,2,VIAGEM,EM_RISCO,TRAIN,SINTETICO
USR000825,18,ES,Cariacica,5831.95,6.81,ALTA,28210.67,4,COMPRAR_IMOVEL,SAUDAVEL,TRAIN,SINTETICO
USR000826,39,PE,Olinda,2531.27,19.59,MEDIA,9702.05,1,ORGANIZAR_ORCAMENTO,EM_OBSERVACAO,TRAIN,SINTETICO
USR000827,28,CE,Fortaleza,9298.22,7.48,MEDIA,33537.94,0,QUITAR_DIVIDAS,SAUDAVEL,TRAIN,SINTETICO
USR000828,44,GO,Goiania,16139.77,3.31,MEDIA,94429.24,0,RESERVA_EMERGENCIA,SAUDAVEL,TRAIN,SINTETICO
USR000829,58,SP,Sorocaba,1444.81,33.18,MEDIA,1715.55,0,COMPRAR_IMOVEL,EM_OBSERVACAO,TRAIN,SINTETICO
USR000830,39,DF,Brasilia,3159.33,23.07,ALTA,15170.57,1,COMPRAR_IMOVEL,SAUDAVEL,TRAIN,SINTETICO
USR000831,54,MG,Juiz de Fora,5266.77,19.39,ALTA,17438.6,2,RESERVA_EMERGENCIA,SAUDAVEL,TRAIN,SINTETICO
USR000832,26,PR,Maringa,2494.26,29.22,MEDIA,5190.36,0,QUITAR_DIVIDAS,EM_OBSERVACAO,TRAIN,SINTETICO
USR000833,36,PE,Recife,6159.58,78.13,BAIXA,5053.09,0,QUITAR_DIVIDAS,EM_RISCO,TRAIN,SINTETICO
USR000834,25,ES,Cariacica,2306.93,12.69,ALTA,7488.93,0,APOSENTADORIA,SAUDAVEL,VALIDATION,SINTETICO
USR000835,18,SC,Florianopolis,7353.84,5.62,ALTA,48641.63,1,QUITAR_DIVIDAS,SAUDAVEL,VALIDATION,SINTETICO
USR000836,40,GO,Goiania,2499.35,12.19,ALTA,11739.21,2,ORGANIZAR_ORCAMENTO,SAUDAVEL,VALIDATION,SINTETICO
USR000837,70,PE,Jaboatao,6854.23,25.21,MEDIA,15473.48,2,QUITAR_DIVIDAS,EM_OBSERVACAO,TEST,SINTETICO
USR000838,19,RS,Porto Alegre,6745.42,32.68,MEDIA,9250.33,0,VIAGEM,EM_OBSERVACAO,TEST,SINTETICO
USR000839,49,GO,Aparecida de Goiania,10852.29,21.8,BAIXA,33621.75,0,APOSENTADORIA,EM_OBSERVACAO,TEST,SINTETICO
USR000840,51,ES,Vila Velha,2233.23,38.44,MEDIA,4488.11,2,ORGANIZAR_ORCAMENTO,EM_OBSERVACAO,TRAIN,SINTETICO
USR000841,44,MG,Belo Horizonte,2841.51,12.73,ALTA,24605.02,0,VIAGEM,SAUDAVEL,TRAIN,SINTETICO
USR000842,45,CE,Caucaia,3076.29,38.94,MEDIA,9876.46,1,VIAGEM,EM_OBSERVACAO,TRAIN,SINTETICO
USR000843,49,SP,Campinas,1526.82,49.38,BAIXA,262.93,3,APOSENTADORIA,EM_RISCO,TRAIN,SINTETICO
USR000844,47,PE,Jaboatao,2718.4,14.56,MEDIA,8162.62,4,ORGANIZAR_ORCAMENTO,SAUDAVEL,TRAIN,SINTETICO
USR000845,37,ES,Cariacica,2651.2,78.0,BAIXA,1111.31,2,ORGANIZAR_ORCAMENTO,EM_RISCO,TRAIN,SINTETICO
USR000846,34,MG,Uberlandia,11900.59,25.6,MEDIA,23381.27,2,COMPRAR_IMOVEL,EM_OBSERVACAO,TRAIN,SINTETICO
USR000847,55,BA,Feira de Santana,5120.1,16.76,ALTA,15720.4,0,QUITAR_DIVIDAS,SAUDAVEL,TRAIN,SINTETICO
USR000848,55,DF,Brasilia,4560.96,67.78,BAIXA,3535.66,1,VIAGEM,EM_RISCO,TRAIN,SINTETICO
USR000849,38,DF,Brasilia,9219.38,20.84,MEDIA,34313.12,0,ORGANIZAR_ORCAMENTO,EM_OBSERVACAO,TRAIN,SINTETICO
USR000850,26,CE,Fortaleza,5518.87,35.36,MEDIA,6036.01,2,COMPRAR_IMOVEL,EM_OBSERVACAO,TRAIN,SINTETICO
USR000851,46,DF,Brasilia,4027.84,4.97,MEDIA,22633.61,1,QUITAR_DIVIDAS,SAUDAVEL,TRAIN,SINTETICO
USR000852,50,BA,Feira de Santana,9771.82,42.7,BAIXA,16027.27,1,VIAGEM,EM_OBSERVACAO,TRAIN,SINTETICO
USR000853,31,SC,Joinville,1453.11,38.06,NUNCA,1268.75,3,ORGANIZAR_ORCAMENTO,EM_RISCO,TRAIN,SINTETICO
USR000854,19,RS,Pelotas,7601.0,18.64,BAIXA,14238.37,0,COMPRAR_IMOVEL,EM_OBSERVACAO,VALIDATION,SINTETICO
USR000855,31,BA,Salvador,3363.27,20.01,ALTA,19251.64,3,ORGANIZAR_ORCAMENTO,SAUDAVEL,VALIDATION,SINTETICO
USR000856,51,CE,Fortaleza,5999.57,41.79,MEDIA,17252.26,1,VIAGEM,EM_OBSERVACAO,VALIDATION,SINTETICO
USR000857,42,CE,Fortaleza,5476.38,44.82,MEDIA,7100.07,2,APOSENTADORIA,EM_OBSERVACAO,TEST,SINTETICO
USR000858,58,CE,Juazeiro do Norte,4801.58,43.78,MEDIA,10076.15,1,QUITAR_DIVIDAS,EM_OBSERVACAO,TEST,SINTETICO
USR000859,33,GO,Aparecida de Goiania,3159.03,31.06,MEDIA,11481.28,1,QUITAR_DIVIDAS,EM_OBSERVACAO,TEST,SINTETICO
USR000860,47,SC,Blumenau,6227.99,28.86,BAIXA,20436.03,0,VIAGEM,EM_OBSERVACAO,TRAIN,SINTETICO
USR000861,35,BA,Salvador,3657.6,44.04,MEDIA,9164.03,0,RESERVA_EMERGENCIA,EM_OBSERVACAO,TRAIN,SINTETICO
USR000862,50,DF,Brasilia,2549.11,40.33,NUNCA,322.65,2,ORGANIZAR_ORCAMENTO,EM_RISCO,TRAIN,SINTETICO
USR000863,32,PR,Maringa,10984.99,78.91,NUNCA,837.49,0,ORGANIZAR_ORCAMENTO,EM_RISCO,TRAIN,SINTETICO
USR000864,41,SC,Joinville,6398.06,40.15,MEDIA,22233.07,0,VIAGEM,EM_OBSERVACAO,TRAIN,SINTETICO
USR000865,33,BA,Salvador,2709.21,17.75,ALTA,20782.64,2,ORGANIZAR_ORCAMENTO,SAUDAVEL,TRAIN,SINTETICO
USR000866,26,CE,Fortaleza,6270.94,6.93,ALTA,48049.96,2,APOSENTADORIA,SAUDAVEL,TRAIN,SINTETICO
USR000867,35,GO,Aparecida de Goiania,6400.82,20.73,ALTA,33875.75,3,APOSENTADORIA,SAUDAVEL,TRAIN,SINTETICO
USR000868,52,PE,Recife,5331.02,28.13,MEDIA,12866.88,1,ORGANIZAR_ORCAMENTO,EM_OBSERVACAO,TRAIN,SINTETICO
USR000869,32,DF,Brasilia,8266.55,46.55,MEDIA,31765.17,3,ORGANIZAR_ORCAMENTO,EM_OBSERVACAO,TRAIN,SINTETICO
USR000870,49,DF,Brasilia,3432.05,45.97,MEDIA,5799.63,2,QUITAR_DIVIDAS,EM_OBSERVACAO,TRAIN,SINTETICO
USR000871,52,RS,Porto Alegre,3718.97,14.39,ALTA,15971.51,4,RESERVA_EMERGENCIA,SAUDAVEL,TRAIN,SINTETICO
USR000872,40,SC,Blumenau,3688.06,80.59,NUNCA,789.91,0,ORGANIZAR_ORCAMENTO,EM_RISCO,TRAIN,SINTETICO
USR000873,33,SP,Santos,4719.8,8.52,MEDIA,22504.63,2,ORGANIZAR_ORCAMENTO,SAUDAVEL,TRAIN,SINTETICO
USR000874,48,PR,Maringa,4684.53,66.17,BAIXA,3975.84,2,ORGANIZAR_ORCAMENTO,EM_RISCO,VALIDATION,SINTETICO
USR000875,37,RS,Pelotas,2524.44,73.62,BAIXA,1541.71,2,QUITAR_DIVIDAS,EM_RISCO,VALIDATION,SINTETICO
USR000876,58,PE,Olinda,5120.82,33.8,BAIXA,10566.59,3,COMPRAR_IMOVEL,EM_OBSERVACAO,VALIDATION,SINTETICO
USR000877,31,RJ,Niteroi,13633.52,23.42,ALTA,130121.81,0,ORGANIZAR_ORCAMENTO,SAUDAVEL,TEST,SINTETICO
USR000878,53,ES,Serra,3823.16,39.79,MEDIA,12352.3,1,APOSENTADORIA,EM_OBSERVACAO,TEST,SINTETICO
USR000879,25,PE,Olinda,8203.48,21.76,MEDIA,17387.57,1,VIAGEM,EM_OBSERVACAO,TEST,SINTETICO
USR000880,51,PE,Olinda,5393.69,44.25,MEDIA,6912.73,2,RESERVA_EMERGENCIA,EM_OBSERVACAO,TRAIN,SINTETICO
USR000881,40,RJ,Niteroi,3187.76,8.86,ALTA,13957.03,0,QUITAR_DIVIDAS,SAUDAVEL,TRAIN,SINTETICO
USR000882,43,SP,Sorocaba,15634.22,36.8,MEDIA,18649.24,1,RESERVA_EMERGENCIA,EM_OBSERVACAO,TRAIN,SINTETICO
USR000883,51,BA,Salvador,5532.88,81.87,BAIXA,151.98,0,RESERVA_EMERGENCIA,EM_RISCO,TRAIN,SINTETICO
USR000884,56,MG,Belo Horizonte,2727.1,43.1,MEDIA,5066.51,0,QUITAR_DIVIDAS,EM_OBSERVACAO,TRAIN,SINTETICO
USR000885,38,DF,Brasilia,3372.58,35.61,MEDIA,2875.26,3,VIAGEM,EM_OBSERVACAO,TRAIN,SINTETICO
USR000886,46,CE,Caucaia,4840.46,45.04,NUNCA,738.29,0,RESERVA_EMERGENCIA,EM_RISCO,TRAIN,SINTETICO
USR000887,42,RJ,Rio de Janeiro,2904.81,43.54,MEDIA,10602.02,1,ORGANIZAR_ORCAMENTO,EM_OBSERVACAO,TRAIN,SINTETICO
USR000888,32,RS,Caxias do Sul,4322.11,10.12,ALTA,37510.19,3,VIAGEM,SAUDAVEL,TRAIN,SINTETICO
USR000889,35,CE,Caucaia,4402.26,47.72,MEDIA,9204.94,1,APOSENTADORIA,EM_OBSERVACAO,TRAIN,SINTETICO
USR000890,44,SC,Joinville,5174.92,47.48,MEDIA,13969.4,4,RESERVA_EMERGENCIA,EM_OBSERVACAO,TRAIN,SINTETICO
USR000891,33,BA,Salvador,2301.67,69.39,BAIXA,901.48,2,RESERVA_EMERGENCIA,EM_RISCO,TRAIN,SINTETICO
USR000892,43,SC,Joinville,6109.49,43.84,MEDIA,21562.52,0,COMPRAR_IMOVEL,EM_OBSERVACAO,TRAIN,SINTETICO
USR000893,38,DF,Brasilia,2983.47,19.72,ALTA,13909.27,0,RESERVA_EMERGENCIA,SAUDAVEL,TRAIN,SINTETICO
USR000894,49,MG,Uberlandia,4931.09,23.88,MEDIA,13493.03,1,COMPRAR_IMOVEL,EM_OBSERVACAO,VALIDATION,SINTETICO
USR000895,38,MG,Belo Horizonte,1936.43,32.2,MEDIA,7498.68,0,QUITAR_DIVIDAS,EM_OBSERVACAO,VALIDATION,SINTETICO
USR000896,48,SP,Campinas,2081.13,36.44,MEDIA,3851.22,2,QUITAR_DIVIDAS,EM_OBSERVACAO,VALIDATION,SINTETICO
USR000897,34,SP,Santos,3397.92,30.25,BAIXA,13473.54,0,COMPRAR_IMOVEL,EM_OBSERVACAO,TEST,SINTETICO
USR000898,23,RJ,Duque de Caxias,5916.79,39.02,MEDIA,11769.4,1,VIAGEM,EM_OBSERVACAO,TEST,SINTETICO
USR000899,45,MG,Juiz de Fora,4646.15,6.78,MEDIA,42825.2,1,QUITAR_DIVIDAS,SAUDAVEL,TEST,SINTETICO
USR000900,52,RJ,Niteroi,3585.48,4.39,ALTA,24879.22,0,VIAGEM,SAUDAVEL,TRAIN,SINTETICO
USR000901,46,GO,Goiania,16232.56,28.73,MEDIA,64876.04,0,APOSENTADORIA,EM_OBSERVACAO,TRAIN,SINTETICO
USR000902,24,SC,Blumenau,4871.39,22.53,MEDIA,15950.35,1,QUITAR_DIVIDAS,EM_OBSERVACAO,TRAIN,SINTETICO
USR000903,47,DF,Brasilia,6738.94,19.75,BAIXA,23206.61,3,APOSENTADORIA,EM_OBSERVACAO,TRAIN,SINTETICO
USR000904,38,RS,Caxias do Sul,5523.75,75.41,BAIXA,4417.17,4,APOSENTADORIA,EM_RISCO,TRAIN,SINTETICO
USR000905,40,DF,Brasilia,4788.41,18.02,ALTA,40434.16,0,QUITAR_DIVIDAS,SAUDAVEL,TRAIN,SINTETICO
USR000906,39,RS,Caxias do Sul,2962.14,2.32,MEDIA,17033.6,0,QUITAR_DIVIDAS,SAUDAVEL,TRAIN,SINTETICO
USR000907,42,CE,Fortaleza,2557.49,24.06,BAIXA,1279.09,1,VIAGEM,EM_OBSERVACAO,TRAIN,SINTETICO
USR000908,39,SC,Blumenau,4366.66,29.12,MEDIA,10481.62,2,VIAGEM,EM_OBSERVACAO,TRAIN,SINTETICO
USR000909,29,ES,Vila Velha,3286.87,9.64,ALTA,11092.71,0,QUITAR_DIVIDAS,SAUDAVEL,TRAIN,SINTETICO
USR000910,43,DF,Brasilia,2871.35,36.84,BAIXA,8930.67,0,VIAGEM,EM_OBSERVACAO,TRAIN,SINTETICO
USR000911,25,CE,Juazeiro do Norte,3558.53,21.86,ALTA,12730.3,0,APOSENTADORIA,SAUDAVEL,TRAIN,SINTETICO
USR000912,39,SC,Florianopolis,4994.96,20.87,MEDIA,16242.78,1,ORGANIZAR_ORCAMENTO,EM_OBSERVACAO,TRAIN,SINTETICO
USR000913,25,ES,Vitoria,5415.01,45.65,MEDIA,8174.88,1,ORGANIZAR_ORCAMENTO,EM_OBSERVACAO,TRAIN,SINTETICO
USR000914,42,PE,Olinda,5284.53,17.07,ALTA,18767.91,0,APOSENTADORIA,SAUDAVEL,VALIDATION,SINTETICO
USR000915,30,GO,Aparecida de Goiania,6984.6,35.91,BAIXA,16423.85,2,RESERVA_EMERGENCIA,EM_OBSERVACAO,VALIDATION,SINTETICO
USR000916,34,PR,Curitiba,7087.06,15.24,ALTA,44998.01,1,VIAGEM,SAUDAVEL,VALIDATION,SINTETICO
USR000917,39,PE,Jaboatao,3249.71,31.4,MEDIA,4452.88,2,VIAGEM,EM_OBSERVACAO,TEST,SINTETICO
USR000918,48,BA,Salvador,2811.13,29.15,MEDIA,5946.84,0,APOSENTADORIA,EM_OBSERVACAO,TEST,SINTETICO
USR000919,37,BA,Salvador,4332.64,14.54,ALTA,33777.53,3,ORGANIZAR_ORCAMENTO,SAUDAVEL,TEST,SINTETICO
USR000920,26,GO,Aparecida de Goiania,4184.92,2.13,ALTA,29614.93,3,ORGANIZAR_ORCAMENTO,SAUDAVEL,TRAIN,SINTETICO
USR000921,37,BA,Vitoria da Conquista,6659.52,67.53,BAIXA,2248.84,0,ORGANIZAR_ORCAMENTO,EM_RISCO,TRAIN,SINTETICO
USR000922,38,MG,Uberlandia,2885.34,41.12,NUNCA,738.84,0,QUITAR_DIVIDAS,EM_RISCO,TRAIN,SINTETICO
USR000923,46,PE,Jaboatao,6877.98,73.6,BAIXA,6089.7,1,RESERVA_EMERGENCIA,EM_RISCO,TRAIN,SINTETICO
USR000924,24,MG,Belo Horizonte,3780.74,23.54,BAIXA,5444.63,0,VIAGEM,EM_OBSERVACAO,TRAIN,SINTETICO
USR000925,20,SC,Blumenau,7165.81,58.76,BAIXA,241.22,0,QUITAR_DIVIDAS,EM_RISCO,TRAIN,SINTETICO
USR000926,40,PE,Olinda,10519.72,23.77,ALTA,70641.31,3,QUITAR_DIVIDAS,SAUDAVEL,TRAIN,SINTETICO
USR000927,38,ES,Vitoria,12500.15,10.33,ALTA,99890.89,2,VIAGEM,SAUDAVEL,TRAIN,SINTETICO
USR000928,40,PR,Londrina,1702.9,2.93,ALTA,13745.49,0,RESERVA_EMERGENCIA,SAUDAVEL,TRAIN,SINTETICO
USR000929,29,SC,Blumenau,6395.68,37.78,MEDIA,7469.36,0,RESERVA_EMERGENCIA,EM_OBSERVACAO,TRAIN,SINTETICO
USR000930,56,ES,Cariacica,5509.5,43.35,MEDIA,7562.01,1,RESERVA_EMERGENCIA,EM_OBSERVACAO,TRAIN,SINTETICO
USR000931,25,SP,Sorocaba,13246.44,55.91,NUNCA,9463.75,1,ORGANIZAR_ORCAMENTO,EM_RISCO,TRAIN,SINTETICO
USR000932,38,RS,Pelotas,5095.91,69.3,BAIXA,409.72,1,ORGANIZAR_ORCAMENTO,EM_RISCO,TRAIN,SINTETICO
USR000933,70,RS,Pelotas,2912.35,26.43,MEDIA,9942.28,1,RESERVA_EMERGENCIA,EM_OBSERVACAO,TRAIN,SINTETICO
USR000934,50,SC,Florianopolis,5952.7,68.12,NUNCA,1130.43,1,VIAGEM,EM_RISCO,VALIDATION,SINTETICO
USR000935,31,SC,Blumenau,9473.98,24.85,BAIXA,29252.7,1,ORGANIZAR_ORCAMENTO,EM_OBSERVACAO,VALIDATION,SINTETICO
USR000936,36,ES,Vila Velha,6109.14,49.23,NUNCA,3489.35,2,COMPRAR_IMOVEL,EM_RISCO,VALIDATION,SINTETICO
USR000937,24,MG,Belo Horizonte,8417.44,31.02,BAIXA,31005.43,4,APOSENTADORIA,EM_OBSERVACAO,TEST,SINTETICO
USR000938,40,PE,Recife,5189.95,63.53,NUNCA,4354.18,1,APOSENTADORIA,EM_RISCO,TEST,SINTETICO
USR000939,18,SC,Blumenau,3381.16,22.74,ALTA,26521.57,3,VIAGEM,SAUDAVEL,TEST,SINTETICO
USR000940,45,CE,Caucaia,6254.66,73.63,BAIXA,3226.07,2,COMPRAR_IMOVEL,EM_RISCO,TRAIN,SINTETICO
USR000941,18,RS,Caxias do Sul,2847.75,16.38,MEDIA,15482.36,2,RESERVA_EMERGENCIA,SAUDAVEL,TRAIN,SINTETICO
USR000942,35,GO,Anapolis,8348.95,59.38,NUNCA,4280.21,3,RESERVA_EMERGENCIA,EM_RISCO,TRAIN,SINTETICO
USR000943,19,SC,Blumenau,2816.42,21.12,ALTA,24298.16,2,APOSENTADORIA,SAUDAVEL,TRAIN,SINTETICO
USR000944,42,PR,Londrina,8985.93,38.27,BAIXA,20547.92,0,QUITAR_DIVIDAS,EM_OBSERVACAO,TRAIN,SINTETICO
USR000945,38,BA,Feira de Santana,2063.46,5.51,MEDIA,8945.51,1,QUITAR_DIVIDAS,SAUDAVEL,TRAIN,SINTETICO
USR000946,26,BA,Salvador,2881.43,1.76,ALTA,17218.64,0,RESERVA_EMERGENCIA,SAUDAVEL,TRAIN,SINTETICO
USR000947,28,PR,Maringa,5899.39,35.68,BAIXA,13018.9,1,APOSENTADORIA,EM_OBSERVACAO,TRAIN,SINTETICO
USR000948,41,DF,Brasilia,5196.33,11.05,MEDIA,21740.09,0,RESERVA_EMERGENCIA,SAUDAVEL,TRAIN,SINTETICO
USR000949,37,RJ,Niteroi,3632.4,29.59,MEDIA,4200.47,0,RESERVA_EMERGENCIA,EM_OBSERVACAO,TRAIN,SINTETICO
USR000950,23,CE,Caucaia,8371.08,24.01,BAIXA,21552.47,3,ORGANIZAR_ORCAMENTO,EM_OBSERVACAO,TRAIN,SINTETICO
USR000951,26,RJ,Rio de Janeiro,3185.81,27.28,BAIXA,8460.45,0,APOSENTADORIA,EM_OBSERVACAO,TRAIN,SINTETICO
USR000952,42,MG,Belo Horizonte,4825.71,26.8,MEDIA,14612.09,4,COMPRAR_IMOVEL,EM_OBSERVACAO,TRAIN,SINTETICO
USR000953,36,RS,Pelotas,10615.04,27.75,BAIXA,37551.02,1,VIAGEM,EM_OBSERVACAO,TRAIN,SINTETICO
USR000954,66,MG,Juiz de Fora,2644.2,17.89,MEDIA,14908.76,1,VIAGEM,SAUDAVEL,VALIDATION,SINTETICO
USR000955,47,RJ,Niteroi,6696.55,0.29,ALTA,46421.58,2,RESERVA_EMERGENCIA,SAUDAVEL,VALIDATION,SINTETICO
USR000956,27,DF,Brasilia,6805.25,45.72,MEDIA,11060.32,0,APOSENTADORIA,EM_OBSERVACAO,VALIDATION,SINTETICO
USR000957,27,RS,Caxias do Sul,3938.28,13.22,ALTA,14290.41,0,COMPRAR_IMOVEL,SAUDAVEL,TEST,SINTETICO
USR000958,50,BA,Vitoria da Conquista,3966.77,10.39,ALTA,17496.8,0,ORGANIZAR_ORCAMENTO,SAUDAVEL,TEST,SINTETICO
USR000959,41,DF,Brasilia,4912.24,46.83,BAIXA,17426.35,0,RESERVA_EMERGENCIA,EM_OBSERVACAO,TEST,SINTETICO
USR000960,38,CE,Fortaleza,2617.28,0.1,ALTA,9529.97,1,RESERVA_EMERGENCIA,SAUDAVEL,TRAIN,SINTETICO
USR000961,28,SC,Joinville,15558.86,20.47,MEDIA,53979.14,2,VIAGEM,EM_OBSERVACAO,TRAIN,SINTETICO
USR000962,43,RS,Porto Alegre,5746.14,5.48,MEDIA,24023.18,0,ORGANIZAR_ORCAMENTO,SAUDAVEL,TRAIN,SINTETICO
USR000963,32,CE,Fortaleza,4489.48,0.15,MEDIA,17688.3,0,VIAGEM,SAUDAVEL,TRAIN,SINTETICO
USR000964,28,BA,Feira de Santana,7383.63,2.65,MEDIA,69435.47,2,ORGANIZAR_ORCAMENTO,SAUDAVEL,TRAIN,SINTETICO
USR000965,47,PE,Recife,5442.63,33.24,BAIXA,17876.68,1,ORGANIZAR_ORCAMENTO,EM_OBSERVACAO,TRAIN,SINTETICO
USR000966,41,RJ,Duque de Caxias,1876.35,38.73,MEDIA,4546.99,2,QUITAR_DIVIDAS,EM_OBSERVACAO,TRAIN,SINTETICO
USR000967,27,SP,Santos,7599.8,39.73,BAIXA,28418.86,2,APOSENTADORIA,EM_OBSERVACAO,TRAIN,SINTETICO
USR000968,24,GO,Anapolis,5854.42,43.46,MEDIA,8934.34,0,COMPRAR_IMOVEL,EM_OBSERVACAO,TRAIN,SINTETICO
USR000969,41,RJ,Rio de Janeiro,5882.27,41.37,MEDIA,6229.55,2,QUITAR_DIVIDAS,EM_OBSERVACAO,TRAIN,SINTETICO
USR000970,32,PR,Londrina,6164.84,25.68,BAIXA,4704.61,1,ORGANIZAR_ORCAMENTO,EM_OBSERVACAO,TRAIN,SINTETICO
USR000971,18,CE,Fortaleza,4469.82,20.72,ALTA,17865.89,2,ORGANIZAR_ORCAMENTO,SAUDAVEL,TRAIN,SINTETICO
USR000972,43,RJ,Rio de Janeiro,3468.14,10.49,MEDIA,22604.99,3,COMPRAR_IMOVEL,SAUDAVEL,TRAIN,SINTETICO
USR000973,40,SP,Sao Paulo,2622.78,41.17,NUNCA,1657.13,1,VIAGEM,EM_RISCO,TRAIN,SINTETICO
USR000974,27,GO,Aparecida de Goiania,10561.11,39.9,BAIXA,21868.26,0,RESERVA_EMERGENCIA,EM_OBSERVACAO,VALIDATION,SINTETICO
USR000975,44,SP,Sorocaba,15325.22,78.05,BAIXA,6602.17,0,ORGANIZAR_ORCAMENTO,EM_RISCO,VALIDATION,SINTETICO
USR000976,49,RJ,Duque de Caxias,5868.68,3.69,ALTA,19952.71,0,RESERVA_EMERGENCIA,SAUDAVEL,VALIDATION,SINTETICO
USR000977,35,CE,Fortaleza,5603.49,64.87,BAIXA,5416.57,2,RESERVA_EMERGENCIA,EM_RISCO,TEST,SINTETICO
USR000978,52,PE,Olinda,3807.05,4.57,ALTA,14135.96,0,ORGANIZAR_ORCAMENTO,SAUDAVEL,TEST,SINTETICO
USR000979,46,BA,Feira de Santana,5040.6,21.63,BAIXA,17459.06,2,APOSENTADORIA,EM_OBSERVACAO,TEST,SINTETICO
USR000980,29,SP,Sorocaba,4084.05,45.46,MEDIA,13829.57,1,VIAGEM,EM_OBSERVACAO,TRAIN,SINTETICO
USR000981,35,RS,Caxias do Sul,7373.03,26.83,MEDIA,23086.02,1,COMPRAR_IMOVEL,EM_OBSERVACAO,TRAIN,SINTETICO
USR000982,33,DF,Brasilia,9569.15,31.56,BAIXA,17054.83,3,COMPRAR_IMOVEL,EM_OBSERVACAO,TRAIN,SINTETICO
USR000983,45,SC,Joinville,5138.61,58.61,BAIXA,4459.29,3,VIAGEM,EM_RISCO,TRAIN,SINTETICO
USR000984,37,MG,Juiz de Fora,4810.11,20.12,MEDIA,5727.31,0,VIAGEM,EM_OBSERVACAO,TRAIN,SINTETICO
USR000985,30,RJ,Duque de Caxias,5572.08,43.84,MEDIA,4656.1,0,ORGANIZAR_ORCAMENTO,EM_OBSERVACAO,TRAIN,SINTETICO
USR000986,35,ES,Vitoria,6472.38,7.85,ALTA,38816.58,2,APOSENTADORIA,SAUDAVEL,TRAIN,SINTETICO
USR000987,21,ES,Vitoria,2529.38,47.69,BAIXA,1044.03,0,APOSENTADORIA,EM_RISCO,TRAIN,SINTETICO
USR000988,41,ES,Serra,16976.62,23.35,ALTA,110576.68,0,RESERVA_EMERGENCIA,SAUDAVEL,TRAIN,SINTETICO
USR000989,41,GO,Goiania,3770.82,48.3,BAIXA,3039.46,0,APOSENTADORIA,EM_RISCO,TRAIN,SINTETICO
USR000990,60,ES,Vila Velha,5286.52,40.75,MEDIA,15270.97,2,QUITAR_DIVIDAS,EM_OBSERVACAO,TRAIN,SINTETICO
USR000991,40,ES,Vitoria,3063.03,4.27,ALTA,11925.13,0,ORGANIZAR_ORCAMENTO,SAUDAVEL,TRAIN,SINTETICO
USR000992,27,MG,Juiz de Fora,2925.46,40.59,BAIXA,2354.05,0,COMPRAR_IMOVEL,EM_RISCO,TRAIN,SINTETICO
USR000993,52,CE,Juazeiro do Norte,8245.84,22.25,MEDIA,20890.04,2,VIAGEM,EM_OBSERVACAO,TRAIN,SINTETICO
USR000994,46,RS,Caxias do Sul,4674.98,46.01,BAIXA,149.56,2,QUITAR_DIVIDAS,EM_RISCO,VALIDATION,SINTETICO
USR000995,36,GO,Goiania,3953.84,3.54,ALTA,29799.04,2,COMPRAR_IMOVEL,SAUDAVEL,VALIDATION,SINTETICO
USR000996,28,MG,Belo Horizonte,2893.5,17.07,ALTA,28877.42,1,QUITAR_DIVIDAS,SAUDAVEL,VALIDATION,SINTETICO
USR000997,35,MG,Belo Horizonte,4354.87,44.37,MEDIA,16015.44,1,QUITAR_DIVIDAS,EM_OBSERVACAO,TEST,SINTETICO
USR000998,32,RJ,Duque de Caxias,1400.0,0.32,ALTA,8904.63,2,RESERVA_EMERGENCIA,SAUDAVEL,TEST,SINTETICO
USR000999,38,SC,Florianopolis,2503.95,26.95,MEDIA,7037.11,0,VIAGEM,EM_OBSERVACAO,TEST,SINTETICO
USR001000,47,RS,Porto Alegre,4517.11,21.06,ALTA,35827.57,0,COMPRAR_IMOVEL,SAUDAVEL,TRAIN,SINTETICO
USR001001,45,RJ,Rio de Janeiro,2779.43,34.46,MEDIA,5848.42,0,VIAGEM,EM_OBSERVACAO,TRAIN,SINTETICO
USR001002,48,SP,Sao Paulo,5161.04,62.19,NUNCA,1745.93,2,QUITAR_DIVIDAS,EM_RISCO,TRAIN,SINTETICO
USR001003,41,BA,Feira de Santana,4724.94,34.54,BAIXA,13180.36,3,COMPRAR_IMOVEL,EM_OBSERVACAO,TRAIN,SINTETICO
USR001004,53,PR,Curitiba,5061.95,44.03,MEDIA,7419.23,1,APOSENTADORIA,EM_OBSERVACAO,TRAIN,SINTETICO
USR001005,32,RS,Porto Alegre,8537.97,5.77,ALTA,38165.69,0,VIAGEM,SAUDAVEL,TRAIN,SINTETICO
USR001006,53,ES,Vitoria,9215.27,13.68,ALTA,57915.02,1,VIAGEM,SAUDAVEL,TRAIN,SINTETICO
USR001007,26,PR,Curitiba,11242.89,20.44,ALTA,87692.63,0,APOSENTADORIA,SAUDAVEL,TRAIN,SINTETICO
USR001008,33,SC,Joinville,5149.31,38.96,MEDIA,14076.59,1,APOSENTADORIA,EM_OBSERVACAO,TRAIN,SINTETICO
USR001009,39,GO,Aparecida de Goiania,5266.28,61.55,BAIXA,2499.63,1,ORGANIZAR_ORCAMENTO,EM_RISCO,TRAIN,SINTETICO
USR001010,42,RJ,Niteroi,9572.06,34.28,MEDIA,23188.25,3,APOSENTADORIA,EM_OBSERVACAO,TRAIN,SINTETICO
USR001011,36,DF,Brasilia,14614.2,53.65,BAIXA,6148.95,0,APOSENTADORIA,EM_RISCO,TRAIN,SINTETICO
USR001012,36,PR,Curitiba,2366.68,43.45,MEDIA,4822.02,1,APOSENTADORIA,EM_OBSERVACAO,TRAIN,SINTETICO
USR001013,33,GO,Goiania,4615.67,17.73,MEDIA,30343.32,2,VIAGEM,SAUDAVEL,TRAIN,SINTETICO
USR001014,31,ES,Cariacica,1825.4,8.1,ALTA,16975.03,0,QUITAR_DIVIDAS,SAUDAVEL,VALIDATION,SINTETICO
USR001015,34,GO,Goiania,6566.99,75.88,NUNCA,3204.65,0,ORGANIZAR_ORCAMENTO,EM_RISCO,VALIDATION,SINTETICO
USR001016,44,CE,Juazeiro do Norte,8472.3,18.88,ALTA,53762.61,0,QUITAR_DIVIDAS,SAUDAVEL,VALIDATION,SINTETICO
USR001017,38,RJ,Duque de Caxias,12927.85,42.66,MEDIA,17351.2,1,ORGANIZAR_ORCAMENTO,EM_OBSERVACAO,TEST,SINTETICO
USR001018,38,RJ,Rio de Janeiro,1400.0,31.34,MEDIA,2830.54,2,QUITAR_DIVIDAS,EM_OBSERVACAO,TEST,SINTETICO
USR001019,42,PE,Jaboatao,1550.91,24.69,MEDIA,5963.92,1,QUITAR_DIVIDAS,EM_OBSERVACAO,TEST,SINTETICO
USR001020,20,MG,Belo Horizonte,5269.46,7.59,ALTA,31839.64,2,ORGANIZAR_ORCAMENTO,SAUDAVEL,TRAIN,SINTETICO
USR001021,37,BA,Salvador,6649.05,39.3,MEDIA,12135.93,1,ORGANIZAR_ORCAMENTO,EM_OBSERVACAO,TRAIN,SINTETICO
USR001022,38,SC,Blumenau,4457.19,41.34,BAIXA,12645.61,2,VIAGEM,EM_OBSERVACAO,TRAIN,SINTETICO
USR001023,24,MG,Belo Horizonte,2502.06,30.69,BAIXA,2878.76,1,VIAGEM,EM_OBSERVACAO,TRAIN,SINTETICO
USR001024,45,PE,Olinda,7309.81,21.75,MEDIA,20031.79,1,QUITAR_DIVIDAS,EM_OBSERVACAO,TRAIN,SINTETICO
USR001025,50,CE,Caucaia,1400.0,15.57,MEDIA,5183.0,0,VIAGEM,SAUDAVEL,TRAIN,SINTETICO
USR001026,48,MG,Juiz de Fora,4386.59,18.12,MEDIA,11021.55,0,VIAGEM,EM_OBSERVACAO,TRAIN,SINTETICO
USR001027,46,SC,Florianopolis,5605.09,33.63,MEDIA,8025.78,4,APOSENTADORIA,EM_OBSERVACAO,TRAIN,SINTETICO
USR001028,44,RS,Porto Alegre,6799.59,21.52,MEDIA,8606.41,3,QUITAR_DIVIDAS,EM_OBSERVACAO,TRAIN,SINTETICO
USR001029,26,BA,Feira de Santana,1400.0,5.56,ALTA,7513.13,1,QUITAR_DIVIDAS,SAUDAVEL,TRAIN,SINTETICO
USR001030,23,PE,Olinda,9328.42,34.95,MEDIA,29808.33,1,VIAGEM,EM_OBSERVACAO,TRAIN,SINTETICO
USR001031,50,BA,Salvador,8912.29,13.06,ALTA,36743.87,0,RESERVA_EMERGENCIA,SAUDAVEL,TRAIN,SINTETICO
USR001032,31,BA,Vitoria da Conquista,7282.38,10.72,ALTA,47743.79,2,QUITAR_DIVIDAS,SAUDAVEL,TRAIN,SINTETICO
USR001033,42,CE,Caucaia,7203.57,67.46,BAIXA,541.28,3,RESERVA_EMERGENCIA,EM_RISCO,TRAIN,SINTETICO
USR001034,39,MG,Belo Horizonte,5549.35,17.88,MEDIA,30279.08,4,RESERVA_EMERGENCIA,SAUDAVEL,VALIDATION,SINTETICO
USR001035,45,PE,Recife,4025.45,18.13,ALTA,36244.12,0,APOSENTADORIA,SAUDAVEL,VALIDATION,SINTETICO
USR001036,41,SP,Campinas,2580.68,71.62,BAIXA,1897.25,0,RESERVA_EMERGENCIA,EM_RISCO,VALIDATION,SINTETICO
USR001037,53,MG,Uberlandia,6126.75,10.56,ALTA,59055.56,3,RESERVA_EMERGENCIA,SAUDAVEL,TEST,SINTETICO
USR001038,38,DF,Brasilia,2412.49,20.01,MEDIA,10484.18,0,ORGANIZAR_ORCAMENTO,SAUDAVEL,TEST,SINTETICO
USR001039,40,SC,Joinville,2685.11,17.48,ALTA,9898.37,2,RESERVA_EMERGENCIA,SAUDAVEL,TEST,SINTETICO
USR001040,42,BA,Vitoria da Conquista,5040.25,45.3,BAIXA,6427.24,0,COMPRAR_IMOVEL,EM_OBSERVACAO,TRAIN,SINTETICO
USR001041,48,ES,Vila Velha,3239.97,38.71,MEDIA,6660.76,1,VIAGEM,EM_OBSERVACAO,TRAIN,SINTETICO
USR001042,49,RS,Porto Alegre,6991.17,69.31,BAIXA,5746.2,0,ORGANIZAR_ORCAMENTO,EM_RISCO,TRAIN,SINTETICO
USR001043,22,SC,Joinville,5035.75,34.14,MEDIA,12868.07,2,VIAGEM,EM_OBSERVACAO,TRAIN,SINTETICO
USR001044,28,DF,Brasilia,4554.08,32.32,MEDIA,17400.82,0,APOSENTADORIA,EM_OBSERVACAO,TRAIN,SINTETICO
USR001045,49,BA,Feira de Santana,4786.99,30.65,BAIXA,16521.75,0,APOSENTADORIA,EM_OBSERVACAO,TRAIN,SINTETICO
USR001046,21,RS,Porto Alegre,10991.88,7.23,MEDIA,103899.87,1,QUITAR_DIVIDAS,SAUDAVEL,TRAIN,SINTETICO
USR001047,38,ES,Serra,4296.45,5.5,MEDIA,24616.51,0,APOSENTADORIA,SAUDAVEL,TRAIN,SINTETICO
USR001048,38,MG,Juiz de Fora,2123.26,12.69,ALTA,18461.3,2,RESERVA_EMERGENCIA,SAUDAVEL,TRAIN,SINTETICO
USR001049,18,SP,Santos,2163.77,6.16,ALTA,15482.58,2,RESERVA_EMERGENCIA,SAUDAVEL,TRAIN,SINTETICO
USR001050,51,PR,Maringa,3523.16,45.55,BAIXA,873.6,1,QUITAR_DIVIDAS,EM_RISCO,TRAIN,SINTETICO
USR001051,51,RJ,Rio de Janeiro,1602.93,31.86,MEDIA,1008.43,0,COMPRAR_IMOVEL,EM_OBSERVACAO,TRAIN,SINTETICO
USR001052,46,CE,Fortaleza,2200.32,47.08,MEDIA,6052.82,1,COMPRAR_IMOVEL,EM_OBSERVACAO,TRAIN,SINTETICO
USR001053,21,ES,Cariacica,8627.19,24.27,BAIXA,33360.02,2,VIAGEM,EM_OBSERVACAO,TRAIN,SINTETICO
USR001054,33,SP,Campinas,4594.89,36.72,MEDIA,14020.94,0,VIAGEM,EM_OBSERVACAO,VALIDATION,SINTETICO
USR001055,44,PR,Londrina,3905.25,22.14,MEDIA,11021.39,1,APOSENTADORIA,EM_OBSERVACAO,VALIDATION,SINTETICO
USR001056,32,RS,Porto Alegre,2431.15,18.25,MEDIA,9122.47,0,RESERVA_EMERGENCIA,EM_OBSERVACAO,VALIDATION,SINTETICO
USR001057,28,BA,Vitoria da Conquista,3399.84,19.93,ALTA,31761.93,2,RESERVA_EMERGENCIA,SAUDAVEL,TEST,SINTETICO
USR001058,38,SC,Joinville,3636.14,44.51,BAIXA,8646.06,1,ORGANIZAR_ORCAMENTO,EM_OBSERVACAO,TEST,SINTETICO
USR001059,29,SC,Joinville,3680.11,2.2,ALTA,14119.93,2,APOSENTADORIA,SAUDAVEL,TEST,SINTETICO
USR001060,50,SC,Blumenau,4749.88,23.57,MEDIA,43198.79,0,QUITAR_DIVIDAS,SAUDAVEL,TRAIN,SINTETICO
USR001061,36,RS,Pelotas,3911.2,34.17,BAIXA,10595.33,0,RESERVA_EMERGENCIA,EM_OBSERVACAO,TRAIN,SINTETICO
USR001062,34,BA,Feira de Santana,10718.48,66.13,BAIXA,6570.63,0,RESERVA_EMERGENCIA,EM_RISCO,TRAIN,SINTETICO
USR001063,35,BA,Vitoria da Conquista,3207.03,30.3,MEDIA,7364.31,3,APOSENTADORIA,EM_OBSERVACAO,TRAIN,SINTETICO
USR001064,51,RJ,Rio de Janeiro,17119.48,30.02,MEDIA,56257.61,1,QUITAR_DIVIDAS,EM_OBSERVACAO,TRAIN,SINTETICO
USR001065,20,ES,Vitoria,6175.73,12.57,MEDIA,37650.05,0,ORGANIZAR_ORCAMENTO,SAUDAVEL,TRAIN,SINTETICO
USR001066,43,PE,Olinda,8308.71,21.29,MEDIA,15156.28,0,QUITAR_DIVIDAS,EM_OBSERVACAO,TRAIN,SINTETICO
USR001067,46,PR,Londrina,4894.78,21.46,BAIXA,6107.5,0,RESERVA_EMERGENCIA,EM_OBSERVACAO,TRAIN,SINTETICO
USR001068,39,DF,Brasilia,3933.39,47.57,BAIXA,15273.74,0,QUITAR_DIVIDAS,EM_OBSERVACAO,TRAIN,SINTETICO
USR001069,37,PR,Maringa,6162.15,57.06,BAIXA,5893.77,2,RESERVA_EMERGENCIA,EM_RISCO,TRAIN,SINTETICO
USR001070,34,SP,Sorocaba,4880.46,38.14,BAIXA,1418.36,2,VIAGEM,EM_RISCO,TRAIN,SINTETICO
USR001071,40,RS,Pelotas,4795.37,28.58,BAIXA,3091.35,1,QUITAR_DIVIDAS,EM_OBSERVACAO,TRAIN,SINTETICO
USR001072,22,SP,Sao Paulo,1749.75,43.47,BAIXA,4013.92,0,COMPRAR_IMOVEL,EM_OBSERVACAO,TRAIN,SINTETICO
USR001073,35,CE,Juazeiro do Norte,8650.47,15.72,ALTA,68842.34,1,APOSENTADORIA,SAUDAVEL,TRAIN,SINTETICO
USR001074,50,RS,Caxias do Sul,5455.34,21.99,ALTA,47187.03,4,QUITAR_DIVIDAS,SAUDAVEL,VALIDATION,SINTETICO
USR001075,37,ES,Cariacica,12353.19,41.69,NUNCA,6313.55,3,APOSENTADORIA,EM_RISCO,VALIDATION,SINTETICO
USR001076,37,RJ,Niteroi,5246.38,41.23,MEDIA,18725.91,1,COMPRAR_IMOVEL,EM_OBSERVACAO,VALIDATION,SINTETICO
USR001077,57,RS,Pelotas,4780.76,74.51,NUNCA,306.42,0,ORGANIZAR_ORCAMENTO,EM_RISCO,TEST,SINTETICO
USR001078,64,PE,Recife,2036.17,71.59,NUNCA,894.14,3,ORGANIZAR_ORCAMENTO,EM_RISCO,TEST,SINTETICO
USR001079,53,RJ,Niteroi,3684.65,32.63,MEDIA,10877.8,2,QUITAR_DIVIDAS,EM_OBSERVACAO,TEST,SINTETICO
USR001080,30,SP,Sorocaba,7475.49,19.33,ALTA,30949.5,3,QUITAR_DIVIDAS,SAUDAVEL,TRAIN,SINTETICO
USR001081,43,BA,Vitoria da Conquista,9124.16,23.73,MEDIA,5195.28,0,RESERVA_EMERGENCIA,EM_OBSERVACAO,TRAIN,SINTETICO
USR001082,22,ES,Serra,7682.96,33.26,MEDIA,9251.24,0,RESERVA_EMERGENCIA,EM_OBSERVACAO,TRAIN,SINTETICO
USR001083,46,PR,Curitiba,4063.55,47.18,MEDIA,15796.66,1,RESERVA_EMERGENCIA,EM_OBSERVACAO,TRAIN,SINTETICO
USR001084,18,CE,Caucaia,6890.75,11.87,ALTA,37325.27,0,QUITAR_DIVIDAS,SAUDAVEL,TRAIN,SINTETICO
USR001085,30,SC,Blumenau,1796.35,0.94,ALTA,6569.25,2,QUITAR_DIVIDAS,SAUDAVEL,TRAIN,SINTETICO
USR001086,53,PE,Recife,8290.85,8.09,ALTA,79667.08,0,VIAGEM,SAUDAVEL,TRAIN,SINTETICO
USR001087,47,MG,Uberlandia,7960.24,45.21,BAIXA,6395.74,0,VIAGEM,EM_RISCO,TRAIN,SINTETICO
USR001088,45,DF,Brasilia,2400.17,23.27,ALTA,11274.46,1,COMPRAR_IMOVEL,SAUDAVEL,TRAIN,SINTETICO
USR001089,31,GO,Aparecida de Goiania,1849.92,47.51,MEDIA,1363.8,1,ORGANIZAR_ORCAMENTO,EM_OBSERVACAO,TRAIN,SINTETICO
USR001090,22,RJ,Duque de Caxias,5292.91,48.02,NUNCA,4046.18,0,APOSENTADORIA,EM_RISCO,TRAIN,SINTETICO
USR001091,27,MG,Uberlandia,7640.03,24.72,MEDIA,19720.84,3,COMPRAR_IMOVEL,EM_OBSERVACAO,TRAIN,SINTETICO
USR001092,51,SC,Joinville,2495.67,24.18,BAIXA,1361.92,1,ORGANIZAR_ORCAMENTO,EM_OBSERVACAO,TRAIN,SINTETICO
USR001093,34,PE,Recife,3791.36,71.41,NUNCA,1912.21,0,COMPRAR_IMOVEL,EM_RISCO,TRAIN,SINTETICO
USR001094,50,SC,Florianopolis,7837.79,38.08,BAIXA,27725.17,0,RESERVA_EMERGENCIA,EM_OBSERVACAO,VALIDATION,SINTETICO
USR001095,29,CE,Fortaleza,1979.27,13.39,ALTA,7608.39,2,COMPRAR_IMOVEL,SAUDAVEL,VALIDATION,SINTETICO
USR001096,57,ES,Vila Velha,7715.64,9.02,ALTA,69984.54,0,COMPRAR_IMOVEL,SAUDAVEL,VALIDATION,SINTETICO
USR001097,41,SC,Florianopolis,8453.23,37.39,BAIXA,10553.4,2,VIAGEM,EM_OBSERVACAO,TEST,SINTETICO
USR001098,55,RJ,Niteroi,5527.83,9.42,ALTA,20323.71,0,QUITAR_DIVIDAS,SAUDAVEL,TEST,SINTETICO
USR001099,42,PE,Jaboatao,1882.82,61.17,BAIXA,217.53,1,COMPRAR_IMOVEL,EM_RISCO,TEST,SINTETICO
USR001100,41,CE,Fortaleza,9215.54,4.79,ALTA,61321.4,2,ORGANIZAR_ORCAMENTO,SAUDAVEL,TRAIN,SINTETICO
USR001101,39,ES,Vitoria,8901.79,16.04,ALTA,51761.7,0,COMPRAR_IMOVEL,SAUDAVEL,TRAIN,SINTETICO
USR001102,32,RS,Caxias do Sul,4277.07,7.32,ALTA,28669.86,2,QUITAR_DIVIDAS,SAUDAVEL,TRAIN,SINTETICO
USR001103,36,ES,Serra,4442.85,46.97,BAIXA,2058.63,2,ORGANIZAR_ORCAMENTO,EM_RISCO,TRAIN,SINTETICO
USR001104,50,ES,Serra,2246.24,30.31,MEDIA,6972.99,0,APOSENTADORIA,EM_OBSERVACAO,TRAIN,SINTETICO
USR001105,50,SC,Florianopolis,8020.95,5.05,ALTA,77507.65,1,VIAGEM,SAUDAVEL,TRAIN,SINTETICO
USR001106,49,SC,Florianopolis,9560.74,21.97,MEDIA,24115.72,0,ORGANIZAR_ORCAMENTO,EM_OBSERVACAO,TRAIN,SINTETICO
USR001107,23,SC,Joinville,8005.83,35.03,MEDIA,21713.1,0,COMPRAR_IMOVEL,EM_OBSERVACAO,TRAIN,SINTETICO
USR001108,39,PR,Maringa,9915.17,23.33,ALTA,81124.15,1,APOSENTADORIA,SAUDAVEL,TRAIN,SINTETICO
USR001109,36,RS,Caxias do Sul,5749.5,21.82,ALTA,35343.72,0,RESERVA_EMERGENCIA,SAUDAVEL,TRAIN,SINTETICO
USR001110,42,PE,Jaboatao,11251.84,42.75,MEDIA,17510.71,0,RESERVA_EMERGENCIA,EM_OBSERVACAO,TRAIN,SINTETICO
USR001111,18,CE,Fortaleza,4785.29,11.54,ALTA,15886.52,2,VIAGEM,SAUDAVEL,TRAIN,SINTETICO
USR001112,39,RS,Porto Alegre,5425.37,14.47,MEDIA,39904.85,3,RESERVA_EMERGENCIA,SAUDAVEL,TRAIN,SINTETICO
USR001113,33,DF,Brasilia,5227.82,10.57,MEDIA,46617.92,0,QUITAR_DIVIDAS,SAUDAVEL,TRAIN,SINTETICO
USR001114,25,BA,Feira de Santana,4514.67,18.45,ALTA,38889.75,1,RESERVA_EMERGENCIA,SAUDAVEL,VALIDATION,SINTETICO
USR001115,40,MG,Belo Horizonte,3506.49,32.04,MEDIA,13594.08,0,APOSENTADORIA,EM_OBSERVACAO,VALIDATION,SINTETICO
USR001116,56,MG,Juiz de Fora,6433.69,41.18,BAIXA,10125.44,3,COMPRAR_IMOVEL,EM_OBSERVACAO,VALIDATION,SINTETICO
USR001117,26,DF,Brasilia,6027.48,19.11,ALTA,34229.02,0,APOSENTADORIA,SAUDAVEL,TEST,SINTETICO
USR001118,37,SP,Sorocaba,4214.31,15.02,MEDIA,41432.89,2,APOSENTADORIA,SAUDAVEL,TEST,SINTETICO
USR001119,45,SC,Florianopolis,11028.15,21.53,MEDIA,84659.53,2,COMPRAR_IMOVEL,SAUDAVEL,TEST,SINTETICO
USR001120,42,DF,Brasilia,3479.74,4.16,ALTA,17918.0,0,RESERVA_EMERGENCIA,SAUDAVEL,TRAIN,SINTETICO
USR001121,49,PE,Jaboatao,3668.04,15.94,ALTA,15032.66,1,APOSENTADORIA,SAUDAVEL,TRAIN,SINTETICO
USR001122,37,RJ,Niteroi,4350.57,39.49,BAIXA,14561.61,2,VIAGEM,EM_OBSERVACAO,TRAIN,SINTETICO
USR001123,58,SC,Joinville,4498.41,31.47,MEDIA,15024.87,2,RESERVA_EMERGENCIA,EM_OBSERVACAO,TRAIN,SINTETICO
USR001124,39,RJ,Niteroi,9419.41,44.86,MEDIA,23260.34,0,APOSENTADORIA,EM_OBSERVACAO,TRAIN,SINTETICO
USR001125,41,GO,Aparecida de Goiania,5548.85,24.69,BAIXA,10996.79,2,VIAGEM,EM_OBSERVACAO,TRAIN,SINTETICO
USR001126,45,CE,Juazeiro do Norte,5490.06,40.46,BAIXA,5224.11,1,ORGANIZAR_ORCAMENTO,EM_OBSERVACAO,TRAIN,SINTETICO
USR001127,43,GO,Anapolis,8394.63,14.42,ALTA,47245.63,1,RESERVA_EMERGENCIA,SAUDAVEL,TRAIN,SINTETICO
USR001128,48,RS,Caxias do Sul,6356.88,2.01,MEDIA,41604.78,0,COMPRAR_IMOVEL,SAUDAVEL,TRAIN,SINTETICO
USR001129,30,ES,Serra,4351.23,28.91,MEDIA,11949.53,0,RESERVA_EMERGENCIA,EM_OBSERVACAO,TRAIN,SINTETICO
USR001130,51,RJ,Rio de Janeiro,3841.92,69.27,BAIXA,3245.95,0,COMPRAR_IMOVEL,EM_RISCO,TRAIN,SINTETICO
USR001131,46,GO,Aparecida de Goiania,4034.47,6.18,ALTA,22256.57,0,COMPRAR_IMOVEL,SAUDAVEL,TRAIN,SINTETICO
USR001132,33,DF,Brasilia,4774.39,27.49,MEDIA,17781.83,0,QUITAR_DIVIDAS,EM_OBSERVACAO,TRAIN,SINTETICO
USR001133,42,MG,Belo Horizonte,3472.05,19.43,ALTA,20928.55,1,QUITAR_DIVIDAS,SAUDAVEL,TRAIN,SINTETICO
USR001134,33,CE,Caucaia,3720.96,3.29,MEDIA,22057.13,2,QUITAR_DIVIDAS,SAUDAVEL,VALIDATION,SINTETICO
USR001135,27,SP,Campinas,3521.65,0.66,ALTA,26519.54,4,ORGANIZAR_ORCAMENTO,SAUDAVEL,VALIDATION,SINTETICO
USR001136,18,RJ,Duque de Caxias,4673.91,7.63,ALTA,41810.04,2,ORGANIZAR_ORCAMENTO,SAUDAVEL,VALIDATION,SINTETICO
USR001137,40,DF,Brasilia,5525.5,68.65,BAIXA,34.86,0,APOSENTADORIA,EM_RISCO,TEST,SINTETICO
USR001138,46,SC,Florianopolis,5212.17,29.03,MEDIA,18354.21,0,RESERVA_EMERGENCIA,EM_OBSERVACAO,TEST,SINTETICO
USR001139,39,DF,Brasilia,5696.29,38.04,MEDIA,20237.46,0,VIAGEM,EM_OBSERVACAO,TEST,SINTETICO
USR001140,48,BA,Vitoria da Conquista,8041.51,12.48,ALTA,59748.64,0,QUITAR_DIVIDAS,SAUDAVEL,TRAIN,SINTETICO
USR001141,25,DF,Brasilia,2675.35,0.41,ALTA,16828.01,2,VIAGEM,SAUDAVEL,TRAIN,SINTETICO
USR001142,31,ES,Cariacica,6103.55,21.28,BAIXA,10228.42,1,COMPRAR_IMOVEL,EM_OBSERVACAO,TRAIN,SINTETICO
USR001143,45,SC,Florianopolis,5992.9,47.16,MEDIA,14056.4,0,RESERVA_EMERGENCIA,EM_OBSERVACAO,TRAIN,SINTETICO
USR001144,28,RS,Pelotas,3700.55,17.23,MEDIA,16596.21,0,APOSENTADORIA,SAUDAVEL,TRAIN,SINTETICO
USR001145,21,BA,Salvador,8870.45,52.76,BAIXA,7268.39,1,COMPRAR_IMOVEL,EM_RISCO,TRAIN,SINTETICO
USR001146,36,RS,Pelotas,3131.95,49.99,BAIXA,2253.45,1,QUITAR_DIVIDAS,EM_RISCO,TRAIN,SINTETICO
USR001147,35,BA,Feira de Santana,2337.09,44.83,BAIXA,7552.68,2,COMPRAR_IMOVEL,EM_OBSERVACAO,TRAIN,SINTETICO
USR001148,33,DF,Brasilia,1853.41,22.04,MEDIA,5945.78,0,VIAGEM,EM_OBSERVACAO,TRAIN,SINTETICO
USR001149,38,PR,Maringa,16257.1,3.51,MEDIA,69535.83,4,COMPRAR_IMOVEL,SAUDAVEL,TRAIN,SINTETICO
USR001150,47,RS,Caxias do Sul,5548.27,20.52,MEDIA,39167.99,0,VIAGEM,SAUDAVEL,TRAIN,SINTETICO
USR001151,39,SP,Sao Paulo,2634.39,26.3,MEDIA,9069.47,0,COMPRAR_IMOVEL,EM_OBSERVACAO,TRAIN,SINTETICO
USR001152,24,DF,Brasilia,3158.51,23.62,ALTA,24822.81,3,VIAGEM,SAUDAVEL,TRAIN,SINTETICO
USR001153,27,ES,Serra,3166.76,29.37,MEDIA,3194.45,0,RESERVA_EMERGENCIA,EM_OBSERVACAO,TRAIN,SINTETICO
USR001154,43,CE,Fortaleza,2722.67,43.79,MEDIA,4049.38,2,ORGANIZAR_ORCAMENTO,EM_OBSERVACAO,VALIDATION,SINTETICO
USR001155,41,DF,Brasilia,6992.87,23.57,ALTA,50684.47,2,QUITAR_DIVIDAS,SAUDAVEL,VALIDATION,SINTETICO
USR001156,21,SC,Florianopolis,6231.08,81.05,BAIXA,1321.76,1,ORGANIZAR_ORCAMENTO,EM_RISCO,VALIDATION,SINTETICO
USR001157,34,RS,Pelotas,5583.04,29.72,MEDIA,13572.64,2,APOSENTADORIA,EM_OBSERVACAO,TEST,SINTETICO
USR001158,59,RS,Porto Alegre,8718.06,50.72,BAIXA,7845.72,1,ORGANIZAR_ORCAMENTO,EM_RISCO,TEST,SINTETICO
USR001159,35,PR,Londrina,5774.47,47.62,BAIXA,5370.02,1,ORGANIZAR_ORCAMENTO,EM_OBSERVACAO,TEST,SINTETICO
USR001160,51,BA,Salvador,6717.58,18.62,ALTA,46941.19,0,RESERVA_EMERGENCIA,SAUDAVEL,TRAIN,SINTETICO
USR001161,42,SC,Florianopolis,8084.07,10.7,ALTA,29453.42,1,VIAGEM,SAUDAVEL,TRAIN,SINTETICO
USR001162,32,SP,Sorocaba,4745.32,22.17,BAIXA,9375.96,2,COMPRAR_IMOVEL,EM_OBSERVACAO,TRAIN,SINTETICO
USR001163,26,CE,Juazeiro do Norte,5101.9,20.69,MEDIA,14826.47,1,ORGANIZAR_ORCAMENTO,EM_OBSERVACAO,TRAIN,SINTETICO
USR001164,45,RS,Pelotas,5446.47,20.46,ALTA,19570.63,2,QUITAR_DIVIDAS,SAUDAVEL,TRAIN,SINTETICO
USR001165,20,DF,Brasilia,5224.09,5.01,ALTA,45262.34,3,VIAGEM,SAUDAVEL,TRAIN,SINTETICO
USR001166,24,GO,Goiania,6235.13,18.02,MEDIA,23025.49,2,ORGANIZAR_ORCAMENTO,EM_OBSERVACAO,TRAIN,SINTETICO
USR001167,36,RJ,Niteroi,10521.73,25.53,MEDIA,39810.68,1,VIAGEM,EM_OBSERVACAO,TRAIN,SINTETICO
USR001168,41,ES,Serra,1616.74,3.07,ALTA,11682.71,0,QUITAR_DIVIDAS,SAUDAVEL,TRAIN,SINTETICO
USR001169,45,SP,Sao Paulo,4531.18,34.6,MEDIA,6473.0,1,COMPRAR_IMOVEL,EM_OBSERVACAO,TRAIN,SINTETICO
USR001170,25,GO,Aparecida de Goiania,13505.87,28.66,MEDIA,48856.58,3,QUITAR_DIVIDAS,EM_OBSERVACAO,TRAIN,SINTETICO
USR001171,47,DF,Brasilia,5384.93,47.95,BAIXA,3378.65,1,RESERVA_EMERGENCIA,EM_OBSERVACAO,TRAIN,SINTETICO
USR001172,23,PR,Maringa,2801.15,7.95,MEDIA,26440.83,0,ORGANIZAR_ORCAMENTO,SAUDAVEL,TRAIN,SINTETICO
USR001173,37,PR,Maringa,3412.94,13.16,ALTA,31939.1,0,ORGANIZAR_ORCAMENTO,SAUDAVEL,TRAIN,SINTETICO
USR001174,50,DF,Brasilia,3028.61,43.43,BAIXA,1313.06,0,QUITAR_DIVIDAS,EM_RISCO,VALIDATION,SINTETICO
USR001175,51,SP,Santos,15525.84,79.98,BAIXA,609.49,4,ORGANIZAR_ORCAMENTO,EM_RISCO,VALIDATION,SINTETICO
USR001176,38,PE,Jaboatao,3083.54,77.42,NUNCA,2359.26,2,RESERVA_EMERGENCIA,EM_RISCO,VALIDATION,SINTETICO
USR001177,54,RS,Porto Alegre,4680.95,19.33,MEDIA,5523.61,0,VIAGEM,EM_OBSERVACAO,TEST,SINTETICO
USR001178,18,MG,Juiz de Fora,3369.68,43.72,BAIXA,2523.41,0,ORGANIZAR_ORCAMENTO,EM_RISCO,TEST,SINTETICO
USR001179,26,RS,Pelotas,2888.97,32.5,MEDIA,8482.48,1,VIAGEM,EM_OBSERVACAO,TEST,SINTETICO
USR001180,34,RJ,Rio de Janeiro,13361.99,21.61,MEDIA,30404.92,2,VIAGEM,EM_OBSERVACAO,TRAIN,SINTETICO
USR001181,26,RJ,Niteroi,4303.06,32.38,MEDIA,16019.31,1,VIAGEM,EM_OBSERVACAO,TRAIN,SINTETICO
USR001182,18,PE,Recife,7680.39,74.85,BAIXA,6391.71,0,VIAGEM,EM_RISCO,TRAIN,SINTETICO
USR001183,44,SC,Blumenau,4662.55,30.95,MEDIA,15453.58,1,RESERVA_EMERGENCIA,EM_OBSERVACAO,TRAIN,SINTETICO
USR001184,31,RJ,Duque de Caxias,6393.0,1.93,MEDIA,24388.63,2,RESERVA_EMERGENCIA,SAUDAVEL,TRAIN,SINTETICO
USR001185,47,RS,Caxias do Sul,3460.61,21.74,BAIXA,6526.95,2,QUITAR_DIVIDAS,EM_OBSERVACAO,TRAIN,SINTETICO
USR001186,34,RJ,Niteroi,2078.48,40.44,BAIXA,1605.82,1,APOSENTADORIA,EM_RISCO,TRAIN,SINTETICO
USR001187,42,PR,Curitiba,7000.9,42.97,MEDIA,26648.57,4,APOSENTADORIA,EM_OBSERVACAO,TRAIN,SINTETICO
USR001188,29,BA,Feira de Santana,8083.7,49.69,NUNCA,6867.35,1,ORGANIZAR_ORCAMENTO,EM_RISCO,TRAIN,SINTETICO
USR001189,36,CE,Fortaleza,1400.0,21.8,MEDIA,2769.45,1,ORGANIZAR_ORCAMENTO,EM_OBSERVACAO,TRAIN,SINTETICO
USR001190,40,PR,Londrina,1400.0,12.54,MEDIA,11620.21,0,QUITAR_DIVIDAS,SAUDAVEL,TRAIN,SINTETICO
USR001191,48,SP,Campinas,15979.81,12.12,ALTA,102839.4,0,VIAGEM,SAUDAVEL,TRAIN,SINTETICO
USR001192,38,GO,Aparecida de Goiania,5740.17,16.8,MEDIA,40106.4,2,ORGANIZAR_ORCAMENTO,SAUDAVEL,TRAIN,SINTETICO
USR001193,30,SP,Campinas,3191.83,70.13,NUNCA,383.26,2,RESERVA_EMERGENCIA,EM_RISCO,TRAIN,SINTETICO
USR001194,32,SP,Santos,4503.64,54.67,NUNCA,916.21,2,RESERVA_EMERGENCIA,EM_RISCO,VALIDATION,SINTETICO
USR001195,65,RS,Caxias do Sul,6193.94,1.05,ALTA,46676.94,0,APOSENTADORIA,SAUDAVEL,VALIDATION,SINTETICO
USR001196,39,GO,Goiania,4946.7,5.44,ALTA,42416.29,1,ORGANIZAR_ORCAMENTO,SAUDAVEL,VALIDATION,SINTETICO
USR001197,31,SP,Campinas,11386.16,3.84,MEDIA,75581.82,0,ORGANIZAR_ORCAMENTO,SAUDAVEL,TEST,SINTETICO
USR001198,42,BA,Salvador,5725.44,44.97,BAIXA,3319.97,2,QUITAR_DIVIDAS,EM_RISCO,TEST,SINTETICO
USR001199,42,RS,Porto Alegre,7366.1,14.9,ALTA,51499.18,0,APOSENTADORIA,SAUDAVEL,TEST,SINTETICO
USR001200,35,GO,Goiania,4166.38,7.23,ALTA,23394.57,0,APOSENTADORIA,SAUDAVEL,TRAIN,SINTETICO
USR001201,39,RJ,Duque de Caxias,5954.6,54.29,NUNCA,4049.11,1,APOSENTADORIA,EM_RISCO,TRAIN,SINTETICO
USR001202,33,PE,Jaboatao,1917.9,67.21,BAIXA,1806.35,2,ORGANIZAR_ORCAMENTO,EM_RISCO,TRAIN,SINTETICO
USR001203,45,PR,Maringa,6495.89,32.72,MEDIA,22582.17,2,VIAGEM,EM_OBSERVACAO,TRAIN,SINTETICO
USR001204,44,DF,Brasilia,24838.65,20.12,ALTA,121858.05,0,RESERVA_EMERGENCIA,SAUDAVEL,TRAIN,SINTETICO
USR001205,31,GO,Goiania,1400.0,43.73,BAIXA,999.17,3,RESERVA_EMERGENCIA,EM_RISCO,TRAIN,SINTETICO
USR001206,27,DF,Brasilia,2467.61,6.97,ALTA,8846.43,0,ORGANIZAR_ORCAMENTO,SAUDAVEL,TRAIN,SINTETICO
USR001207,39,PE,Recife,4131.06,1.05,ALTA,35813.76,1,QUITAR_DIVIDAS,SAUDAVEL,TRAIN,SINTETICO
USR001208,46,RS,Caxias do Sul,1955.1,1.76,ALTA,8757.09,3,RESERVA_EMERGENCIA,SAUDAVEL,TRAIN,SINTETICO
USR001209,40,GO,Anapolis,2498.65,8.03,MEDIA,21879.46,2,ORGANIZAR_ORCAMENTO,SAUDAVEL,TRAIN,SINTETICO
USR001210,56,GO,Goiania,2713.44,0.78,MEDIA,20542.35,2,COMPRAR_IMOVEL,SAUDAVEL,TRAIN,SINTETICO
USR001211,34,BA,Feira de Santana,6532.96,18.75,MEDIA,19445.46,1,APOSENTADORIA,EM_OBSERVACAO,TRAIN,SINTETICO
USR001212,43,ES,Vitoria,5031.3,8.43,ALTA,33744.94,0,QUITAR_DIVIDAS,SAUDAVEL,TRAIN,SINTETICO
USR001213,45,SC,Florianopolis,8088.22,42.25,MEDIA,25722.42,3,QUITAR_DIVIDAS,EM_OBSERVACAO,TRAIN,SINTETICO
USR001214,36,DF,Brasilia,2727.45,41.01,MEDIA,8974.06,1,ORGANIZAR_ORCAMENTO,EM_OBSERVACAO,VALIDATION,SINTETICO
USR001215,28,CE,Fortaleza,3122.8,9.23,ALTA,12834.11,0,ORGANIZAR_ORCAMENTO,SAUDAVEL,VALIDATION,SINTETICO
USR001216,34,PR,Curitiba,4776.4,50.65,NUNCA,3887.44,3,COMPRAR_IMOVEL,EM_RISCO,VALIDATION,SINTETICO
USR001217,26,PR,Maringa,4618.93,66.67,BAIXA,4597.77,1,APOSENTADORIA,EM_RISCO,TEST,SINTETICO
USR001218,36,PR,Londrina,3494.21,19.14,ALTA,31903.17,0,QUITAR_DIVIDAS,SAUDAVEL,TEST,SINTETICO
USR001219,38,DF,Brasilia,7459.06,34.35,BAIXA,7493.91,2,COMPRAR_IMOVEL,EM_OBSERVACAO,TEST,SINTETICO
USR001220,54,MG,Belo Horizonte,17614.77,30.22,MEDIA,54445.37,2,APOSENTADORIA,EM_OBSERVACAO,TRAIN,SINTETICO
USR001221,31,SC,Florianopolis,3336.41,31.46,MEDIA,5157.15,1,VIAGEM,EM_OBSERVACAO,TRAIN,SINTETICO
USR001222,38,GO,Aparecida de Goiania,5755.13,73.89,BAIXA,4477.65,3,RESERVA_EMERGENCIA,EM_RISCO,TRAIN,SINTETICO
USR001223,33,SC,Blumenau,5065.43,45.43,BAIXA,4879.46,1,VIAGEM,EM_RISCO,TRAIN,SINTETICO
USR001224,31,GO,Anapolis,11419.51,28.05,MEDIA,28791.93,2,QUITAR_DIVIDAS,EM_OBSERVACAO,TRAIN,SINTETICO
USR001225,31,DF,Brasilia,7808.79,10.43,MEDIA,48113.02,2,COMPRAR_IMOVEL,SAUDAVEL,TRAIN,SINTETICO
USR001226,41,SC,Florianopolis,6979.82,47.9,BAIXA,1265.47,1,VIAGEM,EM_RISCO,TRAIN,SINTETICO
USR001227,49,GO,Aparecida de Goiania,4429.89,1.27,MEDIA,21305.87,4,RESERVA_EMERGENCIA,SAUDAVEL,TRAIN,SINTETICO
USR001228,41,PE,Recife,9158.82,38.1,BAIXA,18024.55,1,COMPRAR_IMOVEL,EM_OBSERVACAO,TRAIN,SINTETICO
USR001229,39,PR,Londrina,6215.9,29.27,BAIXA,6630.61,2,VIAGEM,EM_OBSERVACAO,TRAIN,SINTETICO
USR001230,48,GO,Goiania,4781.93,72.97,BAIXA,801.32,0,VIAGEM,EM_RISCO,TRAIN,SINTETICO
USR001231,33,PR,Maringa,2429.65,18.22,MEDIA,7574.05,0,QUITAR_DIVIDAS,EM_OBSERVACAO,TRAIN,SINTETICO
USR001232,27,PR,Maringa,3718.97,70.11,BAIXA,1.69,0,COMPRAR_IMOVEL,EM_RISCO,TRAIN,SINTETICO
USR001233,24,CE,Juazeiro do Norte,9299.15,65.03,BAIXA,9016.79,3,ORGANIZAR_ORCAMENTO,EM_RISCO,TRAIN,SINTETICO
USR001234,30,RJ,Duque de Caxias,4797.42,70.04,NUNCA,4190.59,1,APOSENTADORIA,EM_RISCO,VALIDATION,SINTETICO
USR001235,37,SP,Sorocaba,2602.84,24.96,BAIXA,7932.16,2,ORGANIZAR_ORCAMENTO,EM_OBSERVACAO,VALIDATION,SINTETICO
USR001236,39,BA,Salvador,14118.0,15.05,MEDIA,51290.84,3,QUITAR_DIVIDAS,SAUDAVEL,VALIDATION,SINTETICO
USR001237,28,MG,Uberlandia,4764.46,6.07,ALTA,40807.16,1,RESERVA_EMERGENCIA,SAUDAVEL,TEST,SINTETICO
USR001238,29,RJ,Duque de Caxias,4356.69,18.61,MEDIA,16644.33,0,QUITAR_DIVIDAS,EM_OBSERVACAO,TEST,SINTETICO
USR001239,51,GO,Aparecida de Goiania,3456.13,1.49,ALTA,13194.26,0,RESERVA_EMERGENCIA,SAUDAVEL,TEST,SINTETICO
USR001240,28,RS,Caxias do Sul,2466.2,4.2,ALTA,18384.6,1,COMPRAR_IMOVEL,SAUDAVEL,TRAIN,SINTETICO
USR001241,35,BA,Vitoria da Conquista,3037.69,52.02,BAIXA,1421.67,1,VIAGEM,EM_RISCO,TRAIN,SINTETICO
USR001242,24,ES,Vitoria,3854.05,45.14,NUNCA,3342.84,0,QUITAR_DIVIDAS,EM_RISCO,TRAIN,SINTETICO
USR001243,45,ES,Vila Velha,4640.91,62.16,BAIXA,3836.51,0,APOSENTADORIA,EM_RISCO,TRAIN,SINTETICO
USR001244,43,SP,Sao Paulo,4719.01,37.65,MEDIA,3447.55,2,ORGANIZAR_ORCAMENTO,EM_OBSERVACAO,TRAIN,SINTETICO
USR001245,32,ES,Vila Velha,3243.6,41.41,BAIXA,320.91,2,QUITAR_DIVIDAS,EM_RISCO,TRAIN,SINTETICO
USR001246,42,MG,Belo Horizonte,2909.67,6.16,ALTA,18709.25,0,RESERVA_EMERGENCIA,SAUDAVEL,TRAIN,SINTETICO
USR001247,32,GO,Anapolis,2284.69,22.07,MEDIA,14302.13,2,ORGANIZAR_ORCAMENTO,SAUDAVEL,TRAIN,SINTETICO
USR001248,35,SC,Florianopolis,4989.18,2.08,MEDIA,31879.22,3,RESERVA_EMERGENCIA,SAUDAVEL,TRAIN,SINTETICO
USR001249,28,SC,Blumenau,3886.82,29.12,MEDIA,13765.28,1,VIAGEM,EM_OBSERVACAO,TRAIN,SINTETICO
USR001250,18,RJ,Duque de Caxias,3559.84,21.22,BAIXA,10936.58,0,APOSENTADORIA,EM_OBSERVACAO,TRAIN,SINTETICO
USR001251,53,MG,Belo Horizonte,4961.05,19.53,MEDIA,18893.91,0,VIAGEM,EM_OBSERVACAO,TRAIN,SINTETICO
USR001252,50,MG,Belo Horizonte,5424.14,31.76,BAIXA,10449.79,2,QUITAR_DIVIDAS,EM_OBSERVACAO,TRAIN,SINTETICO
USR001253,36,ES,Cariacica,6529.43,70.66,NUNCA,3626.36,1,COMPRAR_IMOVEL,EM_RISCO,TRAIN,SINTETICO
USR001254,23,ES,Serra,18077.0,31.48,MEDIA,20097.52,3,QUITAR_DIVIDAS,EM_OBSERVACAO,VALIDATION,SINTETICO
USR001255,38,PE,Olinda,11982.74,24.35,BAIXA,30376.42,3,RESERVA_EMERGENCIA,EM_OBSERVACAO,VALIDATION,SINTETICO
USR001256,47,BA,Vitoria da Conquista,1737.0,15.67,ALTA,9036.44,0,COMPRAR_IMOVEL,SAUDAVEL,VALIDATION,SINTETICO
USR001257,51,CE,Caucaia,5382.08,21.26,MEDIA,26587.3,1,RESERVA_EMERGENCIA,SAUDAVEL,TEST,SINTETICO
USR001258,47,BA,Salvador,3855.46,0.44,ALTA,29033.86,4,ORGANIZAR_ORCAMENTO,SAUDAVEL,TEST,SINTETICO
USR001259,36,PE,Olinda,7540.99,33.21,BAIXA,7518.93,2,RESERVA_EMERGENCIA,EM_OBSERVACAO,TEST,SINTETICO
USR001260,37,CE,Fortaleza,3668.56,43.22,BAIXA,7490.83,0,ORGANIZAR_ORCAMENTO,EM_OBSERVACAO,TRAIN,SINTETICO
USR001261,31,GO,Anapolis,2258.47,18.65,ALTA,17057.15,2,COMPRAR_IMOVEL,SAUDAVEL,TRAIN,SINTETICO
USR001262,46,PR,Londrina,9281.13,65.61,BAIXA,2291.4,2,COMPRAR_IMOVEL,EM_RISCO,TRAIN,SINTETICO
USR001263,21,CE,Juazeiro do Norte,3796.68,4.42,ALTA,21948.43,0,VIAGEM,SAUDAVEL,TRAIN,SINTETICO
USR001264,46,GO,Goiania,9240.29,30.28,BAIXA,23430.66,3,VIAGEM,EM_OBSERVACAO,TRAIN,SINTETICO
USR001265,32,GO,Aparecida de Goiania,1712.96,20.02,ALTA,9395.14,1,RESERVA_EMERGENCIA,SAUDAVEL,TRAIN,SINTETICO
USR001266,23,BA,Vitoria da Conquista,3771.0,21.45,ALTA,19775.72,1,QUITAR_DIVIDAS,SAUDAVEL,TRAIN,SINTETICO
USR001267,21,PR,Maringa,7229.9,6.21,MEDIA,35074.77,0,ORGANIZAR_ORCAMENTO,SAUDAVEL,TRAIN,SINTETICO
USR001268,42,RS,Porto Alegre,5696.96,0.85,ALTA,38634.29,0,RESERVA_EMERGENCIA,SAUDAVEL,TRAIN,SINTETICO
USR001269,20,PE,Olinda,2008.25,42.95,BAIXA,2061.86,0,COMPRAR_IMOVEL,EM_OBSERVACAO,TRAIN,SINTETICO
USR001270,26,PE,Jaboatao,8126.84,29.76,BAIXA,18534.51,3,VIAGEM,EM_OBSERVACAO,TRAIN,SINTETICO
USR001271,48,PE,Jaboatao,14142.77,15.29,ALTA,46207.19,1,VIAGEM,SAUDAVEL,TRAIN,SINTETICO
USR001272,21,SC,Blumenau,5042.38,78.75,BAIXA,3548.45,2,RESERVA_EMERGENCIA,EM_RISCO,TRAIN,SINTETICO
USR001273,32,RJ,Niteroi,4842.47,33.29,MEDIA,5728.74,0,COMPRAR_IMOVEL,EM_OBSERVACAO,TRAIN,SINTETICO
USR001274,58,PE,Recife,6740.69,7.28,ALTA,29515.11,1,QUITAR_DIVIDAS,SAUDAVEL,VALIDATION,SINTETICO
USR001275,45,GO,Aparecida de Goiania,5477.03,28.73,BAIXA,21686.07,1,APOSENTADORIA,EM_OBSERVACAO,VALIDATION,SINTETICO
USR001276,25,MG,Uberlandia,2617.11,22.39,MEDIA,13171.93,0,APOSENTADORIA,SAUDAVEL,VALIDATION,SINTETICO
USR001277,56,DF,Brasilia,5025.53,42.53,BAIXA,13993.43,0,COMPRAR_IMOVEL,EM_OBSERVACAO,TEST,SINTETICO
USR001278,48,RS,Pelotas,5058.9,81.66,NUNCA,1350.63,2,ORGANIZAR_ORCAMENTO,EM_RISCO,TEST,SINTETICO
USR001279,53,RJ,Duque de Caxias,6318.09,28.01,MEDIA,17173.01,4,APOSENTADORIA,EM_OBSERVACAO,TEST,SINTETICO
USR001280,43,CE,Caucaia,3233.99,44.62,BAIXA,1494.92,1,QUITAR_DIVIDAS,EM_RISCO,TRAIN,SINTETICO
USR001281,54,GO,Goiania,3186.51,5.25,ALTA,10631.68,2,APOSENTADORIA,SAUDAVEL,TRAIN,SINTETICO
USR001282,32,ES,Vila Velha,3084.57,27.83,MEDIA,8350.77,1,RESERVA_EMERGENCIA,EM_OBSERVACAO,TRAIN,SINTETICO
USR001283,31,RS,Porto Alegre,9658.72,69.17,BAIXA,6492.23,0,COMPRAR_IMOVEL,EM_RISCO,TRAIN,SINTETICO
USR001284,19,PR,Curitiba,5365.58,14.12,ALTA,27865.41,3,COMPRAR_IMOVEL,SAUDAVEL,TRAIN,SINTETICO
USR001285,28,PE,Olinda,5411.12,61.09,BAIXA,3748.62,2,ORGANIZAR_ORCAMENTO,EM_RISCO,TRAIN,SINTETICO
USR001286,22,SC,Joinville,7148.08,2.15,MEDIA,61776.66,1,ORGANIZAR_ORCAMENTO,SAUDAVEL,TRAIN,SINTETICO
USR001287,45,RS,Caxias do Sul,7762.79,39.46,MEDIA,27115.08,2,VIAGEM,EM_OBSERVACAO,TRAIN,SINTETICO
USR001288,33,PE,Recife,3179.83,46.11,NUNCA,764.44,2,RESERVA_EMERGENCIA,EM_RISCO,TRAIN,SINTETICO
USR001289,20,RJ,Rio de Janeiro,2022.42,38.05,BAIXA,1880.09,0,ORGANIZAR_ORCAMENTO,EM_RISCO,TRAIN,SINTETICO
USR001290,52,SC,Joinville,2718.1,38.94,BAIXA,9188.01,0,QUITAR_DIVIDAS,EM_OBSERVACAO,TRAIN,SINTETICO
USR001291,21,RJ,Duque de Caxias,4636.1,5.46,MEDIA,15367.4,0,RESERVA_EMERGENCIA,SAUDAVEL,TRAIN,SINTETICO
USR001292,38,CE,Juazeiro do Norte,1610.58,19.57,BAIXA,4483.43,2,QUITAR_DIVIDAS,EM_OBSERVACAO,TRAIN,SINTETICO
USR001293,27,RS,Caxias do Sul,9119.06,30.29,MEDIA,19795.04,2,APOSENTADORIA,EM_OBSERVACAO,TRAIN,SINTETICO
USR001294,39,BA,Feira de Santana,5778.44,35.83,MEDIA,21093.81,1,VIAGEM,EM_OBSERVACAO,VALIDATION,SINTETICO
USR001295,36,GO,Aparecida de Goiania,4466.53,20.35,MEDIA,2496.98,1,RESERVA_EMERGENCIA,EM_OBSERVACAO,VALIDATION,SINTETICO
USR001296,31,SC,Florianopolis,6044.58,34.75,MEDIA,15521.92,1,COMPRAR_IMOVEL,EM_OBSERVACAO,VALIDATION,SINTETICO
USR001297,60,BA,Feira de Santana,4919.06,38.99,MEDIA,15129.04,0,APOSENTADORIA,EM_OBSERVACAO,TEST,SINTETICO
USR001298,53,SC,Blumenau,5417.27,12.1,ALTA,49132.27,0,COMPRAR_IMOVEL,SAUDAVEL,TEST,SINTETICO
USR001299,36,PR,Curitiba,1485.04,26.06,BAIXA,1481.37,0,VIAGEM,EM_OBSERVACAO,TEST,SINTETICO
USR001300,39,BA,Vitoria da Conquista,3982.53,11.5,ALTA,12288.44,4,ORGANIZAR_ORCAMENTO,SAUDAVEL,TRAIN,SINTETICO
USR001301,44,GO,Aparecida de Goiania,5554.04,68.41,NUNCA,5140.45,0,APOSENTADORIA,EM_RISCO,TRAIN,SINTETICO
USR001302,40,SP,Sao Paulo,8329.5,46.35,MEDIA,17476.24,1,QUITAR_DIVIDAS,EM_OBSERVACAO,TRAIN,SINTETICO
USR001303,31,RS,Porto Alegre,3236.24,21.29,ALTA,32119.14,2,ORGANIZAR_ORCAMENTO,SAUDAVEL,TRAIN,SINTETICO
USR001304,29,CE,Caucaia,5977.96,46.44,NUNCA,2175.69,0,ORGANIZAR_ORCAMENTO,EM_RISCO,TRAIN,SINTETICO
USR001305,56,RJ,Niteroi,6704.37,20.32,MEDIA,64923.68,3,COMPRAR_IMOVEL,SAUDAVEL,TRAIN,SINTETICO
USR001306,61,ES,Vitoria,4116.19,49.87,NUNCA,2486.3,2,VIAGEM,EM_RISCO,TRAIN,SINTETICO
USR001307,34,RS,Porto Alegre,4905.39,23.75,ALTA,48407.04,1,RESERVA_EMERGENCIA,SAUDAVEL,TRAIN,SINTETICO
USR001308,54,SC,Florianopolis,8462.42,58.74,BAIXA,1266.46,0,COMPRAR_IMOVEL,EM_RISCO,TRAIN,SINTETICO
USR001309,49,CE,Fortaleza,6683.9,44.92,BAIXA,12294.04,2,VIAGEM,EM_OBSERVACAO,TRAIN,SINTETICO
USR001310,44,ES,Serra,1899.88,2.62,ALTA,7984.14,1,ORGANIZAR_ORCAMENTO,SAUDAVEL,TRAIN,SINTETICO
USR001311,33,PR,Curitiba,5121.08,38.81,BAIXA,599.39,0,QUITAR_DIVIDAS,EM_RISCO,TRAIN,SINTETICO
USR001312,45,DF,Brasilia,3295.68,6.54,MEDIA,30604.2,1,APOSENTADORIA,SAUDAVEL,TRAIN,SINTETICO
USR001313,41,ES,Serra,6611.61,11.11,ALTA,55433.85,1,APOSENTADORIA,SAUDAVEL,TRAIN,SINTETICO
USR001314,32,ES,Vitoria,10729.05,18.48,MEDIA,78986.85,2,APOSENTADORIA,SAUDAVEL,VALIDATION,SINTETICO
USR001315,33,RJ,Duque de Caxias,5850.64,78.53,NUNCA,5079.6,1,COMPRAR_IMOVEL,EM_RISCO,VALIDATION,SINTETICO
USR001316,46,BA,Vitoria da Conquista,4172.04,46.08,MEDIA,14585.13,0,QUITAR_DIVIDAS,EM_OBSERVACAO,VALIDATION,SINTETICO
USR001317,30,ES,Serra,4372.93,41.33,MEDIA,7818.8,2,APOSENTADORIA,EM_OBSERVACAO,TEST,SINTETICO
USR001318,46,PE,Recife,4392.29,22.21,MEDIA,38915.78,1,COMPRAR_IMOVEL,SAUDAVEL,TEST,SINTETICO
USR001319,37,ES,Serra,4444.38,39.73,BAIXA,0.24,1,RESERVA_EMERGENCIA,EM_RISCO,TEST,SINTETICO
USR001320,37,SP,Sorocaba,11997.16,60.31,NUNCA,10248.52,0,RESERVA_EMERGENCIA,EM_RISCO,TRAIN,SINTETICO
USR001321,29,DF,Brasilia,3004.51,44.99,MEDIA,5596.79,4,QUITAR_DIVIDAS,EM_OBSERVACAO,TRAIN,SINTETICO
USR001322,47,MG,Uberlandia,4098.69,24.92,BAIXA,5380.79,1,APOSENTADORIA,EM_OBSERVACAO,TRAIN,SINTETICO
USR001323,55,ES,Cariacica,3311.86,12.46,MEDIA,15486.51,1,ORGANIZAR_ORCAMENTO,SAUDAVEL,TRAIN,SINTETICO
USR001324,49,PE,Recife,2854.68,38.41,BAIXA,4674.49,0,QUITAR_DIVIDAS,EM_OBSERVACAO,TRAIN,SINTETICO
USR001325,43,DF,Brasilia,5495.54,36.36,MEDIA,7210.69,1,ORGANIZAR_ORCAMENTO,EM_OBSERVACAO,TRAIN,SINTETICO
USR001326,25,CE,Juazeiro do Norte,5609.95,72.41,NUNCA,618.78,0,RESERVA_EMERGENCIA,EM_RISCO,TRAIN,SINTETICO
USR001327,28,BA,Salvador,1863.46,10.7,MEDIA,8611.17,2,APOSENTADORIA,SAUDAVEL,TRAIN,SINTETICO
USR001328,51,MG,Belo Horizonte,6754.33,4.57,ALTA,37618.18,0,RESERVA_EMERGENCIA,SAUDAVEL,TRAIN,SINTETICO
USR001329,23,RJ,Duque de Caxias,5709.91,24.96,BAIXA,7293.26,0,QUITAR_DIVIDAS,EM_OBSERVACAO,TRAIN,SINTETICO
USR001330,33,SP,Sao Paulo,2175.27,36.95,MEDIA,5736.74,0,RESERVA_EMERGENCIA,EM_OBSERVACAO,TRAIN,SINTETICO
USR001331,42,SC,Florianopolis,2635.09,30.54,BAIXA,2448.63,1,VIAGEM,EM_OBSERVACAO,TRAIN,SINTETICO
USR001332,37,SC,Joinville,3164.3,35.42,MEDIA,7084.26,1,VIAGEM,EM_OBSERVACAO,TRAIN,SINTETICO
USR001333,52,PE,Recife,5170.27,40.07,BAIXA,8261.54,0,QUITAR_DIVIDAS,EM_OBSERVACAO,TRAIN,SINTETICO
USR001334,54,MG,Belo Horizonte,2023.07,43.22,MEDIA,2471.15,0,ORGANIZAR_ORCAMENTO,EM_OBSERVACAO,VALIDATION,SINTETICO
USR001335,18,GO,Anapolis,4943.72,5.16,ALTA,47990.37,1,VIAGEM,SAUDAVEL,VALIDATION,SINTETICO
USR001336,52,PR,Londrina,1902.85,37.23,BAIXA,6416.42,0,QUITAR_DIVIDAS,EM_OBSERVACAO,VALIDATION,SINTETICO
USR001337,30,SC,Blumenau,7523.23,27.33,MEDIA,14033.34,0,COMPRAR_IMOVEL,EM_OBSERVACAO,TEST,SINTETICO
USR001338,46,RJ,Rio de Janeiro,5991.0,11.07,ALTA,45880.15,0,VIAGEM,SAUDAVEL,TEST,SINTETICO
USR001339,57,GO,Goiania,17130.82,59.41,BAIXA,3873.05,2,COMPRAR_IMOVEL,EM_RISCO,TEST,SINTETICO
USR001340,41,DF,Brasilia,5002.75,26.88,BAIXA,2548.14,0,APOSENTADORIA,EM_OBSERVACAO,TRAIN,SINTETICO
USR001341,51,PE,Olinda,3851.48,21.27,ALTA,37747.98,0,QUITAR_DIVIDAS,SAUDAVEL,TRAIN,SINTETICO
USR001342,42,PR,Maringa,1400.0,8.66,MEDIA,11971.73,2,RESERVA_EMERGENCIA,SAUDAVEL,TRAIN,SINTETICO
USR001343,42,RJ,Rio de Janeiro,3102.12,13.22,ALTA,24677.44,3,RESERVA_EMERGENCIA,SAUDAVEL,TRAIN,SINTETICO
USR001344,36,MG,Juiz de Fora,2806.29,22.54,ALTA,19801.94,0,ORGANIZAR_ORCAMENTO,SAUDAVEL,TRAIN,SINTETICO
USR001345,33,RJ,Niteroi,7121.97,39.5,BAIXA,2264.97,0,ORGANIZAR_ORCAMENTO,EM_RISCO,TRAIN,SINTETICO
USR001346,55,BA,Salvador,4695.46,8.85,ALTA,45840.67,0,QUITAR_DIVIDAS,SAUDAVEL,TRAIN,SINTETICO
USR001347,50,DF,Brasilia,3821.44,1.14,ALTA,28452.84,3,QUITAR_DIVIDAS,SAUDAVEL,TRAIN,SINTETICO
USR001348,55,SC,Joinville,8365.98,29.54,BAIXA,10643.84,4,QUITAR_DIVIDAS,EM_OBSERVACAO,TRAIN,SINTETICO
USR001349,31,CE,Juazeiro do Norte,5746.58,12.48,MEDIA,23136.31,0,RESERVA_EMERGENCIA,SAUDAVEL,TRAIN,SINTETICO
USR001350,40,SP,Sao Paulo,13583.94,10.03,MEDIA,67214.87,2,COMPRAR_IMOVEL,SAUDAVEL,TRAIN,SINTETICO
USR001351,38,GO,Goiania,6677.94,22.07,ALTA,59052.37,3,QUITAR_DIVIDAS,SAUDAVEL,TRAIN,SINTETICO
USR001352,35,RS,Pelotas,2735.77,38.66,MEDIA,1730.43,1,APOSENTADORIA,EM_OBSERVACAO,TRAIN,SINTETICO
USR001353,36,SP,Santos,3752.92,41.76,MEDIA,11835.28,0,COMPRAR_IMOVEL,EM_OBSERVACAO,TRAIN,SINTETICO
USR001354,46,PR,Maringa,2375.11,21.07,MEDIA,4465.23,1,VIAGEM,EM_OBSERVACAO,VALIDATION,SINTETICO
USR001355,40,PE,Recife,12412.98,19.9,ALTA,111754.55,1,ORGANIZAR_ORCAMENTO,SAUDAVEL,VALIDATION,SINTETICO
USR001356,50,BA,Salvador,2873.03,36.3,MEDIA,4200.45,2,COMPRAR_IMOVEL,EM_OBSERVACAO,VALIDATION,SINTETICO
USR001357,39,ES,Vitoria,8775.19,31.96,BAIXA,18121.59,0,APOSENTADORIA,EM_OBSERVACAO,TEST,SINTETICO
USR001358,35,MG,Juiz de Fora,4335.91,38.74,MEDIA,16273.73,0,ORGANIZAR_ORCAMENTO,EM_OBSERVACAO,TEST,SINTETICO
USR001359,27,GO,Aparecida de Goiania,9714.49,43.4,MEDIA,16160.21,0,ORGANIZAR_ORCAMENTO,EM_OBSERVACAO,TEST,SINTETICO
USR001360,51,SC,Blumenau,3681.61,64.79,NUNCA,1700.33,2,COMPRAR_IMOVEL,EM_RISCO,TRAIN,SINTETICO
USR001361,46,SP,Santos,11647.71,39.65,MEDIA,18466.1,1,APOSENTADORIA,EM_OBSERVACAO,TRAIN,SINTETICO
USR001362,41,SC,Florianopolis,17252.13,36.32,MEDIA,59395.04,0,RESERVA_EMERGENCIA,EM_OBSERVACAO,TRAIN,SINTETICO
USR001363,32,SC,Joinville,4714.26,23.98,ALTA,24345.24,3,VIAGEM,SAUDAVEL,TRAIN,SINTETICO
USR001364,19,MG,Juiz de Fora,2179.21,0.62,ALTA,9286.94,2,COMPRAR_IMOVEL,SAUDAVEL,TRAIN,SINTETICO
USR001365,39,PE,Recife,8233.48,14.03,ALTA,30430.34,3,COMPRAR_IMOVEL,SAUDAVEL,TRAIN,SINTETICO
USR001366,27,BA,Feira de Santana,3590.44,65.11,NUNCA,1914.43,0,QUITAR_DIVIDAS,EM_RISCO,TRAIN,SINTETICO
USR001367,52,ES,Vitoria,5638.73,21.04,ALTA,51929.32,2,VIAGEM,SAUDAVEL,TRAIN,SINTETICO
USR001368,31,MG,Belo Horizonte,5901.81,37.95,MEDIA,20339.83,0,ORGANIZAR_ORCAMENTO,EM_OBSERVACAO,TRAIN,SINTETICO
USR001369,20,PR,Maringa,2907.57,11.79,ALTA,23511.41,0,APOSENTADORIA,SAUDAVEL,TRAIN,SINTETICO
USR001370,40,MG,Juiz de Fora,5681.7,31.88,BAIXA,16267.36,0,ORGANIZAR_ORCAMENTO,EM_OBSERVACAO,TRAIN,SINTETICO
USR001371,45,BA,Salvador,5650.56,18.8,MEDIA,51901.22,0,COMPRAR_IMOVEL,SAUDAVEL,TRAIN,SINTETICO
USR001372,35,SP,Sorocaba,4930.51,1.12,ALTA,22291.27,0,RESERVA_EMERGENCIA,SAUDAVEL,TRAIN,SINTETICO
USR001373,37,SC,Blumenau,3487.13,21.88,MEDIA,32948.1,1,APOSENTADORIA,SAUDAVEL,TRAIN,SINTETICO
USR001374,54,DF,Brasilia,8863.78,14.84,ALTA,68655.23,0,ORGANIZAR_ORCAMENTO,SAUDAVEL,VALIDATION,SINTETICO
USR001375,18,RJ,Niteroi,3423.43,16.93,ALTA,12327.78,1,QUITAR_DIVIDAS,SAUDAVEL,VALIDATION,SINTETICO
USR001376,51,SC,Blumenau,8988.33,2.3,ALTA,60363.15,1,VIAGEM,SAUDAVEL,VALIDATION,SINTETICO
USR001377,41,RJ,Niteroi,7812.49,37.85,BAIXA,8683.8,3,RESERVA_EMERGENCIA,EM_OBSERVACAO,TEST,SINTETICO
USR001378,43,GO,Anapolis,10221.58,8.9,MEDIA,94526.23,0,RESERVA_EMERGENCIA,SAUDAVEL,TEST,SINTETICO
USR001379,27,ES,Cariacica,4812.65,43.03,MEDIA,4647.33,0,QUITAR_DIVIDAS,EM_OBSERVACAO,TEST,SINTETICO
USR001380,23,MG,Uberlandia,4879.39,19.56,ALTA,23996.96,0,RESERVA_EMERGENCIA,SAUDAVEL,TRAIN,SINTETICO
USR001381,22,DF,Brasilia,12533.31,32.69,MEDIA,17657.38,0,APOSENTADORIA,EM_OBSERVACAO,TRAIN,SINTETICO
USR001382,29,MG,Juiz de Fora,5413.69,2.81,ALTA,20186.73,2,APOSENTADORIA,SAUDAVEL,TRAIN,SINTETICO
USR001383,31,PE,Recife,9118.69,34.74,MEDIA,13813.08,1,ORGANIZAR_ORCAMENTO,EM_OBSERVACAO,TRAIN,SINTETICO
USR001384,48,BA,Salvador,4000.31,22.52,ALTA,16983.19,2,COMPRAR_IMOVEL,SAUDAVEL,TRAIN,SINTETICO
USR001385,46,RS,Pelotas,1628.49,48.17,BAIXA,602.06,0,VIAGEM,EM_RISCO,TRAIN,SINTETICO
USR001386,45,RS,Porto Alegre,3899.36,40.52,MEDIA,6527.16,0,COMPRAR_IMOVEL,EM_OBSERVACAO,TRAIN,SINTETICO
USR001387,47,PE,Jaboatao,2500.59,46.16,MEDIA,9428.75,2,APOSENTADORIA,EM_OBSERVACAO,TRAIN,SINTETICO
USR001388,46,MG,Belo Horizonte,1463.07,73.96,BAIXA,897.66,0,VIAGEM,EM_RISCO,TRAIN,SINTETICO
USR001389,60,DF,Brasilia,6387.85,21.23,BAIXA,24860.96,1,APOSENTADORIA,EM_OBSERVACAO,TRAIN,SINTETICO
USR001390,40,PE,Recife,8086.08,44.72,MEDIA,14226.3,1,APOSENTADORIA,EM_OBSERVACAO,TRAIN,SINTETICO
USR001391,43,ES,Vila Velha,10878.52,36.68,MEDIA,25649.04,2,RESERVA_EMERGENCIA,EM_OBSERVACAO,TRAIN,SINTETICO
USR001392,46,RJ,Niteroi,5389.16,22.79,ALTA,17562.03,1,QUITAR_DIVIDAS,SAUDAVEL,TRAIN,SINTETICO
USR001393,45,SC,Florianopolis,5369.41,34.82,MEDIA,3494.12,1,QUITAR_DIVIDAS,EM_OBSERVACAO,TRAIN,SINTETICO
USR001394,30,GO,Aparecida de Goiania,3294.52,0.17,ALTA,24672.47,1,ORGANIZAR_ORCAMENTO,SAUDAVEL,VALIDATION,SINTETICO
USR001395,35,PE,Jaboatao,10295.87,58.29,BAIXA,9382.14,2,QUITAR_DIVIDAS,EM_RISCO,VALIDATION,SINTETICO
USR001396,42,PE,Jaboatao,11744.3,27.06,MEDIA,8427.9,0,RESERVA_EMERGENCIA,EM_OBSERVACAO,VALIDATION,SINTETICO
USR001397,46,RJ,Niteroi,5641.61,42.45,BAIXA,4866.96,0,RESERVA_EMERGENCIA,EM_RISCO,TEST,SINTETICO
USR001398,55,GO,Goiania,7306.27,20.22,MEDIA,18258.5,0,APOSENTADORIA,EM_OBSERVACAO,TEST,SINTETICO
USR001399,22,GO,Goiania,8068.95,26.35,MEDIA,28504.62,3,RESERVA_EMERGENCIA,EM_OBSERVACAO,TEST,SINTETICO
USR001400,37,SC,Joinville,2933.36,46.7,MEDIA,5698.47,1,APOSENTADORIA,EM_OBSERVACAO,TRAIN,SINTETICO
USR001401,27,MG,Juiz de Fora,2355.49,22.22,MEDIA,21431.24,2,COMPRAR_IMOVEL,SAUDAVEL,TRAIN,SINTETICO
USR001402,30,SP,Sorocaba,21250.18,20.08,ALTA,123586.1,1,QUITAR_DIVIDAS,SAUDAVEL,TRAIN,SINTETICO
USR001403,36,SC,Florianopolis,3545.42,33.63,BAIXA,4577.71,0,VIAGEM,EM_OBSERVACAO,TRAIN,SINTETICO
USR001404,52,BA,Salvador,3113.11,29.1,MEDIA,1958.42,0,COMPRAR_IMOVEL,EM_OBSERVACAO,TRAIN,SINTETICO
USR001405,36,RJ,Rio de Janeiro,6034.63,10.79,MEDIA,28070.79,1,ORGANIZAR_ORCAMENTO,SAUDAVEL,TRAIN,SINTETICO
USR001406,45,GO,Goiania,9370.43,23.25,MEDIA,18568.66,0,RESERVA_EMERGENCIA,EM_OBSERVACAO,TRAIN,SINTETICO
USR001407,30,PE,Jaboatao,3605.07,13.54,ALTA,18815.24,2,VIAGEM,SAUDAVEL,TRAIN,SINTETICO
USR001408,27,PE,Jaboatao,5286.61,22.12,ALTA,27752.44,1,VIAGEM,SAUDAVEL,TRAIN,SINTETICO
USR001409,31,DF,Brasilia,2003.73,37.85,MEDIA,1982.41,0,COMPRAR_IMOVEL,EM_OBSERVACAO,TRAIN,SINTETICO
USR001410,49,GO,Aparecida de Goiania,9920.09,3.78,ALTA,94302.5,1,RESERVA_EMERGENCIA,SAUDAVEL,TRAIN,SINTETICO
USR001411,28,SP,Campinas,2482.72,35.02,MEDIA,1851.94,2,COMPRAR_IMOVEL,EM_OBSERVACAO,TRAIN,SINTETICO
USR001412,45,CE,Caucaia,4909.34,27.91,MEDIA,13304.48,1,RESERVA_EMERGENCIA,EM_OBSERVACAO,TRAIN,SINTETICO
USR001413,36,PR,Maringa,6917.28,22.34,BAIXA,4984.11,0,COMPRAR_IMOVEL,EM_OBSERVACAO,TRAIN,SINTETICO
USR001414,23,RJ,Duque de Caxias,4103.98,28.8,BAIXA,13745.62,3,QUITAR_DIVIDAS,EM_OBSERVACAO,VALIDATION,SINTETICO
USR001415,33,SC,Blumenau,5814.39,38.61,BAIXA,7923.84,2,RESERVA_EMERGENCIA,EM_OBSERVACAO,VALIDATION,SINTETICO
USR001416,40,CE,Fortaleza,3039.71,14.83,ALTA,11929.72,3,VIAGEM,SAUDAVEL,VALIDATION,SINTETICO
USR001417,50,SP,Sorocaba,4838.79,15.93,ALTA,24037.4,0,RESERVA_EMERGENCIA,SAUDAVEL,TEST,SINTETICO
USR001418,22,CE,Fortaleza,3574.84,77.32,BAIXA,1422.51,0,VIAGEM,EM_RISCO,TEST,SINTETICO
USR001419,45,ES,Vila Velha,8510.99,66.96,BAIXA,6155.93,2,VIAGEM,EM_RISCO,TEST,SINTETICO
USR001420,28,SC,Florianopolis,3583.01,59.6,BAIXA,121.55,1,QUITAR_DIVIDAS,EM_RISCO,TRAIN,SINTETICO
USR001421,51,PE,Jaboatao,6314.24,34.04,BAIXA,15000.44,1,APOSENTADORIA,EM_OBSERVACAO,TRAIN,SINTETICO
USR001422,42,SP,Santos,2307.94,29.68,MEDIA,2938.89,2,COMPRAR_IMOVEL,EM_OBSERVACAO,TRAIN,SINTETICO
USR001423,53,PE,Recife,7174.35,38.87,BAIXA,11640.9,0,ORGANIZAR_ORCAMENTO,EM_OBSERVACAO,TRAIN,SINTETICO
USR001424,52,PR,Curitiba,5196.22,22.76,MEDIA,45103.42,1,COMPRAR_IMOVEL,SAUDAVEL,TRAIN,SINTETICO
USR001425,41,CE,Juazeiro do Norte,3849.73,70.19,NUNCA,2973.96,1,QUITAR_DIVIDAS,EM_RISCO,TRAIN,SINTETICO
USR001426,26,SP,Campinas,6731.91,37.29,MEDIA,7134.39,2,ORGANIZAR_ORCAMENTO,EM_OBSERVACAO,TRAIN,SINTETICO
USR001427,26,DF,Brasilia,9092.64,7.87,MEDIA,49543.97,2,COMPRAR_IMOVEL,SAUDAVEL,TRAIN,SINTETICO
USR001428,29,ES,Vila Velha,4974.99,19.49,MEDIA,17446.24,0,COMPRAR_IMOVEL,EM_OBSERVACAO,TRAIN,SINTETICO
USR001429,36,MG,Juiz de Fora,2387.11,21.08,BAIXA,2507.63,0,ORGANIZAR_ORCAMENTO,EM_OBSERVACAO,TRAIN,SINTETICO
USR001430,36,SP,Sao Paulo,9876.47,6.14,ALTA,35512.14,1,APOSENTADORIA,SAUDAVEL,TRAIN,SINTETICO
USR001431,18,RJ,Duque de Caxias,5219.72,44.89,BAIXA,11091.56,2,QUITAR_DIVIDAS,EM_OBSERVACAO,TRAIN,SINTETICO
USR001432,48,SC,Florianopolis,8648.58,49.67,BAIXA,4186.37,2,ORGANIZAR_ORCAMENTO,EM_RISCO,TRAIN,SINTETICO
USR001433,43,MG,Juiz de Fora,9840.13,31.94,MEDIA,14800.14,2,COMPRAR_IMOVEL,EM_OBSERVACAO,TRAIN,SINTETICO
USR001434,42,DF,Brasilia,3800.42,26.21,BAIXA,10924.95,0,QUITAR_DIVIDAS,EM_OBSERVACAO,VALIDATION,SINTETICO
USR001435,40,RS,Caxias do Sul,5306.27,44.85,BAIXA,2540.25,3,RESERVA_EMERGENCIA,EM_RISCO,VALIDATION,SINTETICO
USR001436,46,DF,Brasilia,7540.06,11.95,MEDIA,39081.23,0,ORGANIZAR_ORCAMENTO,SAUDAVEL,VALIDATION,SINTETICO
USR001437,38,ES,Serra,4684.89,26.95,BAIXA,13179.48,0,COMPRAR_IMOVEL,EM_OBSERVACAO,TEST,SINTETICO
USR001438,43,PE,Jaboatao,3560.31,11.07,ALTA,14215.37,1,QUITAR_DIVIDAS,SAUDAVEL,TEST,SINTETICO
USR001439,45,DF,Brasilia,6241.16,27.34,BAIXA,8875.7,0,ORGANIZAR_ORCAMENTO,EM_OBSERVACAO,TEST,SINTETICO
USR001440,38,SC,Joinville,12690.44,18.63,ALTA,101663.52,3,VIAGEM,SAUDAVEL,TRAIN,SINTETICO
USR001441,55,GO,Goiania,4543.02,10.04,MEDIA,16127.41,1,COMPRAR_IMOVEL,SAUDAVEL,TRAIN,SINTETICO
USR001442,31,ES,Vila Velha,4091.81,21.07,MEDIA,15287.94,2,COMPRAR_IMOVEL,EM_OBSERVACAO,TRAIN,SINTETICO
USR001443,60,DF,Brasilia,8006.74,76.88,BAIXA,3429.54,0,COMPRAR_IMOVEL,EM_RISCO,TRAIN,SINTETICO
USR001444,39,BA,Salvador,3785.07,31.83,BAIXA,10510.94,1,QUITAR_DIVIDAS,EM_OBSERVACAO,TRAIN,SINTETICO
USR001445,20,PR,Maringa,16657.11,21.69,MEDIA,58483.57,2,APOSENTADORIA,EM_OBSERVACAO,TRAIN,SINTETICO
USR001446,42,SC,Joinville,4272.52,24.3,MEDIA,10838.89,1,APOSENTADORIA,EM_OBSERVACAO,TRAIN,SINTETICO
USR001447,40,GO,Goiania,4205.6,16.08,ALTA,23862.95,1,APOSENTADORIA,SAUDAVEL,TRAIN,SINTETICO
USR001448,52,ES,Cariacica,2216.76,42.63,BAIXA,7180.43,0,COMPRAR_IMOVEL,EM_OBSERVACAO,TRAIN,SINTETICO
USR001449,46,CE,Fortaleza,2866.28,36.02,MEDIA,10137.05,0,COMPRAR_IMOVEL,EM_OBSERVACAO,TRAIN,SINTETICO
USR001450,27,BA,Feira de Santana,3770.53,70.78,BAIXA,3386.03,2,APOSENTADORIA,EM_RISCO,TRAIN,SINTETICO
USR001451,32,DF,Brasilia,2445.39,47.59,MEDIA,1418.42,0,ORGANIZAR_ORCAMENTO,EM_OBSERVACAO,TRAIN,SINTETICO
USR001452,28,GO,Goiania,3011.28,41.89,MEDIA,4077.97,0,COMPRAR_IMOVEL,EM_OBSERVACAO,TRAIN,SINTETICO
USR001453,30,PR,Curitiba,5678.22,33.66,MEDIA,12271.49,1,VIAGEM,EM_OBSERVACAO,TRAIN,SINTETICO
USR001454,18,RS,Pelotas,4065.36,22.81,MEDIA,18547.42,0,COMPRAR_IMOVEL,SAUDAVEL,VALIDATION,SINTETICO
USR001455,33,DF,Brasilia,4176.95,43.03,BAIXA,13672.17,1,COMPRAR_IMOVEL,EM_OBSERVACAO,VALIDATION,SINTETICO
USR001456,51,CE,Juazeiro do Norte,4273.09,14.39,ALTA,31076.36,2,APOSENTADORIA,SAUDAVEL,VALIDATION,SINTETICO
USR001457,34,BA,Salvador,6079.56,41.23,MEDIA,18110.77,0,VIAGEM,EM_OBSERVACAO,TEST,SINTETICO
USR001458,30,RS,Pelotas,11035.63,9.55,MEDIA,92981.96,0,QUITAR_DIVIDAS,SAUDAVEL,TEST,SINTETICO
USR001459,26,SP,Sorocaba,4427.95,78.02,NUNCA,3025.64,1,VIAGEM,EM_RISCO,TEST,SINTETICO
USR001460,48,PR,Londrina,7256.69,1.38,ALTA,36755.1,1,QUITAR_DIVIDAS,SAUDAVEL,TRAIN,SINTETICO
USR001461,45,DF,Brasilia,6509.07,37.93,BAIXA,12739.21,2,ORGANIZAR_ORCAMENTO,EM_OBSERVACAO,TRAIN,SINTETICO
USR001462,54,GO,Anapolis,3583.2,12.6,ALTA,26629.2,2,QUITAR_DIVIDAS,SAUDAVEL,TRAIN,SINTETICO
USR001463,47,DF,Brasilia,2949.14,1.3,MEDIA,22525.36,0,RESERVA_EMERGENCIA,SAUDAVEL,TRAIN,SINTETICO
USR001464,62,GO,Aparecida de Goiania,13785.27,32.01,MEDIA,18977.85,3,COMPRAR_IMOVEL,EM_OBSERVACAO,TRAIN,SINTETICO
USR001465,45,RJ,Rio de Janeiro,10212.34,31.8,MEDIA,39211.46,1,QUITAR_DIVIDAS,EM_OBSERVACAO,TRAIN,SINTETICO
USR001466,35,PR,Maringa,3079.85,28.31,MEDIA,10331.2,3,ORGANIZAR_ORCAMENTO,EM_OBSERVACAO,TRAIN,SINTETICO
USR001467,34,BA,Vitoria da Conquista,9064.04,25.59,MEDIA,22219.99,0,VIAGEM,EM_OBSERVACAO,TRAIN,SINTETICO
USR001468,49,CE,Caucaia,7379.52,35.74,BAIXA,10496.27,1,RESERVA_EMERGENCIA,EM_OBSERVACAO,TRAIN,SINTETICO
USR001469,40,RS,Pelotas,4623.03,18.81,MEDIA,9061.93,0,APOSENTADORIA,EM_OBSERVACAO,TRAIN,SINTETICO
USR001470,48,DF,Brasilia,12114.08,43.63,MEDIA,28174.2,3,QUITAR_DIVIDAS,EM_OBSERVACAO,TRAIN,SINTETICO
USR001471,30,SP,Sorocaba,3998.38,21.94,MEDIA,3283.83,1,QUITAR_DIVIDAS,EM_OBSERVACAO,TRAIN,SINTETICO
USR001472,50,MG,Juiz de Fora,4175.56,2.98,ALTA,22682.11,3,QUITAR_DIVIDAS,SAUDAVEL,TRAIN,SINTETICO
USR001473,42,GO,Aparecida de Goiania,8993.34,14.76,MEDIA,64471.01,1,COMPRAR_IMOVEL,SAUDAVEL,TRAIN,SINTETICO
USR001474,28,RS,Pelotas,1400.0,18.05,MEDIA,4348.21,3,QUITAR_DIVIDAS,EM_OBSERVACAO,VALIDATION,SINTETICO
USR001475,29,PR,Maringa,4561.34,55.13,BAIXA,20.14,1,COMPRAR_IMOVEL,EM_RISCO,VALIDATION,SINTETICO
USR001476,42,SP,Campinas,9017.45,0.18,MEDIA,81778.02,0,RESERVA_EMERGENCIA,SAUDAVEL,VALIDATION,SINTETICO
USR001477,38,CE,Juazeiro do Norte,4154.14,72.16,BAIXA,3017.86,2,APOSENTADORIA,EM_RISCO,TEST,SINTETICO
USR001478,37,CE,Juazeiro do Norte,5030.06,9.43,ALTA,33045.68,3,COMPRAR_IMOVEL,SAUDAVEL,TEST,SINTETICO
USR001479,30,GO,Anapolis,9923.98,31.96,MEDIA,31306.29,1,RESERVA_EMERGENCIA,EM_OBSERVACAO,TEST,SINTETICO
USR001480,28,RS,Porto Alegre,2463.46,37.47,BAIXA,5264.33,2,QUITAR_DIVIDAS,EM_OBSERVACAO,TRAIN,SINTETICO
USR001481,56,DF,Brasilia,5796.56,17.27,MEDIA,46920.95,0,RESERVA_EMERGENCIA,SAUDAVEL,TRAIN,SINTETICO
USR001482,20,PE,Jaboatao,1988.48,33.83,MEDIA,5078.3,1,APOSENTADORIA,EM_OBSERVACAO,TRAIN,SINTETICO
USR001483,44,PR,Curitiba,5998.31,18.13,MEDIA,23836.44,0,QUITAR_DIVIDAS,EM_OBSERVACAO,TRAIN,SINTETICO
USR001484,25,SP,Santos,5561.82,21.52,MEDIA,2850.23,0,RESERVA_EMERGENCIA,EM_OBSERVACAO,TRAIN,SINTETICO
USR001485,48,PE,Jaboatao,3853.28,16.86,ALTA,24963.83,0,QUITAR_DIVIDAS,SAUDAVEL,TRAIN,SINTETICO
USR001486,21,SC,Florianopolis,4310.02,19.0,ALTA,37695.42,0,QUITAR_DIVIDAS,SAUDAVEL,TRAIN,SINTETICO
USR001487,19,BA,Salvador,4743.91,23.15,ALTA,15351.23,1,ORGANIZAR_ORCAMENTO,SAUDAVEL,TRAIN,SINTETICO
USR001488,27,RJ,Niteroi,4646.86,28.09,MEDIA,10751.94,0,ORGANIZAR_ORCAMENTO,EM_OBSERVACAO,TRAIN,SINTETICO
USR001489,53,GO,Anapolis,5742.29,22.1,MEDIA,28015.87,1,ORGANIZAR_ORCAMENTO,SAUDAVEL,TRAIN,SINTETICO
USR001490,46,GO,Anapolis,3167.21,71.13,BAIXA,687.06,0,ORGANIZAR_ORCAMENTO,EM_RISCO,TRAIN,SINTETICO
USR001491,31,PR,Curitiba,2541.3,23.24,ALTA,21703.98,1,VIAGEM,SAUDAVEL,TRAIN,SINTETICO
USR001492,47,DF,Brasilia,5402.89,52.34,BAIXA,240.65,2,RESERVA_EMERGENCIA,EM_RISCO,TRAIN,SINTETICO
USR001493,49,DF,Brasilia,8502.34,8.21,MEDIA,49625.49,0,ORGANIZAR_ORCAMENTO,SAUDAVEL,TRAIN,SINTETICO
USR001494,61,SP,Sorocaba,4051.34,7.39,MEDIA,29770.26,0,VIAGEM,SAUDAVEL,VALIDATION,SINTETICO
USR001495,59,CE,Fortaleza,3415.19,41.45,MEDIA,8526.85,2,COMPRAR_IMOVEL,EM_OBSERVACAO,VALIDATION,SINTETICO
USR001496,50,ES,Vitoria,14564.45,80.23,BAIXA,2502.67,2,ORGANIZAR_ORCAMENTO,EM_RISCO,VALIDATION,SINTETICO
USR001497,23,CE,Juazeiro do Norte,4556.58,41.77,NUNCA,1149.56,3,VIAGEM,EM_RISCO,TEST,SINTETICO
USR001498,63,PE,Jaboatao,2618.52,40.23,BAIXA,2388.99,4,RESERVA_EMERGENCIA,EM_RISCO,TEST,SINTETICO
USR001499,47,RS,Pelotas,7946.81,6.08,MEDIA,39266.84,0,RESERVA_EMERGENCIA,SAUDAVEL,TEST,SINTETICO
USR001500,64,CE,Juazeiro do Norte,6634.49,30.62,MEDIA,22508.29,1,VIAGEM,EM_OBSERVACAO,TRAIN,SINTETICO
